ID,Description,GeneRatio,BgRatio,RichFactor,FoldEnrichment,zScore,pvalue,p.adjust,qvalue,geneID,Count
GO:0000280,nuclear division,81/591,453/18860,0.17880794701986755,5.706121625710155,18.235447465838913,2.489686218846936e-38,1.0650877644227191e-34,8.892110884787004e-35,MND1/KIF4A/MYBL2/NEK2/TOP2A/UBE2C/ANLN/NUF2/UHRF1/ASPM/BUB1/PLK1/TPX2/KIF14/DLGAP5/PKMYT1/CDC20/CENPF/SPAG5/MKI67/KIF2C/NCAPH/CDK1/KIF18B/AURKB/SPC24/CCNE2/SKA3/NCAPG/EME1/AURKA/PTTG1/CDCA8/SGO1/TRIP13/KIFC1/CCNE1/TTK/ESPL1/RAD51/BUB1B/CDC25C/CDCA2/KNL1/KIF15/CCNB2/SKA1/KIF23/ZWINT/NDC80/BIRC5/KIF11/CENPI/CKS2/RAD51AP1/CCNB1/SPC25/HASPIN/BRIP1/CENPE/UBE2S/CHEK1/PRC1/RAD54B/RACGAP1/MAD2L1/FANCA/CENPK/P3H4/FBXO43/NCAPG2/SYCP2/MYBL1/TUBG1/SMC4/BRCA2/RCC1/FANCD2/TDRKH/RMI1/KNTC1,81
GO:0007059,chromosome segregation,79/591,434/18860,0.18202764976958524,5.808868823442263,18.229214056653486,5.826418562826965e-38,1.2462709305886878e-34,1.040475693877468e-34,MND1/CDC6/KIF4A/MYBL2/NEK2/TOP2A/UBE2C/NUF2/UHRF1/ASPM/BUB1/PLK1/TPX2/KIF14/DLGAP5/CDC20/CENPF/HJURP/SPAG5/MKI67/FAM83D/KIF2C/NCAPH/CDK1/KIF18B/AURKB/SPC24/CCNE2/SKA3/NCAPG/AURKA/PTTG1/CDCA8/SGO1/TRIP13/KIFC1/CCNE1/TTK/ESPL1/BUB1B/CDCA2/KNL1/KIF15/CCNB2/SKA1/ESCO2/KIF23/ZWINT/DIAPH3/NDC80/BIRC5/KIF11/CENPM/CENPI/CENPU/CCNB1/SPC25/HASPIN/BRIP1/TACC3/OIP5/CENPE/STIL/PRC1/RACGAP1/MAD2L1/CENPK/P3H4/NCAPG2/SYCP2/TUBG1/BRCA1/SMC4/RCC1/FANCD2/CENPL/CENPO/KNTC1/RCC2,79
GO:0098813,nuclear chromosome segregation,67/591,323/18860,0.20743034055727555,6.619519835719487,18.322149713634172,6.836182399801053e-36,9.748396102116301e-33,8.13865504649999e-33,MND1/CDC6/KIF4A/MYBL2/NEK2/TOP2A/UBE2C/NUF2/UHRF1/ASPM/BUB1/PLK1/TPX2/KIF14/DLGAP5/CDC20/CENPF/SPAG5/FAM83D/KIF2C/NCAPH/CDK1/KIF18B/AURKB/SPC24/CCNE2/SKA3/NCAPG/AURKA/PTTG1/CDCA8/SGO1/TRIP13/KIFC1/CCNE1/TTK/ESPL1/BUB1B/KNL1/KIF15/CCNB2/SKA1/KIF23/ZWINT/NDC80/BIRC5/KIF11/CENPI/CCNB1/SPC25/HASPIN/BRIP1/TACC3/CENPE/PRC1/RACGAP1/MAD2L1/CENPK/P3H4/NCAPG2/SYCP2/TUBG1/SMC4/RCC1/FANCD2/KNTC1/RCC2,67
GO:0140014,mitotic nuclear division,59/591,281/18860,0.2099644128113879,6.7003871837948825,17.315778843020993,5.66100345765957e-32,5.056884491173044e-29,4.2218471687581845e-29,KIF4A/MYBL2/NEK2/UBE2C/ANLN/NUF2/UHRF1/BUB1/PLK1/TPX2/KIF14/DLGAP5/PKMYT1/CDC20/CENPF/SPAG5/MKI67/KIF2C/NCAPH/CDK1/KIF18B/AURKB/SPC24/SKA3/NCAPG/AURKA/CDCA8/TRIP13/KIFC1/TTK/ESPL1/BUB1B/CDC25C/CDCA2/KNL1/KIF15/SKA1/KIF23/ZWINT/NDC80/BIRC5/KIF11/CENPI/CCNB1/SPC25/HASPIN/CENPE/UBE2S/CHEK1/PRC1/RACGAP1/MAD2L1/CENPK/FBXO43/NCAPG2/TUBG1/SMC4/RCC1/KNTC1,59
GO:0000070,mitotic sister chromatid segregation,50/591,192/18860,0.2604166666666667,8.31042019176537,18.31216704288156,5.910337179959144e-32,5.056884491173044e-29,4.2218471687581845e-29,KIF4A/MYBL2/NEK2/UBE2C/NUF2/UHRF1/BUB1/PLK1/TPX2/KIF14/DLGAP5/CDC20/CENPF/SPAG5/KIF2C/NCAPH/CDK1/KIF18B/AURKB/SPC24/SKA3/NCAPG/CDCA8/TRIP13/KIFC1/TTK/ESPL1/BUB1B/KNL1/KIF15/SKA1/KIF23/ZWINT/NDC80/BIRC5/KIF11/CENPI/CCNB1/SPC25/HASPIN/CENPE/PRC1/RACGAP1/MAD2L1/CENPK/NCAPG2/TUBG1/SMC4/RCC1/KNTC1,50
GO:0000819,sister chromatid segregation,53/591,233/18860,0.22746781115879827,7.2589558687900775,17.290361579858427,1.2469411309729022e-30,8.890690263836793e-28,7.422581153317645e-28,CDC6/KIF4A/MYBL2/NEK2/TOP2A/UBE2C/NUF2/UHRF1/BUB1/PLK1/TPX2/KIF14/DLGAP5/CDC20/CENPF/SPAG5/KIF2C/NCAPH/CDK1/KIF18B/AURKB/SPC24/SKA3/NCAPG/CDCA8/TRIP13/KIFC1/TTK/ESPL1/BUB1B/KNL1/KIF15/SKA1/KIF23/ZWINT/NDC80/BIRC5/KIF11/CENPI/CCNB1/SPC25/HASPIN/TACC3/CENPE/PRC1/RACGAP1/MAD2L1/CENPK/NCAPG2/TUBG1/SMC4/RCC1/KNTC1,53
GO:0044772,mitotic cell cycle phase transition,70/591,461/18860,0.15184381778741865,4.845641968647573,15.035500330420776,1.4515016613109735e-28,8.87074872441192e-26,7.40593253658366e-26,CDC6/INHBA/UBE2C/MELK/ANLN/NUF2/DTL/BUB1/E2F7/IQGAP3/PLK1/RRM2/KIF14/DLGAP5/PKMYT1/CLSPN/CDC20/CENPF/FOXM1/CDK1/AURKB/SPC24/TICRR/CCNE2/SKA3/AURKA/CDCA8/TRIP13/CCNE1/TTK/ESPL1/BUB1B/CDC25C/KNL1/CCNB2/E2F1/CDKN3/MUC1/SKA1/CCNA2/ZWINT/ORC1/NDC80/BIRC5/CKS2/EZH2/CCNB1/SPC25/HASPIN/TACC3/CENPE/UBE2S/CDKN2A/BLM/CHEK1/STIL/CDC25A/MAD2L1/CCNF/GPR132/CDC7/DONSON/EIF4EBP1/IER3/DBF4/PSME2/BRCA1/RCC1/KNTC1/RCC2,70
GO:1901987,regulation of cell cycle phase transition,70/591,468/18860,0.14957264957264957,4.773164417834469,14.866538519283292,3.7323987302945984e-28,1.9959002210250366e-25,1.6663195910381018e-25,CDC6/INHBA/UBE2C/ANLN/NUF2/DTL/BUB1/E2F7/PLK1/RRM2/KIF14/DLGAP5/PKMYT1/CLSPN/CDC20/CENPF/FAM83D/CDK1/AURKB/SPC24/TICRR/CCNE2/CDC45/SKA3/EME1/AURKA/CDCA8/TRIP13/CCNE1/TTK/ESPL1/RAD51/BUB1B/CDC25C/KNL1/E2F1/MUC1/SKA1/ZWINT/ORC1/NDC80/BIRC5/EZH2/CCNB1/SPC25/HASPIN/BRIP1/CENPE/CDKN2A/BLM/CHEK1/STIL/H2AX/CDC25A/MAD2L1/TIMELESS/GPR132/CDC7/CDK5/DONSON/IER3/DBF4/WDR76/PSME2/BRCA1/BRCA2/FANCD2/KNTC1/INTS7/RCC2,70
GO:0000075,cell cycle checkpoint signaling,45/591,187/18860,0.24064171122994651,7.679361546187463,16.509897972467897,2.9220546467110862e-27,1.3889499754033362e-24,1.1595943176948207e-24,CDC6/NUF2/DTL/BUB1/PLK1/CLSPN/CDC20/CENPF/CDK1/AURKB/SPC24/TICRR/CDC45/SKA3/EME1/CDCA8/TRIP13/TTK/RAD51/BUB1B/KNL1/E2F1/MUC1/SKA1/ZWINT/ORC1/NDC80/BIRC5/CCNB1/SPC25/HASPIN/BRIP1/BLM/CHEK1/H2AX/MAD2L1/TIMELESS/DONSON/IER3/WDR76/BRCA1/BRCA2/FANCD2/KNTC1/INTS7,45
GO:0010948,negative regulation of cell cycle process,55/591,318/18860,0.17295597484276728,5.519373410380019,14.618714366252107,2.0127132524605117e-25,8.610387294026069e-23,7.188564279577387e-23,CDC6/INHBA/NEK2/NUF2/DTL/BUB1/E2F7/PLK1/PKMYT1/CLSPN/CDC20/CENPF/CDK1/AURKB/SPC24/TICRR/CDC45/SKA3/EME1/CDCA8/TRIP13/TTK/ESPL1/RAD51/BUB1B/KNL1/E2F1/MUC1/SKA1/E2F8/ZWINT/ORC1/NDC80/BIRC5/EZH2/CCNB1/SPC25/HASPIN/BRIP1/BLM/CHEK1/H2AX/MAD2L1/CCNF/TIMELESS/FBXO43/GPR132/DONSON/IER3/WDR76/BRCA1/BRCA2/FANCD2/KNTC1/INTS7,55
GO:1901990,regulation of mitotic cell cycle phase transition,57/591,357/18860,0.15966386554621848,5.0951954385815235,14.0502272700812,1.692623586107076e-24,6.582767001241884e-22,5.49576251450843e-22,CDC6/INHBA/UBE2C/ANLN/NUF2/DTL/BUB1/E2F7/PLK1/RRM2/KIF14/DLGAP5/PKMYT1/CLSPN/CDC20/CENPF/CDK1/AURKB/SPC24/TICRR/CCNE2/SKA3/AURKA/CDCA8/TRIP13/CCNE1/TTK/ESPL1/BUB1B/CDC25C/KNL1/E2F1/MUC1/SKA1/ZWINT/ORC1/NDC80/BIRC5/EZH2/CCNB1/SPC25/HASPIN/CENPE/CDKN2A/BLM/CHEK1/STIL/CDC25A/MAD2L1/GPR132/CDC7/DONSON/IER3/PSME2/BRCA1/KNTC1/RCC2,57
GO:1905818,regulation of chromosome separation,29/591,76/18860,0.3815789473684211,12.17695253361831,17.56029654729906,2.56957954634989e-24,9.126059941226895e-22,7.619084515780332e-22,UBE2C/NUF2/BUB1/PLK1/DLGAP5/CDC20/CENPF/NCAPH/AURKB/SPC24/SKA3/NCAPG/CDCA8/TRIP13/TTK/ESPL1/BUB1B/KNL1/SKA1/ZWINT/NDC80/BIRC5/CCNB1/SPC25/HASPIN/MAD2L1/NCAPG2/SMC4/KNTC1,29
GO:1901988,negative regulation of cell cycle phase transition,50/591,274/18860,0.18248175182481752,5.823360134375733,14.465308071583788,2.773229996165255e-24,9.126059941226895e-22,7.619084515780332e-22,CDC6/INHBA/NUF2/DTL/BUB1/E2F7/PLK1/PKMYT1/CLSPN/CDC20/CENPF/CDK1/AURKB/SPC24/TICRR/CDC45/SKA3/EME1/CDCA8/TRIP13/TTK/RAD51/BUB1B/KNL1/E2F1/MUC1/SKA1/ZWINT/ORC1/NDC80/BIRC5/EZH2/CCNB1/SPC25/HASPIN/BRIP1/BLM/CHEK1/H2AX/MAD2L1/TIMELESS/GPR132/DONSON/IER3/WDR76/BRCA1/BRCA2/FANCD2/KNTC1/INTS7,50
GO:0007093,mitotic cell cycle checkpoint signaling,36/591,136/18860,0.2647058823529412,8.44729770080621,15.67705693472743,1.434081487791632e-23,4.382143289123287e-21,3.658525179005269e-21,CDC6/NUF2/DTL/BUB1/PLK1/CLSPN/CDC20/CENPF/CDK1/AURKB/SPC24/TICRR/SKA3/EME1/CDCA8/TRIP13/TTK/BUB1B/KNL1/MUC1/SKA1/ZWINT/ORC1/NDC80/BIRC5/CCNB1/SPC25/HASPIN/BLM/CHEK1/MAD2L1/DONSON/IER3/BRCA1/FANCD2/KNTC1,36
GO:0007088,regulation of mitotic nuclear division,34/591,119/18860,0.2857142857142857,9.117718153251149,15.977423680384671,1.6096091200295044e-23,4.590605210324146e-21,3.8325640310597255e-21,NEK2/UBE2C/NUF2/BUB1/PLK1/DLGAP5/PKMYT1/CDC20/CENPF/MKI67/AURKB/SPC24/SKA3/AURKA/CDCA8/TRIP13/TTK/ESPL1/BUB1B/CDC25C/CDCA2/KNL1/SKA1/ZWINT/NDC80/BIRC5/CCNB1/SPC25/HASPIN/CHEK1/MAD2L1/FBXO43/RCC1/KNTC1,34
GO:0051304,chromosome separation,29/591,83/18860,0.3493975903614458,11.14998063319267,16.668128481752422,4.90705871315973e-23,1.3120248234310829e-20,1.0953717245888794e-20,UBE2C/NUF2/BUB1/PLK1/DLGAP5/CDC20/CENPF/NCAPH/AURKB/SPC24/SKA3/NCAPG/CDCA8/TRIP13/TTK/ESPL1/BUB1B/KNL1/SKA1/ZWINT/NDC80/BIRC5/CCNB1/SPC25/HASPIN/MAD2L1/NCAPG2/SMC4/KNTC1,29
GO:0051983,regulation of chromosome segregation,35/591,134/18860,0.26119402985074625,8.3352274162184,15.326364691707282,9.776566394144031e-23,2.460244178479304e-20,2.053986982992613e-20,CDC6/UBE2C/NUF2/BUB1/PLK1/DLGAP5/CDC20/CENPF/KIF2C/NCAPH/CDK1/AURKB/SPC24/SKA3/NCAPG/CDCA8/TRIP13/TTK/ESPL1/BUB1B/KNL1/SKA1/ZWINT/NDC80/BIRC5/CCNB1/SPC25/HASPIN/TACC3/CENPE/MAD2L1/NCAPG2/SMC4/KNTC1/RCC2,35
GO:0010965,regulation of mitotic sister chromatid separation,25/591,61/18860,0.4098360655737705,13.078694072286483,16.994688473228575,4.681182608247941e-22,1.0923399959764844e-19,9.119631914441603e-20,UBE2C/NUF2/BUB1/PLK1/DLGAP5/CDC20/CENPF/AURKB/SPC24/SKA3/CDCA8/TRIP13/TTK/ESPL1/BUB1B/KNL1/SKA1/ZWINT/NDC80/BIRC5/CCNB1/SPC25/HASPIN/MAD2L1/KNTC1,25
GO:0045786,negative regulation of cell cycle,57/591,399/18860,0.14285714285714285,4.558859076625574,12.923058511748648,4.85143990732894e-22,1.0923399959764844e-19,9.119631914441603e-20,CDC6/INHBA/NEK2/NUF2/DTL/BUB1/E2F7/PLK1/PKMYT1/CLSPN/CDC20/CENPF/CDK1/AURKB/SPC24/TICRR/CDC45/SKA3/EME1/CDCA8/TRIP13/TTK/ESPL1/RAD51/BUB1B/KNL1/E2F1/MUC1/SKA1/E2F8/ZWINT/ORC1/NDC80/BIRC5/EZH2/CCNB1/SPC25/HASPIN/BRIP1/CDKN2A/BLM/CHEK1/H2AX/MAD2L1/CCNF/TIMELESS/FBXO43/GPR132/CDK5/DONSON/IER3/WDR76/BRCA1/BRCA2/FANCD2/KNTC1/INTS7,57
GO:0051306,mitotic sister chromatid separation,25/591,64/18860,0.390625,12.465630287648054,16.525358329623135,1.9543822418182874e-21,4.012855812614915e-19,3.3502177043385755e-19,UBE2C/NUF2/BUB1/PLK1/DLGAP5/CDC20/CENPF/AURKB/SPC24/SKA3/CDCA8/TRIP13/TTK/ESPL1/BUB1B/KNL1/SKA1/ZWINT/NDC80/BIRC5/CCNB1/SPC25/HASPIN/MAD2L1/KNTC1,25
GO:0090068,positive regulation of cell cycle process,47/591,278/18860,0.16906474820143885,5.395196533128827,13.278534686765958,1.969845069306059e-21,4.012855812614915e-19,3.3502177043385755e-19,CDC6/UBE2C/TBX20/DTL/BUB1/E2F7/RRM2/KIF14/DLGAP5/CDC20/SPAG5/FAM83D/NCAPH/CDK1/AURKB/CCNE2/SKA3/NCAPG/AURKA/CDCA8/CCNE1/ESPL1/CDC25C/KNL1/SKA1/E2F8/KIF23/LEF1/NDC80/BIRC5/EZH2/RAD51AP1/CCNB1/POC1A/CHEK1/STIL/CDC25A/RACGAP1/MAD2L1/FEN1/CIT/PLK4/NCAPG2/CDC7/DBF4/SMC4/RCC2,47
GO:0051783,regulation of nuclear division,35/591,147/18860,0.23809523809523808,7.598098461042622,14.444464087154083,2.739240297315079e-21,5.326577269051776e-19,4.447005898942615e-19,NEK2/UBE2C/NUF2/BUB1/PLK1/DLGAP5/PKMYT1/CDC20/CENPF/MKI67/AURKB/SPC24/SKA3/AURKA/CDCA8/TRIP13/TTK/ESPL1/BUB1B/CDC25C/CDCA2/KNL1/SKA1/ZWINT/NDC80/BIRC5/RAD51AP1/CCNB1/SPC25/HASPIN/CHEK1/MAD2L1/FBXO43/RCC1/KNTC1,35
GO:0007094,mitotic spindle assembly checkpoint signaling,22/591,48/18860,0.4583333333333333,14.626339537507048,17.001139183557207,7.128424795953912e-21,1.2198160510836335e-18,1.0183892771651209e-18,NUF2/BUB1/PLK1/CDC20/CENPF/AURKB/SPC24/SKA3/CDCA8/TRIP13/TTK/BUB1B/KNL1/SKA1/ZWINT/NDC80/BIRC5/CCNB1/SPC25/HASPIN/MAD2L1/KNTC1,22
GO:0071173,spindle assembly checkpoint signaling,22/591,48/18860,0.4583333333333333,14.626339537507048,17.001139183557207,7.128424795953912e-21,1.2198160510836335e-18,1.0183892771651209e-18,NUF2/BUB1/PLK1/CDC20/CENPF/AURKB/SPC24/SKA3/CDCA8/TRIP13/TTK/BUB1B/KNL1/SKA1/ZWINT/NDC80/BIRC5/CCNB1/SPC25/HASPIN/MAD2L1/KNTC1,22
GO:0071174,mitotic spindle checkpoint signaling,22/591,48/18860,0.4583333333333333,14.626339537507048,17.001139183557207,7.128424795953912e-21,1.2198160510836335e-18,1.0183892771651209e-18,NUF2/BUB1/PLK1/CDC20/CENPF/AURKB/SPC24/SKA3/CDCA8/TRIP13/TTK/BUB1B/KNL1/SKA1/ZWINT/NDC80/BIRC5/CCNB1/SPC25/HASPIN/MAD2L1/KNTC1,22
GO:1901991,negative regulation of mitotic cell cycle phase transition,39/591,193/18860,0.20207253886010362,6.448541595434102,13.684134819651195,7.891733787724935e-21,1.2984937363033567e-18,1.084075009787478e-18,CDC6/INHBA/NUF2/DTL/BUB1/E2F7/PLK1/PKMYT1/CLSPN/CDC20/CENPF/CDK1/AURKB/SPC24/TICRR/SKA3/CDCA8/TRIP13/TTK/BUB1B/KNL1/MUC1/SKA1/ZWINT/ORC1/NDC80/BIRC5/EZH2/CCNB1/SPC25/HASPIN/BLM/CHEK1/MAD2L1/GPR132/DONSON/IER3/BRCA1/KNTC1,39
GO:0031577,spindle checkpoint signaling,22/591,49/18860,0.4489795918367347,14.327842812251802,16.801484017047922,1.256307755052745e-20,1.990549843005794e-18,1.6618527145785433e-18,NUF2/BUB1/PLK1/CDC20/CENPF/AURKB/SPC24/SKA3/CDCA8/TRIP13/TTK/BUB1B/KNL1/SKA1/ZWINT/NDC80/BIRC5/CCNB1/SPC25/HASPIN/MAD2L1/KNTC1,22
GO:0033046,negative regulation of sister chromatid segregation,22/591,50/18860,0.44,14.041285956006767,16.60759345389815,2.178603949888895e-20,3.006473450846675e-18,2.5100180651860855e-18,NUF2/BUB1/PLK1/CDC20/CENPF/AURKB/SPC24/SKA3/CDCA8/TRIP13/TTK/BUB1B/KNL1/SKA1/ZWINT/NDC80/BIRC5/CCNB1/SPC25/HASPIN/MAD2L1/KNTC1,22
GO:0033048,negative regulation of mitotic sister chromatid segregation,22/591,50/18860,0.44,14.041285956006767,16.60759345389815,2.178603949888895e-20,3.006473450846675e-18,2.5100180651860855e-18,NUF2/BUB1/PLK1/CDC20/CENPF/AURKB/SPC24/SKA3/CDCA8/TRIP13/TTK/BUB1B/KNL1/SKA1/ZWINT/NDC80/BIRC5/CCNB1/SPC25/HASPIN/MAD2L1/KNTC1,22
GO:0045841,negative regulation of mitotic metaphase/anaphase transition,22/591,50/18860,0.44,14.041285956006767,16.60759345389815,2.178603949888895e-20,3.006473450846675e-18,2.5100180651860855e-18,NUF2/BUB1/PLK1/CDC20/CENPF/AURKB/SPC24/SKA3/CDCA8/TRIP13/TTK/BUB1B/KNL1/SKA1/ZWINT/NDC80/BIRC5/CCNB1/SPC25/HASPIN/MAD2L1/KNTC1,22
GO:2000816,negative regulation of mitotic sister chromatid separation,22/591,50/18860,0.44,14.041285956006767,16.60759345389815,2.178603949888895e-20,3.006473450846675e-18,2.5100180651860855e-18,NUF2/BUB1/PLK1/CDC20/CENPF/AURKB/SPC24/SKA3/CDCA8/TRIP13/TTK/BUB1B/KNL1/SKA1/ZWINT/NDC80/BIRC5/CCNB1/SPC25/HASPIN/MAD2L1/KNTC1,22
GO:0033047,regulation of mitotic sister chromatid segregation,23/591,57/18860,0.40350877192982454,12.876777391872235,16.15169682569437,3.301262501480863e-20,4.279636661010646e-18,3.572945348492686e-18,NUF2/BUB1/PLK1/CDC20/CENPF/CDK1/AURKB/SPC24/SKA3/CDCA8/TRIP13/TTK/BUB1B/KNL1/SKA1/ZWINT/NDC80/BIRC5/CCNB1/SPC25/HASPIN/MAD2L1/KNTC1,23
GO:0045839,negative regulation of mitotic nuclear division,23/591,57/18860,0.40350877192982454,12.876777391872235,16.15169682569437,3.301262501480863e-20,4.279636661010646e-18,3.572945348492686e-18,NUF2/BUB1/PLK1/CDC20/CENPF/AURKB/SPC24/SKA3/CDCA8/TRIP13/TTK/BUB1B/KNL1/SKA1/ZWINT/NDC80/BIRC5/CCNB1/SPC25/HASPIN/CHEK1/MAD2L1/KNTC1,23
GO:0051784,negative regulation of nuclear division,24/591,64/18860,0.375,11.967005076142131,15.806692186934372,3.940400756781371e-20,4.957951305150207e-18,4.139250702092629e-18,NUF2/BUB1/PLK1/CDC20/CENPF/AURKB/SPC24/SKA3/CDCA8/TRIP13/TTK/BUB1B/KNL1/SKA1/ZWINT/NDC80/BIRC5/CCNB1/SPC25/HASPIN/CHEK1/MAD2L1/FBXO43/KNTC1,24
GO:1902850,microtubule cytoskeleton organization involved in mitosis,36/591,170/18860,0.21176470588235294,6.757838160644969,13.563599152466615,4.9350627776602774e-20,6.032056732237333e-18,5.035990377323706e-18,KIF4A/MYBL2/NEK2/NUF2/UHRF1/PLK1/TPX2/DLGAP5/CDC20/CDK1/AURKB/AURKA/CENPA/CDCA8/KIFC1/TTK/ESPL1/KIF15/KIF23/NDC80/BIRC5/KIF11/SAPCD2/CCNB1/SPC25/POC1A/TACC3/CENPE/STIL/PRC1/RACGAP1/MAD2L1/STMN1/TUBG1/RCC1/CLTC,36
GO:1903046,meiotic cell cycle process,41/591,227/18860,0.18061674008810572,5.76384385458828,12.987475386548802,6.245904029063035e-20,7.050674294601969e-18,5.8864048329481265e-18,MND1/TOP2A/NUF2/ASPM/PLK1/PKMYT1/CDC20/NCAPH/CCNE2/SKA3/EME1/AURKA/PTTG1/SGO1/TRIP13/CCNE1/TTK/ESPL1/RAD51/CDC25C/KNL1/CCNB2/SKA1/ZWINT/NDC80/CKS2/RAD51AP1/BRIP1/CDC25A/RAD54B/FANCA/P3H4/FBXO43/SYCP2/MYBL1/TUBG1/SMC4/BRCA2/FANCD2/TDRKH/RMI1,41
GO:1902100,negative regulation of metaphase/anaphase transition of cell cycle,22/591,52/18860,0.4230769230769231,13.501236496160354,16.23599906811711,6.262871042423441e-20,7.050674294601969e-18,5.8864048329481265e-18,NUF2/BUB1/PLK1/CDC20/CENPF/AURKB/SPC24/SKA3/CDCA8/TRIP13/TTK/BUB1B/KNL1/SKA1/ZWINT/NDC80/BIRC5/CCNB1/SPC25/HASPIN/MAD2L1/KNTC1,22
GO:1905819,negative regulation of chromosome separation,22/591,52/18860,0.4230769230769231,13.501236496160354,16.23599906811711,6.262871042423441e-20,7.050674294601969e-18,5.8864048329481265e-18,NUF2/BUB1/PLK1/CDC20/CENPF/AURKB/SPC24/SKA3/CDCA8/TRIP13/TTK/BUB1B/KNL1/SKA1/ZWINT/NDC80/BIRC5/CCNB1/SPC25/HASPIN/MAD2L1/KNTC1,22
GO:0007091,metaphase/anaphase transition of mitotic cell cycle,28/591,96/18860,0.2916666666666667,9.307670614777214,14.677356951133332,7.381969051650332e-20,8.09745220588721e-18,6.760329552563989e-18,CDC6/UBE2C/NUF2/BUB1/PLK1/DLGAP5/CDC20/CENPF/AURKB/SPC24/SKA3/CDCA8/TRIP13/TTK/ESPL1/BUB1B/KNL1/SKA1/ZWINT/NDC80/BIRC5/CCNB1/SPC25/HASPIN/TACC3/CENPE/MAD2L1/KNTC1,28
GO:0051985,negative regulation of chromosome segregation,22/591,53/18860,0.41509433962264153,13.246496184912047,16.057787516965234,1.0398202994259642e-19,1.1120878102360687e-17,9.284500726190254e-18,NUF2/BUB1/PLK1/CDC20/CENPF/AURKB/SPC24/SKA3/CDCA8/TRIP13/TTK/BUB1B/KNL1/SKA1/ZWINT/NDC80/BIRC5/CCNB1/SPC25/HASPIN/MAD2L1/KNTC1,22
GO:0033045,regulation of sister chromatid segregation,29/591,107/18860,0.27102803738317754,8.649050397710202,14.271174524250958,1.5390353911329065e-19,1.6058520495772132e-17,1.3406796102988325e-17,CDC6/UBE2C/NUF2/BUB1/PLK1/DLGAP5/CDC20/CENPF/CDK1/AURKB/SPC24/SKA3/CDCA8/TRIP13/TTK/ESPL1/BUB1B/KNL1/SKA1/ZWINT/NDC80/BIRC5/CCNB1/SPC25/HASPIN/TACC3/CENPE/MAD2L1/KNTC1,29
GO:0045787,positive regulation of cell cycle,50/591,349/18860,0.14326647564469913,4.571921710082954,12.114218071621055,1.6740837815766436e-19,1.7051739089487815e-17,1.423600569145251e-17,CDC6/UBE2C/TBX20/DTL/BUB1/E2F7/RRM2/KIF14/DLGAP5/CDC20/SPAG5/FAM83D/NCAPH/CDK1/AURKB/CCNE2/SKA3/NCAPG/AURKA/CDCA8/CCNE1/ESPL1/CDC25C/KNL1/SKA1/E2F8/KIF23/LEF1/NDC80/BIRC5/EZH2/RAD51AP1/CCNB1/POC1A/CHEK1/STIL/CDC25A/RACGAP1/PTK6/MAD2L1/FEN1/CIT/PLK4/NCAPG2/CDC7/EIF4EBP1/DBF4/SMC4/BRCA2/RCC2,50
GO:0044784,metaphase/anaphase transition of cell cycle,28/591,99/18860,0.2828282828282828,9.025619990086996,14.400046038573944,1.8552521431878992e-19,1.8457601554785658e-17,1.5409719759697778e-17,CDC6/UBE2C/NUF2/BUB1/PLK1/DLGAP5/CDC20/CENPF/AURKB/SPC24/SKA3/CDCA8/TRIP13/TTK/ESPL1/BUB1B/KNL1/SKA1/ZWINT/NDC80/BIRC5/CCNB1/SPC25/HASPIN/TACC3/CENPE/MAD2L1/KNTC1,28
GO:0030071,regulation of mitotic metaphase/anaphase transition,27/591,92/18860,0.29347826086956524,9.36548223350254,14.466770113280377,2.8404720808333634e-19,2.7617135367738932e-17,2.3056750646573212e-17,CDC6/UBE2C/NUF2/BUB1/PLK1/DLGAP5/CDC20/CENPF/AURKB/SPC24/SKA3/CDCA8/TRIP13/TTK/ESPL1/BUB1B/KNL1/SKA1/ZWINT/NDC80/BIRC5/CCNB1/SPC25/HASPIN/CENPE/MAD2L1/KNTC1,27
GO:1902099,regulation of metaphase/anaphase transition of cell cycle,27/591,95/18860,0.28421052631578947,9.069730162970878,14.182154557600864,7.184424056481739e-19,6.829992469695306e-17,5.702163935354981e-17,CDC6/UBE2C/NUF2/BUB1/PLK1/DLGAP5/CDC20/CENPF/AURKB/SPC24/SKA3/CDCA8/TRIP13/TTK/ESPL1/BUB1B/KNL1/SKA1/ZWINT/NDC80/BIRC5/CCNB1/SPC25/HASPIN/CENPE/MAD2L1/KNTC1,27
GO:0045930,negative regulation of mitotic cell cycle,41/591,244/18860,0.1680327868852459,5.362264569637458,12.335575412703587,9.776271018289273e-19,9.091932047009023e-17,7.590592120150001e-17,CDC6/INHBA/NUF2/DTL/BUB1/E2F7/PLK1/PKMYT1/CLSPN/CDC20/CENPF/CDK1/AURKB/SPC24/TICRR/SKA3/EME1/CDCA8/TRIP13/TTK/BUB1B/KNL1/MUC1/SKA1/ZWINT/ORC1/NDC80/BIRC5/EZH2/CCNB1/SPC25/HASPIN/BLM/CHEK1/MAD2L1/GPR132/DONSON/IER3/BRCA1/FANCD2/KNTC1,41
GO:0007051,spindle organization,38/591,209/18860,0.18181818181818182,5.80218427934164,12.556152637029705,1.1625726760827083e-18,1.0581884911237928e-16,8.834510839750572e-17,KIF4A/MYBL2/NEK2/NUF2/UHRF1/ASPM/PLK1/TPX2/DLGAP5/CDC20/SPAG5/AURKB/SKA3/AURKA/CDCA8/AUNIP/KIFC1/TTK/ESPL1/KIF15/CCNB2/SKA1/KIF23/NDC80/BIRC5/KIF11/CCNB1/SPC25/POC1A/TACC3/CENPE/STIL/PRC1/RACGAP1/STMN1/TUBG1/RCC1/CLTC,38
GO:0051321,meiotic cell cycle,45/591,299/18860,0.1505016722408027,4.802811401796173,11.921622863637033,1.6551402535180948e-18,1.475143750948002e-16,1.2315550175848456e-16,MND1/NEK2/TOP2A/EXO1/NUF2/ASPM/PLK1/PKMYT1/CDC20/NCAPH/CCNE2/SKA3/EME1/AURKA/PTTG1/SGO1/TRIP13/CCNE1/TTK/ESPL1/RAD51/CDC25C/KNL1/CCNB2/SKA1/ZWINT/NDC80/CKS2/RAD51AP1/BRIP1/H2AX/CDC25A/RAD54B/XRCC2/FANCA/P3H4/FBXO43/SYCP2/MYBL1/TUBG1/SMC4/BRCA2/FANCD2/TDRKH/RMI1,45
GO:0007052,mitotic spindle organization,31/591,137/18860,0.22627737226277372,7.220966566625909,13.143956557980786,2.6233366216154302e-18,2.290333483116492e-16,1.9121334386984224e-16,KIF4A/MYBL2/NEK2/NUF2/UHRF1/PLK1/TPX2/DLGAP5/CDC20/AURKB/AURKA/CDCA8/KIFC1/TTK/KIF15/KIF23/NDC80/BIRC5/KIF11/CCNB1/SPC25/POC1A/TACC3/CENPE/STIL/PRC1/RACGAP1/STMN1/TUBG1/RCC1/CLTC,31
GO:0006260,DNA replication,44/591,290/18860,0.15172413793103448,4.841822743450609,11.858398839561536,2.936980303599733e-18,2.512880347759932e-16,2.0979314042345043e-16,CDC6/EXO1/DTL/E2F7/CDK1/TICRR/CCNE2/CDC45/EME1/FAM111B/PCLAF/TK1/CCNE1/MCM10/RAD51/RECQL4/POLQ/ESCO2/E2F8/CCNA2/ORC1/GINS1/BLM/CHEK1/CDC25A/PTK6/MCM2/TONSL/FEN1/TIMELESS/RNASEH2A/CDC7/CHTF18/S100A11/DONSON/WDHD1/DBF4/BRCA1/BRCA2/PARP1/LRWD1/RMI1/MCM6/POLD4,44
GO:0140013,meiotic nuclear division,37/591,203/18860,0.18226600985221675,5.816475373625733,12.4094387579423,3.0736689547529663e-18,2.5782658408692527e-16,2.1525198686226656e-16,MND1/TOP2A/NUF2/ASPM/PLK1/CDC20/NCAPH/CCNE2/SKA3/EME1/AURKA/PTTG1/SGO1/TRIP13/CCNE1/TTK/ESPL1/RAD51/KNL1/CCNB2/SKA1/ZWINT/NDC80/CKS2/RAD51AP1/BRIP1/RAD54B/FANCA/P3H4/FBXO43/SYCP2/MYBL1/SMC4/BRCA2/FANCD2/TDRKH/RMI1,37
GO:0051310,metaphase chromosome alignment,26/591,104/18860,0.25,7.978003384094754,12.83433633425575,1.0524753777823413e-16,8.658633973370878e-15,7.228844042136609e-15,NEK2/NUF2/KIF14/CENPF/SPAG5/FAM83D/KIF2C/CDK1/AURKB/SPC24/SKA3/CDCA8/SGO1/KIFC1/TTK/KNL1/SKA1/ZWINT/NDC80/BIRC5/CCNB1/SPC25/CENPE/RACGAP1/KNTC1/RCC2,26
GO:0008608,attachment of spindle microtubules to kinetochore,20/591,55/18860,0.36363636363636365,11.60436855868328,14.165280279489924,1.1024825239746867e-16,8.898906108610773e-15,7.429440325414324e-15,NEK2/NUF2/SPAG5/KIF2C/CDK1/AURKB/SPC24/SKA3/CDCA8/SGO1/KNL1/SKA1/NDC80/BIRC5/CCNB1/SPC25/CENPE/RACGAP1/KNTC1/RCC2,20
GO:2001251,negative regulation of chromosome organization,25/591,97/18860,0.25773195876288657,8.224745756798715,12.830777658595494,1.8750704179849494e-16,1.4854724533591877e-14,1.2401781536496947e-14,NUF2/BUB1/PLK1/CDC20/CENPF/AURKB/SPC24/SKA3/CDCA8/TRIP13/TTK/ESPL1/BUB1B/KNL1/SKA1/ZWINT/NDC80/BIRC5/CCNB1/SPC25/HASPIN/MAD2L1/PIF1/PARP1/KNTC1,25
GO:0061982,meiosis I cell cycle process,29/591,142/18860,0.20422535211267606,6.51724220109149,11.869493390980322,6.152488726867305e-16,4.7855175951887873e-14,3.9952907656001466e-14,MND1/TOP2A/PLK1/PKMYT1/CDC20/CCNE2/EME1/AURKA/PTTG1/TRIP13/CCNE1/ESPL1/RAD51/CDC25C/KNL1/CCNB2/ZWINT/NDC80/CKS2/RAD51AP1/BRIP1/CDC25A/RAD54B/P3H4/SYCP2/MYBL1/BRCA2/FANCD2/RMI1,29
GO:0050000,chromosome localization,27/591,124/18860,0.21774193548387097,6.948583592598657,11.95313034618582,1.1537629168685868e-15,8.813924568506811e-14,7.358491685968261e-14,NEK2/NUF2/KIF14/DLGAP5/CENPF/SPAG5/FAM83D/KIF2C/CDK1/AURKB/SPC24/SKA3/CDCA8/SGO1/KIFC1/TTK/KNL1/SKA1/ZWINT/NDC80/BIRC5/CCNB1/SPC25/CENPE/RACGAP1/KNTC1/RCC2,27
GO:0033044,regulation of chromosome organization,37/591,244/18860,0.15163934426229508,4.839116806745999,10.85622252657841,1.5585651341509256e-15,1.1697441480522211e-13,9.765856879361203e-14,CDC6/NEK2/UBE2C/NUF2/BUB1/PLK1/DLGAP5/CDC20/CENPF/NCAPH/CDK1/AURKB/SPC24/SKA3/NCAPG/CDCA8/TRIP13/TTK/ESPL1/BUB1B/KNL1/SKA1/ZWINT/NDC80/BIRC5/CCNB1/SPC25/HASPIN/TACC3/CENPE/MAD2L1/FEN1/NCAPG2/PIF1/SMC4/PARP1/KNTC1,37
GO:0065004,protein-DNA complex assembly,37/591,245/18860,0.1510204081632653,4.819365309575606,10.822769370661895,1.7829004072496098e-15,1.315042748657557e-13,1.0978913034116019e-13,H3C12/H2BC17/H3C10/H1-6/DLGAP5/CENPF/HJURP/ASF1B/H3C2/H2BC13/CDC45/CENPA/H3C8/H2BC9/RAD51/H4C14/H3C3/H2BC6/H2BC7/H3C7/H2BC14/H2BC10/CENPI/H3C13/OIP5/CENPE/H4C9/H1-5/H2BC3/H2AX/MCM2/H2BC11/H2BC15/CENPK/ATAD2/CENPO/KNTC1,37
GO:0006261,DNA-templated DNA replication,31/591,171/18860,0.18128654970760233,5.785218828232454,11.305831508403962,2.0418665613888196e-15,1.4771483547038638e-13,1.2332286035063632e-13,CDC6/EXO1/E2F7/CDK1/TICRR/CCNE2/CDC45/EME1/TK1/CCNE1/MCM10/RAD51/POLQ/E2F8/ORC1/GINS1/BLM/MCM2/TONSL/FEN1/TIMELESS/CDC7/DONSON/WDHD1/DBF4/BRCA1/BRCA2/PARP1/LRWD1/MCM6/POLD4,31
GO:0045132,meiotic chromosome segregation,24/591,97/18860,0.24742268041237114,7.895755926526768,12.246508605226223,2.0717368228665693e-15,1.4771483547038638e-13,1.2332286035063632e-13,MND1/NUF2/ASPM/PLK1/NCAPH/CCNE2/SKA3/AURKA/PTTG1/SGO1/TRIP13/CCNE1/TTK/ESPL1/KNL1/CCNB2/SKA1/ZWINT/NDC80/BRIP1/P3H4/SYCP2/SMC4/FANCD2,24
GO:0044839,cell cycle G2/M phase transition,30/591,162/18860,0.18518518518518517,5.9096321363664845,11.287676788780788,3.1972190869451776e-15,2.2422464350740115e-13,1.871986947714407e-13,CDC6/MELK/DTL/PLK1/KIF14/PKMYT1/CLSPN/CDC20/CENPF/FOXM1/CDK1/AURKB/TICRR/AURKA/CDC25C/CCNB2/CCNA2/ORC1/NDC80/BIRC5/CCNB1/BLM/CHEK1/CDC25A/GPR132/CDC7/DONSON/IER3/BRCA1/RCC2,30
GO:0071824,protein-DNA complex organization,38/591,265/18860,0.14339622641509434,4.57606231842416,10.544490669667521,4.159064705145368e-15,2.8697546465503043e-13,2.3958754744581045e-13,H3C12/H2BC17/H3C10/H1-6/DLGAP5/CENPF/HJURP/ASF1B/H3C2/H2BC13/CDC45/CENPA/H3C8/H2BC9/RAD51/H4C14/H3C3/H2BC6/H2BC7/H3C7/H2BC14/H2BC10/CENPI/H3C13/OIP5/CENPE/H4C9/H1-5/H2BC3/H2AX/MCM2/H2BC11/H2BC15/CENPK/ATAD2/HMGA1/CENPO/KNTC1,38
GO:0000086,G2/M transition of mitotic cell cycle,28/591,145/18860,0.19310344827586207,6.162319855300776,11.223535328758425,8.895009459784814e-15,6.040134995072925e-13,5.042734686223873e-13,CDC6/MELK/DTL/PLK1/KIF14/PKMYT1/CLSPN/CDC20/CENPF/FOXM1/CDK1/AURKB/TICRR/AURKA/CDC25C/CCNA2/ORC1/BIRC5/CCNB1/BLM/CHEK1/CDC25A/GPR132/CDC7/DONSON/IER3/BRCA1/RCC2,28
GO:0006334,nucleosome assembly,25/591,120/18860,0.20833333333333334,6.648336153412296,11.164057068044011,3.937567527570776e-14,2.6320177942105906e-12,2.1973958258302045e-12,H3C12/H2BC17/H3C10/H1-6/ASF1B/H3C2/H2BC13/H3C8/H2BC9/H4C14/H3C3/H2BC6/H2BC7/H3C7/H2BC14/H2BC10/H3C13/H4C9/H1-5/H2BC3/H2AX/MCM2/H2BC11/H2BC15/ATAD2,25
GO:0006310,DNA recombination,42/591,358/18860,0.11731843575418995,3.7438675098545215,9.427379609637741,1.7581457861850654e-13,1.1571304112768785e-11,9.660548425143204e-12,MND1/TOP2A/EXO1/UHRF1/H1-6/PLK1/CDC45/EME1/FOXP3/TRIP13/AUNIP/RAD51/RECQL4/POLQ/LEF1/TNFSF4/KPNA2/HMGB3/RAD51AP1/BRIP1/BLM/CHEK1/H1-5/H2AX/RAD54B/XRCC2/MCM2/TONSL/FEN1/HELLS/TIMELESS/PIF1/CDC7/PARPBP/BRCA1/BRCA2/PARP1/FANCD2/RMI1/TFRC/MCM6/FANCB,42
GO:0034728,nucleosome organization,26/591,140/18860,0.18571428571428572,5.926516799613247,10.523173879764473,2.1307964787202712e-13,1.3811435357523211e-11,1.1530769461400128e-11,H3C12/H2BC17/H3C10/H1-6/ASF1B/H3C2/H2BC13/H3C8/H2BC9/H4C14/H3C3/H2BC6/H2BC7/H3C7/H2BC14/H2BC10/H3C13/H4C9/H1-5/H2BC3/H2AX/MCM2/H2BC11/H2BC15/ATAD2/HMGA1,26
GO:0010389,regulation of G2/M transition of mitotic cell cycle,23/591,109/18860,0.21100917431192662,6.733727626942362,10.79776256411733,3.1211803612633166e-13,1.9928969530573832e-11,1.6638122491384816e-11,CDC6/DTL/PLK1/KIF14/PKMYT1/CLSPN/CENPF/CDK1/AURKB/TICRR/AURKA/CDC25C/ORC1/CCNB1/BLM/CHEK1/CDC25A/GPR132/CDC7/DONSON/IER3/BRCA1/RCC2,23
GO:0007127,meiosis I,25/591,132/18860,0.1893939393939394,6.043941957647541,10.45940617327857,3.8991428692230113e-13,2.453019587431771e-11,2.0479553800733248e-11,MND1/TOP2A/PLK1/CCNE2/EME1/AURKA/PTTG1/TRIP13/CCNE1/ESPL1/RAD51/KNL1/CCNB2/ZWINT/NDC80/CKS2/RAD51AP1/BRIP1/RAD54B/P3H4/SYCP2/MYBL1/BRCA2/FANCD2/RMI1,25
GO:0051225,spindle assembly,25/591,137/18860,0.18248175182481752,5.823360134375733,10.191026650078342,9.376899778283306e-13,5.81367786253565e-11,4.853672150681199e-11,KIF4A/MYBL2/NEK2/UHRF1/ASPM/PLK1/TPX2/CDC20/SPAG5/AURKB/SKA3/AURKA/CDCA8/KIFC1/KIF15/CCNB2/SKA1/KIF23/NDC80/BIRC5/KIF11/STIL/PRC1/RACGAP1/RCC1,25
GO:0031570,DNA integrity checkpoint signaling,24/591,126/18860,0.19047619047619047,6.078478768834098,10.287251052403224,1.0150281789752841e-12,6.203272213794665e-11,5.178933250019758e-11,CDC6/DTL/PLK1/CLSPN/CDK1/TICRR/CDC45/EME1/RAD51/E2F1/MUC1/ORC1/BRIP1/BLM/CHEK1/H2AX/TIMELESS/DONSON/IER3/WDR76/BRCA1/BRCA2/FANCD2/INTS7,24
GO:0051984,positive regulation of chromosome segregation,13/591,30/18860,0.43333333333333335,13.828539199097575,12.64760680912435,1.8107363429913182e-12,1.0910324049742055e-10,9.108715213891094e-11,CDC6/NCAPH/CDK1/AURKB/SKA3/NCAPG/CDCA8/SKA1/BIRC5/CCNB1/NCAPG2/SMC4/RCC2,13
GO:1902749,regulation of cell cycle G2/M phase transition,23/591,122/18860,0.1885245901639344,6.0161992732517815,9.99743897271654,3.7860724134945195e-12,2.2495580256846603e-10,1.8780911840624131e-10,CDC6/DTL/PLK1/KIF14/PKMYT1/CLSPN/CENPF/CDK1/AURKB/TICRR/AURKA/CDC25C/ORC1/CCNB1/BLM/CHEK1/CDC25A/GPR132/CDC7/DONSON/IER3/BRCA1/RCC2,23
GO:0030199,collagen fibril organization,18/591,71/18860,0.2535211267605634,8.09036962894116,10.76569074143895,4.354627334579316e-12,2.5519309229219605e-10,2.1305336043587052e-10,COL11A1/MMP11/COMP/ADAMTS14/P4HA3/COL1A1/COL5A1/COL5A2/COL1A2/COL3A1/COL12A1/SERPINH1/P3H4/LOXL1/AEBP1/FKBP10/ADAMTS7/SFRP2,18
GO:0044786,cell cycle DNA replication,15/591,46/18860,0.32608695652173914,10.406091370558375,11.487968126715145,4.823386801206763e-12,2.7884390183192613e-10,2.3279873992168635e-10,E2F7/CDK1/CDC45/TK1/RAD51/E2F8/GINS1/BLM/MCM2/FEN1/CDC7/DONSON/DBF4/BRCA2/MCM6,15
GO:0010639,negative regulation of organelle organization,40/591,367/18860,0.10899182561307902,3.4781486143192395,8.622880699108107,7.139867364409419e-12,4.072580344659133e-10,3.400079995430338e-10,NUF2/BUB1/PLK1/TPX2/CDC20/CENPF/AURKB/SPC24/SKA3/CDCA8/TRIP13/TTK/ESPL1/BUB1B/KNL1/SKA1/ZWINT/DIAPH3/NDC80/BIRC5/CRACD/SCIN/CCNB1/SPC25/HASPIN/CHEK1/MAD2L1/CCNF/FBXO43/STMN1/PIF1/KIF24/IER3/BRCA1/PARP1/CKAP2/CFL1/KNTC1/TFRC/BAK1,40
GO:1905820,positive regulation of chromosome separation,13/591,33/18860,0.3939393939393939,12.571399271906886,11.96597167950877,7.947966589306606e-12,4.473868561717587e-10,3.7351039664151406e-10,UBE2C/DLGAP5/CDC20/NCAPH/AURKB/SKA3/NCAPG/CDCA8/ESPL1/SKA1/BIRC5/NCAPG2/SMC4,13
GO:0045931,positive regulation of mitotic cell cycle,23/591,138/18860,0.16666666666666666,5.318668922729836,9.158176666005264,5.295491661649709e-11,2.9420926400697995e-9,2.456268381131574e-9,CDC6/UBE2C/DTL/RRM2/DLGAP5/CDC20/CDK1/CCNE2/SKA3/AURKA/CCNE1/ESPL1/CDC25C/SKA1/BIRC5/CCNB1/CHEK1/STIL/CDC25A/CDC7/EIF4EBP1/BRCA2/RCC2,23
GO:1901989,positive regulation of cell cycle phase transition,22/591,126/18860,0.1746031746031746,5.571938871431257,9.261175463661932,5.428105921205022e-11,2.9771073244762928e-9,2.485501132341247e-9,CDC6/UBE2C/DTL/RRM2/DLGAP5/CDC20/FAM83D/CDK1/CCNE2/SKA3/CCNE1/ESPL1/CDC25C/SKA1/BIRC5/EZH2/CCNB1/CHEK1/STIL/CDC25A/CDC7/RCC2,22
GO:1901992,positive regulation of mitotic cell cycle phase transition,20/591,105/18860,0.19047619047619047,6.078478768834098,9.3856734341753,7.979548136627345e-11,4.3210768263913645e-9,3.607542548644448e-9,CDC6/UBE2C/DTL/RRM2/DLGAP5/CDC20/CDK1/CCNE2/SKA3/CCNE1/ESPL1/CDC25C/SKA1/BIRC5/CCNB1/CHEK1/STIL/CDC25A/CDC7/RCC2,20
GO:0030198,extracellular matrix organization,36/591,331/18860,0.10876132930513595,3.470793013020075,8.156804503805297,8.740516091167863e-11,4.673990979752015e-9,3.902180407543758e-9,IBSP/COL11A1/MMP1/MMP11/MMP13/WT1/COMP/ADAMTS20/ADAMTS14/MATN3/MMP9/P4HA3/COL1A1/COL5A1/SULF1/ADAM8/COL5A2/OLFML2B/POSTN/COL1A2/CREB3L1/COL3A1/COL12A1/MMP14/SERPINH1/ZNF469/P3H4/ADAMTSL2/LOXL1/AEBP1/FKBP10/BCL3/ADAMTS7/SFRP2/SULF2/COL8A2,36
GO:0043062,extracellular structure organization,36/591,332/18860,0.10843373493975904,3.4603388171977247,8.134771758858525,9.520355638725586e-11,5.028158200304699e-9,4.19786441613982e-9,IBSP/COL11A1/MMP1/MMP11/MMP13/WT1/COMP/ADAMTS20/ADAMTS14/MATN3/MMP9/P4HA3/COL1A1/COL5A1/SULF1/ADAM8/COL5A2/OLFML2B/POSTN/COL1A2/CREB3L1/COL3A1/COL12A1/MMP14/SERPINH1/ZNF469/P3H4/ADAMTSL2/LOXL1/AEBP1/FKBP10/BCL3/ADAMTS7/SFRP2/SULF2/COL8A2,36
GO:0045229,external encapsulating structure organization,36/591,333/18860,0.10810810810810811,3.4499474093382725,8.112823181876768,1.0365982796620758e-10,5.408009073651659e-9,4.514990966487064e-9,IBSP/COL11A1/MMP1/MMP11/MMP13/WT1/COMP/ADAMTS20/ADAMTS14/MATN3/MMP9/P4HA3/COL1A1/COL5A1/SULF1/ADAM8/COL5A2/OLFML2B/POSTN/COL1A2/CREB3L1/COL3A1/COL12A1/MMP14/SERPINH1/ZNF469/P3H4/ADAMTSL2/LOXL1/AEBP1/FKBP10/BCL3/ADAMTS7/SFRP2/SULF2/COL8A2,36
GO:1901976,regulation of cell cycle checkpoint,14/591,48/18860,0.2916666666666667,9.307670614777214,10.365209528516976,1.365262786328288e-10,7.036860481822187e-9,5.874872078645379e-9,AURKB/SKA3/CDCA8/RAD51/KNL1/SKA1/ZWINT/NDC80/BIRC5/CCNB1/MAD2L1/WDR76/BRCA1/BRCA2,14
GO:0090307,mitotic spindle assembly,17/591,76/18860,0.2236842105263158,7.1382135541900436,9.643849694987768,1.4804858524438808e-10,7.539902948517765e-9,6.2948477410301855e-9,KIF4A/MYBL2/NEK2/UHRF1/PLK1/TPX2/CDC20/AURKB/CDCA8/KIFC1/KIF15/KIF23/BIRC5/KIF11/PRC1/RACGAP1/RCC1,17
GO:0033260,nuclear DNA replication,13/591,41/18860,0.3170731707317073,10.11844331641286,10.512597645694168,1.9402736745329558e-10,9.65173346471161e-9,8.057954195459388e-9,CDK1/CDC45/TK1/RAD51/GINS1/BLM/MCM2/FEN1/CDC7/DONSON/DBF4/BRCA2/MCM6,13
GO:0071459,"protein localization to chromosome, centromeric region",13/591,41/18860,0.3170731707317073,10.11844331641286,10.512597645694168,1.9402736745329558e-10,9.65173346471161e-9,8.057954195459388e-9,CDK1/AURKB/CENPA/TTK/BUB1B/H4C14/KNL1/H2AC4/HASPIN/H4C9/H2BC11/KNTC1/RCC2,13
GO:0000724,double-strand break repair via homologous recombination,26/591,195/18860,0.13333333333333333,4.2549351381838685,8.217530601854406,4.871596447549393e-10,2.3954815635191154e-8,1.9999185416255405e-8,UHRF1/PLK1/CDC45/AUNIP/RAD51/RECQL4/POLQ/RAD51AP1/BLM/CHEK1/H2AX/RAD54B/XRCC2/MCM2/TONSL/FEN1/HELLS/TIMELESS/CDC7/PARPBP/BRCA1/BRCA2/PARP1/RMI1/MCM6/FANCB,26
GO:0044771,meiotic cell cycle phase transition,9/591,17/18860,0.5294117647058824,16.89459540161242,11.792193495402504,5.328712651947307e-10,2.590480991480748e-8,2.1627179459398582e-8,PKMYT1/CDC20/TTK/CDC25C/KNL1/CCNB2/ZWINT/NDC80/CDC25A,9
GO:0000077,DNA damage checkpoint signaling,20/591,117/18860,0.17094017094017094,5.455045048953679,8.694030531764177,6.041697894338838e-10,2.9040880440428707e-8,2.4245394388517657e-8,DTL/PLK1/CLSPN/CDK1/TICRR/EME1/RAD51/E2F1/MUC1/BRIP1/BLM/CHEK1/H2AX/DONSON/IER3/WDR76/BRCA1/BRCA2/FANCD2/INTS7,20
GO:0051988,regulation of attachment of spindle microtubules to kinetochore,10/591,23/18860,0.43478260869565216,13.874788494077833,11.112040999830844,6.705534410773672e-10,3.187364023254419e-8,2.6610383924859735e-8,NEK2/SPAG5/CDK1/AURKB/CDCA8/BIRC5/CCNB1/RACGAP1/KNTC1/RCC2,10
GO:0140694,membraneless organelle assembly,41/591,446/18860,0.09192825112107623,2.933615594151435,7.432915277933912,7.772861129672285e-10,3.654098891509675e-8,3.050701886984161e-8,NKX2-5/KIF4A/MYBL2/NEK2/ANLN/UHRF1/ASPM/PLK1/TPX2/DLGAP5/CDC20/CCDC78/CENPF/SPAG5/SYT1/AURKB/SKA3/AURKA/CENPA/CDCA8/KIFC1/KIF15/CCNB2/SKA1/KIF23/DIAPH3/NDC80/SQLE/BIRC5/KIF11/CENPE/STIL/SIX4/PRC1/RACGAP1/CENPK/PLK4/BRCA1/RCC1/BOP1/KNTC1,41
GO:0042770,signal transduction in response to DNA damage,26/591,200/18860,0.13,4.148561759729272,8.051319803381169,8.505608326829754e-10,3.955107871975836e-8,3.3020056124637714e-8,DTL/E2F7/PLK1/CLSPN/FOXM1/CDK1/TICRR/EME1/GTSE1/RAD51/E2F1/MUC1/BRIP1/CDKN2A/BLM/CHEK1/H2AX/PMAIP1/DONSON/IER3/WDR76/BCL3/BRCA1/BRCA2/FANCD2/INTS7,26
GO:0000725,recombinational repair,26/591,201/18860,0.12935323383084577,4.127922148984351,8.018727673275349,9.487029096415003e-10,4.3640333843509015e-8,3.6434057412717726e-8,UHRF1/PLK1/CDC45/AUNIP/RAD51/RECQL4/POLQ/RAD51AP1/BLM/CHEK1/H2AX/RAD54B/XRCC2/MCM2/TONSL/FEN1/HELLS/TIMELESS/CDC7/PARPBP/BRCA1/BRCA2/PARP1/RMI1/MCM6/FANCB,26
GO:0090231,regulation of spindle checkpoint,10/591,24/18860,0.4166666666666667,13.296672306824592,10.841629519568226,1.1173932244188777e-9,5.085327887302084e-8,4.245593740709129e-8,AURKB/SKA3/CDCA8/KNL1/SKA1/ZWINT/NDC80/BIRC5/CCNB1/MAD2L1,10
GO:0034502,protein localization to chromosome,20/591,123/18860,0.16260162601626016,5.188945290468133,8.383066252093851,1.5069061477555332e-9,6.785836315892812e-8,5.6652992347196954e-8,PLK1/CDK1/AURKB/CENPA/TTK/BUB1B/H4C14/KNL1/ESCO2/LEF1/H2AC4/EZH2/HASPIN/H4C9/H2AX/H2BC11/TONSL/PARP1/KNTC1/RCC2,20
GO:0051231,spindle elongation,8/591,14/18860,0.5714285714285714,18.235436306502297,11.603056021066392,2.2559377951850177e-9,1.0053022799793235e-7,8.392979099849524e-8,KIF4A/AURKB/CDCA8/KIF23/BIRC5/KIF11/PRC1/RACGAP1,8
GO:0051315,attachment of mitotic spindle microtubules to kinetochore,10/591,26/18860,0.38461538461538464,12.273851360145777,10.34625977014143,2.8595305372247762e-9,1.2611414060049066e-7,1.0528906253720746e-7,NUF2/KIF2C/CDK1/AURKB/SKA3/CDCA8/SKA1/NDC80/BIRC5/CENPE,10
GO:0051383,kinetochore organization,9/591,21/18860,0.42857142857142855,13.67657722987672,10.453901741194905,5.75763740649745e-9,2.5133849821424584e-7,2.0983527089415522e-7,NUF2/DLGAP5/CENPF/CENPA/NDC80/CENPE/CENPK/SMC4/KNTC1,9
GO:0006302,double-strand break repair,33/591,334/18860,0.09880239520958084,3.152983373354813,7.140337867978062,6.220669325253095e-9,2.681751127667674e-7,2.23891675307606e-7,UHRF1/PLK1/FOXM1/CDCA5/CDC45/EME1/TRIP13/AUNIP/RAD51/RECQL4/POLQ/ESCO2/RAD51AP1/BRIP1/BLM/CHEK1/H2AX/RAD54B/XRCC2/MCM2/TONSL/FEN1/HELLS/TIMELESS/CDC7/PARPBP/BRCA1/BRCA2/PARP1/FANCD2/RMI1/MCM6/FANCB,33
GO:0010972,negative regulation of G2/M transition of mitotic cell cycle,15/591,73/18860,0.2054794520547945,6.5572630554203455,8.556365933884162,6.268702963225043e-9,2.681751127667674e-7,2.23891675307606e-7,CDC6/DTL/PLK1/PKMYT1/CLSPN/CDK1/AURKB/TICRR/ORC1/BLM/CHEK1/GPR132/DONSON/IER3/BRCA1,15
GO:0007080,mitotic metaphase chromosome alignment,14/591,63/18860,0.2222222222222222,7.091558563639782,8.710640910372852,6.862119215962434e-9,2.906549109493791e-7,2.4265941114914584e-7,NUF2/KIF14/KIF2C/CDK1/AURKB/SKA3/CDCA8/KIFC1/TTK/SKA1/NDC80/BIRC5/CCNB1/CENPE,14
GO:0051256,mitotic spindle midzone assembly,7/591,11/18860,0.6363636363636364,20.30764497769574,11.520655036602763,8.474676573861388e-9,3.5543790571548056e-7,2.967448670290164e-7,KIF4A/AURKB/CDCA8/KIF23/BIRC5/PRC1/RACGAP1,7
GO:0044774,mitotic DNA integrity checkpoint signaling,15/591,75/18860,0.2,6.382402707275804,8.40034074912142,9.27536722468467e-9,3.8046945379674544e-7,3.176429853429683e-7,CDC6/DTL/PLK1/CLSPN/CDK1/TICRR/EME1/MUC1/ORC1/BLM/CHEK1/DONSON/IER3/BRCA1/FANCD2,15
GO:1902750,negative regulation of cell cycle G2/M phase transition,15/591,75/18860,0.2,6.382402707275804,8.40034074912142,9.27536722468467e-9,3.8046945379674544e-7,3.176429853429683e-7,CDC6/DTL/PLK1/PKMYT1/CLSPN/CDK1/AURKB/TICRR/ORC1/BLM/CHEK1/GPR132/DONSON/IER3/BRCA1,15
GO:0000281,mitotic cytokinesis,17/591,98/18860,0.17346938775510204,5.535757450188197,8.096903762822873,9.33831057705897e-9,3.8046945379674544e-7,3.176429853429683e-7,KIF4A/ANLN/KIF20A/IQGAP3/CEP55/PLK1/AURKB/CENPA/CDCA8/ESPL1/KIF23/BIRC5/RACGAP1/CIT/STMN1/CKAP2/CFL1,17
GO:1901970,positive regulation of mitotic sister chromatid separation,9/591,22/18860,0.4090909090909091,13.05491462851869,10.175453313738865,9.47375783247554e-9,3.823465661068902e-7,3.1921013232958794e-7,UBE2C/DLGAP5/CDC20/AURKB/SKA3/CDCA8/ESPL1/SKA1/BIRC5,9
GO:0000910,cytokinesis,24/591,195/18860,0.12307692307692308,3.927632435246649,7.391209995368533,1.1377638592568823e-8,4.5489287756083573e-7,3.7977695764472225e-7,CDC6/KIF4A/ANLN/KIF20A/E2F7/IQGAP3/CEP55/PLK1/KIF14/AURKB/AURKA/CENPA/CDCA8/ESPL1/E2F8/KIF23/BIRC5/PRC1/RACGAP1/CIT/STMN1/BRCA2/CKAP2/CFL1,24
GO:0090266,regulation of mitotic cell cycle spindle assembly checkpoint,9/591,23/18860,0.391304347826087,12.48730964467005,9.914528367440084,1.5132960655517244e-8,5.939339971036951e-7,4.958583824642202e-7,AURKB/SKA3/CDCA8/KNL1/SKA1/NDC80/BIRC5/CCNB1/MAD2L1,9
GO:1903504,regulation of mitotic spindle checkpoint,9/591,23/18860,0.391304347826087,12.48730964467005,9.914528367440084,1.5132960655517244e-8,5.939339971036951e-7,4.958583824642202e-7,AURKB/SKA3/CDCA8/KNL1/SKA1/NDC80/BIRC5/CCNB1/MAD2L1,9
GO:1902969,mitotic DNA replication,8/591,17/18860,0.47058823529411764,15.017418134766599,10.399516488124217,1.6800433368006967e-8,6.533841268030346e-7,5.454915829439966e-7,CDK1/CDC45/TK1/RAD51/GINS1/MCM2/BRCA2/MCM6,8
GO:0051216,cartilage development,25/591,216/18860,0.11574074074074074,3.693520085229053,7.160992677151831,1.975767237196826e-8,7.558622281324237e-7,6.310475972671228e-7,COL11A1/EPYC/MMP13/COMP/NKX3-2/PITX1/CCN4/BMP8A/BGN/MATN3/SIX2/COL1A1/SULF1/SCIN/COL3A1/POC1A/BMP8B/SERPINH1/CBS/RUNX2/CHST11/ADAMTS7/SFRP2/SULF2/HYAL3,25
GO:0000022,mitotic spindle elongation,7/591,12/18860,0.5833333333333334,18.615341229554428,10.978543566843593,1.9788819436846997e-8,7.558622281324237e-7,6.310475972671228e-7,KIF4A/AURKB/CDCA8/KIF23/BIRC5/PRC1/RACGAP1,7
GO:0034508,centromere complex assembly,10/591,31/18860,0.3225806451612903,10.294197914960973,9.31482753516395,2.0724561276773496e-8,7.845988773631595e-7,6.550389977838144e-7,DLGAP5/CENPF/HJURP/CENPA/CENPI/OIP5/CENPE/CENPK/CENPO/KNTC1,10
GO:0040029,epigenetic regulation of gene expression,30/591,305/18860,0.09836065573770492,3.1388865773487558,6.773340028655128,3.391584483744679e-8,1.272736703636819e-6,1.0625712052950782e-6,WT1/H2AC13/H3C12/H3C10/UHRF1/H2AC17/H3C2/H3C8/H2AC16/SPOCD1/H3C3/H3C7/H2AC4/LMNB1/H2AC12/EZH2/H2AC18/H2AC11/OIP5/H2AC7/CHEK1/H2AX/HELLS/ATAD2/LMNB2/H2AC21/CDKN2B-AS1/BRCA1/SAMD1/DNMT1,30
GO:0051052,regulation of DNA metabolic process,40/591,497/18860,0.08048289738430583,2.5683713107749715,6.373103176410036,5.307222764470504e-8,1.9742868683830276e-6,1.6482752256154162e-6,CDC6/NEK2/H1-6/E2F7/PLK1/FOXM1/CDK1/AURKB/TICRR/FOXP3/AUNIP/RAD51/POLQ/ESCO2/E2F8/CCNA2/TNFSF4/KPNA2/RAD51AP1/BLM/CHEK1/H1-5/H2AX/CDC25A/PTK6/MCM2/TIMELESS/PIF1/CDC7/CHTF18/S100A11/PARPBP/IER3/DBF4/BRCA1/PARP1/TFRC/BAX/MCM6/FANCB,40
GO:0007143,female meiotic nuclear division,11/591,43/18860,0.2558139534883721,8.163538346515562,8.458284876106891,6.029951767138359e-8,2.223804625846371e-6,1.8565904125136527e-6,TOP2A/PLK1/NCAPH/SKA3/AURKA/TRIP13/TTK/CCNB2/SKA1/NDC80/SYCP2,11
GO:0000082,G1/S transition of mitotic cell cycle,26/591,246/18860,0.10569105691056911,3.3728144388042867,6.737630002431747,6.680169219209601e-8,2.4425439247674076e-6,2.0392095511271417e-6,CDC6/INHBA/E2F7/IQGAP3/RRM2/KIF14/CDK1/CCNE2/CCNE1/CCNB2/E2F1/CDKN3/MUC1/CCNA2/EZH2/CCNB1/CDKN2A/STIL/CDC25A/CCNF/GPR132/CDC7/EIF4EBP1/DBF4/PSME2/RCC1,26
GO:0051255,spindle midzone assembly,7/591,14/18860,0.5,15.956006768189509,10.068522855860774,8.117601034199931e-8,2.942974341042992e-6,2.4570044878715764e-6,KIF4A/AURKB/CDCA8/KIF23/BIRC5/PRC1/RACGAP1,7
GO:0044818,mitotic G2/M transition checkpoint,12/591,54/18860,0.2222222222222222,7.091558563639782,8.06255649245863,8.266252245945042e-8,2.9716829502649486e-6,2.4809724785927934e-6,CDC6/DTL/PLK1/CLSPN/CDK1/TICRR/ORC1/BLM/CHEK1/DONSON/IER3/BRCA1,12
GO:0007095,mitotic G2 DNA damage checkpoint signaling,10/591,36/18860,0.2777777777777778,8.864448204549728,8.494918812713335,1.031104013887702e-7,3.6758858095096575e-6,3.068891157123661e-6,DTL/PLK1/CLSPN/CDK1/TICRR/BLM/CHEK1/DONSON/IER3/BRCA1,10
GO:0051338,regulation of transferase activity,29/591,304/18860,0.09539473684210527,3.0442381334045776,6.462815800374426,1.1157760006211569e-7,3.9448675459977765e-6,3.2934562593367428e-6,CALCA/CDC6/UBE2C/CEMIP/PLK1/TPX2/KIF14/PKMYT1/CLSPN/CDC20/CCNE2/ERBB2/CDC25C/CDKN3/EZH2/CENPE/UBE2S/CDKN2A/BLM/CDC25A/PTK6/MAD2L1/THY1/PYCARD/CHTF18/RASGRP1/CDK5R1/RAP2C/ADAR,29
GO:0006270,DNA replication initiation,10/591,37/18860,0.2702702702702703,8.62486852334568,8.349961695240337,1.373612922785441e-7,4.7910265613635724e-6,3.999890042741715e-6,CDC6/TICRR/CCNE2/CDC45/CCNE1/MCM10/ORC1/MCM2/LRWD1/MCM6,10
GO:0061448,connective tissue development,29/591,307/18860,0.09446254071661238,3.014489878029288,6.400632433068485,1.3775041305463287e-7,4.7910265613635724e-6,3.999890042741715e-6,COL11A1/EPYC/MMP13/WT1/COMP/NKX3-2/PITX1/CCN4/SERPINB7/BMP8A/BGN/MATN3/SIX2/COL1A1/COL5A1/SULF1/SCIN/COL3A1/POC1A/BMP8B/SERPINH1/CBS/RUNX2/CHST11/ADAMTS7/PARP1/SFRP2/SULF2/HYAL3,29
GO:0045143,homologous chromosome segregation,13/591,68/18860,0.19117647058823528,6.10082611724893,7.578864740812706,1.5891752581298896e-7,5.482654640548119e-6,4.577310399689911e-6,MND1/PLK1/CCNE2/PTTG1/TRIP13/CCNE1/ESPL1/KNL1/ZWINT/BRIP1/P3H4/SYCP2/FANCD2,13
GO:0044843,cell cycle G1/S phase transition,27/591,275/18860,0.09818181818181818,3.133179510844485,6.409263851416725,1.7108432684307483e-7,5.855190001877392e-6,4.8883294398193934e-6,CDC6/INHBA/E2F7/IQGAP3/RRM2/KIF14/FAM83D/CDK1/CCNE2/CCNE1/CCNB2/E2F1/CDKN3/MUC1/CCNA2/EZH2/CCNB1/CDKN2A/STIL/CDC25A/CCNF/GPR132/CDC7/EIF4EBP1/DBF4/PSME2/RCC1,27
GO:0031507,heterochromatin formation,20/591,163/18860,0.12269938650306748,3.9155844829912905,6.724022394409757,1.9884570726015053e-7,6.751285203642253e-6,5.636453506547125e-6,H2AC13/UHRF1/H2AC17/H2AC16/SPOCD1/H2AC4/LMNB1/H2AC12/EZH2/H2AC18/H2AC11/OIP5/H2AC7/H2AX/HELLS/LMNB2/H2AC21/CDKN2B-AS1/BRCA1/DNMT1,20
GO:0031297,replication fork processing,12/591,59/18860,0.2033898305084746,6.490579024348275,7.597126545439285,2.3385658554797698e-7,7.877468291135791e-6,6.5766713200521e-6,EXO1/CDK1/EME1/RAD51/POLQ/BLM/TONSL/TIMELESS/DONSON/BRCA1/BRCA2/PARP1,12
GO:0045814,"negative regulation of gene expression, epigenetic",22/591,197/18860,0.1116751269035533,3.5637781614230377,6.506066705232401,2.62966510945637e-7,8.78883385801121e-6,7.337544174659098e-6,WT1/H2AC13/UHRF1/H2AC17/H2AC16/SPOCD1/H2AC4/LMNB1/H2AC12/EZH2/H2AC18/H2AC11/OIP5/H2AC7/CHEK1/H2AX/HELLS/LMNB2/H2AC21/CDKN2B-AS1/BRCA1/DNMT1,22
GO:0044773,mitotic DNA damage checkpoint signaling,13/591,71/18860,0.18309859154929578,5.84304473201306,7.3534561045999824,2.700820207140328e-7,8.956673524144436e-6,7.4776686763175305e-6,DTL/PLK1/CLSPN/CDK1/TICRR/EME1/MUC1/BLM/CHEK1/DONSON/IER3/BRCA1/FANCD2,13
GO:0000212,meiotic spindle organization,8/591,23/18860,0.34782608695652173,11.099830795262267,8.717015735049324,2.8684264542354475e-7,9.439329516322496e-6,7.880624258478439e-6,ASPM/SKA3/AURKA/ESPL1/CCNB2/SKA1/NDC80/TUBG1,8
GO:0032465,regulation of cytokinesis,15/591,96/18860,0.15625,4.986252115059222,7.04260531055051,2.9001029004015665e-7,9.470717715967865e-6,7.906829362043001e-6,CDC6/KIF20A/E2F7/PLK1/KIF14/AURKB/AURKA/CDCA8/E2F8/KIF23/BIRC5/PRC1/RACGAP1/CIT/BRCA2,15
GO:0061640,cytoskeleton-dependent cytokinesis,17/591,126/18860,0.1349206349206349,4.305589127924153,6.695986491808699,4.1847718095243e-7,1.3562465000867389e-5,1.1322911283665034e-5,KIF4A/ANLN/KIF20A/IQGAP3/CEP55/PLK1/AURKB/CENPA/CDCA8/ESPL1/KIF23/BIRC5/RACGAP1/CIT/STMN1/CKAP2/CFL1,17
GO:0000079,regulation of cyclin-dependent protein serine/threonine kinase activity,9/591,33/18860,0.2727272727272727,8.70327641901246,7.965949951542954,5.39529241107162e-7,1.7354181153807812e-5,1.448850585735339e-5,CDC6/PKMYT1/CCNE2/CDC25C/CDKN3/CDKN2A/BLM/CDC25A/CDK5R1,9
GO:0090232,positive regulation of spindle checkpoint,6/591,12/18860,0.5,15.956006768189509,9.321146252625242,7.262555040507547e-7,2.3185977957680063e-5,1.9357304990135202e-5,AURKB/CDCA8/KNL1/NDC80/BIRC5/MAD2L1,6
GO:0045005,DNA-templated DNA replication maintenance of fidelity,12/591,66/18860,0.18181818181818182,5.80218427934164,7.029053696432377,8.420326636316477e-7,2.6683079518638434e-5,2.2276934329061837e-5,EXO1/CDK1/EME1/RAD51/POLQ/BLM/TONSL/TIMELESS/DONSON/BRCA1/BRCA2/PARP1,12
GO:0031023,microtubule organizing center organization,19/591,163/18860,0.1165644171779141,3.719805258841726,6.272509534733938,8.888980016080577e-7,2.796107096234758e-5,2.334389256545e-5,NEK2/PLK1/CCDC78/CDK1/AURKA/PCLAF/SGO1/KIF15/NDC80/KIF11/POC1A/CHEK1/STIL/XRCC2/CCNF/PLK4/BRCA1/BRCA2/ODF2,19
GO:0002063,chondrocyte development,9/591,35/18860,0.2571428571428571,8.205946337926033,7.674555589431671,9.3395933194172e-7,2.916407315362539e-5,2.4348244435484103e-5,COL11A1/COMP/SULF1/POC1A/SERPINH1/RUNX2/CHST11/SFRP2/SULF2,9
GO:0007098,centrosome cycle,18/591,150/18860,0.12,3.829441624365482,6.257561935108402,1.1215748362855166e-6,3.476881992485101e-5,2.9027486037503876e-5,NEK2/PLK1/CDK1/AURKA/PCLAF/SGO1/KIF15/NDC80/KIF11/POC1A/CHEK1/STIL/XRCC2/CCNF/PLK4/BRCA1/BRCA2/ODF2,18
GO:0035825,homologous recombination,12/591,68/18860,0.17647058823529413,5.631531800537474,6.88158197362312,1.1764529770897646e-6,3.620766788482024e-5,3.0228738744911563e-5,MND1/TOP2A/UHRF1/EME1/TRIP13/RAD51/RAD51AP1/BRIP1/RAD54B/BRCA1/FANCD2/RMI1,12
GO:0030261,chromosome condensation,10/591,46/18860,0.21739130434782608,6.937394247038917,7.251534476820192,1.2467684843731456e-6,3.8097682686773694e-5,3.180665765021116e-5,TOP2A/H1-6/PLK1/NCAPH/CDK1/NCAPG/CCNB1/H1-5/NCAPG2/SMC4,10
GO:0045859,regulation of protein kinase activity,23/591,234/18860,0.09829059829059829,3.136650903148365,5.9153082778062975,1.3703701293790388e-6,4.1577612861585305e-5,3.4711951093565355e-5,CALCA/CDC6/CEMIP/TPX2/KIF14/PKMYT1/CLSPN/CCNE2/ERBB2/CDC25C/CDKN3/EZH2/CENPE/CDKN2A/BLM/CDC25A/PTK6/THY1/PYCARD/RASGRP1/CDK5R1/RAP2C/ADAR,23
GO:0000076,DNA replication checkpoint signaling,7/591,20/18860,0.35,11.169204737732656,8.183841743238606,1.5558613786992732e-6,4.687306322588373e-5,3.913297003652064e-5,CDC6/CLSPN/TICRR/CDC45/ORC1/TIMELESS/DONSON,7
GO:0010971,positive regulation of G2/M transition of mitotic cell cycle,8/591,29/18860,0.27586206896551724,8.803314079001108,7.563748458651383,2.126294986009051e-6,6.361041923179524e-5,5.310650634912558e-5,DTL/CDK1/CDC25C/CCNB1/CHEK1/CDC25A/CDC7/RCC2,8
GO:1901993,regulation of meiotic cell cycle phase transition,6/591,14/18860,0.42857142857142855,13.67657722987672,8.533989690655158,2.236874419305557e-6,6.645381087353593e-5,5.5480372110407575e-5,PKMYT1/TTK/CDC25C/KNL1/ZWINT/CDC25A,6
GO:0045071,negative regulation of viral genome replication,10/591,50/18860,0.2,6.382402707275804,6.8542900040026495,2.8067711022102268e-6,8.28094260362438e-5,6.913520399128348e-5,ISG15/OASL/APOBEC3H/OAS2/RSAD2/OAS3/IFITM1/BST2/ISG20/IFIH1,10
GO:0032200,telomere organization,20/591,193/18860,0.10362694300518134,3.306944407914924,5.793942791187053,2.960719649925406e-6,8.675314152315675e-5,7.242769842968207e-5,NEK2/H3C12/EXO1/H3C10/H3C2/AURKB/CCNE2/H3C8/CCNE1/RAD51/RECQL4/H4C14/H3C3/H3C7/BLM/H4C9/FEN1/PIF1/BRCA2/PARP1,20
GO:0000018,regulation of DNA recombination,17/591,145/18860,0.11724137931034483,3.7414084835754706,5.960168263183817,3.0650828073832516e-6,8.92001649658881e-5,7.447064780129878e-5,H1-6/PLK1/FOXP3/RAD51/POLQ/TNFSF4/KPNA2/RAD51AP1/BLM/CHEK1/H1-5/H2AX/TIMELESS/PARPBP/PARP1/TFRC/FANCB,17
GO:0071168,protein localization to chromatin,11/591,62/18860,0.1774193548387097,5.6618088532285364,6.612872772264434,3.1058629405208177e-6,8.977622742937877e-5,7.495158575524278e-5,PLK1/CENPA/H4C14/ESCO2/LEF1/H2AC4/EZH2/H4C9/H2BC11/TONSL/PARP1,11
GO:0034501,protein localization to kinetochore,6/591,15/18860,0.4,12.764805414551608,8.19837897444418,3.629396568871643e-6,1.0214841132653216e-4,8.528076563837594e-5,CDK1/AURKB/TTK/KNL1/KNTC1/RCC2,6
GO:0090306,meiotic spindle assembly,6/591,15/18860,0.4,12.764805414551608,8.19837897444418,3.629396568871643e-6,1.0214841132653216e-4,8.528076563837594e-5,ASPM/SKA3/AURKA/CCNB2/SKA1/NDC80,6
GO:1903083,protein localization to condensed chromosome,6/591,15/18860,0.4,12.764805414551608,8.19837897444418,3.629396568871643e-6,1.0214841132653216e-4,8.528076563837594e-5,CDK1/AURKB/TTK/KNL1/KNTC1/RCC2,6
GO:1904666,regulation of ubiquitin protein ligase activity,6/591,15/18860,0.4,12.764805414551608,8.19837897444418,3.629396568871643e-6,1.0214841132653216e-4,8.528076563837594e-5,UBE2C/PLK1/CDC20/UBE2S/CDKN2A/MAD2L1,6
GO:0002062,chondrocyte differentiation,15/591,119/18860,0.12605042016806722,4.022522714669623,5.948977912779838,4.727045967337159e-6,1.3217191273378018e-4,1.1034652196198819e-4,COL11A1/COMP/NKX3-2/CCN4/SIX2/SULF1/SCIN/COL3A1/POC1A/SERPINH1/RUNX2/CHST11/ADAMTS7/SFRP2/SULF2,15
GO:1902751,positive regulation of cell cycle G2/M phase transition,8/591,32/18860,0.25,7.978003384094754,7.105583590384288,4.795575262063658e-6,1.332173439682359e-4,1.112193223799179e-4,DTL/CDK1/CDC25C/CCNB1/CHEK1/CDC25A/CDC7/RCC2,8
GO:0006275,regulation of DNA replication,15/591,120/18860,0.125,3.989001692047377,5.9078256959507955,5.248962601146856e-6,1.4487136779165323e-4,1.2094893110826e-4,CDC6/E2F7/CDK1/TICRR/ESCO2/E2F8/CCNA2/CDC25A/PTK6/MCM2/TIMELESS/CDC7/S100A11/DBF4/MCM6,15
GO:0001932,regulation of protein phosphorylation,30/591,387/18860,0.07751937984496124,2.47379949894411,5.268910902883149,5.341580091175149e-6,1.4648256173107235e-4,1.222940705084837e-4,CALCA/CDC6/FN1/IL21/CEMIP/TPX2/KIF14/PKMYT1/CLSPN/INSM1/MMP9/CD80/CCNE2/ERBB2/CDC25C/CDKN3/PLAUR/EZH2/CENPE/CDKN2A/BLM/CDC25A/PTK6/THY1/PYCARD/RASGRP1/CDK5R1/SFRP2/RAP2C/ADAR,30
GO:0051653,spindle localization,11/591,66/18860,0.16666666666666666,5.318668922729836,6.321322545985989,5.859876222998168e-6,1.5866171191130483e-4,1.3246209210281669e-4,ASPM/PLK1/SPAG5/SKA3/CENPA/ESPL1/SKA1/NDC80/SAPCD2/MAD2L1/CFL1,11
GO:0070192,chromosome organization involved in meiotic cell cycle,11/591,66/18860,0.16666666666666666,5.318668922729836,6.321322545985989,5.859876222998168e-6,1.5866171191130483e-4,1.3246209210281669e-4,MND1/NCAPH/CCNE2/TRIP13/CCNE1/RAD51/BRIP1/P3H4/SYCP2/SMC4/FANCD2,11
GO:0043549,regulation of kinase activity,23/591,256/18860,0.08984375,2.8670949661590526,5.4097713317675264,6.286572857721232e-6,1.6914439424736748e-4,1.4121378157065965e-4,CALCA/CDC6/CEMIP/TPX2/KIF14/PKMYT1/CLSPN/CCNE2/ERBB2/CDC25C/CDKN3/EZH2/CENPE/CDKN2A/BLM/CDC25A/PTK6/THY1/PYCARD/RASGRP1/CDK5R1/RAP2C/ADAR,23
GO:0051307,meiotic chromosome separation,5/591,10/18860,0.5,15.956006768189509,8.508552022620314,6.570442517757226e-6,1.7567720681853385e-4,1.4666783857072546e-4,NCAPH/TTK/ESPL1/KNL1/ZWINT,5
GO:0045069,regulation of viral genome replication,12/591,80/18860,0.15,4.786802030456853,6.104716265423521,6.913703572446122e-6,1.837069806392827e-4,1.533716653894063e-4,TOP2A/ISG15/OASL/APOBEC3H/OAS2/RSAD2/OAS3/IFITM1/BST2/ISG20/IFIH1/ADAR,12
GO:0051382,kinetochore assembly,6/591,17/18860,0.35294117647058826,11.263063601074949,7.614162473567647,8.505861536555088e-6,2.246177509468066e-4,1.875268888468578e-4,DLGAP5/CENPF/CENPA/CENPE/CENPK/KNTC1,6
GO:0051302,regulation of cell division,19/591,190/18860,0.1,3.191201353637902,5.45987389224057,8.760442364084817e-6,2.299213032733426e-4,1.919546718846612e-4,CDC6/ASPM/KIF20A/E2F7/PLK1/KIF14/KIF18B/AURKB/AURKA/CDCA8/E2F8/KIF23/BIRC5/BLM/PRC1/RACGAP1/CIT/BRCA2/SFRP2,19
GO:0051281,positive regulation of release of sequestered calcium ion into cytosol,8/591,35/18860,0.22857142857142856,7.294174522600919,6.703490422770497,9.876630068167761e-6,2.576355087294005e-4,2.1509246355130434e-4,CXCL11/CXCL10/CXCL9/CEMIP/CXCR3/THY1/P2RY6/BAX,8
GO:0051445,regulation of meiotic cell cycle,11/591,70/18860,0.15714285714285714,5.014744984288131,6.052562419266419,1.0540994351710314e-5,2.732992353734347e-4,2.2816965764180605e-4,ASPM/PKMYT1/CDC20/TRIP13/TTK/CDC25C/KNL1/ZWINT/RAD51AP1/CDC25A/FBXO43,11
GO:0033314,mitotic DNA replication checkpoint signaling,5/591,11/18860,0.45454545454545453,14.505460698354097,8.05855680461672,1.1734959481101737e-5,2.9882236107234067e-4,2.4947817994597866e-4,CDC6/CLSPN/TICRR/ORC1/DONSON,5
GO:0051987,positive regulation of attachment of spindle microtubules to kinetochore,5/591,11/18860,0.45454545454545453,14.505460698354097,8.05855680461672,1.1734959481101737e-5,2.9882236107234067e-4,2.4947817994597866e-4,AURKB/CDCA8/BIRC5/CCNB1/RCC2,5
GO:0090267,positive regulation of mitotic cell cycle spindle assembly checkpoint,5/591,11/18860,0.45454545454545453,14.505460698354097,8.05855680461672,1.1734959481101737e-5,2.9882236107234067e-4,2.4947817994597866e-4,AURKB/CDCA8/NDC80/BIRC5/MAD2L1,5
GO:0045842,positive regulation of mitotic metaphase/anaphase transition,6/591,18/18860,0.3333333333333333,10.637337845459673,7.357419507060168,1.2421476890450114e-5,3.125828125726211e-4,2.609663844538529e-4,UBE2C/DLGAP5/CDC20/SKA3/ESPL1/SKA1,6
GO:1901978,positive regulation of cell cycle checkpoint,6/591,18/18860,0.3333333333333333,10.637337845459673,7.357419507060168,1.2421476890450114e-5,3.125828125726211e-4,2.609663844538529e-4,AURKB/CDCA8/KNL1/NDC80/BIRC5/MAD2L1,6
GO:0010212,response to ionizing radiation,16/591,145/18860,0.1103448275862069,3.521325631600443,5.48168034813158,1.2989585090329365e-5,3.249675147159592e-4,2.713060154600649e-4,CXCL10/TICRR/RAD51/RAD51AP1/BLM/H2AX/RAD54B/XRCC2/BRCA1/BRCA2/PARP1/SFRP2/FANCD2/INTS7/BAX/BAK1,16
GO:1903900,regulation of viral life cycle,14/591,115/18860,0.12173913043478261,3.8849407783417935,5.581343902845411,1.463594297463519e-5,3.6402653514819387e-4,3.039152662970453e-4,TOP2A/ISG15/KPNA2/OASL/LAMP3/APOBEC3H/OAS2/RSAD2/OAS3/IFITM1/BST2/ISG20/IFIH1/ADAR,14
GO:0007131,reciprocal meiotic recombination,10/591,60/18860,0.16666666666666666,5.318668922729836,6.026182707014878,1.5547135219878946e-5,3.8224508316460993e-4,3.1912540714488364e-4,MND1/TOP2A/EME1/TRIP13/RAD51/RAD51AP1/BRIP1/RAD54B/FANCD2/RMI1,10
GO:0140527,reciprocal homologous recombination,10/591,60/18860,0.16666666666666666,5.318668922729836,6.026182707014878,1.5547135219878946e-5,3.8224508316460993e-4,3.1912540714488364e-4,MND1/TOP2A/EME1/TRIP13/RAD51/RAD51AP1/BRIP1/RAD54B/FANCD2/RMI1,10
GO:0032963,collagen metabolic process,14/591,116/18860,0.1206896551724138,3.851449909562985,5.54063175171862,1.6174354592519885e-5,3.953936511245718e-4,3.3010276771380434e-4,MMP1/MMP11/MMP13/INHBA/SERPINB7/ADAMTS14/MMP9/COL1A1/COL5A1/COL1A2/CREB3L1/MMP14/SERPINH1/P3H4,14
GO:0042325,regulation of phosphorylation,31/591,431/18860,0.07192575406032482,2.295295637187354,4.8927422263327704,1.6680287920410183e-5,4.0544472570178846e-4,3.384941202987545e-4,CALCA/CDC6/INHBA/FN1/IL21/CEMIP/TPX2/KIF14/PKMYT1/CLSPN/INSM1/MMP9/CD80/CCNE2/ERBB2/CDC25C/CDKN3/PLAUR/EZH2/CENPE/CDKN2A/BLM/CDC25A/PTK6/THY1/PYCARD/RASGRP1/CDK5R1/SFRP2/RAP2C/ADAR,31
GO:0051299,centrosome separation,6/591,19/18860,0.3157894736842105,10.077477958856532,7.12009374259014,1.7674769498980564e-5,4.247902467226902e-4,3.5464513843903644e-4,NEK2/PLK1/AURKA/KIF15/KIF11/CHEK1,6
GO:1902101,positive regulation of metaphase/anaphase transition of cell cycle,6/591,19/18860,0.3157894736842105,10.077477958856532,7.12009374259014,1.7674769498980564e-5,4.247902467226902e-4,3.5464513843903644e-4,UBE2C/DLGAP5/CDC20/SKA3/ESPL1/SKA1,6
GO:0051293,establishment of spindle localization,10/591,61/18860,0.16393442622950818,5.231477628914592,5.95367708251149,1.808023877340229e-5,4.297070081811944e-4,3.587500009248771e-4,PLK1/SPAG5/SKA3/CENPA/ESPL1/SKA1/NDC80/SAPCD2/MAD2L1/CFL1,10
GO:0060350,endochondral bone morphogenesis,10/591,61/18860,0.16393442622950818,5.231477628914592,5.95367708251149,1.808023877340229e-5,4.297070081811944e-4,3.587500009248771e-4,MMP13/COMP/DLX5/COL1A1/COL3A1/POC1A/MMP14/SERPINH1/CBS/RUNX2,10
GO:0001503,ossification,32/591,455/18860,0.07032967032967033,2.2443613915695133,4.832590526039995,1.9118054560397628e-5,4.5186208513470195e-4,3.7724663636771826e-4,IBSP/MMP13/COMP/DLX5/CLEC5A/CCN4/SPP1/BMP8A/SOX11/ISG15/SCUBE3/SIX2/COL1A1/CTHRC1/COL1A2/CREB3L1/LEF1/ASPN/BMP8B/CDH11/MMP14/VCAN/ITGA11/TUFT1/SEMA7A/CBS/RUNX2/IFITM1/ADAMTS7/SFRP2/CLTC/ADAR,32
GO:0007056,spindle assembly involved in female meiosis,5/591,12/18860,0.4166666666666667,13.296672306824592,7.663748938406891,1.9598319464709675e-5,4.6066819049465934e-4,3.845986000217463e-4,SKA3/AURKA/CCNB2/SKA1/NDC80,5
GO:0001706,endoderm formation,10/591,62/18860,0.16129032258064516,5.147098957480487,5.882746084884256,2.095992643357171e-5,4.8998123105366e-4,4.0907121305210704e-4,COL11A1/INHBA/FN1/TBX20/MMP9/COL5A1/COL5A2/COL8A1/COL12A1/MMP14,10
GO:0032886,regulation of microtubule-based process,23/591,276/18860,0.08333333333333333,2.659334461364918,4.994759231373674,2.1349837472310865e-5,4.963837212312276e-4,4.1441646764045064e-4,PLK1/TPX2/SPAG5/AURKB/SKA3/AURKA/CFAP45/RUFY4/CATSPER1/ERBB2/SKA1/DIAPH3/POC1A/TACC3/STIL/CCNF/PLK4/STMN1/BRCA1/CDK5R1/CKAP2/RCC1/CLTC,23
GO:0071900,regulation of protein serine/threonine kinase activity,14/591,119/18860,0.11764705882352941,3.7543545336916497,5.421164977642741,2.167893441487183e-5,5.013107104152524e-4,4.1852986895965933e-4,CDC6/CEMIP/PKMYT1/CCNE2/ERBB2/CDC25C/CDKN3/EZH2/CDKN2A/BLM/CDC25A/PYCARD/RASGRP1/CDK5R1,14
GO:0048525,negative regulation of viral process,11/591,76/18860,0.14473684210526316,4.618844064475911,5.685626268832124,2.3544098154753582e-5,5.415142575593324e-4,4.520946521736214e-4,ISG15/OASL/APOBEC3H/OAS2/RSAD2/OAS3/STAT1/IFITM1/BST2/ISG20/IFIH1,11
GO:0007062,sister chromatid cohesion,10/591,63/18860,0.15873015873015872,5.065398974028415,5.813328436425716,2.4224499688583927e-5,5.541840089185136e-4,4.6267226255764296e-4,BUB1/PLK1/CDC20/CDCA5/SGO1/ESPL1/BUB1B/ESCO2/HASPIN/FEN1,10
GO:0009314,response to radiation,32/591,462/18860,0.06926406926406926,2.2103559159396724,4.737448049645221,2.5823383541005467e-5,5.876193339809648e-4,4.905864521535922e-4,MMP1/SLC24A2/CCL11/CXCL10/DTL/IL12B/MMP9/AURKB/TICRR/PBK/PCLAF/RAD51/COL3A1/RAD51AP1/BLM/H2AX/CDC25A/RAD54B/XRCC2/FEN1/CDK5/COL6A3/BCL3/BRCA1/BRCA2/PARP1/SFRP2/FANCD2/INTS7/BAX/BAK1/HYAL3,32
GO:2000241,regulation of reproductive process,19/591,206/18860,0.09223300970873786,2.94334105432622,5.0442004005509995,2.7571663374269234e-5,6.240824122493322e-4,5.21028425669148e-4,WT1/INHBA/ASPM/PKMYT1/CDC20/AURKA/TRIP13/SULF1/TTK/CDC25C/KNL1/ZWINT/CCDC87/RAD51AP1/CDC25A/FBXO43/SYCP2/BAX/HYAL3,19
GO:0009615,response to virus,31/591,445/18860,0.0696629213483146,2.2230840890511225,4.696195231470961,3.089149623888643e-5,6.955464258418745e-4,5.806916716816713e-4,CCL11/CXCL10/CXCL9/IL21/ISG15/IL12B/FOXP3/GBP5/TNFSF4/OASL/ZBP1/APOBEC3H/OAS2/AIM2/RSAD2/OAS3/IRF7/PMAIP1/PYCARD/STAT1/STMN1/MICB/IFITM1/BST2/BCL3/CFL1/ISG20/IFIH1/BAX/HYAL3/ADAR,31
GO:0051447,negative regulation of meiotic cell cycle,6/591,21/18860,0.2857142857142857,9.117718153251149,6.694380225664978,3.350767333505304e-5,7.505017095673136e-4,6.265722547579773e-4,PKMYT1/TRIP13/TTK/KNL1/ZWINT/FBXO43,6
GO:0035987,endodermal cell differentiation,9/591,53/18860,0.16981132075471697,5.419021166554928,5.794286125115099,3.546382360093185e-5,7.901783196082627e-4,6.596971133660185e-4,COL11A1/INHBA/FN1/MMP9/COL5A1/COL5A2/COL8A1/COL12A1/MMP14,9
GO:0050792,regulation of viral process,15/591,141/18860,0.10638297872340426,3.3948950570615977,5.133935458440033,3.711310756413703e-5,8.22641835022685e-4,6.867999670854484e-4,TOP2A/ISG15/KPNA2/OASL/LAMP3/APOBEC3H/OAS2/RSAD2/OAS3/STAT1/IFITM1/BST2/ISG20/IFIH1/ADAR,15
GO:0007292,female gamete generation,17/591,176/18860,0.09659090909090909,3.082410398400246,4.99210154873036,4.024959057638787e-5,8.875657138442645e-4,7.410030430042542e-4,INHBA/TOP2A/ASPM/PLK1/IL12B/NCAPH/SKA3/AURKA/TRIP13/TTK/CCNB2/SKA1/NDC80/CCNB1/SYCP2/BRCA2/TDRKH,17
GO:0060623,regulation of chromosome condensation,5/591,14/18860,0.35714285714285715,11.397147691563935,6.999456525449542,4.7020957065589554e-5,0.0010315674580850878,8.612259504644825e-4,NCAPH/NCAPG/CCNB1/NCAPG2/SMC4,5
GO:0032733,positive regulation of interleukin-10 production,8/591,43/18860,0.18604651162790697,5.937118797465864,5.829459582143641,4.880035083624997e-5,0.0010543833377650372,8.802742710653704e-4,IL21/ISG15/IL12B/TNFSF4/TIGIT/NOD2/PYCARD/BCL3,8
GO:0036297,interstrand cross-link repair,8/591,43/18860,0.18604651162790697,5.937118797465864,5.829459582143641,4.880035083624997e-5,0.0010543833377650372,8.802742710653704e-4,NEIL3/RAD51/RAD51AP1/BRIP1/FANCI/FANCA/FANCD2/FANCB,8
GO:0090329,regulation of DNA-templated DNA replication,8/591,43/18860,0.18604651162790697,5.937118797465864,5.829459582143641,4.880035083624997e-5,0.0010543833377650372,8.802742710653704e-4,E2F7/TICRR/E2F8/MCM2/TIMELESS/CDC7/DBF4/MCM6,8
GO:0060348,bone development,19/591,220/18860,0.08636363636363636,2.756037532687279,4.71213650838291,6.779235523534939e-5,0.0014573653050091691,0.0012167123052818857,EPYC/MMP13/COMP/DLX5/CCN4/BGN/COL1A1/SULF1/SRD5A2/COL3A1/GPR68/POC1A/MMP14/SERPINH1/CBS/RUNX2/ADAMTS7/ATP6AP1/SULF2,19
GO:0001833,inner cell mass cell proliferation,5/591,15/18860,0.3333333333333333,10.637337845459673,6.715839759160445,6.871673731394853e-5,0.001462538319547621,0.0012210311060813163,SALL4/GINS1/CHEK1/NCAPG2/BRCA2,5
GO:0090235,regulation of metaphase plate congression,5/591,15/18860,0.3333333333333333,10.637337845459673,6.715839759160445,6.871673731394853e-5,0.001462538319547621,0.0012210311060813163,SPAG5/CDK1/AURKB/CDCA8/BIRC5,5
GO:0002706,regulation of lymphocyte mediated immunity,18/591,204/18860,0.08823529411764706,2.815765900268737,4.689875953512049,7.941799514546106e-5,0.0016819316001598138,0.0014041962351670108,ULBP1/IL21/IL12B/FUT7/IL4I1/CD80/FOXP3/HPX/LAG3/TNFSF4/ULBP2/FCGR1A/TIGIT/LTA/RSAD2/PDCD1/RASGRP1/TFRC,18
GO:0051294,establishment of spindle orientation,8/591,47/18860,0.1702127659574468,5.431832091298556,5.471405239113408,9.479248436116241e-5,0.001997646542350014,0.001667777544399399,PLK1/SPAG5/SKA3/CENPA/SKA1/NDC80/SAPCD2/MAD2L1,8
GO:0048706,embryonic skeletal system development,14/591,136/18860,0.10294117647058823,3.2850602169801926,4.810203722217398,9.579373253181362e-5,0.002008850920446562,0.0016771317568650343,COL11A1/DLX5/HOXC11/NKX3-2/SOX11/SIX2/COL1A1/SULF1/SIX4/MMP14/RUNX2/FLVCR1/CHST11/SULF2,14
GO:0044027,negative regulation of gene expression via chromosomal CpG island methylation,5/591,16/18860,0.3125,9.972504230118444,6.457773345342976,9.738191868987067e-5,0.002012559652923994,0.0016802280707588673,WT1/UHRF1/HELLS/BRCA1/DNMT1,5
GO:0051782,negative regulation of cell division,5/591,16/18860,0.3125,9.972504230118444,6.457773345342976,9.738191868987067e-5,0.002012559652923994,0.0016802280707588673,ASPM/E2F7/AURKB/E2F8/BLM,5
GO:0061548,ganglion development,5/591,16/18860,0.3125,9.972504230118444,6.457773345342976,9.738191868987067e-5,0.002012559652923994,0.0016802280707588673,TUBB3/INSM1/RGS4/SIX4/SEMA3F,5
GO:0090200,positive regulation of release of cytochrome c from mitochondria,6/591,25/18860,0.24,7.658883248730964,5.992172060165983,9.827725260207966e-5,0.002021298493421619,0.001687523876917289,MMP9/PLAUR/PMAIP1/PYCARD/BAX/BAK1,6
GO:0051261,protein depolymerization,13/591,121/18860,0.10743801652892562,3.4285634377927874,4.820195076162225,1.0924468815174963e-4,0.0022361185450391623,0.0018668709488737674,TPX2/KIF2C/KIF18B/AURKB/DIAPH3/CRACD/SCIN/STMN1/KIF24/MICAL2/CKAP2/CLTC/CFL1,13
GO:1904427,positive regulation of calcium ion transmembrane transport,9/591,61/18860,0.14754098360655737,4.708329866023134,5.217609656463684,1.1109612936365402e-4,0.002263186863893866,0.0018894695084254543,CXCL11/CXCL10/CXCL9/CEMIP/CXCR3/THY1/P2RY6/BAX/BAK1,9
GO:0007492,endoderm development,11/591,90/18860,0.12222222222222222,3.9003572100018795,4.96062377508503,1.1520525506059586e-4,0.0023357728964418438,0.0019500694957375992,COL11A1/HOXC11/INHBA/FN1/TBX20/MMP9/COL5A1/COL5A2/COL8A1/COL12A1/MMP14,11
GO:0051053,negative regulation of DNA metabolic process,14/591,139/18860,0.10071942446043165,3.2141596367575986,4.71245798065503,1.2119475567538246e-4,0.0024456187017890857,0.0020417765938757337,CDC6/H1-6/PLK1/FOXP3/AUNIP/POLQ/BLM/H1-5/TIMELESS/PIF1/S100A11/PARPBP/PARP1/FANCB,14
GO:0051438,regulation of ubiquitin-protein transferase activity,6/591,26/18860,0.23076923076923078,7.364310816087466,5.8406671205491465,1.2439815505448367e-4,0.0024984756212351224,0.0020859053130707346,UBE2C/PLK1/CDC20/UBE2S/CDKN2A/MAD2L1,6
GO:0042113,B cell activation,22/591,291/18860,0.07560137457044673,2.4125920886609564,4.367819559722069,1.357696521102808e-4,0.002714124166952249,0.0022659440708813713,INHBA/EXO1/IL21/IL4I1/FOXP3/LEF1/TNFSF4/EZH2/HMGB3/SLAMF8/CDKN2A/NOD2/MMP14/BST2/RASGRP1/BCL3/TNFRSF4/CTPS1/TFRC/BLNK/BAX/BAK1,22
GO:0009411,response to UV,15/591,159/18860,0.09433962264150944,3.010567314752738,4.5791033741268485,1.469247960265769e-4,0.0029234617553567255,0.0024407139922554486,MMP1/DTL/IL12B/MMP9/AURKB/PBK/PCLAF/FEN1/COL6A3/BCL3/BRCA2/PARP1/BAX/BAK1/HYAL3,15
GO:0051607,defense response to virus,24/591,334/18860,0.0718562874251497,2.2930788169853185,4.288476983829887,1.4954806192173572e-4,0.0029618824486165995,0.002472790322126946,CXCL10/CXCL9/IL21/ISG15/IL12B/FOXP3/GBP5/OASL/ZBP1/APOBEC3H/OAS2/AIM2/RSAD2/OAS3/IRF7/PMAIP1/PYCARD/STAT1/MICB/IFITM1/BST2/ISG20/IFIH1/ADAR,24
GO:0030098,lymphocyte differentiation,29/591,441/18860,0.06575963718820861,2.0985224320974862,4.19846834724836,1.514678601460398e-4,0.0029860806714504993,0.0024929927212006455,INHBA/IL21/IL12B/FUT7/IL4I1/CD80/FOXP3/ADAM8/TNFRSF9/ERBB2/LAG3/LEF1/TNFSF4/EZH2/HMGB3/SLAMF8/ICOS/CDKN2A/MMP14/RSAD2/FANCA/RUNX2/RASGRP1/BCL3/FANCD2/ENTPD7/BLNK/BAX/BAK1,29
GO:0032467,positive regulation of cytokinesis,8/591,51/18860,0.1568627450980392,5.005806044922199,5.152142129885379,1.7196738048003938e-4,0.0033527009489204584,0.002799073428234324,CDC6/KIF14/AURKB/CDCA8/KIF23/BIRC5/RACGAP1/CIT,8
GO:0033313,meiotic cell cycle checkpoint signaling,4/591,10/18860,0.4,12.764805414551608,6.693060551338279,1.724156635723471e-4,0.0033527009489204584,0.002799073428234324,TRIP13/TTK/KNL1/ZWINT,4
GO:1902423,regulation of attachment of mitotic spindle microtubules to kinetochore,4/591,10/18860,0.4,12.764805414551608,6.693060551338279,1.724156635723471e-4,0.0033527009489204584,0.002799073428234324,CDK1/AURKB/CDCA8/BIRC5,4
GO:0061644,protein localization to CENP-A containing chromatin,5/591,18/18860,0.2777777777777778,8.864448204549728,6.003944819645226,1.8133366004732972e-4,0.0035101601705089434,0.002930531595811335,CENPA/H4C14/H2AC4/H4C9/H2BC11,5
GO:0019058,viral life cycle,22/591,298/18860,0.0738255033557047,2.355920462417243,4.243514060019376,1.905879013338878e-4,0.003672680368947622,0.0030662150271497453,LRRC15/CLEC5A/TOP2A/ISG15/CDK1/CD80/GBP5/KPNA2/OASL/LAMP3/APOBEC3H/OAS2/RSAD2/OAS3/SLC52A2/IFITM1/BST2/TNFRSF4/ISG20/IFIH1/TFRC/ADAR,22
GO:0007019,microtubule depolymerization,8/591,52/18860,0.15384615384615385,4.909540544058311,5.077521463544239,1.9772997923656583e-4,0.0037932235478655998,0.003166853054282124,TPX2/KIF2C/KIF18B/AURKB/DIAPH3/STMN1/KIF24/CKAP2,8
GO:0010332,response to gamma radiation,8/591,53/18860,0.1509433962264151,4.816907703604381,5.004786018049704,2.2657729579401176e-4,0.004327221747351707,0.003612672766114107,CXCL10/RAD51/XRCC2/BRCA2/PARP1/FANCD2/BAX/BAK1,8
GO:0032613,interleukin-10 production,9/591,67/18860,0.13432835820895522,4.286688385483749,4.847229218493162,2.3191048096208374e-4,0.004389880697149532,0.003664984918045413,IL21/ISG15/IL12B/FOXP3/TNFSF4/TIGIT/NOD2/PYCARD/BCL3,9
GO:0032653,regulation of interleukin-10 production,9/591,67/18860,0.13432835820895522,4.286688385483749,4.847229218493162,2.3191048096208374e-4,0.004389880697149532,0.003664984918045413,IL21/ISG15/IL12B/FOXP3/TNFSF4/TIGIT/NOD2/PYCARD/BCL3,9
GO:0048144,fibroblast proliferation,12/591,114/18860,0.10526315789473684,3.359159319618844,4.54413340694397,2.4148997985017632e-4,0.004551075479290988,0.0037995617975035857,CDC6/FN1/CDK1/E2F1/E2F8/CCNA2/CKS2/COL3A1/LTA/CCNB1/PARP10/BAX,12
GO:0002449,lymphocyte mediated immunity,26/591,388/18860,0.06701030927835051,2.138433896767666,4.075326457414428,2.450802150281505e-4,0.004598478771449245,0.003839137440399422,ULBP1/EXO1/IL21/IL12B/FUT7/IL4I1/IL9R/CD80/FOXP3/IGHG1/HPX/LAG3/IGHG3/TNFSF4/ULBP2/FCGR3A/FCGR1A/TIGIT/LTA/RSAD2/IRF7/PDCD1/GFUS/RASGRP1/BCL3/TFRC,26
GO:0051054,positive regulation of DNA metabolic process,21/591,283/18860,0.07420494699646643,2.3680292730175245,4.1705804250868725,2.4685216931410493e-4,0.004611500350767427,0.003850008781809966,NEK2/E2F7/FOXM1/CDK1/AURKB/E2F8/CCNA2/TNFSF4/RAD51AP1/H2AX/CDC25A/PTK6/TIMELESS/CDC7/CHTF18/DBF4/BRCA1/PARP1/TFRC/BAX/FANCB,21
GO:0042098,T cell proliferation,18/591,224/18860,0.08035714285714286,2.5643582306018855,4.236230205770395,2.57657677582566e-4,0.004789786725028395,0.00399885493910616,IL21/IL12B/IL4I1/CD80/FOXP3/TNFRSF9/ERBB2/TNFSF4/CDKN2A/CD24/SH2D2A/PYCARD/RASGRP1/TNFRSF4/CTPS1/TFRC/BAX/CD276,18
GO:0007129,homologous chromosome pairing at meiosis,8/591,54/18860,0.14814814814814814,4.727705709093188,4.933850270474334,2.5878410054290714e-4,0.004789786725028395,0.00399885493910616,MND1/CCNE2/TRIP13/CCNE1/BRIP1/P3H4/SYCP2/FANCD2,8
GO:0002703,regulation of leukocyte mediated immunity,20/591,264/18860,0.07575757575757576,2.4175767830590167,4.171905565412138,2.626205850053635e-4,0.004789786725028395,0.00399885493910616,ULBP1/IL21/IL12B/FUT7/IL4I1/CD80/FOXP3/HPX/LAG3/TNFSF4/ULBP2/FCGR1A/TIGIT/LTA/NOD2/RSAD2/PDCD1/BST2/RASGRP1/TFRC,20
GO:0007077,mitotic nuclear membrane disassembly,4/591,11/18860,0.36363636363636365,11.60436855868328,6.327507688623698,2.6423320876734483e-4,0.004789786725028395,0.00399885493910616,PLK1/CDK1/CHEK1/CDC25A,4
GO:0031055,chromatin remodeling at centromere,4/591,11/18860,0.36363636363636365,11.60436855868328,6.327507688623698,2.6423320876734483e-4,0.004789786725028395,0.00399885493910616,HJURP/CENPA/CENPI/OIP5,4
GO:0034080,CENP-A containing chromatin assembly,4/591,11/18860,0.36363636363636365,11.60436855868328,6.327507688623698,2.6423320876734483e-4,0.004789786725028395,0.00399885493910616,HJURP/CENPA/CENPI/OIP5,4
GO:0045835,negative regulation of meiotic nuclear division,4/591,11/18860,0.36363636363636365,11.60436855868328,6.327507688623698,2.6423320876734483e-4,0.004789786725028395,0.00399885493910616,TRIP13/KNL1/ZWINT/FBXO43,4
GO:0071478,cellular response to radiation,16/591,188/18860,0.0851063829787234,2.715916045649278,4.252802587098474,2.942545157399664e-4,0.005296101545672975,0.004421562595523832,MMP1/SLC24A2/MMP9/AURKB/PBK/RAD51/RAD51AP1/BLM/BRCA1/BRCA2/PARP1/SFRP2/INTS7/BAX/BAK1/HYAL3,16
GO:0045910,negative regulation of DNA recombination,8/591,55/18860,0.14545454545454545,4.641747423473311,4.864634105759062,2.946405254488471e-4,0.005296101545672975,0.004421562595523832,H1-6/PLK1/FOXP3/POLQ/BLM/H1-5/PARPBP/FANCB,8
GO:0045740,positive regulation of DNA replication,7/591,42/18860,0.16666666666666666,5.318668922729836,5.039454256038167,2.9762942438597286e-4,0.005327442165369004,0.004447727975959507,E2F7/CDK1/E2F8/CDC25A/PTK6/CDC7/DBF4,7
GO:0045619,regulation of lymphocyte differentiation,18/591,227/18860,0.07929515418502203,2.5304680337216845,4.172453280288716,3.0311697717188955e-4,0.005403060118088931,0.004510859226071146,INHBA/IL21/IL12B/IL4I1/CD80/FOXP3/ADAM8/ERBB2/LAG3/LEF1/TNFSF4/HMGB3/SLAMF8/CDKN2A/MMP14/FANCA/RASGRP1/FANCD2,18
GO:0019079,viral genome replication,12/591,117/18860,0.10256410256410256,3.2730270293722072,4.43581741053965,3.0785433050693116e-4,0.005464733717463284,0.004562348737322635,TOP2A/ISG15/OASL/APOBEC3H/OAS2/RSAD2/OAS3/IFITM1/BST2/ISG20/IFIH1/ADAR,12
GO:0002520,immune system development,17/591,208/18860,0.08173076923076923,2.6081934140309775,4.194719511287036,3.107723423679835e-4,0.00549373587045551,0.004586561799280417,NKX2-5/NKX3-2/EXO1/FOXP3/ARTN/POLQ/CCNB2/LEF1/TNFSF4/ICOS/LTA/SIX4/FLVCR1/PDCD1/BCL3/TFRC/ADAR,17
GO:0022411,cellular component disassembly,30/591,483/18860,0.062111801242236024,1.982112642011119,3.9327219480906646,3.1309382035702755e-4,0.0055119973806064355,0.004601807807976584,MMP1/MMP11/MMP13/TOP2A/PLK1/TPX2/MMP9/KIF2C/CDK1/KIF18B/AURKB/AURKA/ADAM8/DIAPH3/CRACD/SCIN/CHEK1/MMP14/CDC25A/ATAD2/STMN1/PIF1/HMGA1/KIF24/NME1/MICAL2/CKAP2/CLTC/CFL1/BAX,30
GO:0001704,formation of primary germ layer,13/591,135/18860,0.0962962962962963,3.073008710910572,4.347632042515958,3.271617935259585e-4,0.005736058002885453,0.004788869566150032,COL11A1/INHBA/FN1/TBX20/MMP9/SIX2/COL5A1/COL5A2/LEF1/COL8A1/COL12A1/MMP14/SFRP2,13
GO:0016032,viral process,26/591,396/18860,0.06565656565656566,2.0952332119844814,3.9617492551768683,3.358442395155869e-4,0.005864251659786452,0.004895894756933991,LRRC15/CLEC5A/TOP2A/ISG15/CDK1/CD80/GBP5/KPNA2/OASL/LAMP3/APOBEC3H/OAS2/RSAD2/OAS3/IRF7/STAT1/SLC52A2/IFITM1/BST2/TNFRSF4/RCC1/PARP10/ISG20/IFIH1/TFRC/ADAR,26
GO:0045066,regulatory T cell differentiation,7/591,43/18860,0.16279069767441862,5.194978947782632,4.953184484155891,3.4601285535397366e-4,0.005983143358102554,0.004995154010492352,FUT7/IL4I1/FOXP3/LAG3/TNFSF4/FANCA/FANCD2,7
GO:0001958,endochondral ossification,6/591,31/18860,0.1935483870967742,6.176518748976584,5.188008671694184,3.4824747455996634e-4,0.005983143358102554,0.004995154010492352,MMP13/DLX5/COL1A1/MMP14/CBS/RUNX2,6
GO:0007064,mitotic sister chromatid cohesion,6/591,31/18860,0.1935483870967742,6.176518748976584,5.188008671694184,3.4824747455996634e-4,0.005983143358102554,0.004995154010492352,BUB1/CDC20/CDCA5/SGO1/ESCO2/HASPIN,6
GO:0036075,replacement ossification,6/591,31/18860,0.1935483870967742,6.176518748976584,5.188008671694184,3.4824747455996634e-4,0.005983143358102554,0.004995154010492352,MMP13/DLX5/COL1A1/MMP14/CBS/RUNX2,6
GO:0010569,regulation of double-strand break repair via homologous recombination,10/591,86/18860,0.11627906976744186,3.7106992484161645,4.5315610683155585,3.524772181610332e-4,0.006031590157171599,0.0050356008472437295,PLK1/RAD51/POLQ/RAD51AP1/CHEK1/H2AX/TIMELESS/PARPBP/PARP1/FANCB,10
GO:0046651,lymphocyte proliferation,22/591,312/18860,0.07051282051282051,2.2502060826933925,4.005032491894528,3.6146066057004064e-4,0.006160672135134,0.005143367671688605,IL21/SOX11/IL12B/IL4I1/CD80/FOXP3/TNFRSF9/ERBB2/LEF1/TNFSF4/FCGR3A/CDKN2A/CD24/SH2D2A/PYCARD/HELLS/RASGRP1/TNFRSF4/CTPS1/TFRC/BAX/CD276,22
GO:0002708,positive regulation of lymphocyte mediated immunity,13/591,137/18860,0.0948905109489051,3.0281472698753813,4.285166834273454,3.776074150152307e-4,0.006410335402520464,0.005351804340629398,ULBP1/IL21/IL12B/FOXP3/HPX/LAG3/TNFSF4/ULBP2/FCGR1A/LTA/RSAD2/RASGRP1/TFRC,13
GO:0000727,double-strand break repair via break-induced replication,4/591,12/18860,0.3333333333333333,10.637337845459673,6.0063516241885395,3.865506534186621e-4,0.006510486989468648,0.005435418015124412,CDC45/MCM2/CDC7/MCM6,4
GO:1901678,iron coordination entity transport,4/591,12/18860,0.3333333333333333,10.637337845459673,6.0063516241885395,3.865506534186621e-4,0.006510486989468648,0.005435418015124412,ASIC3/HPX/FLVCR1/ABCC5,4
GO:0048705,skeletal system morphogenesis,18/591,232/18860,0.07758620689655173,2.475932084719062,4.068393337432282,3.944476484022435e-4,0.006617439372018814,0.005524709477931114,COL11A1/MMP13/COMP/DLX5/HOXC11/NKX3-2/SOX11/SIX2/COL1A1/COL3A1/POC1A/SIX4/MMP14/SERPINH1/CBS/RUNX2/FLVCR1/CHST11,18
GO:0035107,appendage morphogenesis,14/591,157/18860,0.08917197452229299,2.845657258021059,4.176773520943702,4.3212325584002323e-4,0.007193086725617197,0.0060053008685857015,DLX5/HOXC11/PITX1/SALL4/LEF1/HOXC10/COL3A1/CRABP2/RUNX2/FLVCR1/CHST11/SFRP2/BAX/BAK1,14
GO:0035108,limb morphogenesis,14/591,157/18860,0.08917197452229299,2.845657258021059,4.176773520943702,4.3212325584002323e-4,0.007193086725617197,0.0060053008685857015,DLX5/HOXC11/PITX1/SALL4/LEF1/HOXC10/COL3A1/CRABP2/RUNX2/FLVCR1/CHST11/SFRP2/BAX/BAK1,14
GO:2001252,positive regulation of chromosome organization,11/591,105/18860,0.10476190476190476,3.3431633228587545,4.330463265151787,4.524253893590728e-4,0.007501844246814393,0.006263073627479944,NEK2/BUB1/NCAPH/CDK1/AURKB/SKA3/NCAPG/SKA1/FEN1/NCAPG2/SMC4,11
GO:0050863,regulation of T cell activation,26/591,404/18860,0.06435643564356436,2.053743445410531,3.8508132794553114,4.550829036095826e-4,0.007516774755373723,0.0062755386789161306,IL21/IL12B/IL4I1/CD80/FOXP3/ADAM8/TNFRSF9/ERBB2/LAG3/LEF1/TNFSF4/TIGIT/ICOS/ADORA2A/CDKN2A/CD24/NOD2/THY1/FANCA/PYCARD/HLA-DQB1/PDCD1/RASGRP1/FANCD2/TFRC/CD276,26
GO:2000243,positive regulation of reproductive process,10/591,89/18860,0.11235955056179775,3.5856194984695526,4.397558195529363,4.655469308502674e-4,0.007619182661749722,0.006361036089495045,WT1/INHBA/AURKA/CDC25C/KNL1/CCDC87/RAD51AP1/CDC25A/BAX/HYAL3,10
GO:0048736,appendage development,16/591,196/18860,0.08163265306122448,2.6050623295003277,4.0626860009750265,4.6840697523145797e-4,0.007619182661749722,0.006361036089495045,COMP/DLX5/HOXC11/PITX1/HOXC13/SALL4/LEF1/HOXC10/COL3A1/CRABP2/RUNX2/FLVCR1/CHST11/SFRP2/BAX/BAK1,16
GO:0060173,limb development,16/591,196/18860,0.08163265306122448,2.6050623295003277,4.0626860009750265,4.6840697523145797e-4,0.007619182661749722,0.006361036089495045,COMP/DLX5/HOXC11/PITX1/HOXC13/SALL4/LEF1/HOXC10/COL3A1/CRABP2/RUNX2/FLVCR1/CHST11/SFRP2/BAX/BAK1,16
GO:0072331,signal transduction by p53 class mediator,16/591,196/18860,0.08163265306122448,2.6050623295003277,4.0626860009750265,4.6840697523145797e-4,0.007619182661749722,0.006361036089495045,E2F7/FOXM1/AURKB/AURKA/GTSE1/E2F1/MUC1/E2F2/CDKN2A/CHEK1/PMAIP1/PYCARD/BCL3/BRCA2/BOP1/BAX,16
GO:0032943,mononuclear cell proliferation,22/591,319/18860,0.06896551724137931,2.200828519750277,3.890500193511462,4.8893719568486e-4,0.0079230050118933,0.006614688616262879,IL21/SOX11/IL12B/IL4I1/CD80/FOXP3/TNFRSF9/ERBB2/LEF1/TNFSF4/FCGR3A/CDKN2A/CD24/SH2D2A/PYCARD/HELLS/RASGRP1/TNFRSF4/CTPS1/TFRC/BAX/CD276,22
GO:0002705,positive regulation of leukocyte mediated immunity,14/591,159/18860,0.0880503144654088,2.8098628271025547,4.121995278388021,4.911297581388832e-4,0.007928502284219407,0.006619278130547094,ULBP1/IL21/IL12B/FOXP3/HPX/LAG3/TNFSF4/ULBP2/FCGR1A/LTA/NOD2/RSAD2/RASGRP1/TFRC,14
GO:0007144,female meiosis I,4/591,13/18860,0.3076923076923077,9.819081088116622,5.7209688023123135,5.445613252337234e-4,0.008692661751305479,0.007257252853566471,AURKA/TRIP13/CCNB2/NDC80,4
GO:0033084,regulation of immature T cell proliferation in thymus,4/591,13/18860,0.3076923076923077,9.819081088116622,5.7209688023123135,5.445613252337234e-4,0.008692661751305479,0.007257252853566471,FOXP3/TNFRSF9/ERBB2/CDKN2A,4
GO:0051443,positive regulation of ubiquitin-protein transferase activity,4/591,13/18860,0.3076923076923077,9.819081088116622,5.7209688023123135,5.445613252337234e-4,0.008692661751305479,0.007257252853566471,UBE2C/PLK1/CDC20/UBE2S,4
GO:0051347,positive regulation of transferase activity,14/591,161/18860,0.08695652173913043,2.774957698815567,4.068060820506696,5.568594918400011e-4,0.008855929018927601,0.0073935599914424725,CALCA/UBE2C/CEMIP/PLK1/TPX2/KIF14/CLSPN/CDC20/ERBB2/EZH2/CENPE/UBE2S/CHTF18/RASGRP1,14
GO:0045840,positive regulation of mitotic nuclear division,7/591,47/18860,0.14893617021276595,4.752853079886236,4.633158382337546,6.061263893817174e-4,0.009550004270316938,0.007973023421959444,UBE2C/DLGAP5/CDC20/SKA3/AURKA/ESPL1/SKA1,7
GO:0051101,regulation of DNA binding,7/591,47/18860,0.14893617021276595,4.752853079886236,4.633158382337546,6.061263893817174e-4,0.009550004270316938,0.007973023421959444,SOX11/HJURP/MMP9/E2F1/LEF1/PLAUR/BCL3,7
GO:0060337,type I interferon-mediated signaling pathway,10/591,92/18860,0.10869565217391304,3.4686971235194584,4.26921876927105,6.071998975049573e-4,0.009550004270316938,0.007973023421959444,ISG15/OASL/ZBP1/OAS2/OAS3/IRF7/STAT1/IFITM1/IFIH1/ADAR,10
GO:0071357,cellular response to type I interferon,10/591,93/18860,0.10752688172043011,3.4313993049869915,4.22762072526583,6.616662152180311e-4,0.01035898862359973,0.008648421151023322,ISG15/OASL/ZBP1/OAS2/OAS3/IRF7/STAT1/IFITM1/IFIH1/ADAR,10
GO:0032729,positive regulation of type II interferon production,9/591,77/18860,0.11688311688311688,3.7299756081481967,4.317350748267407,6.634789347513618e-4,0.01035898862359973,0.008648421151023322,IL21/ISG15/IL12B/TNFSF4/LTA/SLC7A5/PYCARD/BCL3/CD276,9
GO:0040020,regulation of meiotic nuclear division,6/591,35/18860,0.17142857142857143,5.470630891950689,4.761360089448148,6.90378588233265e-4,0.010667467491955514,0.008905961270688484,CDC20/TRIP13/KNL1/ZWINT/RAD51AP1/FBXO43,6
GO:0060351,cartilage development involved in endochondral bone morphogenesis,6/591,35/18860,0.17142857142857143,5.470630891950689,4.761360089448148,6.90378588233265e-4,0.010667467491955514,0.008905961270688484,MMP13/COMP/COL1A1/POC1A/SERPINH1/CBS,6
GO:0090224,regulation of spindle organization,7/591,48/18860,0.14583333333333334,4.653835307388607,4.558771080356775,6.907172733220378e-4,0.010667467491955514,0.008905961270688484,PLK1/TPX2/SPAG5/TACC3/STIL/RCC1/CLTC,7
GO:0043367,"CD4-positive, alpha-beta T cell differentiation",11/591,111/18860,0.0990990990990991,3.1624517918934165,4.109741936791491,7.262313556245936e-4,0.011147078270396717,0.009306374491635556,IL21/IL12B/FUT7/CD80/FOXP3/LEF1/TNFSF4/ICOS/RSAD2/BCL3/ENTPD7,11
GO:0001649,osteoblast differentiation,19/591,265/18860,0.07169811320754717,2.28803115921208,3.7979294909317316,7.285538604375544e-4,0.011147078270396717,0.009306374491635556,IBSP/DLX5/CLEC5A/CCN4/SPP1/SOX11/SCUBE3/COL1A1/CTHRC1/CREB3L1/LEF1/VCAN/ITGA11/SEMA7A/RUNX2/IFITM1/SFRP2/CLTC/ADAR,19
GO:2000242,negative regulation of reproductive process,9/591,78/18860,0.11538461538461539,3.682155408043733,4.26929341927289,7.295890406056757e-4,0.011147078270396717,0.009306374491635556,WT1/PKMYT1/TRIP13/SULF1/TTK/KNL1/ZWINT/FBXO43/SYCP2,9
GO:0007100,mitotic centrosome separation,4/591,14/18860,0.2857142857142857,9.117718153251149,5.464923360243925,7.43577472500976e-4,0.01124036900126917,0.009384260235059743,NEK2/AURKA/KIF11/CHEK1,4
GO:0033080,immature T cell proliferation in thymus,4/591,14/18860,0.2857142857142857,9.117718153251149,5.464923360243925,7.43577472500976e-4,0.01124036900126917,0.009384260235059743,FOXP3/TNFRSF9/ERBB2/CDKN2A,4
GO:0033083,regulation of immature T cell proliferation,4/591,14/18860,0.2857142857142857,9.117718153251149,5.464923360243925,7.43577472500976e-4,0.01124036900126917,0.009384260235059743,FOXP3/TNFRSF9/ERBB2/CDKN2A,4
GO:0030326,embryonic limb morphogenesis,12/591,129/18860,0.09302325581395349,2.968559398732932,4.0351397432056215,7.48887538379457e-4,0.011240525220552664,0.009384390658038727,DLX5/HOXC11/PITX1/SALL4/LEF1/HOXC10/CRABP2/RUNX2/FLVCR1/CHST11/SFRP2/BAX,12
GO:0035113,embryonic appendage morphogenesis,12/591,129/18860,0.09302325581395349,2.968559398732932,4.0351397432056215,7.48887538379457e-4,0.011240525220552664,0.009384390658038727,DLX5/HOXC11/PITX1/SALL4/LEF1/HOXC10/CRABP2/RUNX2/FLVCR1/CHST11/SFRP2/BAX,12
GO:0051785,positive regulation of nuclear division,8/591,63/18860,0.12698412698412698,4.052319179222732,4.364672199452149,7.528897656266831e-4,0.011240525220552664,0.009384390658038727,UBE2C/DLGAP5/CDC20/SKA3/AURKA/ESPL1/SKA1/RAD51AP1,8
GO:0048562,embryonic organ morphogenesis,21/591,308/18860,0.06818181818181818,2.175819104753115,3.7421068641169017,7.540978817902324e-4,0.011240525220552664,0.009384390658038727,COL11A1/DLX5/NKX2-5/HOXC11/NKX3-2/TBX20/HMX3/SOX11/SIX2/CTHRC1/ZIC1/OTX1/MFAP2/STIL/SIX4/MMP14/TPRN/RUNX2/FLVCR1/MICAL2/CHST11,21
GO:0001832,blastocyst growth,5/591,24/18860,0.20833333333333334,6.648336153412296,4.979978847065223,7.699321299959696e-4,0.01139712682395418,0.009515132824900109,SALL4/GINS1/CHEK1/NCAPG2/BRCA2,5
GO:0009147,pyrimidine nucleoside triphosphate metabolic process,5/591,24/18860,0.20833333333333334,6.648336153412296,4.979978847065223,7.699321299959696e-4,0.01139712682395418,0.009515132824900109,CMPK2/NME1/TYMS/CTPS1/ENTPD7,5
GO:0021766,hippocampus development,10/591,95/18860,0.10526315789473684,3.359159319618844,4.146106675334155,7.827229982600264e-4,0.011546513746746184,0.00963985166278138,KIF14/ZIC1/LEF1/SRD5A2/EZH2/PLXNA3/LRP8/CDK5/CDK5R1/CFL1,10
GO:0002697,regulation of immune effector process,26/591,421/18860,0.06175771971496437,1.9708131875198442,3.6232951753791136,8.379159960247594e-4,0.012318228972487699,0.01028413447101468,ULBP1/IL21/IL12B/FUT7/IL4I1/CD80/FOXP3/HPX/LAG3/TNFSF4/ULBP2/FCGR1A/SLAMF8/TIGIT/LTA/NOD2/SLC7A5/RSAD2/PYCARD/SEMA7A/EVPL/PDCD1/BST2/RASGRP1/TNFRSF4/TFRC,26
GO:0070507,regulation of microtubule cytoskeleton organization,14/591,168/18860,0.08333333333333333,2.659334461364918,3.885584609635908,8.489197346484313e-4,0.012437255564472565,0.010383506343410698,PLK1/TPX2/SPAG5/AURKB/SKA3/SKA1/DIAPH3/TACC3/STIL/STMN1/CDK5R1/CKAP2/RCC1/CLTC,14
GO:0070661,leukocyte proliferation,23/591,356/18860,0.06460674157303371,2.061731211619993,3.6374954300157074,9.020966410720819e-4,0.013171226725277702,0.01099627771926558,IL21/SOX11/IL12B/IL4I1/CD80/FOXP3/TNFRSF9/ERBB2/LEF1/TNFSF4/FCGR3A/CDKN2A/CD24/SH2D2A/PYCARD/HELLS/BST2/RASGRP1/TNFRSF4/CTPS1/TFRC/BAX/CD276,23
GO:0090183,regulation of kidney development,6/591,37/18860,0.16216216216216217,5.174921114007408,4.571938686664164,9.377624552004218e-4,0.013645400623630628,0.011392151845667853,WT1/SIX2/EZH2/SIX4/STAT1/MAGED1,6
GO:0033079,immature T cell proliferation,4/591,15/18860,0.26666666666666666,8.509870276367737,5.233300543876709,9.889813762053508e-4,0.014245327701705357,0.011893013678769292,FOXP3/TNFRSF9/ERBB2/CDKN2A,4
GO:0051081,nuclear membrane disassembly,4/591,15/18860,0.26666666666666666,8.509870276367737,5.233300543876709,9.889813762053508e-4,0.014245327701705357,0.011893013678769292,PLK1/CDK1/CHEK1/CDC25A,4
GO:2000105,positive regulation of DNA-templated DNA replication,4/591,15/18860,0.26666666666666666,8.509870276367737,5.233300543876709,9.889813762053508e-4,0.014245327701705357,0.011893013678769292,E2F7/E2F8/CDC7/DBF4,4
GO:0050864,regulation of B cell activation,12/591,134/18860,0.08955223880597014,2.8577922569891654,3.881706733330566,0.0010476987377784981,0.015040453692001392,0.012556841459846148,INHBA/IL21/IL4I1/FOXP3/TNFSF4/HMGB3/SLAMF8/CDKN2A/NOD2/MMP14/TNFRSF4/TFRC,12
GO:0031109,microtubule polymerization or depolymerization,13/591,153/18860,0.08496732026143791,2.711478274332858,3.8230564931655526,0.0010745650950309768,0.01537454674428936,0.012835766123710983,TPX2/KIF2C/CDK1/KIF18B/AURKB/SKA3/SKA1/DIAPH3/STMN1/KIF24/TUBG1/CDK5R1/CKAP2,13
GO:0034340,response to type I interferon,10/591,99/18860,0.10101010101010101,3.2234357107453553,3.989420959139561,0.001079688541017766,0.015396358594913343,0.012853976209379931,ISG15/OASL/ZBP1/OAS2/OAS3/IRF7/STAT1/IFITM1/IFIH1/ADAR,10
GO:0060349,bone morphogenesis,10/591,100/18860,0.1,3.191201353637902,3.951496060631218,0.001166768127150826,0.01658283736860875,0.01384453315412748,MMP13/COMP/DLX5/COL1A1/COL3A1/POC1A/MMP14/SERPINH1/CBS/RUNX2,10
GO:0002699,positive regulation of immune effector process,19/591,276/18860,0.06884057971014493,2.1968415115623237,3.602610159406845,0.0011806232109882369,0.016724192372873103,0.013962546374636068,ULBP1/IL21/IL12B/CD80/FOXP3/HPX/LAG3/TNFSF4/ULBP2/FCGR1A/LTA/NOD2/SLC7A5/RSAD2/PYCARD/SEMA7A/RASGRP1/TNFRSF4/TFRC,19
GO:0030308,negative regulation of cell growth,14/591,174/18860,0.08045977011494253,2.5676332730419897,3.7364279102284796,0.0011933379728934967,0.01684851434996165,0.014066339211490829,WT1/INHBA/SPP1/KIAA0319/CDKN2A/RGS4/PLXNA3/CDK5/BST2/BRCA1/SFRP2/PPT1/CFL1/SEMA3F,14
GO:2000027,regulation of animal organ morphogenesis,9/591,84/18860,0.10714285714285714,3.41914430746918,3.996644901923177,0.0012481634033316286,0.017507805746899262,0.014616762604076967,WT1/HOXC11/SIX2/SULF1/SAPCD2/SIX4/RUNX2/MAGED1/SFRP2,9
GO:0045589,regulation of regulatory T cell differentiation,6/591,39/18860,0.15384615384615385,4.909540544058311,4.39574367956301,0.0012482189697999707,0.017507805746899262,0.014616762604076967,IL4I1/FOXP3/LAG3/TNFSF4/FANCA/FANCD2,6
GO:0022409,positive regulation of cell-cell adhesion,22/591,343/18860,0.0641399416909621,2.0468346874645436,3.5191318147385986,0.001268648864983278,0.017736208641825044,0.01480744960057882,CEACAM6/IL21/KIF26B/IL12B/FUT7/IL4I1/CD80/FOXP3/ADAM8/LEF1/TNFSF4/PLAUR/ICOS/CD24/NOD2/ADAM19/THY1/PYCARD/HLA-DQB1/RASGRP1/TFRC/CD276,22
GO:0030397,membrane disassembly,4/591,16/18860,0.25,7.978003384094754,5.02227283507509,0.0012861811953771805,0.017864555694232398,0.014914602856851587,PLK1/CDK1/CHEK1/CDC25A,4
GO:0033599,regulation of mammary gland epithelial cell proliferation,4/591,16/18860,0.25,7.978003384094754,5.02227283507509,0.0012861811953771805,0.017864555694232398,0.014914602856851587,IQGAP3/CDKN2A/BRCA2/BAX,4
GO:0090596,sensory organ morphogenesis,20/591,300/18860,0.06666666666666667,2.1274675690919342,3.540555305752041,0.0013097966953719252,0.018133690170877334,0.015139295477421029,COL11A1/DLX5/NKX3-2/HOXC13/HMX3/SOX11/SIX2/COL5A1/CTHRC1/ZIC1/COL5A2/OTX1/MFAP2/COL8A1/SIX4/TPRN/THY1/COL8A2/BAX/BAK1,20
GO:0031589,cell-substrate adhesion,23/591,369/18860,0.06233062330623306,1.989095694679451,3.451174970412725,0.0014493611363330756,0.020001183681396445,0.016698412005358664,CEACAM6/MSLN/FN1/ONECUT2/KIF14/COL1A1/POSTN/LEF1/COL8A1/PLAU/COL3A1/CDKN2A/CDH11/MMP14/THY1/ITGA11/RELL2/EDIL3/CDK5/GFUS/CFL1/MICALL2/RCC2,23
GO:0140888,interferon-mediated signaling pathway,11/591,121/18860,0.09090909090909091,2.90109213967082,3.7732738739163487,0.0014809061957184121,0.020370793264576744,0.017006988397605595,ISG15/HPX/OASL/ZBP1/OAS2/OAS3/IRF7/STAT1/IFITM1/IFIH1/ADAR,11
GO:0007159,leukocyte cell-cell adhesion,26/591,439/18860,0.05922551252847381,1.8900053575076414,3.393625875693163,0.0015234555395023943,0.020888919224330907,0.01743955683377741,CALCA/IL21/IL12B/FUT7/IL4I1/CD80/FOXP3/ADAM8/ERBB2/LAG3/LEF1/TNFSF4/TIGIT/ICOS/ADORA2A/CDKN2A/CD24/NOD2/THY1/PYCARD/HLA-DQB1/PDCD1/GFUS/RASGRP1/TFRC/CD276,26
GO:0006826,iron ion transport,7/591,55/18860,0.12727272727272726,4.061528995539147,4.089580257948157,0.0015765921380695,0.021427886663143988,0.01788952522035569,TFR2/ASIC3/HPX/FLVCR1/CLTC/ABCC5/TFRC,7
GO:0032964,collagen biosynthetic process,7/591,55/18860,0.12727272727272726,4.061528995539147,4.089580257948157,0.0015765921380695,0.021427886663143988,0.01788952522035569,INHBA/SERPINB7/COL1A1/COL5A1/CREB3L1/SERPINH1/P3H4,7
GO:0032609,type II interferon production,11/591,122/18860,0.09016393442622951,2.8773126959030266,3.741541770494654,0.001582798547347709,0.021427886663143988,0.01788952522035569,INHBA/IL21/ISG15/IL12B/FOXP3/TNFSF4/LTA/SLC7A5/PYCARD/BCL3/CD276,11
GO:0032649,regulation of type II interferon production,11/591,122/18860,0.09016393442622951,2.8773126959030266,3.741541770494654,0.001582798547347709,0.021427886663143988,0.01788952522035569,INHBA/IL21/ISG15/IL12B/FOXP3/TNFSF4/LTA/SLC7A5/PYCARD/BCL3/CD276,11
GO:0002456,T cell mediated immunity,12/591,141/18860,0.0851063829787234,2.715916045649278,3.678408456558292,0.0016268442674140233,0.02193238652280684,0.018310717618140206,ULBP1/IL12B/FUT7/IL4I1/CD80/FOXP3/TNFSF4/ULBP2/FCGR3A/RSAD2/PDCD1/GFUS,12
GO:0002443,leukocyte mediated immunity,28/591,488/18860,0.05737704918032787,1.8310171701201077,3.345317731792808,0.001634301209753957,0.02193238652280684,0.018310717618140206,ULBP1/EXO1/IL21/IL12B/FUT7/IL4I1/IL9R/CD80/FOXP3/IGHG1/HPX/LAG3/IGHG3/TNFSF4/ULBP2/FCGR3A/FCGR1A/TIGIT/LTA/NOD2/RSAD2/IRF7/PDCD1/BST2/GFUS/RASGRP1/BCL3/TFRC,28
GO:0035860,glial cell-derived neurotrophic factor receptor signaling pathway,4/591,17/18860,0.23529411764705882,7.5087090673832995,4.828808459011077,0.001640571221902335,0.02193238652280684,0.018310717618140206,SULF1/ARTN/MMP14/SULF2,4
GO:0072074,kidney mesenchyme development,4/591,17/18860,0.23529411764705882,7.5087090673832995,4.828808459011077,0.001640571221902335,0.02193238652280684,0.018310717618140206,WT1/SIX2/SIX4/STAT1,4
GO:0051960,regulation of nervous system development,27/591,466/18860,0.05793991416309013,1.8489793250691704,3.3377028087859295,0.001710101145619198,0.022790693772457724,0.019027293612349366,CBLN2/LRRC15/CCL11/FN1/SYNDIG1/ASPM/SPP1/KIAA0319/KIF14/SOX11/E2F1/LEF1/EZH2/CRABP2/LTA/METRN/TYMP/SLC7A5/TG/XRCC2/THY1/PLXNA3/SEMA7A/THBS2/LRP8/CDK5/SEMA3F,27
GO:1903706,regulation of hemopoiesis,26/591,443/18860,0.05869074492099323,1.8729398463789042,3.3440473615250297,0.0017288853200855107,0.022969476395421788,0.01917655407339045,CALCA/INHBA/IL21/ISG15/IL12B/IL4I1/CD80/FOXP3/ADAM8/ERBB2/H4C14/LAG3/LEF1/TNFSF4/SCIN/HMGB3/SLAMF8/GPR68/CDKN2A/H4C9/MMP14/FANCA/IRF7/STAT1/RASGRP1/FANCD2,26
GO:0030217,T cell differentiation,21/591,330/18860,0.06363636363636363,2.0307644977695736,3.397616796529966,0.0017829193272892842,0.023614021306946,0.01971466605016308,IL21/IL12B/FUT7/IL4I1/CD80/FOXP3/ADAM8/TNFRSF9/ERBB2/LAG3/LEF1/TNFSF4/ICOS/CDKN2A/RSAD2/FANCA/RUNX2/RASGRP1/BCL3/FANCD2/ENTPD7,21
GO:0040001,establishment of mitotic spindle localization,6/591,42/18860,0.14285714285714285,4.558859076625574,4.152832236328099,0.0018540044738831606,0.024479725738494326,0.020437417738419637,PLK1/CENPA/ESPL1/NDC80/SAPCD2/MAD2L1,6
GO:0060561,apoptotic process involved in morphogenesis,5/591,29/18860,0.1724137931034483,5.502071299375694,4.363855473026218,0.0018906542516530403,0.024886827349451406,0.020777295144481834,NKX2-5/LEF1/CDKN2A/BAX/BAK1,5
GO:0002819,regulation of adaptive immune response,16/591,224/18860,0.07142857142857142,2.279429538312787,3.4646527568498016,0.001930527542285028,0.02533373259477101,0.021150403458098488,ULBP1/IL12B/FUT7/IL4I1/CD80/FOXP3/HPX/TNFSF4/ULBP2/FCGR1A/LTA/RSAD2/IRF7/PYCARD/PDCD1/TFRC,16
GO:0002832,negative regulation of response to biotic stimulus,12/591,144/18860,0.08333333333333333,2.659334461364918,3.595045103153142,0.0019450946423457721,0.02544683449527588,0.02124482897627299,ISG15/IL4I1/AURKB/FOXP3/SLAMF8/TIGIT/OAS3/MICB/PDCD1/DDX39A/PARP1/ADAR,12
GO:1903037,regulation of leukocyte cell-cell adhesion,24/591,401/18860,0.059850374064837904,1.909945947314455,3.312679188361511,0.0019830461044610293,0.025864241569769155,0.02159331011693284,IL21/IL12B/FUT7/IL4I1/CD80/FOXP3/ADAM8/ERBB2/LAG3/LEF1/TNFSF4/TIGIT/ICOS/ADORA2A/CDKN2A/CD24/NOD2/THY1/PYCARD/HLA-DQB1/PDCD1/RASGRP1/TFRC/CD276,24
GO:0007160,cell-matrix adhesion,17/591,246/18860,0.06910569105691057,2.2053017484489565,3.4224662028040513,0.0020132046190563836,0.026098452607040027,0.021788846164141343,CEACAM6/MSLN/FN1/ONECUT2/POSTN/LEF1/PLAU/COL3A1/CDKN2A/CDH11/MMP14/THY1/ITGA11/CDK5/GFUS/CFL1/RCC2,17
GO:0060560,developmental growth involved in morphogenesis,17/591,246/18860,0.06910569105691057,2.2053017484489565,3.4224662028040513,0.0020132046190563836,0.026098452607040027,0.021788846164141343,CCL11/FN1/KIF26B/SPP1/KIAA0319/EDN2/SYT1/AURKA/POSTN/CRABP2/SIX4/PLXNA3/SEMA7A/CDK5/SFRP2/CFL1/SEMA3F,17
GO:0042093,T-helper cell differentiation,9/591,90/18860,0.1,3.191201353637902,3.7477195889425046,0.002030045239058788,0.02623726142807702,0.021904733649631,IL21/IL12B/CD80/FOXP3/LEF1/TNFSF4/ICOS/BCL3/ENTPD7,9
GO:0002460,adaptive immune response based on somatic recombination of immune receptors built from immunoglobulin superfamily domains,24/591,402/18860,0.05970149253731343,1.9051948379927772,3.299578439920151,0.0020486932685307283,0.02627453406836619,0.021935851503153584,ULBP1/EXO1/IL12B/FUT7/IL4I1/IL9R/CD80/FOXP3/IGHG1/HPX/LEF1/IGHG3/TNFSF4/ULBP2/FCGR3A/FCGR1A/LTA/RSAD2/IRF7/PDCD1/GFUS/BCL3/ENTPD7/TFRC,24
GO:0007076,mitotic chromosome condensation,4/591,18/18860,0.2222222222222222,7.091558563639782,4.650470132230283,0.0020574962395751924,0.02627453406836619,0.021935851503153584,PLK1/NCAPH/NCAPG/SMC4,4
GO:0007096,regulation of exit from mitosis,4/591,18/18860,0.2222222222222222,7.091558563639782,4.650470132230283,0.0020574962395751924,0.02627453406836619,0.021935851503153584,UBE2C/ANLN/BIRC5/KNTC1,4
GO:0045956,positive regulation of calcium ion-dependent exocytosis,4/591,18/18860,0.2222222222222222,7.091558563639782,4.650470132230283,0.0020574962395751924,0.02627453406836619,0.021935851503153584,SYT1/STX1A/CDK5/HYAL3,4
GO:0050673,epithelial cell proliferation,28/591,496/18860,0.056451612903225805,1.8014846351181706,3.253479541215077,0.0020678878442228162,0.02632864344519407,0.021981025862932383,CALCA/CCL11/DLX5/NKX2-5/UHRF1/IQGAP3/SOX11/IL12B/SULF1/ERBB2/COL8A1/CDKN2A/CXCR3/NOD2/SIX4/MMP14/EPPK1/STAT1/RUNX2/NME1/MAGED1/BRCA2/SFRP2/SULF2/COL8A2/BAX/BAK1/POLD4,28
GO:0002709,regulation of T cell mediated immunity,10/591,108/18860,0.09259259259259259,2.9548160681832423,3.664288533382183,0.00209032708997666,0.026535368815786803,0.022153614918915533,ULBP1/IL12B/FUT7/IL4I1/CD80/FOXP3/TNFSF4/ULBP2/RSAD2/PDCD1,10
GO:1902742,apoptotic process involved in development,6/591,43/18860,0.13953488372093023,4.452839098099398,4.076909386168141,0.0020985436552662684,0.026560857269908568,0.02217489449491887,NKX2-5/LEF1/CDKN2A/CHEK1/BAX/BAK1,6
GO:0097193,intrinsic apoptotic signaling pathway,21/591,335/18860,0.0626865671641791,2.000454579892416,3.323046011743442,0.002137499393800872,0.026974107394336668,0.022519905117734388,MELK/MMP9/E2F1/MUC1/E2F2/CREB3L1/PYCR1/PLAUR/CD24/PMAIP1/PYCARD/HELLS/RTKN2/IER3/BCL3/BRCA1/BRCA2/PARP1/SFRP2/BAX/BAK1,21
GO:0072527,pyrimidine-containing compound metabolic process,8/591,74/18860,0.10810810810810811,3.4499474093382725,3.7979666384223796,0.0021707552693784114,0.027313208948237775,0.022803011235297058,CDK1/TK1/TYMP/CMPK2/NME1/TYMS/CTPS1/ENTPD7,8
GO:0021761,limbic system development,11/591,127/18860,0.08661417322834646,2.764032668505269,3.5875709638838154,0.002181913089314145,0.027373091484122907,0.022853005439243384,KIF14/ZIC1/LEF1/SRD5A2/EZH2/PLXNA3/LRP8/CDK5/CDK5R1/CFL1/BAX,11
GO:0010165,response to X-ray,5/591,30/18860,0.16666666666666666,5.318668922729836,4.257758862935377,0.00221110264422827,0.027658178690083447,0.02309101653390742,RAD51/BLM/XRCC2/BRCA2/SFRP2,5
GO:0051098,regulation of binding,10/591,109/18860,0.09174311926605505,2.9277076638879835,3.630261324218459,0.002238562191588662,0.02792002640121369,0.02330962564388624,SOX11/HJURP/MMP9/AURKA/E2F1/LEF1/PLAUR/STMN1/BCL3/BAX,10
GO:0002294,"CD4-positive, alpha-beta T cell differentiation involved in immune response",9/591,92/18860,0.09782608695652174,3.1218274111675126,3.669362807858737,0.00236359826664419,0.02934653768815623,0.024500578818413443,IL21/IL12B/CD80/FOXP3/LEF1/TNFSF4/ICOS/BCL3/ENTPD7,9
GO:0060236,regulation of mitotic spindle organization,6/591,44/18860,0.13636363636363635,4.35163820950623,4.003275711957552,0.0023666562651738893,0.02934653768815623,0.024500578818413443,PLK1/TPX2/TACC3/STIL/RCC1/CLTC,6
GO:0010810,regulation of cell-substrate adhesion,16/591,230/18860,0.06956521739130435,2.2199661590524533,3.3481195532093606,0.0025199200789092677,0.031118760277521446,0.025980156399111803,CEACAM6/FN1/ONECUT2/COL1A1/POSTN/LEF1/COL8A1/PLAU/CDKN2A/MMP14/THY1/RELL2/EDIL3/GFUS/CFL1/RCC2,16
GO:0009148,pyrimidine nucleoside triphosphate biosynthetic process,4/591,19/18860,0.21052631578947367,6.718318639237688,4.485272775754731,0.0025422196997780225,0.031118760277521446,0.025980156399111803,CMPK2/NME1/TYMS/CTPS1,4
GO:0021819,layer formation in cerebral cortex,4/591,19/18860,0.21052631578947367,6.718318639237688,4.485272775754731,0.0025422196997780225,0.031118760277521446,0.025980156399111803,COL3A1/LRP8/CDK5/CDK5R1,4
GO:0002287,alpha-beta T cell activation involved in immune response,9/591,93/18860,0.0967741935483871,3.088259374488292,3.6309826169686255,0.002545948129296986,0.031118760277521446,0.025980156399111803,IL21/IL12B/CD80/FOXP3/LEF1/TNFSF4/ICOS/BCL3/ENTPD7,9
GO:0002293,alpha-beta T cell differentiation involved in immune response,9/591,93/18860,0.0967741935483871,3.088259374488292,3.6309826169686255,0.002545948129296986,0.031118760277521446,0.025980156399111803,IL21/IL12B/CD80/FOXP3/LEF1/TNFSF4/ICOS/BCL3/ENTPD7,9
GO:0008630,intrinsic apoptotic signaling pathway in response to DNA damage,10/591,111/18860,0.09009009009009009,2.87495617444856,3.5633562092177207,0.00256036969813737,0.031205873414905036,0.02605288464771359,E2F1/MUC1/PYCARD/IER3/BCL3/BRCA1/BRCA2/SFRP2/BAX/BAK1,10
GO:0010458,exit from mitosis,5/591,31/18860,0.16129032258064516,5.147098957480487,4.1563039558267425,0.002569344023010627,0.031226289006930294,0.0260699290373058,UBE2C/ANLN/BIRC5/UBE2S/KNTC1,5
GO:0030574,collagen catabolic process,6/591,45/18860,0.13333333333333333,4.2549351381838685,3.9318067784594253,0.0026597378264391802,0.03214225542798535,0.026834643012513055,MMP1/MMP11/MMP13/ADAMTS14/MMP9/MMP14,6
GO:0090199,regulation of release of cytochrome c from mitochondria,6/591,45/18860,0.13333333333333333,4.2549351381838685,3.9318067784594253,0.0026597378264391802,0.03214225542798535,0.026834643012513055,MMP9/PLAUR/PMAIP1/PYCARD/BAX/BAK1,6
GO:0048704,embryonic skeletal system morphogenesis,9/591,94/18860,0.09574468085106383,3.0554055513554377,3.5931163358165557,0.002739273082965807,0.03301016971528936,0.027559239645672303,COL11A1/HOXC11/SOX11/SIX2/SIX4/MMP14/RUNX2/FLVCR1/CHST11,9
GO:0001952,regulation of cell-matrix adhesion,11/591,131/18860,0.08396946564885496,2.6796347244287726,3.469675666996594,0.002783588610869209,0.03344997774522044,0.027926422698637574,CEACAM6/ONECUT2/POSTN/LEF1/PLAU/CDKN2A/MMP14/THY1/GFUS/CFL1/RCC2,11
GO:1902105,regulation of leukocyte differentiation,21/591,343/18860,0.061224489795918366,1.9537967471252462,3.206367268677583,0.002828439047183393,0.03389373177549175,0.02829690015359945,CALCA/INHBA/IL21/IL12B/IL4I1/CD80/FOXP3/ADAM8/ERBB2/LAG3/LEF1/TNFSF4/HMGB3/SLAMF8/GPR68/CDKN2A/MMP14/FANCA/IRF7/RASGRP1/FANCD2,21
GO:2000779,regulation of double-strand break repair,12/591,151/18860,0.07947019867549669,2.5360540558711806,3.4085162461961978,0.0028890297242108853,0.034523098212777,0.02882234005953406,PLK1/FOXM1/AUNIP/RAD51/POLQ/RAD51AP1/CHEK1/H2AX/TIMELESS/PARPBP/PARP1/FANCB,12
GO:0072528,pyrimidine-containing compound biosynthetic process,6/591,46/18860,0.13043478260869565,4.16243654822335,3.8623875569042285,0.0029792029590248563,0.03550147704375581,0.02963916035763477,CDK1/TK1/CMPK2/NME1/TYMS/CTPS1,6
GO:0019731,antibacterial humoral response,8/591,78/18860,0.10256410256410256,3.2730270293722072,3.6180675098934993,0.003029268194508715,0.035997803711411896,0.030053529192889096,CALCA/H2BC6/IGHG1/H2BC7/IGHG3/H2BC10/H2BC11/EVPL,8
GO:0001956,positive regulation of neurotransmitter secretion,4/591,20/18860,0.2,6.382402707275804,4.331580796213311,0.003099895442865914,0.03662022400641265,0.030573169964754343,SYT1/ADORA2A/KMO/STX1A,4
GO:0001788,antibody-dependent cellular cytotoxicity,3/591,10/18860,0.3,9.573604060913706,4.877569080056244,0.003115886287595653,0.03662022400641265,0.030573169964754343,IGHG1/FCGR3A/FCGR1A,3
GO:0044837,actomyosin contractile ring organization,3/591,10/18860,0.3,9.573604060913706,4.877569080056244,0.003115886287595653,0.03662022400641265,0.030573169964754343,ANLN/IQGAP3/RACGAP1,3
GO:2000109,regulation of macrophage apoptotic process,3/591,10/18860,0.3,9.573604060913706,4.877569080056244,0.003115886287595653,0.03662022400641265,0.030573169964754343,CDKN2A/NOD2/IRF7,3
GO:0031099,regeneration,14/591,194/18860,0.07216494845360824,2.3029288119036404,3.2808895090518586,0.0032869968718794045,0.038525404432602994,0.032163750212795446,SPP1/KIAA0319/AURKA/POSTN/CCNA2/EZH2/CCNB1/SLC7A5/THY1/EPPK1/NREP/BCL9/SULF2/BAK1,14
GO:0001906,cell killing,18/591,281/18860,0.06405693950177936,2.044185920479795,3.171870942630875,0.003427383093766711,0.04006105157140434,0.03344581776574763,CXCL11/CCL11/CXCL10/CXCL9/ULBP1/IL21/IL12B/GBP5/IGHG1/LAG3/ULBP2/FCGR3A/FCGR1A/TIGIT/H2BC11/MICB/GFUS/RASGRP1,18
GO:0006998,nuclear envelope organization,7/591,63/18860,0.1111111111111111,3.545779281819891,3.6403440809653644,0.0034683167334663965,0.04042904355795434,0.03375304367317219,PLK1/CDK1/LMNB1/CHEK1/CDC25A/LMNB2/RCC1,7
GO:0002524,hypersensitivity,4/591,21/18860,0.19047619047619047,6.078478768834098,4.188032548645028,0.003735542710168488,0.043307999225205396,0.03615660081472452,FUT7/IGHG1/FCGR3A/FCGR1A,4
GO:0035455,response to interferon-alpha,4/591,21/18860,0.19047619047619047,6.078478768834098,4.188032548645028,0.003735542710168488,0.043307999225205396,0.03615660081472452,LAMP3/IFITM1/BST2/ADAR,4
GO:0048771,tissue remodeling,14/591,197/18860,0.07106598984771574,2.2678588299964786,3.2174289667076628,0.0037715803422538586,0.043607623524762176,0.036406748510006665,CALCA/IL21/SPP1/BGN/IL12B/RUFY4/CTHRC1/ADAM8/CDKN2A/MMP14/P3H4/CBS/BAX/BAK1,14
GO:0045620,negative regulation of lymphocyte differentiation,7/591,64/18860,0.109375,3.490376480541455,3.589367761225387,0.0037914296038076395,0.04371896454201909,0.036499703917489926,INHBA/FOXP3/ERBB2/LAG3/TNFSF4/HMGB3/CDKN2A,7
GO:0030212,hyaluronan metabolic process,5/591,34/18860,0.14705882352941177,4.692943167114562,3.876401368620994,0.0038956295848708617,0.044799740226014906,0.03740201239803859,CEMIP/HMMR/CLTC/ABCC5/HYAL3,5
GO:0006959,humoral immune response,19/591,307/18860,0.06188925081433225,1.9750106097433269,3.097898182250527,0.003907454224435284,0.04481525247220951,0.03741496312546612,CALCA/CXCL11/CCL11/CXCL10/CXCL9/EXO1/H2BC6/IGHG1/HPX/H2BC7/IGHG3/H2BC10/LTA/H2BC11/EVPL/HLA-DQB1/PDCD1/BCL3/BLNK,19
GO:2000045,regulation of G1/S transition of mitotic cell cycle,13/591,178/18860,0.07303370786516854,2.330652674005209,3.2081798821423844,0.004094575444609543,0.04662252247881977,0.038923800785078,CDC6/INHBA/E2F7/RRM2/KIF14/CCNE2/CCNE1/E2F1/MUC1/EZH2/CDKN2A/STIL/PSME2,13
GO:0032620,interleukin-17 production,6/591,49/18860,0.12244897959183673,3.9075934942504924,3.665400793653898,0.0041102708930262875,0.04662252247881977,0.038923800785078,IL21/IL12B/FOXP3/TNFSF4/NOD2/SLC7A5,6
GO:0032660,regulation of interleukin-17 production,6/591,49/18860,0.12244897959183673,3.9075934942504924,3.665400793653898,0.0041102708930262875,0.04662252247881977,0.038923800785078,IL21/IL12B/FOXP3/TNFSF4/NOD2/SLC7A5,6
GO:0030330,"DNA damage response, signal transduction by p53 class mediator",8/591,82/18860,0.0975609756097561,3.1133671742808797,3.449474184829499,0.004131357243408436,0.04662252247881977,0.038923800785078,E2F7/FOXM1/GTSE1/MUC1/CDKN2A/PMAIP1/BCL3/BRCA2,8
GO:0002821,positive regulation of adaptive immune response,11/591,138/18860,0.07971014492753623,2.5437112239142694,3.2735966481463246,0.004153376947362841,0.04662252247881977,0.038923800785078,ULBP1/IL12B/FOXP3/HPX/TNFSF4/ULBP2/FCGR1A/LTA/RSAD2/PYCARD/TFRC,11
GO:0035710,"CD4-positive, alpha-beta T cell activation",11/591,138/18860,0.07971014492753623,2.5437112239142694,3.2735966481463246,0.004153376947362841,0.04662252247881977,0.038923800785078,IL21/IL12B/FUT7/CD80/FOXP3/LEF1/TNFSF4/ICOS/RSAD2/BCL3/ENTPD7,11
GO:0032836,glomerular basement membrane development,3/591,11/18860,0.2727272727272727,8.70327641901246,4.596458572630676,0.004185256192156264,0.04662252247881977,0.038923800785078,WT1/SULF1/SULF2,3
GO:0033572,transferrin transport,3/591,11/18860,0.2727272727272727,8.70327641901246,4.596458572630676,0.004185256192156264,0.04662252247881977,0.038923800785078,TFR2/CLTC/TFRC,3
GO:0039530,MDA-5 signaling pathway,3/591,11/18860,0.2727272727272727,8.70327641901246,4.596458572630676,0.004185256192156264,0.04662252247881977,0.038923800785078,OAS3/IRF7/IFIH1,3
GO:0072711,cellular response to hydroxyurea,3/591,11/18860,0.2727272727272727,8.70327641901246,4.596458572630676,0.004185256192156264,0.04662252247881977,0.038923800785078,RAD51/BLM/TIMELESS,3
GO:0090673,endothelial cell-matrix adhesion,3/591,11/18860,0.2727272727272727,8.70327641901246,4.596458572630676,0.004185256192156264,0.04662252247881977,0.038923800785078,CEACAM6/LEF1/GFUS,3
GO:0071214,cellular response to abiotic stimulus,21/591,355/18860,0.059154929577464786,1.887752913419604,3.037088314791535,0.004210861658953754,0.04662252247881977,0.038923800785078,MMP1/SLC24A2/MMP9/AURKB/COL1A1/PBK/RAD51/RAD51AP1/GPR68/BLM/CHEK1/KCNK1/PYCARD/BRCA1/BRCA2/PARP1/SFRP2/INTS7/BAX/BAK1/HYAL3,21
GO:0104004,cellular response to environmental stimulus,21/591,355/18860,0.059154929577464786,1.887752913419604,3.037088314791535,0.004210861658953754,0.04662252247881977,0.038923800785078,MMP1/SLC24A2/MMP9/AURKB/COL1A1/PBK/RAD51/RAD51AP1/GPR68/BLM/CHEK1/KCNK1/PYCARD/BRCA1/BRCA2/PARP1/SFRP2/INTS7/BAX/BAK1/HYAL3,21
GO:0048638,regulation of developmental growth,20/591,332/18860,0.060240963855421686,1.9224104539987361,3.049823243373948,0.004217605469682854,0.04662252247881977,0.038923800785078,WT1/NKX2-5/FN1/TBX20/SPP1/KIAA0319/SYT1/CDK1/CRABP2/CCNB1/RGS4/SIX4/FOXS1/EPPK1/PLXNA3/SEMA7A/FLVCR1/CDK5/CFL1/SEMA3F,20
GO:0010721,negative regulation of cell development,18/591,288/18860,0.0625,1.9945008460236886,3.0589173733483426,0.004429059048174098,0.04881835018102581,0.04075703407008208,CALCA/CCL11/INHBA/SPP1/KIAA0319/SOX11/FOXP3/ERBB2/LAG3/TNFSF4/HMGB3/GPR68/CDKN2A/THY1/PLXNA3/CDK5/CFL1/SEMA3F,18
GO:0002292,T cell differentiation involved in immune response,9/591,101/18860,0.0891089108910891,2.843644770568427,3.3414023511420528,0.004439069242734698,0.04881835018102581,0.04075703407008208,IL21/IL12B/CD80/FOXP3/LEF1/TNFSF4/ICOS/BCL3/ENTPD7,9
GO:0021543,pallium development,14/591,201/18860,0.06965174129353234,2.2227273109915737,3.1345784385015194,0.004506628313629873,0.04943424596335538,0.04127122771429463,ASPM/KIF14/ZIC1/LEF1/SRD5A2/EZH2/COL3A1/TACC3/PLXNA3/LRP8/CDK5/CDK5R1/CFL1/BAX,14
