ENSG,baseMean,log2FoldChange,lfcSE,pvalue,padj,symbol,absLFC,ENSG_base
ENSG00000123500.10,6744.486036,8.123728954,0.326839076,1.11e-137,4.3599999999999995e-133,COL10A1,8.123728954,ENSG00000123500
ENSG00000099953.10,17464.50209,6.794439156,0.28217283,2.6599999999999996e-129,5.23e-125,MMP11,6.794439156,ENSG00000099953
ENSG00000060718.22,9946.928423,7.12241505,0.350410335,5.47e-93,7.16e-89,COL11A1,7.12241505,ENSG00000060718
ENSG00000230838.1,207.5415322,6.398322639,0.375363486,6.529999999999999e-66,2.57e-62,LINC01614,6.398322639,ENSG00000230838
ENSG00000117650.13,872.3315903,4.498950726,0.284130349,1.33e-57,3.28e-54,NEK2,4.498950726,ENSG00000117650
ENSG00000187730.9,140.9181501,3.962257145,0.255557039,2.1899999999999997e-55,4.7699999999999996e-52,GABRD,3.962257145,ENSG00000187730
ENSG00000143228.13,559.3763901,3.858213378,0.261032421,1.52e-50,2.3e-47,NUF2,3.858213378,ENSG00000143228
ENSG00000090889.12,804.563709,3.813051344,0.259285577,4.57e-50,6.2e-47,KIF4A,3.813051344,ENSG00000090889
ENSG00000137745.12,1293.0445,7.312682274,0.503100166,6.52e-49,7.319999999999999e-46,MMP13,7.312682274,ENSG00000137745
ENSG00000261327.5,54.63312542,4.196867323,0.289486585,8.06e-49,8.79e-46,AC134312.5,4.196867323,ENSG00000261327
ENSG00000164087.8,462.4118028,2.143732113,0.148065584,1.65e-48,1.7e-45,POC1A,2.143732113,ENSG00000164087
ENSG00000083782.8,226.235605,7.673388144,0.532173514,4.7899999999999994e-48,4.59e-45,EPYC,7.673388144,ENSG00000083782
ENSG00000123975.5,1048.360281,2.573545632,0.180386159,4.459999999999999e-47,3.73e-44,CKS2,2.573545632,ENSG00000123975
ENSG00000029559.7,139.2803514,7.834794948,0.550968271,1.99e-46,1.5599999999999999e-43,IBSP,7.834794948,ENSG00000029559
ENSG00000152253.9,265.8268168,2.842427635,0.201616573,4.18e-46,3.16e-43,SPC25,2.842427635,ENSG00000152253
ENSG00000155886.11,235.0648146,5.624587711,0.406381556,1.03e-44,7.379999999999999e-42,SLC24A2,5.624587711,ENSG00000155886
ENSG00000165474.8,1686.442804,4.765036851,0.34846955,9.68e-44,6.34e-41,GJB2,4.765036851,ENSG00000165474
ENSG00000160161.9,602.8007581,3.659746961,0.268724299,2.19e-43,1.4099999999999999e-40,CILP2,3.659746961,ENSG00000160161
ENSG00000088325.16,2237.348238,3.344043521,0.245906386,3.09e-43,1.96e-40,TPX2,3.344043521,ENSG00000088325
ENSG00000161800.13,1809.229515,1.986224686,0.145496659,3.77e-43,2.35e-40,RACGAP1,1.986224686,ENSG00000161800
ENSG00000175063.17,1125.698113,4.132264761,0.307505165,2.5199999999999998e-42,1.45e-39,UBE2C,4.132264761,ENSG00000175063
ENSG00000183856.11,1126.429893,3.531100027,0.264594589,9.989999999999999e-42,5.3e-39,IQGAP3,3.531100027,ENSG00000183856
ENSG00000261039.3,117.1965661,3.963332423,0.297410793,1.7e-41,8.57e-39,LINC02544,3.963332423,ENSG00000261039
ENSG00000122952.17,1489.99915,2.729807653,0.205758426,4.18e-41,2.0199999999999998e-38,ZWINT,2.729807653,ENSG00000122952
ENSG00000101003.10,705.5978744,2.517421148,0.190654073,8.46e-41,3.86e-38,GINS1,2.517421148,ENSG00000101003
ENSG00000105011.9,932.3286561,3.057040837,0.231679078,8.92e-41,4.03e-38,ASF1B,3.057040837,ENSG00000105011
ENSG00000111602.12,2223.38465,1.667428928,0.126077361,1e-40,4.4799999999999997e-38,TIMELESS,1.667428928,ENSG00000111602
ENSG00000170312.16,1484.748603,3.072369351,0.233872781,1.4999999999999999e-40,6.46e-38,CDK1,3.072369351,ENSG00000170312
ENSG00000134057.15,1703.914661,2.53760888,0.192855601,1.7099999999999998e-40,7.23e-38,CCNB1,2.53760888,ENSG00000134057
ENSG00000143476.18,1152.75286,3.149778924,0.240440344,2.66e-40,1.0799999999999998e-37,DTL,3.149778924,ENSG00000143476
ENSG00000161888.11,333.6304927,2.961637372,0.226255345,3.31e-40,1.3099999999999999e-37,SPC24,2.961637372,ENSG00000161888
ENSG00000025423.11,196.443977,3.323925662,0.256339652,1.58e-39,6.009999999999999e-37,HSD17B6,3.323925662,ENSG00000025423
ENSG00000117122.14,1067.942249,2.529484114,0.194624433,1.65e-39,6.23e-37,MFAP2,2.529484114,ENSG00000117122
ENSG00000105664.11,6078.012206,5.367842315,0.415073856,1.85e-39,6.9199999999999995e-37,COMP,5.367842315,ENSG00000105664
ENSG00000077152.11,759.8436388,3.040394779,0.235619883,3.35e-39,1.22e-36,UBE2T,3.040394779,ENSG00000077152
ENSG00000117724.13,3279.980788,3.098174573,0.240224865,3.98e-39,1.43e-36,CENPF,3.098174573,ENSG00000117724
ENSG00000122641.11,3268.887604,3.675472305,0.28585225,5.57e-39,1.97e-36,INHBA,3.675472305,ENSG00000122641
ENSG00000243742.5,161.8979212,2.882388446,0.224736238,1.18e-38,4.1e-36,RPLP0P2,2.882388446,ENSG00000243742
ENSG00000146670.10,895.1219974,2.989565536,0.234151948,2.39e-38,8.16e-36,CDCA5,2.989565536,ENSG00000146670
ENSG00000029993.15,3195.728045,2.570237922,0.202056699,5.32e-38,1.76e-35,HMGB3,2.570237922,ENSG00000029993
ENSG00000169258.7,343.8239824,2.984051251,0.23596157,1.0399999999999998e-37,3.3299999999999997e-35,GPRIN1,2.984051251,ENSG00000169258
ENSG00000138180.16,711.1022813,3.311986756,0.264136712,3.829999999999999e-37,1.1599999999999999e-34,CEP55,3.311986756,ENSG00000138180
ENSG00000183682.8,500.6860347,3.031494761,0.242428008,5.589999999999999e-37,1.68e-34,BMP8A,3.031494761,ENSG00000183682
ENSG00000113648.16,8826.217983,1.119843137,0.089299684,6.4e-37,1.8899999999999998e-34,MACROH2A1,1.119843137,ENSG00000113648
ENSG00000154839.10,267.9151595,3.327241561,0.266322853,6.7999999999999995e-37,1.98e-34,SKA1,3.327241561,ENSG00000154839
ENSG00000104415.14,1170.786667,3.533712025,0.283214994,8.049999999999999e-37,2.31e-34,CCN4,3.533712025,ENSG00000104415
ENSG00000232679.2,30.29478135,6.362438665,0.512060983,1.2e-36,3.3299999999999997e-34,LINC01705,6.362438665,ENSG00000232679
ENSG00000206053.13,10293.99081,1.526419669,0.120802178,1.35e-36,3.6899999999999996e-34,JPT2,1.526419669,ENSG00000206053
ENSG00000133466.14,1655.306275,2.499808926,0.200626345,1.64e-36,4.41e-34,C1QTNF6,2.499808926,ENSG00000133466
ENSG00000163348.4,4682.627498,1.141050039,0.091097966,1.94e-36,5.14e-34,PYGO2,1.141050039,ENSG00000163348
ENSG00000166851.15,710.1436745,3.245319037,0.261928933,2.5500000000000002e-36,6.67e-34,PLK1,3.245319037,ENSG00000166851
ENSG00000164611.13,658.3748759,2.9312679,0.236988112,3.38e-36,8.73e-34,PTTG1,2.9312679,ENSG00000164611
ENSG00000011426.11,1550.310041,3.476956311,0.282510866,6.17e-36,1.52e-33,ANLN,3.476956311,ENSG00000011426
ENSG00000169607.13,369.5133341,3.39798669,0.276107162,6.83e-36,1.68e-33,CKAP2L,3.39798669,ENSG00000169607
ENSG00000076382.17,1148.106983,2.986701695,0.243529669,1.31e-35,3.13e-33,SPAG5,2.986701695,ENSG00000076382
ENSG00000111206.13,1119.788292,3.327444326,0.271679057,1.42e-35,3.34e-33,FOXM1,3.327444326,ENSG00000111206
ENSG00000101115.13,141.6070122,3.315502639,0.27072519,1.49e-35,3.48e-33,SALL4,3.315502639,ENSG00000101115
ENSG00000135451.13,402.9219774,3.554865255,0.290561627,1.61e-35,3.73e-33,TROAP,3.554865255,ENSG00000135451
ENSG00000165304.8,633.9033823,3.483754657,0.284925867,1.69e-35,3.87e-33,MELK,3.483754657,ENSG00000165304
ENSG00000102100.16,2234.187911,1.307208913,0.105995133,1.7399999999999997e-35,3.97e-33,SLC35A2,1.307208913,ENSG00000102100
ENSG00000174871.11,150.0841317,3.210764642,0.263923097,4.15e-35,9.1e-33,CNIH2,3.210764642,ENSG00000174871
ENSG00000165209.19,3142.682383,1.360045882,0.110661462,4.2499999999999995e-35,9.28e-33,STRBP,1.360045882,ENSG00000165209
ENSG00000237649.8,1153.203769,3.119384776,0.256583642,4.35e-35,9.450000000000001e-33,KIFC1,3.119384776,ENSG00000237649
ENSG00000186871.7,235.4899833,2.7975742,0.229966581,4.7499999999999996e-35,1.03e-32,ERCC6L,2.7975742,ENSG00000186871
ENSG00000177732.8,2356.586598,2.182279979,0.179607538,8.75e-35,1.85e-32,SOX12,2.182279979,ENSG00000177732
ENSG00000127423.11,154.5825109,2.160803277,0.178268609,9.99e-35,2.1e-32,AUNIP,2.160803277,ENSG00000127423
ENSG00000137807.16,952.5759845,2.63452946,0.217750306,1.03e-34,2.15e-32,KIF23,2.63452946,ENSG00000137807
ENSG00000127564.17,471.9491197,3.83532865,0.317800688,1.15e-34,2.36e-32,PKMYT1,3.83532865,ENSG00000127564
ENSG00000123485.12,495.9575815,3.419101366,0.283166047,1.18e-34,2.41e-32,HJURP,3.419101366,ENSG00000123485
ENSG00000162073.14,656.2620514,2.675295436,0.22148576,1.4499999999999999e-34,2.93e-32,PAQR4,2.675295436,ENSG00000162073
ENSG00000162062.15,256.2829255,2.90300684,0.240990832,1.8199999999999999e-34,3.63e-32,TEDC2,2.90300684,ENSG00000162062
ENSG00000134690.11,682.3949158,2.847131668,0.236378778,1.86e-34,3.6899999999999996e-32,CDCA8,2.847131668,ENSG00000134690
ENSG00000165480.16,363.7851583,3.116909623,0.259104046,2.16e-34,4.26e-32,SKA3,3.116909623,ENSG00000165480
ENSG00000162769.13,1192.669658,1.711238541,0.1420104,4.23e-34,8.069999999999999e-32,FLVCR1,1.711238541,ENSG00000162769
ENSG00000183155.5,1276.810169,1.59915212,0.132826318,4.71e-34,8.9e-32,RABIF,1.59915212,ENSG00000183155
ENSG00000162849.16,1682.853856,3.46955543,0.290686374,5.359999999999999e-34,9.999999999999999e-32,KIF26B,3.46955543,ENSG00000162849
ENSG00000051180.17,340.5840822,2.485232478,0.207660198,5.899999999999999e-34,1.0999999999999998e-31,RAD51,2.485232478,ENSG00000051180
ENSG00000087586.18,850.8586278,2.991433936,0.250414709,6.4e-34,1.1799999999999999e-31,AURKA,2.991433936,ENSG00000087586
ENSG00000176058.13,1786.962455,2.405250149,0.202945704,2.6e-33,4.5299999999999995e-31,TPRN,2.405250149,ENSG00000176058
ENSG00000196611.5,591.8509442,5.829517941,0.49447738,2.6500000000000002e-33,4.61e-31,MMP1,5.829517941,ENSG00000196611
ENSG00000112984.12,956.0807315,3.426247771,0.290052434,2.67e-33,4.619999999999999e-31,KIF20A,3.426247771,ENSG00000112984
ENSG00000107731.12,3633.151861,2.330599544,0.196635839,2.8100000000000002e-33,4.82e-31,UNC5B,2.330599544,ENSG00000107731
ENSG00000172061.9,5486.715151,4.1162061660000004,0.349474899,3.17e-33,5.419999999999999e-31,LRRC15,4.1162061660000004,ENSG00000172061
ENSG00000163545.11,422.9642867,2.388576811,0.202189757,3.97e-33,6.669999999999999e-31,NUAK2,2.388576811,ENSG00000163545
ENSG00000142945.13,707.5571937,3.106196094,0.263557054,4.2300000000000004e-33,7.069999999999999e-31,KIF2C,3.106196094,ENSG00000142945
ENSG00000164283.13,567.2559123,3.928298525,0.334167983,4.74e-33,7.829999999999999e-31,ESM1,3.928298525,ENSG00000164283
ENSG00000100526.20,331.9983105,2.743972678,0.233143617,4.9100000000000005e-33,8.08e-31,CDKN3,2.743972678,ENSG00000100526
ENSG00000146410.12,141.3986652,2.801817405,0.238874659,8.9100000000000007e-33,1.4299999999999999e-30,MTFR2,2.801817405,ENSG00000146410
ENSG00000129810.15,137.3403169,3.150416776,0.268733124,9.17e-33,1.4599999999999999e-30,SGO1,3.150416776,ENSG00000129810
ENSG00000172156.4,56.12707449,4.662640794,0.397798647,1.1499999999999999e-32,1.7999999999999998e-30,CCL11,4.662640794,ENSG00000172156
ENSG00000080986.13,494.8883089,3.010458545,0.257841792,1.4799999999999998e-32,2.3099999999999998e-30,NDC80,3.010458545,ENSG00000080986
ENSG00000138160.7,1259.210537,2.316197743,0.198075608,1.5499999999999998e-32,2.4e-30,KIF11,2.316197743,ENSG00000138160
ENSG00000261742.6,40.26580444,5.133862274,0.440912767,1.89e-32,2.9099999999999998e-30,LINC00922,5.133862274,ENSG00000261742
ENSG00000116128.11,2877.994206,1.504736218,0.127730133,2.69e-32,4.0699999999999995e-30,BCL9,1.504736218,ENSG00000116128
ENSG00000158402.20,180.9673776,3.227260826,0.277747806,3.0199999999999997e-32,4.51e-30,CDC25C,3.227260826,ENSG00000158402
ENSG00000143367.16,2673.448857,1.588424746,0.135286527,3.39e-32,5.01e-30,TUFT1,1.588424746,ENSG00000143367
ENSG00000160753.16,2707.706758,1.633073264,0.14041254,4.66e-32,6.749999999999999e-30,RUSC1,1.633073264,ENSG00000160753
ENSG00000131747.15,6004.064923,3.8204846,0.33093634,6.07e-32,8.68e-30,TOP2A,3.8204846,ENSG00000131747
ENSG00000169679.15,897.1297933,3.255204912,0.282590853,8.59e-32,1.2100000000000001e-29,BUB1,3.255204912,ENSG00000169679
ENSG00000182481.10,6538.085522,2.357408363,0.204464176,1.1999999999999998e-31,1.6800000000000001e-29,KPNA2,2.357408363,ENSG00000182481
ENSG00000203805.11,347.0504887,4.894173516,0.426800785,1.29e-31,1.8000000000000002e-29,PLPP4,4.894173516,ENSG00000203805
ENSG00000276043.5,798.7359427,3.308930106,0.289045458,1.9199999999999999e-31,2.61e-29,UHRF1,3.308930106,ENSG00000276043
ENSG00000079462.8,1592.961082,2.524064994,0.220023561,2.0599999999999997e-31,2.78e-29,PAFAH1B3,2.524064994,ENSG00000079462
ENSG00000101447.15,475.8718274,3.002257858,0.262583955,2.49e-31,3.31e-29,FAM83D,3.002257858,ENSG00000101447
ENSG00000214796.8,154.3764934,2.753288796,0.240928852,2.91e-31,3.87e-29,TUBA5P,2.753288796,ENSG00000214796
ENSG00000213186.8,497.275766,2.143615824,0.188228877,6.97e-31,9.07e-29,TRIM59,2.143615824,ENSG00000213186
ENSG00000126787.13,550.1602326,3.189823789,0.281815025,9.2e-31,1.19e-28,DLGAP5,3.189823789,ENSG00000126787
ENSG00000106462.11,888.659757,2.130449786,0.188635353,1.9099999999999997e-30,2.34e-28,EZH2,2.130449786,ENSG00000106462
ENSG00000118193.12,384.4319925,3.483417049,0.310225659,2.34e-30,2.82e-28,KIF14,3.483417049,ENSG00000118193
ENSG00000111665.12,411.1307431,2.913336989,0.259413889,2.6699999999999997e-30,3.19e-28,CDCA3,2.913336989,ENSG00000111665
ENSG00000114346.14,2203.55009,1.946190072,0.172961042,3.18e-30,3.7799999999999998e-28,ECT2,1.946190072,ENSG00000114346
ENSG00000174371.17,509.405294,3.444651242,0.30809916,3.93e-30,4.6e-28,EXO1,3.444651242,ENSG00000174371
ENSG00000171302.17,6625.977462,1.373077894,0.121822092,4.29e-30,5e-28,CANT1,1.373077894,ENSG00000171302
ENSG00000203740.4,15.74697015,6.066178493,0.571202672,4.68e-30,5.43e-28,METTL11B,6.066178493,ENSG00000203740
ENSG00000186638.16,409.0253762,1.685207665,0.150326026,6.13e-30,7.04e-28,KIF24,1.685207665,ENSG00000186638
ENSG00000234996.4,33.984585,2.658257494,0.239424893,9.95e-30,1.11e-27,ACTG1P25,2.658257494,ENSG00000234996
ENSG00000108106.14,705.767023,2.300333116,0.206702691,1.1400000000000001e-29,1.2600000000000001e-27,UBE2S,2.300333116,ENSG00000108106
ENSG00000117399.14,1187.249094,3.354155131,0.30244276,1.1700000000000001e-29,1.2900000000000002e-27,CDC20,3.354155131,ENSG00000117399
ENSG00000170965.10,49.14799731,4.991140377,0.451822664,1.31e-29,1.43e-27,PLAC1,4.991140377,ENSG00000170965
ENSG00000157456.8,724.0992956,2.763769835,0.249212163,1.32e-29,1.4400000000000001e-27,CCNB2,2.763769835,ENSG00000157456
ENSG00000113368.12,2322.288071,2.48116563,0.223855179,1.61e-29,1.75e-27,LMNB1,2.48116563,ENSG00000113368
ENSG00000168496.4,1706.211523,1.778083848,0.159934672,1.7400000000000001e-29,1.8700000000000003e-27,FEN1,1.778083848,ENSG00000168496
ENSG00000175643.10,679.5501487,2.822997592,0.255537395,2.1200000000000002e-29,2.2700000000000002e-27,RMI2,2.822997592,ENSG00000175643
ENSG00000168078.10,416.2845836,3.269270968,0.296295588,2.2300000000000002e-29,2.3800000000000002e-27,PBK,3.269270968,ENSG00000168078
ENSG00000154920.15,136.1010669,2.679660539,0.242612548,2.3700000000000002e-29,2.5100000000000004e-27,EME1,2.679660539,ENSG00000154920
ENSG00000066279.18,851.2665463,3.249943758,0.294869776,2.4400000000000002e-29,2.57e-27,ASPM,3.249943758,ENSG00000066279
ENSG00000164032.12,5367.550731,1.323335612,0.117726069,2.56e-29,2.68e-27,H2AZ1,1.323335612,ENSG00000164032
ENSG00000188368.10,100.5457249,1.931417105,0.174843487,3.05e-29,3.1700000000000002e-27,PRR19,1.931417105,ENSG00000188368
ENSG00000154370.16,1395.879603,1.567866888,0.142217666,5.42e-29,5.550000000000001e-27,TRIM11,1.567866888,ENSG00000154370
ENSG00000115163.15,194.5486499,2.886294673,0.263894838,7.03e-29,7.11e-27,CENPA,2.886294673,ENSG00000115163
ENSG00000103495.14,761.2911543,1.379563016,0.125160119,7.05e-29,7.12e-27,MAZ,1.379563016,ENSG00000103495
ENSG00000100625.9,1002.108282,1.353234089,0.190921713,7.680000000000001e-29,7.72e-27,SIX4,1.353234089,ENSG00000100625
ENSG00000121152.10,624.8648653,2.791900437,0.255980102,9.77e-29,9.740000000000001e-27,NCAPH,2.791900437,ENSG00000121152
ENSG00000198826.11,514.5919315,2.127775432,0.194518592,1.06e-28,1.05e-26,ARHGAP11A,2.127775432,ENSG00000198826
ENSG00000141582.15,2437.153049,2.003187145,0.183077214,1.1999999999999999e-28,1.1800000000000001e-26,CBX4,2.003187145,ENSG00000141582
ENSG00000160688.19,2660.865987,1.253176095,0.114023702,1.3e-28,1.27e-26,FLAD1,1.253176095,ENSG00000160688
ENSG00000075218.19,324.7882681,2.524649517,0.232349344,1.7299999999999999e-28,1.6700000000000002e-26,GTSE1,2.524649517,ENSG00000075218
ENSG00000071539.14,616.5199036,2.313489714,0.212877163,1.92e-28,1.84e-26,TRIP13,2.313489714,ENSG00000071539
ENSG00000169241.19,3497.873486,1.826906278,0.167410639,1.9299999999999999e-28,1.8500000000000002e-26,SLC50A1,1.826906278,ENSG00000169241
ENSG00000131650.14,109.9340982,4.472027608,0.414663616,2.55e-28,2.43e-26,KREMEN2,4.472027608,ENSG00000131650
ENSG00000160606.11,473.1470951,2.627759986,0.242964319,3.26e-28,3.07e-26,TLCD1,2.627759986,ENSG00000160606
ENSG00000164109.14,823.514012,1.946541485,0.17955362,3.3299999999999998e-28,3.1300000000000003e-26,MAD2L1,1.946541485,ENSG00000164109
ENSG00000115414.21,201251.6933,3.611382769,0.305094322,4.5e-28,4.2e-26,FN1,3.611382769,ENSG00000115414
ENSG00000129654.8,424.7679007,5.65640575,0.527587591,4.56e-28,4.25e-26,FOXJ1,5.65640575,ENSG00000129654
ENSG00000143761.16,30198.4273,1.071432457,0.099024758,5.11e-28,4.7100000000000004e-26,ARF1,1.071432457,ENSG00000143761
ENSG00000013588.9,13556.07475,2.662261361,0.24704021,5.27e-28,4.85e-26,GPRC5A,2.662261361,ENSG00000013588
ENSG00000124493.14,174.5389133,4.839248549,0.451707001,5.5e-28,5.05e-26,GRM4,4.839248549,ENSG00000124493
ENSG00000171241.9,441.8669749,2.553921485,0.238109328,8.28e-28,7.53e-26,SHCBP1,2.553921485,ENSG00000171241
ENSG00000166803.14,200.7566563,2.974278619,0.277756665,8.669999999999999e-28,7.860000000000001e-26,PCLAF,2.974278619,ENSG00000166803
ENSG00000101412.13,755.5086681,2.469146304,0.230657945,9.22e-28,8.33e-26,E2F1,2.469146304,ENSG00000101412
ENSG00000175305.17,258.3600736,2.520770529,0.235316996,9.87e-28,8.9e-26,CCNE2,2.520770529,ENSG00000175305
ENSG00000102384.13,194.905471,1.878990744,0.175188889,1.14e-27,1.02e-25,CENPI,1.878990744,ENSG00000102384
ENSG00000099812.9,1763.489845,4.025061371,0.378062873,1.2400000000000001e-27,1.1e-25,MISP,4.025061371,ENSG00000099812
ENSG00000094804.12,2259.664662,4.232784101,0.397717475,1.2600000000000001e-27,1.12e-25,CDC6,4.232784101,ENSG00000094804
ENSG00000178531.6,762.1289223,2.762334909,0.258835179,1.3100000000000002e-27,1.16e-25,CTXN1,2.762334909,ENSG00000178531
ENSG00000121621.7,303.8002498,2.339510401,0.219116737,1.59e-27,1.39e-25,KIF18A,2.339510401,ENSG00000121621
ENSG00000138778.13,618.8925542,2.336135052,0.219134768,1.8700000000000003e-27,1.63e-25,CENPE,2.336135052,ENSG00000138778
ENSG00000137216.19,3459.734676,1.370677503,0.127809577,2.1900000000000003e-27,1.89e-25,TMEM63B,1.370677503,ENSG00000137216
ENSG00000235123.5,512.1386709,8.931939102,0.846448866,2.5200000000000003e-27,2.16e-25,DSCAM-AS1,8.931939102,ENSG00000235123
ENSG00000164932.13,3920.13426,2.711264593,0.255585944,2.9400000000000004e-27,2.5e-25,CTHRC1,2.711264593,ENSG00000164932
ENSG00000237423.3,67.32605956,6.257744952,0.466728064,3.4900000000000006e-27,2.93e-25,LINC01522,6.257744952,ENSG00000237423
ENSG00000138316.11,281.9979961,3.486927475,0.330301956,3.59e-27,3.0099999999999997e-25,ADAMTS14,3.486927475,ENSG00000138316
ENSG00000163535.18,552.9834403,1.508868598,0.142222476,4.5400000000000005e-27,3.76e-25,SGO2,1.508868598,ENSG00000163535
ENSG00000170373.8,680.0984497,7.612882052,0.724534284,4.7900000000000005e-27,3.94e-25,CST1,7.612882052,ENSG00000170373
ENSG00000103253.19,295.5007097,3.062737259,0.291103039,5.81e-27,4.75e-25,HAGHL,3.062737259,ENSG00000103253
ENSG00000163468.15,18361.88742,1.211168522,0.112781943,7.190000000000001e-27,5.8e-25,CCT3,1.211168522,ENSG00000163468
ENSG00000092853.14,383.7038531,2.710979523,0.257957722,8.11e-27,6.5e-25,CLSPN,2.710979523,ENSG00000092853
ENSG00000176092.16,106.8110821,3.289168074,0.313558176,8.130000000000001e-27,6.51e-25,CRYBG2,3.289168074,ENSG00000176092
ENSG00000165891.16,201.2955489,2.855230229,0.271987021,8.51e-27,6.79e-25,E2F7,2.855230229,ENSG00000165891
ENSG00000224272.2,92.91280169,5.327231889,0.510315927,9.45e-27,7.5e-25,AC131097.2,5.327231889,ENSG00000224272
ENSG00000167977.9,2084.438465,1.280317079,0.121183623,1.38e-26,1.0799999999999999e-24,KCTD5,1.280317079,ENSG00000167977
ENSG00000179546.4,50.77244316,4.087326636,0.392039489,1.44e-26,1.13e-24,HTR1D,4.087326636,ENSG00000179546
ENSG00000103888.17,735.9886826,3.020255635,0.289403833,1.4600000000000002e-26,1.1399999999999999e-24,CEMIP,3.020255635,ENSG00000103888
ENSG00000137812.20,486.8656973,2.694986349,0.258182372,1.58e-26,1.2199999999999999e-24,KNL1,2.694986349,ENSG00000137812
ENSG00000161980.6,1153.840404,1.618842389,0.153813893,1.59e-26,1.23e-24,POLR3K,1.618842389,ENSG00000161980
ENSG00000158850.15,3120.627485,1.243304063,0.117924181,1.99e-26,1.5299999999999999e-24,B4GALT3,1.243304063,ENSG00000158850
ENSG00000140525.19,1608.250544,2.011626932,0.192590357,2.0600000000000002e-26,1.58e-24,FANCI,2.011626932,ENSG00000140525
ENSG00000115718.18,36.15624292,2.856948512,0.275030166,2.4700000000000002e-26,1.88e-24,PROC,2.856948512,ENSG00000115718
ENSG00000135476.12,596.3159499,2.615771278,0.251525254,2.4600000000000002e-26,1.88e-24,ESPL1,2.615771278,ENSG00000135476
ENSG00000123473.16,630.499616,1.990711745,0.190626407,2.68e-26,2.0399999999999997e-24,STIL,1.990711745,ENSG00000123473
ENSG00000149923.14,5461.070952,1.491373606,0.141927976,3.04e-26,2.2999999999999997e-24,PPP4C,1.491373606,ENSG00000149923
ENSG00000167535.8,1810.325349,1.666450218,0.159655699,3.28e-26,2.47e-24,CACNB3,1.666450218,ENSG00000167535
ENSG00000086548.9,5431.254458,5.41418003,0.524531017,3.42e-26,2.5699999999999997e-24,CEACAM6,5.41418003,ENSG00000086548
ENSG00000123352.18,1909.52277,1.041162174,0.099225678,3.66e-26,2.74e-24,SPATS2,1.041162174,ENSG00000123352
ENSG00000213085.10,219.8885663,3.062881482,0.296155347,3.88e-26,2.9e-24,CFAP45,3.062881482,ENSG00000213085
ENSG00000156970.13,523.7769481,2.794120903,0.270552248,4.87e-26,3.61e-24,BUB1B,2.794120903,ENSG00000156970
ENSG00000143633.13,792.7087565,1.076772434,0.103006813,4.98e-26,3.68e-24,C1orf131,1.076772434,ENSG00000143633
ENSG00000024526.17,307.6380305,2.783184479,0.269432532,5.09e-26,3.75e-24,DEPDC1,2.783184479,ENSG00000024526
ENSG00000163808.17,402.9531233,2.383284018,0.230582372,5.24e-26,3.83e-24,KIF15,2.383284018,ENSG00000163808
ENSG00000163689.20,151.1375791,2.095795474,0.202373576,5.28e-26,3.85e-24,CFAP20DC,2.095795474,ENSG00000163689
ENSG00000051341.14,272.4090814,2.379901251,0.230355977,6.44e-26,4.68e-24,POLQ,2.379901251,ENSG00000051341
ENSG00000178999.13,389.3679802,3.079699588,0.299592296,7.37e-26,5.3199999999999996e-24,AURKB,3.079699588,ENSG00000178999
ENSG00000132646.11,4925.413447,1.448497794,0.138727014,7.810000000000001e-26,5.6199999999999995e-24,PCNA,1.448497794,ENSG00000132646
ENSG00000162063.13,1115.003452,1.928551905,0.186709281,8.57e-26,6.1599999999999995e-24,CCNF,1.928551905,ENSG00000162063
ENSG00000162814.11,220.6504377,2.241346536,0.217866816,9.24e-26,6.61e-24,SPATA17,2.241346536,ENSG00000162814
ENSG00000167900.12,1942.384474,2.653493558,0.257919614,9.38e-26,6.7e-24,TK1,2.653493558,ENSG00000167900
ENSG00000071553.18,13040.33401,1.323347953,0.126942595,9.920000000000001e-26,7.05e-24,ATP6AP1,1.323347953,ENSG00000071553
ENSG00000151725.12,950.3741905,2.363247934,0.230357194,1.17e-25,8.209999999999999e-24,CENPU,2.363247934,ENSG00000151725
ENSG00000100479.13,290.506277,1.814813698,0.176255388,1.23e-25,8.63e-24,POLE2,1.814813698,ENSG00000100479
ENSG00000105519.18,1150.089536,2.906072867,0.284272514,1.36e-25,9.459999999999999e-24,CAPS,2.906072867,ENSG00000105519
ENSG00000095380.11,2210.378305,1.4246763,0.137350638,1.4e-25,9.74e-24,NANS,1.4246763,ENSG00000095380
ENSG00000160325.15,2315.783755,1.764024736,0.171802399,1.44e-25,9.95e-24,CACFD1,1.764024736,ENSG00000160325
ENSG00000111247.15,443.5665385,2.257581583,0.220397486,1.46e-25,1.0099999999999999e-23,RAD51AP1,2.257581583,ENSG00000111247
ENSG00000278828.1,544.6791988,4.71680724,0.463507769,1.62e-25,1.1099999999999999e-23,H3C10,4.71680724,ENSG00000278828
ENSG00000138092.11,368.8520098,1.120499327,0.108410068,1.73e-25,1.1799999999999999e-23,CENPO,1.120499327,ENSG00000138092
ENSG00000112742.10,511.7593841,2.657624892,0.26042299,1.7499999999999999e-25,1.19e-23,TTK,2.657624892,ENSG00000112742
ENSG00000144136.11,3555.576669,1.173045934,0.113297719,1.79e-25,1.2199999999999999e-23,SLC20A1,1.173045934,ENSG00000144136
ENSG00000160957.14,703.2915685,2.491291479,0.244017285,1.85e-25,1.26e-23,RECQL4,2.491291479,ENSG00000160957
ENSG00000013810.20,1487.324633,2.028887831,0.198500871,2.09e-25,1.41e-23,TACC3,2.028887831,ENSG00000013810
ENSG00000091651.9,267.5636059,2.461901702,0.241373216,2.21e-25,1.49e-23,ORC6,2.461901702,ENSG00000091651
ENSG00000232021.7,15.82038543,2.825437321,0.27587515,2.3599999999999997e-25,1.5899999999999998e-23,LEF1-AS1,2.825437321,ENSG00000232021
ENSG00000109674.4,110.4723253,3.223840815,0.317185468,2.61e-25,1.75e-23,NEIL3,3.223840815,ENSG00000109674
ENSG00000177542.11,1290.376728,1.613656508,0.157141813,2.69e-25,1.81e-23,SLC25A22,1.613656508,ENSG00000177542
ENSG00000198937.9,597.639651,1.739418206,0.170404933,2.83e-25,1.88e-23,CCDC167,1.739418206,ENSG00000198937
ENSG00000079616.13,2196.281335,1.540698887,0.150746732,3.25e-25,2.1499999999999997e-23,KIF22,1.540698887,ENSG00000079616
ENSG00000072571.20,393.0543162,2.701741767,0.266260406,3.4899999999999998e-25,2.2999999999999998e-23,HMMR,2.701741767,ENSG00000072571
ENSG00000164287.13,293.7621822,7.380014662,0.733981173,3.51e-25,2.3099999999999999e-23,CDC20B,7.380014662,ENSG00000164287
ENSG00000122966.17,786.8421483,1.884374308,0.185060302,3.57e-25,2.3499999999999997e-23,CIT,1.884374308,ENSG00000122966
ENSG00000101057.16,1763.725111,3.518831473,0.348296339,4.12e-25,2.68e-23,MYBL2,3.518831473,ENSG00000101057
ENSG00000129173.13,196.2708512,1.227652908,0.307244282,4.54e-25,2.94e-23,E2F8,1.227652908,ENSG00000129173
ENSG00000186185.14,324.408604,3.11102888,0.308286463,5.12e-25,3.2999999999999996e-23,KIF18B,3.11102888,ENSG00000186185
ENSG00000178966.17,952.1881786,1.345065423,0.131986216,5.42e-25,3.48e-23,RMI1,1.345065423,ENSG00000178966
ENSG00000144045.14,96.79678259,4.580716709,0.455730369,6.36e-25,4.0799999999999996e-23,DQX1,4.580716709,ENSG00000144045
ENSG00000143748.18,1915.075799,1.467801494,0.143700653,6.71e-25,4.2899999999999994e-23,NVL,1.467801494,ENSG00000143748
ENSG00000109805.10,452.9020848,2.591626917,0.257086143,7.35e-25,4.6899999999999994e-23,NCAPG,2.591626917,ENSG00000109805
ENSG00000145386.11,661.8026154,2.716162625,0.270114511,8.53e-25,5.389999999999999e-23,CCNA2,2.716162625,ENSG00000145386
ENSG00000154252.12,53.05897767,5.942958129,0.596258255,9.54e-25,5.99e-23,GAL3ST2,5.942958129,ENSG00000154252
ENSG00000188483.8,450.5262316,1.9538091,0.193847616,9.83e-25,6.16e-23,IER5L,1.9538091,ENSG00000188483
ENSG00000143373.18,2971.467651,1.047019759,0.102791859,1.1399999999999999e-24,7.099999999999999e-23,ZNF687,1.047019759,ENSG00000143373
ENSG00000198331.11,483.8174056,1.367696988,0.135135468,1.25e-24,7.769999999999999e-23,HYLS1,1.367696988,ENSG00000198331
ENSG00000197275.14,106.6119648,2.128068974,0.212639656,1.73e-24,1.06e-22,RAD54B,2.128068974,ENSG00000197275
ENSG00000105388.16,1152.454821,5.892492425,0.593348887,1.7599999999999998e-24,1.08e-22,CEACAM5,5.892492425,ENSG00000105388
ENSG00000006118.15,4003.440229,2.530921629,0.253638679,1.99e-24,1.22e-22,TMEM132A,2.530921629,ENSG00000006118
ENSG00000163993.7,1455.674911,4.862585815,0.490457846,2.25e-24,1.36e-22,S100P,4.862585815,ENSG00000163993
ENSG00000182492.16,30590.58082,2.528568729,0.25423347,2.2799999999999998e-24,1.3800000000000001e-22,BGN,2.528568729,ENSG00000182492
ENSG00000177234.7,15.92847872,4.98943382,0.504587538,2.5399999999999998e-24,1.52e-22,LINC01561,4.98943382,ENSG00000177234
ENSG00000264269.1,11.26846336,3.403363989,0.342655484,3.9299999999999995e-24,2.3e-22,AC016866.1,3.403363989,ENSG00000264269
ENSG00000137825.11,65.03507426,3.941036436,0.399218064,4.0399999999999996e-24,2.35e-22,ITPKA,3.941036436,ENSG00000137825
ENSG00000141570.11,579.7165748,1.943610301,0.195409141,4.2099999999999995e-24,2.44e-22,CBX8,1.943610301,ENSG00000141570
ENSG00000160345.13,355.4379538,2.266457536,0.228661509,4.33e-24,2.5000000000000002e-22,C9orf116,2.266457536,ENSG00000160345
ENSG00000120334.15,454.9950212,1.295478487,0.129587303,4.44e-24,2.5600000000000003e-22,CENPL,1.295478487,ENSG00000120334
ENSG00000131153.9,834.1349534,2.297397726,0.232218315,4.7e-24,2.7e-22,GINS2,2.297397726,ENSG00000131153
ENSG00000065600.13,507.7607348,1.145868165,0.11449638,4.94e-24,2.83e-22,PACC1,1.145868165,ENSG00000065600
ENSG00000143493.13,2195.092566,1.334648277,0.133812143,5.7899999999999994e-24,3.29e-22,INTS7,1.334648277,ENSG00000143493
ENSG00000129195.16,212.3745737,2.920824513,0.296403772,5.9199999999999994e-24,3.3700000000000003e-22,PIMREG,2.920824513,ENSG00000129195
ENSG00000185480.12,201.03127,1.551622057,0.156055313,5.94e-24,3.3700000000000003e-22,PARPBP,1.551622057,ENSG00000185480
ENSG00000160877.6,3816.423218,1.53526963,0.154195674,6.0299999999999995e-24,3.42e-22,NACC1,1.53526963,ENSG00000160877
ENSG00000196976.7,1028.376034,1.878037762,0.189534035,6.199999999999999e-24,3.51e-22,LAGE3,1.878037762,ENSG00000196976
ENSG00000223808.1,398.1851065,6.981350265,0.712553678,6.779999999999999e-24,3.8300000000000002e-22,AC044784.1,6.981350265,ENSG00000223808
ENSG00000285637.2,46.69497513,5.119239881,0.521121082,7.87e-24,4.43e-22,AL161449.2,5.119239881,ENSG00000285637
ENSG00000170369.4,78.98295986,4.592358804,0.469905128,8.31e-24,4.67e-22,CST2,4.592358804,ENSG00000170369
ENSG00000135127.11,949.5305104,2.818317886,0.288422369,1.2499999999999999e-23,6.92e-22,BICDL1,2.818317886,ENSG00000135127
ENSG00000259807.2,85.95829719,2.370782084,0.241946615,1.32e-23,7.32e-22,AC009093.1,2.370782084,ENSG00000259807
ENSG00000182004.13,3217.747367,1.186284647,0.119951036,1.7199999999999998e-23,9.45e-22,SNRPE,1.186284647,ENSG00000182004
ENSG00000145681.11,127.1941055,6.397801504,0.506490083,1.8199999999999997e-23,9.95e-22,HAPLN1,6.397801504,ENSG00000145681
ENSG00000065328.17,359.4544495,2.541066621,0.260703988,2.0199999999999997e-23,1.1e-21,MCM10,2.541066621,ENSG00000065328
ENSG00000037241.7,830.2560764,1.037977524,0.105055958,2.0499999999999999e-23,1.1200000000000002e-21,RPL26L1,1.037977524,ENSG00000037241
ENSG00000124243.17,1548.508277,2.599858209,0.267301919,2.3699999999999998e-23,1.29e-21,BCAS4,2.599858209,ENSG00000124243
ENSG00000254986.7,2356.561163,2.048681277,0.149017084,2.74e-23,1.4700000000000001e-21,DPP3,2.048681277,ENSG00000254986
ENSG00000103550.14,1201.012607,1.331303423,0.13580237,3.1299999999999994e-23,1.6700000000000002e-21,KNOP1,1.331303423,ENSG00000103550
ENSG00000104522.16,4286.129149,1.755427406,0.180198391,3.2699999999999995e-23,1.75e-21,GFUS,1.755427406,ENSG00000104522
ENSG00000127561.15,162.5224149,3.787348732,0.392366481,3.5299999999999995e-23,1.88e-21,SYNGR3,3.787348732,ENSG00000127561
ENSG00000101255.11,1932.739987,1.94484906,0.199964451,3.73e-23,1.98e-21,TRIB3,1.94484906,ENSG00000101255
ENSG00000158373.8,1807.803171,2.778586944,0.287374687,4.2799999999999993e-23,2.2400000000000003e-21,H2BC5,2.778586944,ENSG00000158373
ENSG00000167619.13,74.16442922,2.964209463,0.30764948,4.7299999999999996e-23,2.4700000000000002e-21,TMEM145,2.964209463,ENSG00000167619
ENSG00000142731.11,464.8885083,1.873142709,0.193251551,5.2499999999999996e-23,2.73e-21,PLK4,1.873142709,ENSG00000142731
ENSG00000136811.16,3225.296857,1.283411292,0.130685789,5.81e-23,3.0000000000000003e-21,ODF2,1.283411292,ENSG00000136811
ENSG00000267013.6,101.0703807,4.095635003,0.427857237,6.12e-23,3.1600000000000003e-21,LINC01929,4.095635003,ENSG00000267013
ENSG00000154473.18,7053.501298,1.25702274,0.128212372,6.259999999999999e-23,3.2200000000000003e-21,BUB3,1.25702274,ENSG00000154473
ENSG00000180035.13,906.7062031,1.237734103,0.126971878,6.299999999999999e-23,3.2400000000000004e-21,ZNF48,1.237734103,ENSG00000180035
ENSG00000131944.10,247.1555217,1.081237526,0.110780913,6.76e-23,3.47e-21,FAAP24,1.081237526,ENSG00000131944
ENSG00000124507.11,152.9018801,2.637460571,0.27503997,8.839999999999999e-23,4.5000000000000004e-21,PACSIN1,2.637460571,ENSG00000124507
ENSG00000169248.13,548.1882692,3.767895587,0.394327725,8.969999999999999e-23,4.5500000000000006e-21,CXCL11,3.767895587,ENSG00000169248
ENSG00000270977.2,35.77476201,3.761848336,0.393022343,1.05e-22,5.290000000000001e-21,AC015849.5,3.761848336,ENSG00000270977
ENSG00000167964.13,323.095296,3.046334519,0.318983983,1.07e-22,5.3800000000000005e-21,RAB26,3.046334519,ENSG00000167964
ENSG00000143321.19,17357.03081,1.167243226,0.120277877,1.4100000000000001e-22,7.010000000000001e-21,HDGF,1.167243226,ENSG00000143321
ENSG00000122565.19,10991.67583,1.022803776,0.104985791,1.6400000000000001e-22,8.13e-21,CBX3,1.022803776,ENSG00000122565
ENSG00000144485.11,402.0943593,3.166142047,0.333260712,1.6400000000000001e-22,8.150000000000001e-21,HES6,3.166142047,ENSG00000144485
ENSG00000138346.15,385.568586,1.813048751,0.189467028,1.68e-22,8.290000000000001e-21,DNA2,1.813048751,ENSG00000138346
ENSG00000182134.16,1090.073359,1.083319421,0.112437802,2.18e-22,1.07e-20,TDRKH,1.083319421,ENSG00000182134
ENSG00000093009.11,332.9588581,2.728480935,0.287721848,2.42e-22,1.19e-20,CDC45,2.728480935,ENSG00000093009
ENSG00000179603.18,32.94149704,3.505283748,0.370216677,2.6e-22,1.27e-20,GRM8,3.505283748,ENSG00000179603
ENSG00000171848.16,1841.176581,3.116124415,0.329632165,2.68e-22,1.3e-20,RRM2,3.116124415,ENSG00000171848
ENSG00000125841.13,2486.572852,1.170642394,0.121858832,2.92e-22,1.42e-20,NRSN2,1.170642394,ENSG00000125841
ENSG00000136492.9,588.3557636,2.708630164,0.286542873,3.25e-22,1.57e-20,BRIP1,2.708630164,ENSG00000136492
ENSG00000135119.15,223.3321233,1.774492558,0.18676291,3.53e-22,1.7e-20,RNFT2,1.774492558,ENSG00000135119
ENSG00000204052.4,109.7891524,2.28848936,0.241894173,3.58e-22,1.72e-20,LRRC73,2.28848936,ENSG00000204052
ENSG00000167553.16,2660.962037,1.332371454,0.139125377,3.92e-22,1.87e-20,TUBA1C,1.332371454,ENSG00000167553
ENSG00000157613.11,3609.543955,2.778711016,0.294984614,4.9e-22,2.33e-20,CREB3L1,2.778711016,ENSG00000157613
ENSG00000173894.11,989.8573659,2.95284106,0.314330824,4.97e-22,2.35e-20,CBX2,2.95284106,ENSG00000173894
ENSG00000068489.13,943.4039256,2.85970319,0.304796343,5.69e-22,2.69e-20,PRR11,2.85970319,ENSG00000068489
ENSG00000117139.18,9471.103456,1.380846598,0.145137754,6.58e-22,3.09e-20,KDM5B,1.380846598,ENSG00000117139
ENSG00000184661.14,260.4675226,2.510341507,0.268681979,9.79e-22,4.57e-20,CDCA2,2.510341507,ENSG00000184661
ENSG00000196890.4,107.9149418,3.470546099,0.372952167,1.02e-21,4.74e-20,H2BU1,3.470546099,ENSG00000196890
ENSG00000138829.12,414.5280924,3.194671735,0.343241647,1.07e-21,4.96e-20,FBN2,3.194671735,ENSG00000138829
ENSG00000145911.6,1474.142608,2.073287894,0.221220941,1.1100000000000001e-21,5.13e-20,N4BP3,2.073287894,ENSG00000145911
ENSG00000203711.14,59.14411937,2.785876971,0.299003599,1.18e-21,5.43e-20,C6orf99,2.785876971,ENSG00000203711
ENSG00000101441.4,99.54648369,9.183772178,0.877235563,1.19e-21,5.48e-20,CST4,9.183772178,ENSG00000101441
ENSG00000162004.18,240.4082996,3.560568701,0.383549448,1.21e-21,5.55e-20,CCDC78,3.560568701,ENSG00000162004
ENSG00000149380.12,408.7424273,2.723925568,0.292755271,1.2600000000000002e-21,5.77e-20,P4HA3,2.723925568,ENSG00000149380
ENSG00000163382.12,4838.750528,1.22298033,0.129609121,1.2600000000000002e-21,5.78e-20,NAXE,1.22298033,ENSG00000163382
ENSG00000164885.13,759.9659263,1.292192117,0.137246864,1.2800000000000001e-21,5.87e-20,CDK5,1.292192117,ENSG00000164885
ENSG00000256612.7,7573.471585,5.193549859,0.561168172,1.3e-21,5.95e-20,CYP2B7P,5.193549859,ENSG00000256612
ENSG00000181444.13,903.0050296,1.857855462,0.198673829,1.43e-21,6.51e-20,ZNF467,1.857855462,ENSG00000181444
ENSG00000145050.19,2656.774497,1.035847111,0.109840558,1.4700000000000001e-21,6.67e-20,MANF,1.035847111,ENSG00000145050
ENSG00000205592.15,333.5429522,7.282902235,0.63395068,1.8300000000000003e-21,8.26e-20,MUC19,7.282902235,ENSG00000205592
ENSG00000184937.16,149.4197064,5.213023596,0.566785001,2.2500000000000002e-21,1.01e-19,WT1,5.213023596,ENSG00000184937
ENSG00000139734.19,338.6086398,2.08791566,0.22498722,2.35e-21,1.06e-19,DIAPH3,2.08791566,ENSG00000139734
ENSG00000100162.15,230.7294501,2.295860256,0.247902885,2.42e-21,1.09e-19,CENPM,2.295860256,ENSG00000100162
ENSG00000132677.13,33.64704894,4.000280899,0.319181401,2.5200000000000004e-21,1.13e-19,RHBG,4.000280899,ENSG00000132677
ENSG00000183971.10,65.38122949,5.081027654,0.553227324,2.61e-21,1.17e-19,NPW,5.081027654,ENSG00000183971
ENSG00000270882.2,25.62348868,3.092099451,0.334883465,2.9100000000000002e-21,1.3e-19,H4C14,3.092099451,ENSG00000270882
ENSG00000100362.13,615.4385165,5.824175511,0.635867914,2.9300000000000004e-21,1.31e-19,PVALB,5.824175511,ENSG00000100362
ENSG00000188624.3,32.67030545,6.211549416,0.672129718,3.0500000000000004e-21,1.36e-19,IGFL3,6.211549416,ENSG00000188624
ENSG00000149679.11,834.4081311,1.363077446,0.146287593,3.14e-21,1.39e-19,CABLES2,1.363077446,ENSG00000149679
ENSG00000196132.14,123.4639372,4.611052422,0.503761915,3.17e-21,1.4e-19,MYT1,4.611052422,ENSG00000196132
ENSG00000117632.23,7574.199323,1.853648581,0.200116853,3.3700000000000004e-21,1.49e-19,STMN1,1.853648581,ENSG00000117632
ENSG00000035499.13,191.3459998,2.672732594,0.290421953,3.4200000000000005e-21,1.5e-19,DEPDC1B,2.672732594,ENSG00000035499
ENSG00000132031.13,954.4398398,3.201564393,0.348710582,3.5500000000000005e-21,1.55e-19,MATN3,3.201564393,ENSG00000132031
ENSG00000008735.14,1150.498768,2.928054432,0.318537659,3.56e-21,1.56e-19,MAPK8IP2,2.928054432,ENSG00000008735
ENSG00000149554.13,608.6021896,1.743830892,0.18814676,3.75e-21,1.63e-19,CHEK1,1.743830892,ENSG00000149554
ENSG00000164934.14,2830.691555,1.146024581,0.123485237,3.77e-21,1.64e-19,DCAF13,1.146024581,ENSG00000164934
ENSG00000138795.10,1352.752825,2.796813169,0.30446469,4.19e-21,1.82e-19,LEF1,2.796813169,ENSG00000138795
ENSG00000072864.16,1611.014066,1.073246669,0.114923997,4.28e-21,1.85e-19,NDE1,1.073246669,ENSG00000072864
ENSG00000140534.14,315.834298,2.050948485,0.22254977,4.480000000000001e-21,1.94e-19,TICRR,2.050948485,ENSG00000140534
ENSG00000167513.9,625.0530652,2.622101487,0.285941774,4.6300000000000004e-21,2e-19,CDT1,2.622101487,ENSG00000167513
ENSG00000258227.7,140.9912002,2.650969962,0.289322912,5.100000000000001e-21,2.2e-19,CLEC5A,2.650969962,ENSG00000258227
ENSG00000104738.18,5036.880357,1.55636699,0.168223896,5.3700000000000006e-21,2.31e-19,MCM4,1.55636699,ENSG00000104738
ENSG00000101463.6,327.5263166,3.246535323,0.355679038,5.5100000000000004e-21,2.37e-19,SYNDIG1,3.246535323,ENSG00000101463
ENSG00000128564.7,17.36952223,4.502392295,0.494512577,5.53e-21,2.38e-19,VGF,4.502392295,ENSG00000128564
ENSG00000189159.16,4471.183392,2.11023761,0.230025445,5.6200000000000006e-21,2.41e-19,JPT1,2.11023761,ENSG00000189159
ENSG00000166578.10,149.9146715,1.532392876,0.16612264,6.3200000000000005e-21,2.69e-19,IQCD,1.532392876,ENSG00000166578
ENSG00000137573.14,12356.82593,2.180325033,0.236908223,6.46e-21,2.75e-19,SULF1,2.180325033,ENSG00000137573
ENSG00000179918.19,6180.138391,1.220840529,0.130748017,6.910000000000001e-21,2.93e-19,SEPHS2,1.220840529,ENSG00000179918
ENSG00000065911.13,3208.997175,1.486699521,0.161743615,8.100000000000001e-21,3.42e-19,MTHFD2,1.486699521,ENSG00000065911
ENSG00000119714.11,523.6797881,2.06760672,0.22633863,8.670000000000001e-21,3.65e-19,GPR68,2.06760672,ENSG00000119714
ENSG00000183161.6,1268.901687,1.263462616,0.136993938,9.030000000000001e-21,3.78e-19,FANCF,1.263462616,ENSG00000183161
ENSG00000250244.5,6.365492324,5.913976218,0.74606712,1e-20,4.19e-19,AC010307.4,5.913976218,ENSG00000250244
ENSG00000019505.8,1656.523391,4.697938137,0.520168325,1.05e-20,4.4e-19,SYT13,4.697938137,ENSG00000019505
ENSG00000284753.2,191.4668825,1.919655532,0.21058252,1.2e-20,5e-19,EEF1AKMT4,1.919655532,ENSG00000284753
ENSG00000137135.18,217.1066195,2.030689881,0.223232706,1.22e-20,5.08e-19,ARHGEF39,2.030689881,ENSG00000137135
ENSG00000167749.11,127.4593069,3.437469712,0.380624221,1.27e-20,5.26e-19,KLK4,3.437469712,ENSG00000167749
ENSG00000140937.14,6895.206369,2.18814572,0.24027831,1.27e-20,5.26e-19,CDH11,2.18814572,ENSG00000140937
ENSG00000183145.9,102.2234592,3.080734343,0.340468187,1.32e-20,5.43e-19,RIPPLY3,3.080734343,ENSG00000183145
ENSG00000143412.10,1797.624879,2.146770424,0.236756023,1.51e-20,6.21e-19,ANXA9,2.146770424,ENSG00000143412
ENSG00000160949.17,744.2262481,1.927583303,0.212136627,1.57e-20,6.46e-19,TONSL,1.927583303,ENSG00000160949
ENSG00000197472.15,37.60101088,2.642047699,0.291445028,1.63e-20,6.69e-19,ZNF695,2.642047699,ENSG00000197472
ENSG00000180044.5,155.0692186,2.231230541,0.246868757,1.83e-20,7.46e-19,C3orf80,2.231230541,ENSG00000180044
ENSG00000259345.7,75.82317434,3.377812294,0.375507697,1.85e-20,7.54e-19,AC013652.1,3.377812294,ENSG00000259345
ENSG00000076554.15,8222.184872,1.798474978,0.197745426,1.85e-20,7.54e-19,TPD52,1.798474978,ENSG00000076554
ENSG00000085999.13,160.3320645,2.237481722,0.247545258,1.88e-20,7.62e-19,RAD54L,2.237481722,ENSG00000085999
ENSG00000135052.16,12631.60615,1.833156675,0.202350813,1.9e-20,7.71e-19,GOLM1,1.833156675,ENSG00000135052
ENSG00000249001.5,13.23598665,5.686164796,0.651053049,1.95e-20,7.87e-19,AC093895.1,5.686164796,ENSG00000249001
ENSG00000143742.14,11042.1367,1.084449494,0.117321931,2.01e-20,8.11e-19,SRP9,1.084449494,ENSG00000143742
ENSG00000102172.16,5155.879012,1.183929668,0.12938244,2.13e-20,8.58e-19,SMS,1.183929668,ENSG00000102172
ENSG00000187608.10,5469.153679,3.750884834,0.418814777,2.22e-20,8.92e-19,ISG15,3.750884834,ENSG00000187608
ENSG00000130635.16,22243.29145,2.31461704,0.255682423,2.29e-20,9.2e-19,COL5A1,2.31461704,ENSG00000130635
ENSG00000139352.4,159.7669723,7.149803126,0.797527903,2.33e-20,9.37e-19,ASCL1,7.149803126,ENSG00000139352
ENSG00000256663.1,34.54567416,3.24863977,0.361671372,2.37e-20,9.48e-19,AC112777.1,3.24863977,ENSG00000256663
ENSG00000143418.20,7144.981579,1.362512443,0.148939328,2.43e-20,9.71e-19,CERS2,1.362512443,ENSG00000143418
ENSG00000104524.14,1210.628328,1.766623978,0.194919808,2.47e-20,9.88e-19,PYCR3,1.766623978,ENSG00000104524
ENSG00000148773.14,3205.823285,2.813808749,0.312896295,2.54e-20,1.01e-18,MKI67,2.813808749,ENSG00000148773
ENSG00000149636.16,1174.540122,1.104264704,0.120771984,2.53e-20,1.01e-18,DSN1,1.104264704,ENSG00000149636
ENSG00000163888.4,56.86827601,2.758368799,0.307380178,2.85e-20,1.13e-18,CAMK2N2,2.758368799,ENSG00000163888
ENSG00000143799.14,12875.01375,1.232552048,0.134612241,3.01e-20,1.19e-18,PARP1,1.232552048,ENSG00000143799
ENSG00000269416.6,56.34509769,4.434443998,0.497276227,3.08e-20,1.21e-18,LINC01224,4.434443998,ENSG00000269416
ENSG00000179958.10,1753.74041,1.178546031,0.129520878,3.26e-20,1.28e-18,DCTPP1,1.178546031,ENSG00000179958
ENSG00000160401.15,131.3461127,1.339230632,0.147768202,3.33e-20,1.31e-18,CFAP157,1.339230632,ENSG00000160401
ENSG00000119547.6,135.6453016,3.598788532,0.403375559,3.47e-20,1.36e-18,ONECUT2,3.598788532,ENSG00000119547
ENSG00000157227.13,20469.94457,1.66496751,0.184344892,3.48e-20,1.36e-18,MMP14,1.66496751,ENSG00000157227
ENSG00000244649.5,19.38133531,4.110708063,0.459847002,3.97e-20,1.55e-18,LINC02086,4.110708063,ENSG00000244649
ENSG00000163507.14,461.6545999,1.8958838,0.210874624,3.99e-20,1.56e-18,CIP2A,1.8958838,ENSG00000163507
ENSG00000092820.18,17614.54134,1.456991152,0.16075568,4.32e-20,1.68e-18,EZR,1.456991152,ENSG00000092820
ENSG00000164047.6,41.07491447,4.066087452,0.458358351,4.43e-20,1.71e-18,CAMP,4.066087452,ENSG00000164047
ENSG00000106367.15,2184.955305,1.24896255,0.137215581,4.44e-20,1.72e-18,AP1S1,1.24896255,ENSG00000106367
ENSG00000049283.18,2082.726268,2.980469382,0.334828982,4.72e-20,1.82e-18,EPN3,2.980469382,ENSG00000049283
ENSG00000137142.5,131.1889546,3.04489544,0.342939226,5.53e-20,2.12e-18,IGFBPL1,3.04489544,ENSG00000137142
ENSG00000136026.14,7272.648515,1.196568659,0.131784173,5.83e-20,2.23e-18,CKAP4,1.196568659,ENSG00000136026
ENSG00000125898.13,1376.774487,1.588111832,0.177052505,6.17e-20,2.35e-18,FAM110A,1.588111832,ENSG00000125898
ENSG00000094975.14,5437.639985,1.082183313,0.119524632,6.15e-20,2.35e-18,SUCO,1.082183313,ENSG00000094975
ENSG00000160446.19,1622.71529,1.480047883,0.165542145,8.25e-20,3.13e-18,ZDHHC12,1.480047883,ENSG00000160446
ENSG00000168101.14,1559.211524,1.384725783,0.154258207,9.65e-20,3.63e-18,NUDT16L1,1.384725783,ENSG00000168101
ENSG00000172757.13,29118.15138,1.141575872,0.126689708,1.11e-19,4.16e-18,CFL1,1.141575872,ENSG00000172757
ENSG00000143368.10,5579.306063,1.115028184,0.123810211,1.12e-19,4.19e-18,SF3B4,1.115028184,ENSG00000143368
ENSG00000167130.18,1221.577712,1.071362128,0.119267618,1.12e-19,4.19e-18,DOLPP1,1.071362128,ENSG00000167130
ENSG00000133110.15,48539.63627,2.437964309,0.276250023,1.18e-19,4.41e-18,POSTN,2.437964309,ENSG00000133110
ENSG00000237442.3,90.71052133,7.129246002,0.812753957,1.25e-19,4.65e-18,HNRNPA1P57,7.129246002,ENSG00000237442
ENSG00000197451.12,6814.28897,1.140534394,0.127015849,1.27e-19,4.72e-18,HNRNPAB,1.140534394,ENSG00000197451
ENSG00000204677.13,76.69856493,3.016113474,0.343209341,1.34e-19,4.96e-18,FAM153CP,3.016113474,ENSG00000204677
ENSG00000254389.3,197.6255374,1.816599134,0.204963796,1.34e-19,4.96e-18,RHPN1-AS1,1.816599134,ENSG00000254389
ENSG00000214530.9,11028.38568,2.525031803,0.287177858,1.35e-19,5e-18,STARD10,2.525031803,ENSG00000214530
ENSG00000198554.12,790.2170763,1.444326768,0.162558396,1.45e-19,5.34e-18,WDHD1,1.444326768,ENSG00000198554
ENSG00000188486.3,1486.221428,1.825475333,0.206628173,1.55e-19,5.68e-18,H2AX,1.825475333,ENSG00000188486
ENSG00000103260.9,1872.159009,2.430871719,0.276288945,1.58e-19,5.78e-18,METRN,2.430871719,ENSG00000103260
ENSG00000186283.14,3240.047885,1.021871807,0.113969129,1.58e-19,5.78e-18,TOR3A,1.021871807,ENSG00000186283
ENSG00000167106.12,10145.73362,1.621148016,0.182901313,1.6e-19,5.83e-18,FAM102A,1.621148016,ENSG00000167106
ENSG00000160293.17,3131.163743,1.439621788,0.162068594,1.61e-19,5.89e-18,VAV2,1.439621788,ENSG00000160293
ENSG00000119333.11,4142.205911,1.890804313,0.213872451,1.66e-19,6.04e-18,DYNC2I2,1.890804313,ENSG00000119333
ENSG00000123136.15,2502.312444,1.390144734,0.156190957,1.67e-19,6.06e-18,DDX39A,1.390144734,ENSG00000123136
ENSG00000167670.16,1005.104354,1.076965587,0.120685487,1.82e-19,6.6e-18,CHAF1A,1.076965587,ENSG00000167670
ENSG00000102385.12,52.6868616,2.820253923,0.322436587,1.87e-19,6.79e-18,DRP2,2.820253923,ENSG00000102385
ENSG00000165244.7,456.1904728,1.670081042,0.18927571,2.07e-19,7.49e-18,ZNF367,1.670081042,ENSG00000165244
ENSG00000249082.2,14.65838473,6.106132249,0.72411924,2.25e-19,8.11e-18,C5orf66-AS1,6.106132249,ENSG00000249082
ENSG00000239672.8,813.9738684,1.593747099,0.180414483,2.28e-19,8.22e-18,NME1,1.593747099,ENSG00000239672
ENSG00000278023.7,34.9868135,3.010224177,0.344525808,2.34e-19,8.43e-18,RDM1,3.010224177,ENSG00000278023
ENSG00000171320.15,265.950184,2.506044498,0.286620922,2.39e-19,8.6e-18,ESCO2,2.506044498,ENSG00000171320
ENSG00000107954.10,485.3218813,1.077926952,0.411420702,2.45e-19,8.8e-18,NEURL1,1.077926952,ENSG00000107954
ENSG00000105464.3,97.77546831,1.535678618,0.174346542,2.51e-19,8.98e-18,GRIN2D,1.535678618,ENSG00000105464
ENSG00000173825.7,35.27581034,2.051493333,0.234329272,2.68e-19,9.56e-18,TIGD3,2.051493333,ENSG00000173825
ENSG00000196747.4,98.74882898,5.028991258,0.580649853,2.98e-19,1.06e-17,H2AC13,5.028991258,ENSG00000196747
ENSG00000176393.11,4166.518901,1.113040284,0.125612758,3.16e-19,1.12e-17,RNPEP,1.113040284,ENSG00000176393
ENSG00000109705.8,46.28459742,3.202400472,0.369586792,3.31e-19,1.17e-17,NKX3-2,3.202400472,ENSG00000109705
ENSG00000280789.2,545.9550742,1.312273026,0.148949206,3.3e-19,1.17e-17,PAGR1,1.312273026,ENSG00000280789
ENSG00000183763.9,247.4561384,1.194351883,0.135355097,3.53e-19,1.24e-17,TRAIP,1.194351883,ENSG00000183763
ENSG00000106789.13,2572.807983,1.819080245,0.208348627,3.71e-19,1.3e-17,CORO2A,1.819080245,ENSG00000106789
ENSG00000185420.19,1418.0828979999999,1.542533879,0.175766591,3.82e-19,1.34e-17,SMYD3,1.542533879,ENSG00000185420
ENSG00000007376.8,1174.187833,1.41416191,0.16065591,4.32e-19,1.51e-17,RPUSD1,1.41416191,ENSG00000007376
ENSG00000133816.17,4141.703579,1.673138559,0.19154132,4.67e-19,1.63e-17,MICAL2,1.673138559,ENSG00000133816
ENSG00000184445.12,1413.646137,1.122986305,0.127305926,4.84e-19,1.68e-17,KNTC1,1.122986305,ENSG00000184445
ENSG00000165731.20,2424.99882,3.06169197,0.354436004,5.14e-19,1.79e-17,RET,3.06169197,ENSG00000165731
ENSG00000165695.10,215.1165522,1.654465005,0.189760387,5.39e-19,1.87e-17,AK8,1.654465005,ENSG00000165695
ENSG00000282933.2,191.0132489,5.078245553,0.592778287,6.15e-19,2.13e-17,RHOXF1P3,5.078245553,ENSG00000282933
ENSG00000257167.2,116.7246114,1.770473822,0.203966211,6.68e-19,2.3e-17,TMPO-AS1,1.770473822,ENSG00000257167
ENSG00000075461.6,4197.081223,3.38568666,0.393976553,6.93e-19,2.39e-17,CACNG4,3.38568666,ENSG00000075461
ENSG00000123364.5,412.5967135,3.19132528,0.3715099,6.99e-19,2.41e-17,HOXC13,3.19132528,ENSG00000123364
ENSG00000155660.11,10800.8494,1.178024535,0.133757417,7.55e-19,2.59e-17,PDIA4,1.178024535,ENSG00000155660
ENSG00000255774.2,335.2109172,3.759268498,0.439101813,7.9e-19,2.71e-17,LINC02747,3.759268498,ENSG00000255774
ENSG00000077235.18,7462.180504,1.048665022,0.118884933,7.91e-19,2.71e-17,GTF3C1,1.048665022,ENSG00000077235
ENSG00000169245.6,1516.474918,3.203098906,0.373752624,8.22e-19,2.81e-17,CXCL10,3.203098906,ENSG00000169245
ENSG00000146950.13,1083.141257,1.687735391,0.194613208,8.52e-19,2.9e-17,SHROOM2,1.687735391,ENSG00000146950
ENSG00000104549.12,3469.924875,2.088253874,0.242025872,9.26e-19,3.15e-17,SQLE,2.088253874,ENSG00000104549
ENSG00000123388.4,284.2531693,3.675669376,0.430516395,9.86e-19,3.34e-17,HOXC11,3.675669376,ENSG00000123388
ENSG00000181588.16,1194.898574,1.015464658,0.11665341,1.09e-18,3.69e-17,MEX3D,1.015464658,ENSG00000181588
ENSG00000274290.3,95.78481145,3.019503132,0.353575425,1.13e-18,3.81e-17,H2BC6,3.019503132,ENSG00000274290
ENSG00000125505.17,5309.457939,1.522321476,0.176128204,1.16e-18,3.9e-17,MBOAT7,1.522321476,ENSG00000125505
ENSG00000134490.14,1790.229625,1.186503208,0.136698294,1.27e-18,4.28e-17,TMEM241,1.186503208,ENSG00000134490
ENSG00000163882.9,2239.176229,1.088291944,0.124947559,1.29e-18,4.33e-17,POLR2H,1.088291944,ENSG00000163882
ENSG00000167987.11,2807.557122,1.0726458,0.123217301,1.33e-18,4.47e-17,VPS37C,1.0726458,ENSG00000167987
ENSG00000196421.8,86.5250261,2.664980569,0.312916963,1.43e-18,4.77e-17,C20orf204,2.664980569,ENSG00000196421
ENSG00000008300.17,560.3843423,2.600552393,0.304912529,1.45e-18,4.86e-17,CELSR3,2.600552393,ENSG00000008300
ENSG00000141858.12,2380.221487,1.272801478,0.146923907,1.51e-18,5.04e-17,SAMD1,1.272801478,ENSG00000141858
ENSG00000170689.10,146.7111609,3.552266169,0.418706629,1.59e-18,5.28e-17,HOXB9,3.552266169,ENSG00000170689
ENSG00000196550.10,41.68035689,2.305597554,0.269981976,1.61e-18,5.36e-17,FAM72A,2.305597554,ENSG00000196550
ENSG00000198807.13,419.6608024,2.332374457,0.273238983,1.62e-18,5.39e-17,PAX9,2.332374457,ENSG00000198807
ENSG00000085552.17,2100.593798,2.28875292,0.267448337,1.64e-18,5.42e-17,IGSF9,2.28875292,ENSG00000085552
ENSG00000185803.12,2153.93797,1.544907215,0.179451863,1.66e-18,5.49e-17,SLC52A2,1.544907215,ENSG00000185803
ENSG00000287750.1,43.97636093,2.475449646,0.290089877,1.76e-18,5.83e-17,AL353572.4,2.475449646,ENSG00000287750
ENSG00000233622.3,3633.792703,4.076985628,0.482194491,1.81e-18,5.96e-17,CYP2T1P,4.076985628,ENSG00000233622
ENSG00000156802.13,3184.03294,1.830415442,0.213470635,1.82e-18,5.99e-17,ATAD2,1.830415442,ENSG00000156802
ENSG00000139547.7,134.1433803,2.917543821,0.343637992,1.82e-18,6e-17,RDH16,2.917543821,ENSG00000139547
ENSG00000225077.3,14.60523303,2.56725266,0.301698795,1.82e-18,6e-17,LINC00337,2.56725266,ENSG00000225077
ENSG00000162975.5,352.6638062,3.698516227,0.438203483,1.88e-18,6.17e-17,KCNF1,3.698516227,ENSG00000162975
ENSG00000160404.18,730.6092377,1.265216905,0.146336634,1.9e-18,6.24e-17,TOR2A,1.265216905,ENSG00000160404
ENSG00000117586.11,373.1511503,2.263253191,0.266106594,2.13e-18,6.95e-17,TNFSF4,2.263253191,ENSG00000117586
ENSG00000136908.18,2666.122317,1.220768822,0.141116493,2.38e-18,7.77e-17,DPM2,1.220768822,ENSG00000136908
ENSG00000125835.19,4902.128958,1.406776031,0.163383817,2.49e-18,8.11e-17,SNRPB,1.406776031,ENSG00000125835
ENSG00000164919.11,14290.67052,2.61685476,0.3082488,2.5e-18,8.15e-17,COX6C,2.61685476,ENSG00000164919
ENSG00000140332.17,6509.774229,1.18995302,0.137052653,2.56e-18,8.34e-17,TLE3,1.18995302,ENSG00000140332
ENSG00000143320.9,21182.63532,2.362160156,0.278308609,2.92e-18,9.44e-17,CRABP2,2.362160156,ENSG00000143320
ENSG00000168159.14,8561.736389,1.029353776,0.119574859,2.94e-18,9.51e-17,RNF187,1.029353776,ENSG00000168159
ENSG00000130816.17,4807.40436,1.086966085,0.125495841,3.07e-18,9.91e-17,DNMT1,1.086966085,ENSG00000130816
ENSG00000141696.13,1505.455453,1.463420459,0.171231664,3.09e-18,9.96e-17,P3H4,1.463420459,ENSG00000141696
ENSG00000158106.14,1668.791476,2.31994834,0.274577209,3.28e-18,1.05e-16,RHPN1,2.31994834,ENSG00000158106
ENSG00000166908.18,4010.805396,1.026522006,0.119378443,3.27e-18,1.05e-16,PIP4K2C,1.026522006,ENSG00000166908
ENSG00000099219.14,5775.89013,1.463435481,0.171566128,3.36e-18,1.08e-16,ERMP1,1.463435481,ENSG00000099219
ENSG00000215182.8,97.87935621,6.446066475,0.770943142,3.45e-18,1.1e-16,MUC5AC,6.446066475,ENSG00000215182
ENSG00000266995.1,10.9806118,3.568386795,0.42494745,3.49e-18,1.12e-16,AP001542.1,3.568386795,ENSG00000266995
ENSG00000179528.16,50.05999546,2.060656842,0.243804754,3.79e-18,1.2e-16,LBX2,2.060656842,ENSG00000179528
ENSG00000175895.4,4203.732525,1.411999537,0.165149997,3.79e-18,1.2e-16,PLEKHF2,1.411999537,ENSG00000175895
ENSG00000129235.11,1516.662881,1.167223234,0.135844093,4.05e-18,1.28e-16,TXNDC17,1.167223234,ENSG00000129235
ENSG00000225768.1,52.23284362,4.517980749,0.541547071,4.74e-18,1.49e-16,LINC02620,4.517980749,ENSG00000225768
ENSG00000006634.8,646.6217654,1.201409362,0.141580003,5.67e-18,1.76e-16,DBF4,1.201409362,ENSG00000006634
ENSG00000117155.17,1345.290652,1.251595978,0.147078545,5.72e-18,1.78e-16,SSX2IP,1.251595978,ENSG00000117155
ENSG00000004478.8,12864.39235,1.527865318,0.178966683,5.87e-18,1.82e-16,FKBP4,1.527865318,ENSG00000004478
ENSG00000000460.17,464.5486687,1.217301208,0.143256052,6.31e-18,1.95e-16,C1orf112,1.217301208,ENSG00000000460
ENSG00000130675.15,56.95905899,3.44741844,0.414224017,6.77e-18,2.09e-16,MNX1,3.44741844,ENSG00000130675
ENSG00000175877.4,12.94271858,3.853710057,0.462381739,7.28e-18,2.24e-16,TMEM270,3.853710057,ENSG00000175877
ENSG00000103269.14,122.2552658,2.111786182,0.252503655,7.43e-18,2.28e-16,RHBDL1,2.111786182,ENSG00000103269
ENSG00000187634.12,312.9627705,3.34283973,0.402482781,7.48e-18,2.29e-16,SAMD11,3.34283973,ENSG00000187634
ENSG00000011422.12,1420.492853,1.610781885,0.191009504,7.67e-18,2.34e-16,PLAUR,1.610781885,ENSG00000011422
ENSG00000204866.8,63.11230004,4.801040823,0.442344539,8.38e-18,2.54e-16,IGFL2,4.801040823,ENSG00000204866
ENSG00000224209.8,9.973545428,3.897257481,0.473419898,9.82e-18,2.97e-16,LINC00466,3.897257481,ENSG00000224209
ENSG00000146197.9,945.357467,3.114170995,0.375807112,9.81e-18,2.97e-16,SCUBE3,3.114170995,ENSG00000146197
ENSG00000283526.1,78.83466388,3.247270665,0.392536406,1.02e-17,3.07e-16,PRRT1B,3.247270665,ENSG00000283526
ENSG00000163041.13,2727.609345,1.196479396,0.1422994,1.1e-17,3.31e-16,H3-3A,1.196479396,ENSG00000163041
ENSG00000159147.18,578.2071645,1.252281446,0.148788622,1.11e-17,3.35e-16,DONSON,1.252281446,ENSG00000159147
ENSG00000160710.17,27863.90241,1.072417298,0.125801683,1.12e-17,3.36e-16,ADAR,1.072417298,ENSG00000160710
ENSG00000092978.11,1847.790009,1.250575945,0.147841318,1.21e-17,3.64e-16,GPATCH2,1.250575945,ENSG00000092978
ENSG00000257512.1,28.41019177,2.600257688,0.315517313,1.23e-17,3.69e-16,AC124947.2,2.600257688,ENSG00000257512
ENSG00000189057.11,1104.031051,2.861340533,0.346030281,1.26e-17,3.76e-16,FAM111B,2.861340533,ENSG00000189057
ENSG00000174943.11,1142.856755,1.179094177,0.140163409,1.36e-17,4.07e-16,KCTD13,1.179094177,ENSG00000174943
ENSG00000124657.1,18.29508169,4.377972912,0.532327793,1.37e-17,4.08e-16,OR2B6,4.377972912,ENSG00000124657
ENSG00000276180.1,686.1604986,2.244943295,0.270975019,1.37e-17,4.08e-16,H4C9,2.244943295,ENSG00000276180
ENSG00000197903.8,1596.980166,2.380785758,0.287240416,1.38e-17,4.1e-16,H2BC12,2.380785758,ENSG00000197903
ENSG00000171428.15,4993.604025,3.392221921,0.412216152,1.41e-17,4.2e-16,NAT1,3.392221921,ENSG00000171428
ENSG00000166159.11,39.66213659,5.214159731,0.637246656,1.45e-17,4.32e-16,LRTM2,5.214159731,ENSG00000166159
ENSG00000197588.9,10.38327188,3.648569452,0.442291765,1.57e-17,4.64e-16,KLKP1,3.648569452,ENSG00000197588
ENSG00000165309.14,116.7304096,3.555680324,0.433047936,1.63e-17,4.82e-16,ARMC3,3.555680324,ENSG00000165309
ENSG00000147799.11,967.986575,1.636099846,0.196439141,1.65e-17,4.88e-16,ARHGAP39,1.636099846,ENSG00000147799
ENSG00000132182.12,4775.047551,1.745653369,0.209198204,1.68e-17,4.94e-16,NUP210,1.745653369,ENSG00000132182
ENSG00000103855.18,5846.685933,1.0477354,0.12421829,1.75e-17,5.15e-16,CD276,1.0477354,ENSG00000103855
ENSG00000107159.13,162.1655969,4.86033323,0.595346202,1.89e-17,5.55e-16,CA9,4.86033323,ENSG00000107159
ENSG00000168439.17,9289.192316,1.130076214,0.134613637,1.97e-17,5.77e-16,STIP1,1.130076214,ENSG00000168439
ENSG00000106327.13,105.5466653,3.083076975,0.376473388,2.2e-17,6.39e-16,TFR2,3.083076975,ENSG00000106327
ENSG00000166670.10,358.5168912,2.867691569,0.53523824,2.21e-17,6.4e-16,MMP10,2.867691569,ENSG00000166670
ENSG00000064787.13,1740.317572,2.940287462,0.359029758,2.22e-17,6.43e-16,BCAS1,2.940287462,ENSG00000064787
ENSG00000236675.1,122.5906848,1.229446378,0.147437826,2.32e-17,6.7e-16,MTX1P1,1.229446378,ENSG00000236675
ENSG00000153132.13,577.4577226,2.71139097,0.330590598,2.33e-17,6.74e-16,CLGN,2.71139097,ENSG00000153132
ENSG00000105173.14,186.3480032,1.862533475,0.225662571,2.36e-17,6.82e-16,CCNE1,1.862533475,ENSG00000105173
ENSG00000035687.10,3900.221499,1.051307143,0.125558429,2.4e-17,6.91e-16,ADSS2,1.051307143,ENSG00000035687
ENSG00000183150.8,85.25853951,2.773402651,0.338779556,2.47e-17,7.11e-16,GPR19,2.773402651,ENSG00000183150
ENSG00000128408.9,148.2645156,2.024830033,0.246136306,2.55e-17,7.33e-16,RIBC2,2.024830033,ENSG00000128408
ENSG00000179051.14,7937.082554,1.102321759,0.130644586,2.56e-17,7.36e-16,RCC2,1.102321759,ENSG00000179051
ENSG00000284395.2,36.62474786,3.733046886,0.458616693,2.6e-17,7.46e-16,PERCC1,3.733046886,ENSG00000284395
ENSG00000183010.17,2083.416568,1.931325357,0.234591678,2.63e-17,7.53e-16,PYCR1,1.931325357,ENSG00000183010
ENSG00000108821.14,276108.469,2.893191525,0.327811533,2.64e-17,7.58e-16,COL1A1,2.893191525,ENSG00000108821
ENSG00000105880.7,125.1854336,3.319091173,0.407377531,2.78e-17,7.96e-16,DLX5,3.319091173,ENSG00000105880
ENSG00000183248.12,1135.729397,2.323553146,0.283466197,2.82e-17,8.06e-16,PRR36,2.323553146,ENSG00000183248
ENSG00000143793.13,986.0317811,1.29247798,0.155941655,3.03e-17,8.61e-16,C1orf35,1.29247798,ENSG00000143793
ENSG00000235173.7,1753.215651,1.304882152,0.157833437,3.12e-17,8.88e-16,HGH1,1.304882152,ENSG00000235173
ENSG00000135638.14,84.1892142,3.984781784,0.491359849,3.27e-17,9.28e-16,EMX1,3.984781784,ENSG00000135638
ENSG00000137261.14,114.5188009,3.449087005,0.42470928,3.29e-17,9.32e-16,KIAA0319,3.449087005,ENSG00000137261
ENSG00000186564.6,94.32772146,2.449870727,0.299853518,3.3e-17,9.34e-16,FOXD2,2.449870727,ENSG00000186564
ENSG00000204262.14,24911.90622,2.177840146,0.266109828,3.81e-17,1.07e-15,COL5A2,2.177840146,ENSG00000204262
ENSG00000129925.11,2716.566748,1.278153075,0.154115193,4.03e-17,1.13e-15,PGAP6,1.278153075,ENSG00000129925
ENSG00000176619.13,2995.752386,1.365313288,0.165540511,4.37e-17,1.22e-15,LMNB2,1.365313288,ENSG00000176619
ENSG00000099617.4,15.46600699,4.347179335,0.541963909,4.48e-17,1.25e-15,EFNA2,4.347179335,ENSG00000099617
ENSG00000116586.12,2378.489647,1.342558572,0.162235924,4.64e-17,1.29e-15,LAMTOR2,1.342558572,ENSG00000116586
ENSG00000117410.14,5352.47642,1.180117721,0.14210721,4.82e-17,1.34e-15,ATP6V0B,1.180117721,ENSG00000117410
ENSG00000101189.7,998.7701585,1.144024573,0.138027551,4.84e-17,1.34e-15,MRGBP,1.144024573,ENSG00000101189
ENSG00000159184.8,254.6750742,7.312572507,0.910479967,4.89e-17,1.36e-15,HOXB13,7.312572507,ENSG00000159184
ENSG00000153976.3,94.17194556,2.506728663,0.308609422,5.03e-17,1.39e-15,HS3ST3A1,2.506728663,ENSG00000153976
ENSG00000122741.16,6604.263488,1.550717168,0.188629952,5.02e-17,1.39e-15,DCAF10,1.550717168,ENSG00000122741
ENSG00000106537.8,13387.09592,1.854104082,0.225937892,5.05e-17,1.4e-15,TSPAN13,1.854104082,ENSG00000106537
ENSG00000099822.3,36.92635524,4.002260442,0.355718712,5.44e-17,1.5e-15,HCN2,4.002260442,ENSG00000099822
ENSG00000283162.1,44.84032032,3.261530915,0.403721923,5.58e-17,1.53e-15,AL390726.5,3.261530915,ENSG00000283162
ENSG00000173457.11,2750.775686,1.470518699,0.179229696,5.68e-17,1.56e-15,PPP1R14B,1.470518699,ENSG00000173457
ENSG00000269353.1,63.54028079,5.808288351,0.722320657,5.79e-17,1.58e-15,AC092071.1,5.808288351,ENSG00000269353
ENSG00000279623.1,22.7631831,3.081644018,0.38220124,5.93e-17,1.62e-15,AL359697.1,3.081644018,ENSG00000279623
ENSG00000186193.9,494.6135472,2.36139982,0.291663102,5.92e-17,1.62e-15,SAPCD2,2.36139982,ENSG00000186193
ENSG00000253125.1,195.4711869,3.436007424,0.42658707,5.97e-17,1.63e-15,AC055854.1,3.436007424,ENSG00000253125
ENSG00000147434.9,36.98597761,3.825693654,0.47457015,6.29e-17,1.71e-15,CHRNA6,3.825693654,ENSG00000147434
ENSG00000131187.10,134.1118662,2.260828636,0.279123653,6.44e-17,1.75e-15,F12,2.260828636,ENSG00000131187
ENSG00000175274.19,9059.254068,1.106801949,0.134184334,6.67e-17,1.81e-15,TP53I11,1.106801949,ENSG00000175274
ENSG00000170779.11,663.5227666,1.352687541,0.165022306,6.98e-17,1.89e-15,CDCA4,1.352687541,ENSG00000170779
ENSG00000176532.4,1387.754524,2.643255291,0.32735951,7.21e-17,1.95e-15,PRR15,2.643255291,ENSG00000176532
ENSG00000007541.17,2386.66066,1.193620691,0.144956136,7.39e-17,1.99e-15,PIGQ,1.193620691,ENSG00000007541
ENSG00000143195.13,75.2457678,2.418265971,0.299955538,7.54e-17,2.03e-15,ILDR2,2.418265971,ENSG00000143195
ENSG00000163704.12,508.7969574,1.664601788,0.204415744,7.81e-17,2.1e-15,PRRT3,1.664601788,ENSG00000163704
ENSG00000204366.4,341.2519812,1.527399038,0.187585988,8.74e-17,2.35e-15,ZBTB12,1.527399038,ENSG00000204366
ENSG00000174442.12,778.3098446,1.144755531,0.139851724,8.91e-17,2.39e-15,ZWILCH,1.144755531,ENSG00000174442
ENSG00000141294.10,216.5308725,2.136101405,0.264968464,9.69e-17,2.59e-15,LRRC46,2.136101405,ENSG00000141294
ENSG00000116857.17,5949.896718,1.04857058,0.127852513,9.96e-17,2.65e-15,TMEM9,1.04857058,ENSG00000116857
ENSG00000197070.14,2134.993089,1.441978456,0.177088572,1.04e-16,2.77e-15,ARRDC1,1.441978456,ENSG00000197070
ENSG00000160298.18,302.1438367,1.488265761,0.183265283,1.1e-16,2.92e-15,C21orf58,1.488265761,ENSG00000160298
ENSG00000223776.5,11.89933519,2.11554607,0.263620324,1.11e-16,2.95e-15,LGALS8-AS1,2.11554607,ENSG00000223776
ENSG00000152611.12,38.39844857,5.295441527,0.550594369,1.12e-16,2.96e-15,CAPSL,5.295441527,ENSG00000152611
ENSG00000167968.13,51.24531468,2.361577599,0.294486583,1.13e-16,2.98e-15,DNASE1L2,2.361577599,ENSG00000167968
ENSG00000109265.14,282.8766906,2.936011329,0.367349427,1.13e-16,2.99e-15,CRACD,2.936011329,ENSG00000109265
ENSG00000262172.1,2.48855862,4.464521226,0.667108006,1.2e-16,3.16e-15,AC116025.2,4.464521226,ENSG00000262172
ENSG00000233682.3,29.33552582,3.005041203,0.376778389,1.23e-16,3.23e-15,AL356417.2,3.005041203,ENSG00000233682
ENSG00000204385.13,4772.36218,2.834691931,0.354683843,1.25e-16,3.27e-15,SLC44A4,2.834691931,ENSG00000204385
ENSG00000213551.7,555.1812976,1.092400391,0.133774963,1.31e-16,3.44e-15,DNAJC9,1.092400391,ENSG00000213551
ENSG00000168061.17,508.7535169,1.415336939,0.174761351,1.34e-16,3.5e-15,SAC3D1,1.415336939,ENSG00000168061
ENSG00000273162.1,18.38756939,1.643742558,0.203538589,1.38e-16,3.6e-15,AL133215.2,1.643742558,ENSG00000273162
ENSG00000102316.17,32199.43884,1.505909394,0.186157989,1.39e-16,3.61e-15,MAGED2,1.505909394,ENSG00000102316
ENSG00000123989.14,5357.371559,1.296170641,0.158975094,1.38e-16,3.61e-15,CHPF,1.296170641,ENSG00000123989
ENSG00000185507.21,1783.878695,1.990691104,0.248482021,1.43e-16,3.72e-15,IRF7,1.990691104,ENSG00000185507
ENSG00000073350.14,4415.887729,2.087374008,0.260181296,1.48e-16,3.84e-15,LLGL2,2.087374008,ENSG00000073350
ENSG00000164045.12,282.1151947,1.886270046,0.23474557,1.48e-16,3.85e-15,CDC25A,1.886270046,ENSG00000164045
ENSG00000214160.10,2268.092699,1.032879674,0.126588958,1.48e-16,3.85e-15,ALG3,1.032879674,ENSG00000214160
ENSG00000105699.16,5477.811411,1.48818598,0.183617349,1.5e-16,3.88e-15,LSR,1.48818598,ENSG00000105699
ENSG00000198018.7,1272.785862,1.136004764,0.139097261,1.52e-16,3.94e-15,ENTPD7,1.136004764,ENSG00000198018
ENSG00000130202.10,9151.141658,1.391217939,0.171472956,1.62e-16,4.19e-15,NECTIN2,1.391217939,ENSG00000130202
ENSG00000137310.12,1351.544509,1.293289201,0.159137017,1.62e-16,4.19e-15,TCF19,1.293289201,ENSG00000137310
ENSG00000112118.20,6327.399473,1.071578799,0.130478912,1.68e-16,4.34e-15,MCM3,1.071578799,ENSG00000112118
ENSG00000089351.14,4147.321992,1.169178344,0.143636779,1.86e-16,4.79e-15,GRAMD1A,1.169178344,ENSG00000089351
ENSG00000057593.14,349.3856617,3.263579127,0.412356327,1.92e-16,4.92e-15,F7,3.263579127,ENSG00000057593
ENSG00000197153.5,9.227371281,4.340289542,0.549258179,1.97e-16,5.03e-15,H3C12,4.340289542,ENSG00000197153
ENSG00000279930.1,39.93200525,3.050417905,0.385377536,2.02e-16,5.17e-15,AL032819.2,3.050417905,ENSG00000279930
ENSG00000167394.13,201.78861560000001,1.045051777,0.12901006,2.03e-16,5.17e-15,ZNF668,1.045051777,ENSG00000167394
ENSG00000228918.4,16.55790041,3.086167549,0.388550715,2.05e-16,5.24e-15,LINC01344,3.086167549,ENSG00000228918
ENSG00000163623.9,155.4181542,3.618858339,0.458360403,2.09e-16,5.32e-15,NKX6-1,3.618858339,ENSG00000163623
ENSG00000182325.11,642.4980577,1.54769304,0.192523477,2.13e-16,5.43e-15,FBXL6,1.54769304,ENSG00000182325
ENSG00000218416.4,295.1939898,3.420707643,0.433409484,2.19e-16,5.58e-15,AC110619.1,3.420707643,ENSG00000218416
ENSG00000134222.16,347.8767599,1.674937642,0.209464931,2.32e-16,5.89e-15,PSRC1,1.674937642,ENSG00000134222
ENSG00000105219.10,211.5163016,2.962929157,0.375303932,2.41e-16,6.1e-15,CCNP,2.962929157,ENSG00000105219
ENSG00000074211.14,701.6679085,3.596728268,0.456841829,2.42e-16,6.12e-15,PPP2R2C,3.596728268,ENSG00000074211
ENSG00000231123.1,7.961914004,4.137693422,0.519688976,2.54e-16,6.43e-15,SPATA20P1,4.137693422,ENSG00000231123
ENSG00000167861.16,6650.431294,1.664762333,0.208486658,2.58e-16,6.5e-15,HID1,1.664762333,ENSG00000167861
ENSG00000101811.14,1060.358393,1.015846188,0.125795751,2.61e-16,6.59e-15,CSTF2,1.015846188,ENSG00000101811
ENSG00000169783.13,913.8883915,2.626630201,0.33324209,3.05e-16,7.64e-15,LINGO1,2.626630201,ENSG00000169783
ENSG00000203499.12,2014.697082,2.175037168,0.274098817,3.1e-16,7.74e-15,IQANK1,2.175037168,ENSG00000203499
ENSG00000255007.1,17.79387954,4.766614096,0.607543331,3.33e-16,8.28e-15,LINC02489,4.766614096,ENSG00000255007
ENSG00000158042.9,2651.50425,1.125232517,0.138836606,3.36e-16,8.35e-15,MRPL17,1.125232517,ENSG00000158042
ENSG00000167523.14,414.9380762,1.194096652,0.148903229,3.45e-16,8.57e-15,SPATA33,1.194096652,ENSG00000167523
ENSG00000262152.7,50.79920907,3.393962245,0.433935363,3.67e-16,9.09e-15,LINC00514,3.393962245,ENSG00000262152
ENSG00000164756.12,930.293681,7.631506304,0.718731362,3.69e-16,9.14e-15,SLC30A8,7.631506304,ENSG00000164756
ENSG00000087088.20,1712.460856,1.129440911,0.140837876,3.72e-16,9.21e-15,BAX,1.129440911,ENSG00000087088
ENSG00000115539.14,1424.875152,1.013805206,0.126241203,3.76e-16,9.28e-15,PDCL3,1.013805206,ENSG00000115539
ENSG00000004838.14,411.2202473,2.545815553,0.323870245,3.78e-16,9.33e-15,ZMYND10,2.545815553,ENSG00000004838
ENSG00000180340.7,485.7116336,1.462974617,0.184031372,4.02e-16,9.89e-15,FZD2,1.462974617,ENSG00000180340
ENSG00000274641.2,15.67833715,3.968217,0.506053882,4.15e-16,1.02e-14,H2BC17,3.968217,ENSG00000274641
ENSG00000162076.13,1367.617544,1.34946358,0.169402711,4.21e-16,1.03e-14,FLYWCH2,1.34946358,ENSG00000162076
ENSG00000225361.4,215.1217276,1.544815012,0.194545214,4.39e-16,1.08e-14,PPP1R26-AS1,1.544815012,ENSG00000225361
ENSG00000160190.14,1521.932307,1.143592391,0.143057139,4.44e-16,1.09e-14,SLC37A1,1.143592391,ENSG00000160190
ENSG00000131914.11,26.655721110000002,6.149519242,0.791322535,4.49e-16,1.1e-14,LIN28A,6.149519242,ENSG00000131914
ENSG00000197496.6,4525.078424,1.816194772,0.230732995,4.85e-16,1.18e-14,SLC2A10,1.816194772,ENSG00000197496
ENSG00000146918.20,1574.518025,1.346692924,0.169238239,5.08e-16,1.23e-14,NCAPG2,1.346692924,ENSG00000146918
ENSG00000143578.16,5495.108229,2.044345075,0.258782652,5.12e-16,1.24e-14,CREB3L4,2.044345075,ENSG00000143578
ENSG00000215784.6,16.89345477,2.517219791,0.320861639,5.15e-16,1.25e-14,FAM72D,2.517219791,ENSG00000215784
ENSG00000231057.4,15.33190151,2.960102698,0.37840089,5.38e-16,1.3e-14,AC096637.2,2.960102698,ENSG00000231057
ENSG00000092470.12,600.9595994,1.29022686,0.16196446,5.39e-16,1.31e-14,WDR76,1.29022686,ENSG00000092470
ENSG00000161036.13,778.876927,1.158335522,0.145213552,5.68e-16,1.37e-14,LRWD1,1.158335522,ENSG00000161036
ENSG00000203585.4,8.548911577,3.195454339,0.41486083,5.75e-16,1.39e-14,LINC02408,3.195454339,ENSG00000203585
ENSG00000119969.15,671.9629055,1.701696095,0.215912859,5.89e-16,1.42e-14,HELLS,1.701696095,ENSG00000119969
ENSG00000049541.11,1629.682457,1.020966512,0.127875455,6.17e-16,1.48e-14,RFC2,1.020966512,ENSG00000049541
ENSG00000109062.12,13308.54127,1.949621042,0.247240219,6.26e-16,1.5e-14,SLC9A3R1,1.949621042,ENSG00000109062
ENSG00000168743.13,6686.392045,1.935662836,0.245962939,6.36e-16,1.53e-14,NPNT,1.935662836,ENSG00000168743
ENSG00000117407.17,90.74404945,2.483903725,0.318519438,6.6e-16,1.58e-14,ARTN,2.483903725,ENSG00000117407
ENSG00000074071.15,2578.985812,1.38844507,0.175741186,6.74e-16,1.61e-14,MRPS34,1.38844507,ENSG00000074071
ENSG00000006704.11,1771.200059,1.140545372,0.143082786,6.75e-16,1.61e-14,GTF2IRD1,1.140545372,ENSG00000006704
ENSG00000131759.18,4899.819401,1.572675359,0.198648519,6.82e-16,1.63e-14,RARA,1.572675359,ENSG00000131759
ENSG00000197562.10,1709.227898,1.138227927,0.143217497,6.98e-16,1.66e-14,RAB40C,1.138227927,ENSG00000197562
ENSG00000230798.5,66.59260796,3.970715174,0.515647758,7.08e-16,1.68e-14,FOXD3-AS1,3.970715174,ENSG00000230798
ENSG00000197299.12,326.9639902,1.814387627,0.231237282,7.26e-16,1.72e-14,BLM,1.814387627,ENSG00000197299
ENSG00000188452.14,32.40385834,3.427988413,0.44266764,7.57e-16,1.79e-14,CERKL,3.427988413,ENSG00000188452
ENSG00000173890.17,2190.084753,1.613461614,0.204880312,7.57e-16,1.79e-14,GPR160,1.613461614,ENSG00000173890
ENSG00000107807.13,40.29995088,6.175422198,0.799144775,7.67e-16,1.81e-14,TLX1,6.175422198,ENSG00000107807
ENSG00000168393.13,1123.140701,1.028530865,0.12955056,7.74e-16,1.82e-14,DTYMK,1.028530865,ENSG00000168393
ENSG00000179889.19,10901.96579,1.024259411,0.128861399,7.73e-16,1.82e-14,PDXDC1,1.024259411,ENSG00000179889
ENSG00000107371.14,947.1700853,1.146107286,0.144531314,7.75e-16,1.83e-14,EXOSC3,1.146107286,ENSG00000107371
ENSG00000183242.12,28.17828477,5.205545738,0.677231558,7.84e-16,1.85e-14,WT1-AS,5.205545738,ENSG00000183242
ENSG00000138018.18,3202.17142,1.016468698,0.126874654,8.03e-16,1.89e-14,SELENOI,1.016468698,ENSG00000138018
ENSG00000170367.5,66.51172594,7.139386517,0.92404346,8.09e-16,1.9e-14,CST5,7.139386517,ENSG00000170367
ENSG00000073111.14,1337.690598,1.74873075,0.223136806,8.2e-16,1.93e-14,MCM2,1.74873075,ENSG00000073111
ENSG00000123728.10,2820.718552,1.27044169,0.160302415,8.63e-16,2.02e-14,RAP2C,1.27044169,ENSG00000123728
ENSG00000123219.13,206.4306948,1.706876901,0.217935824,8.84e-16,2.07e-14,CENPK,1.706876901,ENSG00000123219
ENSG00000179967.11,464.5096283,1.470606384,0.187478162,8.97e-16,2.1e-14,PPP1R14BP3,1.470606384,ENSG00000179967
ENSG00000162755.14,405.7292235,1.659937833,0.211961749,9.58e-16,2.23e-14,KLHDC9,1.659937833,ENSG00000162755
ENSG00000067836.13,654.0271355,1.698540841,0.217527314,9.9e-16,2.31e-14,ROGDI,1.698540841,ENSG00000067836
ENSG00000284976.1,850.888132,1.396334656,0.177289496,1.01e-15,2.34e-14,BX255925.3,1.396334656,ENSG00000284976
ENSG00000105738.11,3827.451629,1.07139186,0.135612655,1.04e-15,2.41e-14,SIPA1L3,1.07139186,ENSG00000105738
ENSG00000085840.13,236.8543068,2.08338513,0.268021173,1.04e-15,2.42e-14,ORC1,2.08338513,ENSG00000085840
ENSG00000204315.4,464.3103297,1.141518245,0.144660391,1.06e-15,2.46e-14,FKBPL,1.141518245,ENSG00000204315
ENSG00000113810.16,2438.613818,1.469392666,0.187511228,1.15e-15,2.67e-14,SMC4,1.469392666,ENSG00000113810
ENSG00000188229.6,13219.46513,1.163087275,0.147353649,1.19e-15,2.75e-14,TUBB4B,1.163087275,ENSG00000188229
ENSG00000227964.1,4.555955664,3.414251372,0.439412504,1.2e-15,2.77e-14,LINC01429,3.414251372,ENSG00000227964
ENSG00000100911.16,6219.83546,1.537548658,0.195498754,1.22e-15,2.81e-14,PSME2,1.537548658,ENSG00000100911
ENSG00000141977.9,18.65867665,2.967747582,0.385464688,1.23e-15,2.84e-14,CIB3,2.967747582,ENSG00000141977
ENSG00000267409.1,4.414767091,3.591925629,0.467355739,1.32e-15,3.03e-14,AC068473.4,3.591925629,ENSG00000267409
ENSG00000130520.11,3730.580619,1.170155699,0.1478781,1.33e-15,3.07e-14,LSM4,1.170155699,ENSG00000130520
ENSG00000285094.1,80.92865446,4.351732751,0.569979702,1.42e-15,3.25e-14,LINC01488,4.351732751,ENSG00000285094
ENSG00000108829.10,9045.97612,1.732918506,0.221911877,1.45e-15,3.33e-14,LRRC59,1.732918506,ENSG00000108829
ENSG00000180818.5,1199.384327,2.659538542,0.345873739,1.49e-15,3.41e-14,HOXC10,2.659538542,ENSG00000180818
ENSG00000204060.7,272.3511308,1.807514171,0.233275331,1.5e-15,3.43e-14,FOXO6,1.807514171,ENSG00000204060
ENSG00000137392.10,11.95115697,4.902664527,0.639488078,1.51e-15,3.45e-14,CLPS,4.902664527,ENSG00000137392
ENSG00000141741.12,3075.734914,2.378345645,0.308787362,1.51e-15,3.46e-14,MIEN1,2.378345645,ENSG00000141741
ENSG00000103490.14,1269.257369,1.978905522,0.255748978,1.51e-15,3.46e-14,PYCARD,1.978905522,ENSG00000103490
ENSG00000145244.12,318.3223948,2.752584919,0.359082415,1.63e-15,3.71e-14,CORIN,2.752584919,ENSG00000145244
ENSG00000189334.9,9215.571381,3.247210629,0.424162744,1.66e-15,3.77e-14,S100A14,3.247210629,ENSG00000189334
ENSG00000064961.19,4364.372504,1.169889892,0.148499794,1.67e-15,3.8e-14,HMG20B,1.169889892,ENSG00000064961
ENSG00000127191.18,1360.612663,1.282044302,0.163930746,1.68e-15,3.82e-14,TRAF2,1.282044302,ENSG00000127191
ENSG00000007968.7,287.3038036,2.066624018,0.268157379,1.69e-15,3.83e-14,E2F2,2.066624018,ENSG00000007968
ENSG00000223486.1,17.49360027,4.24309276,0.557896082,1.78e-15,4.02e-14,AC092198.1,4.24309276,ENSG00000223486
ENSG00000285053.1,71.54051774,1.3513285,0.173345185,1.81e-15,4.09e-14,AL357556.3,1.3513285,ENSG00000285053
ENSG00000136518.17,2767.023943,1.217211152,0.155044625,1.84e-15,4.14e-14,ACTL6A,1.217211152,ENSG00000136518
ENSG00000156873.16,1342.06526,1.151444055,0.147586204,1.97e-15,4.43e-14,PHKG2,1.151444055,ENSG00000156873
ENSG00000127616.19,8271.448832,1.01253224,0.12740625,1.98e-15,4.44e-14,SMARCA4,1.01253224,ENSG00000127616
ENSG00000175130.7,15983.6045,1.542689497,0.199145318,2.01e-15,4.52e-14,MARCKSL1,1.542689497,ENSG00000175130
ENSG00000175792.12,2711.105678,1.041997909,0.132465762,2.13e-15,4.77e-14,RUVBL1,1.041997909,ENSG00000175792
ENSG00000234602.9,109.243074,3.810517443,0.501977311,2.22e-15,4.96e-14,MCIDAS,3.810517443,ENSG00000234602
ENSG00000196584.3,284.91016,1.741556167,0.225897347,2.23e-15,4.99e-14,XRCC2,1.741556167,ENSG00000196584
ENSG00000006625.18,1820.644617,1.563059311,0.202252993,2.24e-15,4.99e-14,GGCT,1.563059311,ENSG00000006625
ENSG00000185842.15,491.4700732,1.475066645,0.190480183,2.24e-15,5e-14,DNAH14,1.475066645,ENSG00000185842
ENSG00000130669.17,4143.366839,1.33156563,0.170876049,2.27e-15,5.07e-14,PAK4,1.33156563,ENSG00000130669
ENSG00000130822.16,89.34932335,2.886593183,0.380145604,2.28e-15,5.09e-14,PNCK,2.886593183,ENSG00000130822
ENSG00000134668.12,194.1461104,2.649060899,0.347399219,2.29e-15,5.11e-14,SPOCD1,2.649060899,ENSG00000134668
ENSG00000125999.11,896.3060846,3.612243425,0.476297104,2.3e-15,5.12e-14,BPIFB1,3.612243425,ENSG00000125999
ENSG00000204604.12,1247.861599,1.04770461,0.134189861,2.37e-15,5.27e-14,ZNF468,1.04770461,ENSG00000204604
ENSG00000138376.11,826.9186773,1.233657985,0.159141612,2.57e-15,5.68e-14,BARD1,1.233657985,ENSG00000138376
ENSG00000125869.10,553.4971467,2.810118406,0.369707778,2.62e-15,5.79e-14,LAMP5,2.810118406,ENSG00000125869
ENSG00000156170.13,1477.242626,1.359107188,0.175609618,2.67e-15,5.9e-14,NDUFAF6,1.359107188,ENSG00000156170
ENSG00000198788.9,83.18764186,9.694764647,0.771056261,2.78e-15,6.14e-14,MUC2,9.694764647,ENSG00000198788
ENSG00000104147.9,38.80526978,2.009059803,0.264418433,3.07e-15,6.73e-14,OIP5,2.009059803,ENSG00000104147
ENSG00000263655.1,3.735804016,5.317481517,0.806369554,3.3e-15,7.19e-14,AC090125.1,5.317481517,ENSG00000263655
ENSG00000127084.19,2915.289821,2.498203543,0.328572634,3.38e-15,7.36e-14,FGD3,2.498203543,ENSG00000127084
ENSG00000159346.13,10070.11212,1.155707928,0.147676887,3.51e-15,7.61e-14,ADIPOR1,1.155707928,ENSG00000159346
ENSG00000226363.3,47.57126872,2.941880835,0.390139678,3.58e-15,7.74e-14,HAGLROS,2.941880835,ENSG00000226363
ENSG00000151651.16,856.3640194,2.077422918,0.272888864,3.7e-15,8e-14,ADAM8,2.077422918,ENSG00000151651
ENSG00000268089.3,39.17154914,4.281041909,0.571498403,3.75e-15,8.09e-14,GABRQ,4.281041909,ENSG00000268089
ENSG00000243064.8,69.81188491,4.847735356,0.646784409,3.78e-15,8.16e-14,ABCC13,4.847735356,ENSG00000243064
ENSG00000123562.18,17161.07425,1.146526917,0.147391139,3.94e-15,8.49e-14,MORF4L2,1.146526917,ENSG00000123562
ENSG00000280832.1,146.0728635,1.409149195,0.183627319,4.28e-15,9.2e-14,GSEC,1.409149195,ENSG00000280832
ENSG00000154380.17,13921.65296,1.043539458,0.133619599,4.38e-15,9.4e-14,ENAH,1.043539458,ENSG00000154380
ENSG00000114631.11,1981.724446,1.757113943,0.230609861,4.79e-15,1.02e-13,PODXL2,1.757113943,ENSG00000114631
ENSG00000099364.18,1050.772598,1.159919068,0.150761001,4.76e-15,1.02e-13,FBXL19,1.159919068,ENSG00000099364
ENSG00000256968.1,32.56682634,1.398020375,0.182591794,4.93e-15,1.05e-13,SNRPEP2,1.398020375,ENSG00000256968
ENSG00000162989.5,1045.480133,4.43748824,0.594627736,5.14e-15,1.1e-13,KCNJ3,4.43748824,ENSG00000162989
ENSG00000130294.17,530.8269302,4.620996293,0.619506691,5.23e-15,1.11e-13,KIF1A,4.620996293,ENSG00000130294
ENSG00000261456.6,24.82383108,2.440982633,0.324155958,5.22e-15,1.11e-13,TUBB8,2.440982633,ENSG00000261456
ENSG00000107485.18,24570.6346,2.197135316,0.291356094,5.2e-15,1.11e-13,GATA3,2.197135316,ENSG00000107485
ENSG00000243649.9,373.7367469,2.588257789,0.344345432,5.43e-15,1.15e-13,CFB,2.588257789,ENSG00000243649
ENSG00000276627.3,2.541087082,1.214425582,0.303103183,5.46e-15,1.16e-13,AL117372.1,1.214425582,ENSG00000276627
ENSG00000260289.2,23.84417739,5.859789204,0.796170197,5.52e-15,1.17e-13,AC093515.1,5.859789204,ENSG00000260289
ENSG00000106689.11,22.1918544,4.284497602,0.573235618,5.5e-15,1.17e-13,LHX2,4.284497602,ENSG00000106689
ENSG00000287952.1,40.42042988,4.58789019,0.61409441,5.55e-15,1.18e-13,AC105328.1,4.58789019,ENSG00000287952
ENSG00000170421.12,57664.33423,2.307753008,0.30637488,5.56e-15,1.18e-13,KRT8,2.307753008,ENSG00000170421
ENSG00000203814.6,118.6935843,2.487235182,0.330645227,5.64e-15,1.19e-13,H2BC18,2.487235182,ENSG00000203814
ENSG00000260920.2,184.7258072,1.22976258,0.160467748,5.68e-15,1.2e-13,AL031985.3,1.22976258,ENSG00000260920
ENSG00000170540.15,13125.54563,1.077453887,0.141395741,5.79e-15,1.22e-13,ARL6IP1,1.077453887,ENSG00000170540
ENSG00000165704.15,1846.634747,1.168988046,0.152079548,5.81e-15,1.23e-13,HPRT1,1.168988046,ENSG00000165704
ENSG00000168476.12,1029.129512,1.226526705,0.160042984,5.87e-15,1.24e-13,REEP4,1.226526705,ENSG00000168476
ENSG00000089685.15,1218.099083,2.708208393,0.360673727,5.98e-15,1.26e-13,BIRC5,2.708208393,ENSG00000089685
ENSG00000172478.18,699.3045666,4.108510204,0.552232674,6.25e-15,1.31e-13,MAB21L4,4.108510204,ENSG00000172478
ENSG00000174469.23,1695.029361,3.967501618,0.533504761,6.59e-15,1.38e-13,CNTNAP2,3.967501618,ENSG00000174469
ENSG00000188833.10,144.3266333,3.139173443,0.419993684,6.66e-15,1.39e-13,ENTPD8,3.139173443,ENSG00000188833
ENSG00000136810.13,7960.56929,1.10068148,0.143066483,6.87e-15,1.44e-13,TXN,1.10068148,ENSG00000136810
ENSG00000153395.10,4443.847119,1.379267198,0.180399346,7.42e-15,1.54e-13,LPCAT1,1.379267198,ENSG00000153395
ENSG00000284649.1,4.733328755,2.856614352,0.380281536,7.7e-15,1.6e-13,AC009093.8,2.856614352,ENSG00000284649
ENSG00000275713.2,194.9194272,3.137902084,0.42132891,7.74e-15,1.61e-13,H2BC9,3.137902084,ENSG00000275713
ENSG00000166451.13,277.3773054,1.218856472,0.159918762,7.85e-15,1.63e-13,CENPN,1.218856472,ENSG00000166451
ENSG00000141736.14,46621.2829,2.827058434,0.378692777,8.01e-15,1.66e-13,ERBB2,2.827058434,ENSG00000141736
ENSG00000272763.1,10.01911027,4.217716257,0.567623718,8.08e-15,1.67e-13,AC103702.2,4.217716257,ENSG00000272763
ENSG00000277893.2,21.80699683,1.374471752,0.323710263,8.14e-15,1.69e-13,SRD5A2,1.374471752,ENSG00000277893
ENSG00000134375.11,3474.809779,1.027908048,0.133154659,8.42e-15,1.74e-13,TIMM17A,1.027908048,ENSG00000134375
ENSG00000187741.15,397.3145045,1.752920657,0.232632837,8.5e-15,1.76e-13,FANCA,1.752920657,ENSG00000187741
ENSG00000172172.8,2131.305324,1.269266369,0.166411463,8.51e-15,1.76e-13,MRPL13,1.269266369,ENSG00000172172
ENSG00000173391.9,805.3191581,2.20588396,0.294840453,9.12e-15,1.87e-13,OLR1,2.20588396,ENSG00000173391
ENSG00000172379.21,2843.295987,2.13840113,0.286790088,9.87e-15,2.02e-13,ARNT2,2.13840113,ENSG00000172379
ENSG00000136918.8,23.91192204,4.04981234,0.550875555,1.03e-14,2.1e-13,WDR38,4.04981234,ENSG00000136918
ENSG00000139890.10,82.06391517,2.220364645,0.297709639,1.04e-14,2.11e-13,REM2,2.220364645,ENSG00000139890
ENSG00000104951.16,437.3909095,2.634589759,0.354640688,1.05e-14,2.13e-13,IL4I1,2.634589759,ENSG00000104951
ENSG00000163472.19,791.7737519,1.302226895,0.17168034,1.05e-14,2.14e-13,TMEM79,1.302226895,ENSG00000163472
ENSG00000117877.11,247.9088333,1.088351644,0.143272135,1.12e-14,2.27e-13,POLR1G,1.088351644,ENSG00000117877
ENSG00000101935.10,1033.780402,1.128025894,0.149290719,1.2e-14,2.43e-13,AMMECR1,1.128025894,ENSG00000101935
ENSG00000013306.16,5879.191545,1.037367189,0.135053892,1.23e-14,2.48e-13,SLC25A39,1.037367189,ENSG00000013306
ENSG00000271013.1,18.46046925,3.496037489,0.473638453,1.25e-14,2.52e-13,LRRC37A9P,3.496037489,ENSG00000271013
ENSG00000232434.2,182.1043078,1.785906765,0.239253062,1.27e-14,2.56e-13,AJM1,1.785906765,ENSG00000232434
ENSG00000157870.17,1910.096451,1.219046111,0.161231991,1.27e-14,2.56e-13,PRXL2B,1.219046111,ENSG00000157870
ENSG00000123407.4,163.6153815,4.238229978,0.576724374,1.28e-14,2.57e-13,HOXC12,4.238229978,ENSG00000123407
ENSG00000133195.11,4122.658082,1.540854233,0.204910848,1.28e-14,2.59e-13,SLC39A11,1.540854233,ENSG00000133195
ENSG00000169895.6,6865.170239,1.000565429,0.130115402,1.28e-14,2.59e-13,SYAP1,1.000565429,ENSG00000169895
ENSG00000150667.8,799.2724651,3.026367115,0.409981079,1.31e-14,2.63e-13,FSIP1,3.026367115,ENSG00000150667
ENSG00000105514.8,2521.094179,1.30649461,0.173734004,1.34e-14,2.69e-13,RAB3D,1.30649461,ENSG00000105514
ENSG00000187535.14,2424.613911,1.073142994,0.140380113,1.34e-14,2.69e-13,IFT140,1.073142994,ENSG00000187535
ENSG00000166246.14,119.0193108,1.667141388,0.223279416,1.4e-14,2.8e-13,C16orf71,1.667141388,ENSG00000166246
ENSG00000233542.2,8.790563883,2.837224233,0.381827635,1.42e-14,2.84e-13,AL391845.2,2.837224233,ENSG00000233542
ENSG00000104450.13,740.3223655,1.261296122,0.167718562,1.5e-14,3e-13,SPAG1,1.261296122,ENSG00000104450
ENSG00000197191.6,73.92775278,1.990506929,0.268171293,1.55e-14,3.08e-13,CYSRT1,1.990506929,ENSG00000197191
ENSG00000107105.15,149.1988822,3.031932456,0.412336449,1.57e-14,3.13e-13,ELAVL2,3.031932456,ENSG00000107105
ENSG00000167100.15,75.13977833,1.84678657,0.249094162,1.59e-14,3.16e-13,SAMD14,1.84678657,ENSG00000167100
ENSG00000198723.11,27.8865492,1.900876406,0.255427386,1.59e-14,3.17e-13,TEX45,1.900876406,ENSG00000198723
ENSG00000121900.19,1379.248147,1.21880542,0.161528301,1.69e-14,3.36e-13,TMEM54,1.21880542,ENSG00000121900
ENSG00000184613.11,1361.594207,2.811914073,0.382887192,1.83e-14,3.62e-13,NELL2,2.811914073,ENSG00000184613
ENSG00000157778.9,1280.67595,1.140474761,0.151523871,1.84e-14,3.64e-13,PSMG3,1.140474761,ENSG00000157778
ENSG00000139343.10,2360.066239,1.231068328,0.163256487,1.85e-14,3.65e-13,SNRPF,1.231068328,ENSG00000139343
ENSG00000182791.5,102.4881795,2.081381018,0.281791577,1.93e-14,3.8e-13,CCDC87,2.081381018,ENSG00000182791
ENSG00000170619.10,1355.954216,1.053169441,0.139212183,2e-14,3.93e-13,COMMD5,1.053169441,ENSG00000170619
ENSG00000172531.16,6610.52122,1.128348131,0.149295017,2.05e-14,4.03e-13,PPP1CA,1.128348131,ENSG00000172531
ENSG00000254854.1,26.31016183,1.814785632,0.244569805,2.08e-14,4.08e-13,AP003390.1,1.814785632,ENSG00000254854
ENSG00000125813.13,50.0888417,3.921688709,0.540579392,2.1e-14,4.12e-13,PAX1,3.921688709,ENSG00000125813
ENSG00000141854.9,632.9400565,1.765973971,0.238097899,2.13e-14,4.18e-13,MISP3,1.765973971,ENSG00000141854
ENSG00000162889.11,12241.16686,1.164145818,0.154353882,2.16e-14,4.24e-13,MAPKAPK2,1.164145818,ENSG00000162889
ENSG00000198814.13,348.4844116,1.126348818,0.150084391,2.19e-14,4.29e-13,GK,1.126348818,ENSG00000198814
ENSG00000186577.14,1185.483316,1.218623036,0.162042757,2.23e-14,4.35e-13,SMIM29,1.218623036,ENSG00000186577
ENSG00000237487.1,12.1601087,3.592514024,0.491298048,2.31e-14,4.49e-13,VN1R48P,3.592514024,ENSG00000237487
ENSG00000131652.14,1212.191344,1.139715264,0.152081065,2.31e-14,4.49e-13,THOC6,1.139715264,ENSG00000131652
ENSG00000127129.10,297.157726,2.780480022,0.380329571,2.35e-14,4.57e-13,EDN2,2.780480022,ENSG00000127129
ENSG00000233198.4,23.40578417,2.412520912,0.329886103,2.44e-14,4.74e-13,RNF224,2.412520912,ENSG00000233198
ENSG00000186891.14,229.6374037,2.333683069,0.318232721,2.46e-14,4.77e-13,TNFRSF18,2.333683069,ENSG00000186891
ENSG00000139835.14,739.2199711,1.203250379,0.160766853,2.48e-14,4.81e-13,GRTP1,1.203250379,ENSG00000139835
ENSG00000122861.16,3426.424684,1.731463418,0.233874706,2.54e-14,4.92e-13,PLAU,1.731463418,ENSG00000122861
ENSG00000234703.1,5.671834105,4.35137561,0.60963403,2.63e-14,5.08e-13,AF015262.1,4.35137561,ENSG00000234703
ENSG00000156509.14,33.50920063,1.819500913,0.246825594,2.63e-14,5.08e-13,FBXO43,1.819500913,ENSG00000156509
ENSG00000204220.12,1685.565156,1.372242811,0.184254295,2.92e-14,5.6e-13,PFDN6,1.372242811,ENSG00000204220
ENSG00000166171.13,855.229982,1.185639176,0.159372633,3.05e-14,5.84e-13,DPCD,1.185639176,ENSG00000166171
ENSG00000167114.13,2214.209047,1.131560275,0.151856612,3.19e-14,6.1e-13,SLC27A4,1.131560275,ENSG00000167114
ENSG00000182459.5,4.329755717,5.43842054,0.851139674,3.26e-14,6.24e-13,TEX19,5.43842054,ENSG00000182459
ENSG00000223573.7,559.333807,2.695495163,0.370484999,3.27e-14,6.24e-13,TINCR,2.695495163,ENSG00000223573
ENSG00000142224.17,11.20584353,4.64303432,0.407130674,3.37e-14,6.42e-13,IL19,4.64303432,ENSG00000142224
ENSG00000104866.11,2580.928247,1.145322261,0.153714362,3.49e-14,6.65e-13,PPP1R37,1.145322261,ENSG00000104866
ENSG00000171126.8,20.7927968,2.795820407,0.385485242,3.57e-14,6.79e-13,KCNG3,2.795820407,ENSG00000171126
ENSG00000144554.12,752.8642262,1.307236433,0.17624469,3.7e-14,7.03e-13,FANCD2,1.307236433,ENSG00000144554
ENSG00000253802.2,54.80157726,9.014072653,0.910554616,3.73e-14,7.07e-13,SIRLNT,9.014072653,ENSG00000253802
ENSG00000117152.14,486.9242147,1.934821144,0.264449385,3.86e-14,7.29e-13,RGS4,1.934821144,ENSG00000117152
ENSG00000102221.14,1855.858132,1.188335952,0.160096073,3.89e-14,7.35e-13,JADE3,1.188335952,ENSG00000102221
ENSG00000179222.18,12288.01878,1.023368177,0.135872761,3.99e-14,7.52e-13,MAGED1,1.023368177,ENSG00000179222
ENSG00000177398.18,41.61478775,2.611885321,0.36036757,4.28e-14,8.04e-13,UMODL1,2.611885321,ENSG00000177398
ENSG00000182010.11,329.010021,1.680473276,0.229193644,4.29e-14,8.06e-13,RTKN2,1.680473276,ENSG00000182010
ENSG00000285906.2,95.76769894,1.941245209,0.266239509,4.37e-14,8.2e-13,AC083855.2,1.941245209,ENSG00000285906
ENSG00000167646.14,64.67289116,2.399866802,0.331113552,4.42e-14,8.28e-13,DNAAF3,2.399866802,ENSG00000167646
ENSG00000196366.3,27.72692548,1.914781803,0.262543735,4.44e-14,8.32e-13,C9orf163,1.914781803,ENSG00000196366
ENSG00000180198.16,2591.001813,1.394789825,0.189215644,4.56e-14,8.53e-13,RCC1,1.394789825,ENSG00000180198
ENSG00000143473.13,57.53311346,2.662039076,0.368629712,4.69e-14,8.76e-13,KCNH1,2.662039076,ENSG00000143473
ENSG00000180616.9,1091.253376,3.02817445,0.420593484,4.85e-14,9.06e-13,SSTR2,3.02817445,ENSG00000180616
ENSG00000226835.3,26.55473406,3.054262281,0.424456285,4.91e-14,9.15e-13,ARHGAP29-AS1,3.054262281,ENSG00000226835
ENSG00000076003.5,3146.663989,1.124331854,0.15092877,4.91e-14,9.15e-13,MCM6,1.124331854,ENSG00000076003
ENSG00000228168.1,52.07843188,2.589826086,0.358498996,4.97e-14,9.26e-13,HNRNPA1P21,2.589826086,ENSG00000228168
ENSG00000136770.11,3584.879637,1.515174618,0.206335121,5.09e-14,9.47e-13,DNAJC1,1.515174618,ENSG00000136770
ENSG00000277258.5,1233.757379,1.10786842,0.150101235,5.31e-14,9.83e-13,PCGF2,1.10786842,ENSG00000277258
ENSG00000245080.7,25.1323939,2.967937721,0.41193391,5.36e-14,9.91e-13,MIR3150BHG,2.967937721,ENSG00000245080
ENSG00000127588.5,28.42070498,4.909097759,0.691582152,5.43e-14,1e-12,GNG13,4.909097759,ENSG00000127588
ENSG00000010030.14,291.3233871,2.128587936,0.293830143,5.41e-14,1e-12,ETV7,2.128587936,ENSG00000010030
ENSG00000143570.19,46.5132972,1.544018851,0.211077844,5.44e-14,1e-12,SLC39A1,1.544018851,ENSG00000143570
ENSG00000171793.16,1504.146311,1.139855102,0.153455038,5.43e-14,1e-12,CTPS1,1.139855102,ENSG00000171793
ENSG00000287335.1,27.90290364,3.527343236,0.490709295,5.49e-14,1.01e-12,AL139351.3,3.527343236,ENSG00000287335
ENSG00000151790.9,128.9143291,2.841376073,0.396273561,5.72e-14,1.05e-12,TDO2,2.841376073,ENSG00000151790
ENSG00000261061.1,160.1026502,1.539660565,0.211283821,6.51e-14,1.19e-12,AC092718.4,1.539660565,ENSG00000261061
ENSG00000283064.1,18.63148695,2.180828066,0.301884425,6.56e-14,1.2e-12,AL353759.1,2.180828066,ENSG00000283064
ENSG00000130827.6,3466.238595,1.423528612,0.194183601,6.92e-14,1.26e-12,PLXNA3,1.423528612,ENSG00000130827
ENSG00000213080.3,48.51151917,1.061733189,0.144272274,6.94e-14,1.27e-12,AL354714.2,1.061733189,ENSG00000213080
ENSG00000220323.4,119.7937557,1.65740343,0.228327129,7.22e-14,1.31e-12,H2BC19P,1.65740343,ENSG00000220323
ENSG00000180998.12,183.1827236,1.433998062,0.19682044,7.41e-14,1.35e-12,GPR137C,1.433998062,ENSG00000180998
ENSG00000244187.8,1001.309074,1.344201577,0.184216745,7.49e-14,1.36e-12,TMEM141,1.344201577,ENSG00000244187
ENSG00000269397.1,48.22171567,1.314131988,0.179747701,7.47e-14,1.36e-12,AC011503.2,1.314131988,ENSG00000269397
ENSG00000168505.7,6.277039521,4.673547562,0.679464325,7.63e-14,1.38e-12,GBX2,4.673547562,ENSG00000168505
ENSG00000135773.13,205.9134597,3.470654183,0.332942234,7.6e-14,1.38e-12,CAPN9,3.470654183,ENSG00000135773
ENSG00000258947.7,18.06439589,3.165747749,0.445588022,7.73e-14,1.4e-12,TUBB3,3.165747749,ENSG00000258947
ENSG00000162891.10,205.659263,3.84453374,0.541437323,7.97e-14,1.44e-12,IL20,3.84453374,ENSG00000162891
ENSG00000167550.11,62.73900196,1.246830734,0.170747648,8.38e-14,1.51e-12,RHEBL1,1.246830734,ENSG00000167550
ENSG00000078098.14,1793.027161,1.86440952,0.258772003,8.67e-14,1.56e-12,FAP,1.86440952,ENSG00000078098
ENSG00000259495.3,330.177204,1.981590499,0.275768915,9.06e-14,1.62e-12,AC016705.2,1.981590499,ENSG00000259495
ENSG00000223813.3,53.54334352,2.1275934,0.296034959,9.12e-14,1.63e-12,AC007255.1,2.1275934,ENSG00000223813
ENSG00000174672.16,108.1664528,3.167723384,0.446166317,9.39e-14,1.68e-12,BRSK2,3.167723384,ENSG00000174672
ENSG00000001617.12,4157.3077,1.132399522,0.155516593,9.68e-14,1.73e-12,SEMA3F,1.132399522,ENSG00000001617
ENSG00000136108.15,1422.637576,1.13874624,0.15502986,9.87e-14,1.76e-12,CKAP2,1.13874624,ENSG00000136108
ENSG00000101222.12,91.23671452,2.407288623,0.337207238,9.89e-14,1.77e-12,SPEF1,2.407288623,ENSG00000101222
ENSG00000168005.9,1062.991422,1.186790016,0.162622678,1.04e-13,1.85e-12,SPINDOC,1.186790016,ENSG00000168005
ENSG00000097021.20,1300.35981,1.460635197,0.201595515,1.11e-13,1.98e-12,ACOT7,1.460635197,ENSG00000097021
ENSG00000260219.2,197.6562979,1.674042492,0.232949306,1.17e-13,2.07e-12,CD2BP2-DT,1.674042492,ENSG00000260219
ENSG00000279148.1,20.90803267,1.64113924,0.227830298,1.22e-13,2.15e-12,AC126474.1,1.64113924,ENSG00000279148
ENSG00000186907.8,119.9220302,1.309428498,0.180912439,1.26e-13,2.22e-12,RTN4RL2,1.309428498,ENSG00000186907
ENSG00000177602.5,118.3029607,2.098524917,0.294261324,1.27e-13,2.24e-12,HASPIN,2.098524917,ENSG00000177602
ENSG00000115884.11,16455.65911,2.16462122,0.302422612,1.28e-13,2.26e-12,SDC1,2.16462122,ENSG00000115884
ENSG00000167105.8,42.20585969,2.694739367,0.380015094,1.32e-13,2.32e-12,TMEM92,2.694739367,ENSG00000167105
ENSG00000149243.16,371.1779829,2.345781415,0.330447095,1.32e-13,2.33e-12,KLHL35,2.345781415,ENSG00000149243
ENSG00000114529.13,641.4717166,1.751115602,0.244186237,1.33e-13,2.34e-12,C3orf52,1.751115602,ENSG00000114529
ENSG00000127586.17,743.8173382,1.70518636,0.237562536,1.33e-13,2.35e-12,CHTF18,1.70518636,ENSG00000127586
ENSG00000286931.1,20.89025926,1.669054416,0.232598264,1.36e-13,2.39e-12,AL136419.3,1.669054416,ENSG00000286931
ENSG00000249602.1,23.65179312,1.618886863,0.226380233,1.37e-13,2.41e-12,AL589765.4,1.618886863,ENSG00000249602
ENSG00000235529.1,18.21720281,2.34813979,0.330569278,1.4e-13,2.45e-12,AGAP1-IT1,2.34813979,ENSG00000235529
ENSG00000114113.6,41.62454307,3.483397593,0.494510266,1.43e-13,2.5e-12,RBP2,3.483397593,ENSG00000114113
ENSG00000261716.2,372.8993144,1.747417155,0.244267099,1.43e-13,2.5e-12,H2BC20P,1.747417155,ENSG00000261716
ENSG00000160113.5,2484.396463,1.210232218,0.166337156,1.43e-13,2.5e-12,NR2F6,1.210232218,ENSG00000160113
ENSG00000240498.9,57.38298363,1.696036838,0.236660789,1.44e-13,2.52e-12,CDKN2B-AS1,1.696036838,ENSG00000240498
ENSG00000181788.4,3545.566471,1.497205127,0.20741683,1.45e-13,2.53e-12,SIAH2,1.497205127,ENSG00000181788
ENSG00000124249.7,622.3524139,2.735256481,0.38755371,1.47e-13,2.57e-12,KCNK15,2.735256481,ENSG00000124249
ENSG00000050438.17,1384.936313,2.368657168,0.33382874,1.55e-13,2.7e-12,SLC4A8,2.368657168,ENSG00000050438
ENSG00000008283.16,10093.09089,1.6402539,0.229155412,1.58e-13,2.74e-12,CYB561,1.6402539,ENSG00000008283
ENSG00000117308.15,1536.826232,1.542061395,0.215181752,1.62e-13,2.81e-12,GALE,1.542061395,ENSG00000117308
ENSG00000156787.17,494.3165616,1.150899364,0.159145274,1.62e-13,2.81e-12,TBC1D31,1.150899364,ENSG00000156787
ENSG00000127399.15,466.0760416,1.236657674,0.170937142,1.66e-13,2.88e-12,LRRC61,1.236657674,ENSG00000127399
ENSG00000185499.16,15292.10446,2.356788552,0.332256257,1.73e-13,2.99e-12,MUC1,2.356788552,ENSG00000185499
ENSG00000185352.8,638.8274128,3.187846888,0.454355374,1.77e-13,3.06e-12,HS6ST3,3.187846888,ENSG00000185352
ENSG00000149657.20,3368.601504,1.074906944,0.14793366,1.8e-13,3.1e-12,LSM14B,1.074906944,ENSG00000149657
ENSG00000275223.1,18.11925174,2.213323665,0.314985082,1.85e-13,3.19e-12,AL121906.2,2.213323665,ENSG00000275223
ENSG00000197620.11,1072.450229,1.259959517,0.174978437,1.92e-13,3.3e-12,EOLA1,1.259959517,ENSG00000197620
ENSG00000003249.15,1780.561829,1.773053283,0.24927497,2.1e-13,3.61e-12,DBNDD1,1.773053283,ENSG00000003249
ENSG00000273821.1,17.0049901,2.036184384,0.289414245,2.12e-13,3.65e-12,AL096828.3,2.036184384,ENSG00000273821
ENSG00000143653.10,5379.273447,1.25780937,0.175599842,2.31e-13,3.94e-12,SCCPDH,1.25780937,ENSG00000143653
ENSG00000203879.12,8825.765101,1.029663138,0.141863206,2.47e-13,4.2e-12,GDI1,1.029663138,ENSG00000203879
ENSG00000143590.14,562.5016533,2.280075293,0.324942647,2.52e-13,4.29e-12,EFNA3,2.280075293,ENSG00000143590
ENSG00000197122.12,2882.306588,1.097273451,0.151946928,2.52e-13,4.3e-12,SRC,1.097273451,ENSG00000197122
ENSG00000196748.10,41.45620325,3.089571075,0.443016721,2.59e-13,4.4e-12,CLPSL2,3.089571075,ENSG00000196748
ENSG00000108511.10,212.9496963,3.06500779,0.440093624,2.59e-13,4.4e-12,HOXB6,3.06500779,ENSG00000108511
ENSG00000253161.5,39.55881151,2.03698786,0.290097284,2.65e-13,4.48e-12,LINC01605,2.03698786,ENSG00000253161
ENSG00000235049.1,55.63114935,2.441758201,0.349010136,2.74e-13,4.63e-12,LINC00940,2.441758201,ENSG00000235049
ENSG00000128165.9,461.9124024,1.753909382,0.248383728,2.76e-13,4.66e-12,ADM2,1.753909382,ENSG00000128165
ENSG00000226012.1,5.025973057,4.062479532,0.585542301,2.83e-13,4.76e-12,AP001434.1,4.062479532,ENSG00000226012
ENSG00000227857.2,15.47812612,2.622366939,0.376077403,2.83e-13,4.76e-12,AL358075.2,2.622366939,ENSG00000227857
ENSG00000131462.8,1714.353324,1.049785785,0.145415199,2.83e-13,4.76e-12,TUBG1,1.049785785,ENSG00000131462
ENSG00000101098.13,1255.735496,3.439665218,0.495734035,2.85e-13,4.8e-12,RIMS4,3.439665218,ENSG00000101098
ENSG00000110171.20,1600.333218,1.332732218,0.18663354,2.95e-13,4.95e-12,TRIM3,1.332732218,ENSG00000110171
ENSG00000104321.11,71.33647584,4.964682594,0.46670077,3.05e-13,5.11e-12,TRPA1,4.964682594,ENSG00000104321
ENSG00000148408.13,55.31260259,3.42536381,0.494512434,3.16e-13,5.28e-12,CACNA1B,3.42536381,ENSG00000148408
ENSG00000074370.18,5075.827234,1.998833331,0.284164789,3.19e-13,5.33e-12,ATP2A3,1.998833331,ENSG00000074370
ENSG00000180921.7,5732.993074,1.78910598,0.252651725,3.2e-13,5.35e-12,FAM83H,1.78910598,ENSG00000180921
ENSG00000108813.11,117.9565401,2.758841327,0.396867361,3.22e-13,5.38e-12,DLX4,2.758841327,ENSG00000108813
ENSG00000280079.1,78.06752477,1.856258493,0.264169796,3.25e-13,5.43e-12,AC011447.7,1.856258493,ENSG00000280079
ENSG00000181135.16,699.9973041,1.198866602,0.168427444,3.26e-13,5.43e-12,ZNF707,1.198866602,ENSG00000181135
ENSG00000114268.12,500.1529873,1.181644692,0.165372888,3.32e-13,5.53e-12,PFKFB4,1.181644692,ENSG00000114268
ENSG00000154118.13,59.53201198,3.532411088,0.40898428,3.39e-13,5.65e-12,JPH3,3.532411088,ENSG00000154118
ENSG00000274825.1,5.219474279,3.123336227,0.444769469,3.51e-13,5.83e-12,AL023803.2,3.123336227,ENSG00000274825
ENSG00000101276.18,1091.128776,1.517725155,0.214701377,3.56e-13,5.91e-12,SLC52A3,1.517725155,ENSG00000101276
ENSG00000228288.7,215.3826114,1.407971663,0.198848025,3.56e-13,5.91e-12,PCAT6,1.407971663,ENSG00000228288
ENSG00000089723.10,163.2095965,1.099175964,0.154022602,3.75e-13,6.22e-12,OTUB2,1.099175964,ENSG00000089723
ENSG00000111981.5,68.30838077,2.956540853,0.427361737,3.87e-13,6.4e-12,ULBP1,2.956540853,ENSG00000111981
ENSG00000234115.2,16.13619108,3.544383606,0.514025375,4e-13,6.62e-12,AL138878.2,3.544383606,ENSG00000234115
ENSG00000204516.10,428.0336871,1.522447998,0.215939613,4.1e-13,6.77e-12,MICB,1.522447998,ENSG00000204516
ENSG00000170091.11,17.70545509,4.848672062,0.454654095,4.2e-13,6.94e-12,NSG2,4.848672062,ENSG00000170091
ENSG00000182173.13,1664.942953,1.345719139,0.189976995,4.21e-13,6.95e-12,TSEN54,1.345719139,ENSG00000182173
ENSG00000249203.2,212.1296911,4.480255952,0.655447095,4.37e-13,7.19e-12,LINC02224,4.480255952,ENSG00000249203
ENSG00000271936.1,31.09768634,1.509740426,0.215078503,4.57e-13,7.51e-12,AC012073.1,1.509740426,ENSG00000271936
ENSG00000146216.13,32.40963562,2.186445966,0.314832854,4.67e-13,7.66e-12,TTBK1,2.186445966,ENSG00000146216
ENSG00000240204.3,135.4251844,2.013605595,0.289572222,4.85e-13,7.95e-12,SMKR1,2.013605595,ENSG00000240204
ENSG00000267795.6,591.4923089,2.62120686,0.379674991,4.93e-13,8.07e-12,SMIM22,2.62120686,ENSG00000267795
ENSG00000265688.2,278.8286756,1.535352563,0.219171769,4.93e-13,8.08e-12,MAFG-DT,1.535352563,ENSG00000265688
ENSG00000175985.10,228.9826846,2.785413034,0.40449458,5.03e-13,8.22e-12,PLEKHD1,2.785413034,ENSG00000175985
ENSG00000137309.20,5751.370316,1.547188555,0.220854454,5.06e-13,8.26e-12,HMGA1,1.547188555,ENSG00000137309
ENSG00000069011.16,1035.938829,3.071029001,0.447296033,5.15e-13,8.41e-12,PITX1,3.071029001,ENSG00000069011
ENSG00000161981.11,1760.780606,1.356317835,0.192756718,5.25e-13,8.57e-12,SNRNP25,1.356317835,ENSG00000161981
ENSG00000225614.4,1326.422456,1.68336144,0.240917515,5.28e-13,8.61e-12,ZNF469,1.68336144,ENSG00000225614
ENSG00000184524.6,9.54220001,2.074186586,0.299121751,5.4e-13,8.81e-12,CEND1,2.074186586,ENSG00000184524
ENSG00000132749.11,1287.18359,1.82976726,0.262666282,5.43e-13,8.84e-12,TESMIN,1.82976726,ENSG00000132749
ENSG00000161328.11,402.6456344,1.835308604,0.264045118,5.45e-13,8.88e-12,LRRC56,1.835308604,ENSG00000161328
ENSG00000119383.20,10003.57884,1.12750694,0.15815981,5.51e-13,8.96e-12,PTPA,1.12750694,ENSG00000119383
ENSG00000117472.10,3403.226923,2.510688569,0.363995899,5.54e-13,9e-12,TSPAN1,2.510688569,ENSG00000117472
ENSG00000222022.1,7.045674294,3.997309826,0.575500058,5.61e-13,9.11e-12,AC112721.1,3.997309826,ENSG00000222022
ENSG00000138696.11,7113.531704,3.899493943,0.571106779,5.75e-13,9.32e-12,BMPR1B,3.899493943,ENSG00000138696
ENSG00000084628.10,1776.322298,3.438267166,0.502922816,5.8e-13,9.4e-12,NKAIN1,3.438267166,ENSG00000084628
ENSG00000134291.12,4279.875768,1.019163404,0.14259248,5.86e-13,9.49e-12,TMEM106C,1.019163404,ENSG00000134291
ENSG00000179750.16,184.4104281,1.989589887,0.287054432,5.89e-13,9.53e-12,APOBEC3B,1.989589887,ENSG00000179750
ENSG00000105327.18,501.9011402,1.537241752,0.219905573,5.9e-13,9.54e-12,BBC3,1.537241752,ENSG00000105327
ENSG00000233930.4,78.35752302,2.097080494,0.303411774,6.13e-13,9.9e-12,KRTAP5-AS1,2.097080494,ENSG00000233930
ENSG00000262979.1,17.6653228,2.493613085,0.361698001,6.21e-13,1e-11,AC124319.1,2.493613085,ENSG00000262979
ENSG00000014138.9,221.4173893,1.12361379,0.159466691,6.3e-13,1.02e-11,POLA2,1.12361379,ENSG00000014138
ENSG00000159409.15,21.70790715,2.986055514,0.436718704,6.6e-13,1.06e-11,CELF3,2.986055514,ENSG00000159409
ENSG00000188610.12,32.00581894,1.664200705,0.239570759,6.6e-13,1.06e-11,FAM72B,1.664200705,ENSG00000188610
ENSG00000135346.9,153.9515221,8.572617071,1.009489537,6.7e-13,1.08e-11,CGA,8.572617071,ENSG00000135346
ENSG00000166509.12,7192.83383,7.222754694,0.888031229,7.06e-13,1.13e-11,CLEC3A,7.222754694,ENSG00000166509
ENSG00000214207.2,8.928790541,2.333472106,0.33797536,7.14e-13,1.14e-11,KRT18P10,2.333472106,ENSG00000214207
ENSG00000144583.5,15.88946434,3.461115198,0.505536621,7.2e-13,1.15e-11,MARCHF4,3.461115198,ENSG00000144583
ENSG00000114656.12,213.7722604,1.580231508,0.227565541,7.31e-13,1.17e-11,CFAP92,1.580231508,ENSG00000114656
ENSG00000111057.11,30785.30163,2.118101716,0.306568837,7.38e-13,1.18e-11,KRT18,2.118101716,ENSG00000111057
ENSG00000163467.12,26.13203545,1.433890683,0.205960246,7.81e-13,1.24e-11,TSACC,1.433890683,ENSG00000163467
ENSG00000103415.12,2713.408797,1.010736113,0.142657355,7.87e-13,1.25e-11,HMOX2,1.010736113,ENSG00000103415
ENSG00000127554.13,318.1147084,1.467541658,0.211339791,8.04e-13,1.28e-11,GFER,1.467541658,ENSG00000127554
ENSG00000143977.14,1835.752967,1.004965581,0.142301671,8.32e-13,1.32e-11,SNRPG,1.004965581,ENSG00000143977
ENSG00000198681.7,31.54693391,7.359530693,1.106104399,8.65e-13,1.37e-11,MAGEA1,7.359530693,ENSG00000198681
ENSG00000153044.10,447.4986169,1.082847507,0.154775631,8.63e-13,1.37e-11,CENPH,1.082847507,ENSG00000153044
ENSG00000139714.12,120.3515536,1.301401249,0.186664448,8.77e-13,1.39e-11,MORN3,1.301401249,ENSG00000139714
ENSG00000254973.2,52.64175341,1.907559068,0.277132589,8.9e-13,1.41e-11,AC105219.3,1.907559068,ENSG00000254973
ENSG00000047230.15,2468.854112,1.002113663,0.141544267,8.94e-13,1.41e-11,CTPS2,1.002113663,ENSG00000047230
ENSG00000106077.18,2300.405712,1.358172224,0.194841388,9.17e-13,1.45e-11,ABHD11,1.358172224,ENSG00000106077
ENSG00000105472.13,687.6257753,1.546928953,0.223531879,9.28e-13,1.46e-11,CLEC11A,1.546928953,ENSG00000105472
ENSG00000090971.5,699.9352724,1.510278143,0.218314519,9.54e-13,1.5e-11,NAT14,1.510278143,ENSG00000090971
ENSG00000077327.16,36.55306541,1.770557292,0.368308712,9.69e-13,1.52e-11,SPAG6,1.770557292,ENSG00000077327
ENSG00000180176.15,38.57767693,4.164747589,0.617344767,9.99e-13,1.57e-11,TH,4.164747589,ENSG00000180176
ENSG00000164938.14,5068.368261,1.270746154,0.182628235,1e-12,1.57e-11,TP53INP1,1.270746154,ENSG00000164938
ENSG00000179627.10,1543.298697,1.171040238,0.168082463,1.04e-12,1.62e-11,ZBTB42,1.171040238,ENSG00000179627
ENSG00000139629.16,10793.61837,2.207898794,0.324552927,1.07e-12,1.68e-11,GALNT6,2.207898794,ENSG00000139629
ENSG00000196507.11,2776.372625,1.687658915,0.244964192,1.08e-12,1.69e-11,TCEAL3,1.687658915,ENSG00000196507
ENSG00000166557.14,6764.819242,1.234550232,0.17710715,1.09e-12,1.71e-11,TMED3,1.234550232,ENSG00000166557
ENSG00000030110.13,953.8873501,1.15089197,0.164814049,1.1e-12,1.71e-11,BAK1,1.15089197,ENSG00000030110
ENSG00000235978.6,101.2416543,3.017000006,0.446470993,1.11e-12,1.73e-11,AC018816.1,3.017000006,ENSG00000235978
ENSG00000163918.11,996.3478268,1.247579898,0.179640334,1.18e-12,1.84e-11,RFC4,1.247579898,ENSG00000163918
ENSG00000254337.2,9.166822602,3.330865702,0.494710457,1.19e-12,1.85e-11,AC083967.1,3.330865702,ENSG00000254337
ENSG00000168461.13,8889.555215,1.681891518,0.244998453,1.19e-12,1.85e-11,RAB31,1.681891518,ENSG00000168461
ENSG00000136982.6,480.6750452,1.596673383,0.232275865,1.19e-12,1.85e-11,DSCC1,1.596673383,ENSG00000136982
ENSG00000130204.13,2491.374577,1.073384648,0.153966497,1.23e-12,1.91e-11,TOMM40,1.073384648,ENSG00000130204
ENSG00000108639.8,10830.57316,1.006307174,0.143253509,1.26e-12,1.94e-11,SYNGR2,1.006307174,ENSG00000108639
ENSG00000214121.4,23.18047156,2.704073608,0.39974281,1.27e-12,1.96e-11,PRDX1P1,2.704073608,ENSG00000214121
ENSG00000223764.2,256.4317256,2.87534147,0.426519523,1.3e-12,2.01e-11,LINC02593,2.87534147,ENSG00000223764
ENSG00000241359.1,15.85561119,2.800632043,0.415081597,1.32e-12,2.03e-11,SYNPR-AS1,2.800632043,ENSG00000241359
ENSG00000225166.2,1.619285434,5.247700021,1.032596161,1.33e-12,2.04e-11,AC012462.1,5.247700021,ENSG00000225166
ENSG00000049768.16,220.0316732,2.070165018,0.3045275,1.33e-12,2.04e-11,FOXP3,2.070165018,ENSG00000049768
ENSG00000088305.18,373.4554699,1.556651082,0.226425489,1.33e-12,2.04e-11,DNMT3B,1.556651082,ENSG00000088305
ENSG00000108417.4,14.50059349,3.587340903,0.533739621,1.34e-12,2.07e-11,KRT37,3.587340903,ENSG00000108417
ENSG00000170498.9,11.93053446,3.127993781,0.465037233,1.35e-12,2.08e-11,KISS1,3.127993781,ENSG00000170498
ENSG00000109084.14,1535.160431,1.370121483,0.198681062,1.36e-12,2.1e-11,TMEM97,1.370121483,ENSG00000109084
ENSG00000101850.13,216.8888394,1.774460738,0.259634978,1.39e-12,2.14e-11,GPR143,1.774460738,ENSG00000101850
ENSG00000280721.1,24.0621746,2.050366498,0.302422949,1.45e-12,2.22e-11,LINC01943,2.050366498,ENSG00000280721
ENSG00000147536.12,256.4642021,1.665159481,0.243531661,1.5e-12,2.31e-11,GINS4,1.665159481,ENSG00000147536
ENSG00000165724.6,1010.754025,1.079132938,0.155806117,1.51e-12,2.32e-11,ZMYND19,1.079132938,ENSG00000165724
ENSG00000176890.16,250.3278372,1.607528751,0.235230526,1.63e-12,2.48e-11,TYMS,1.607528751,ENSG00000176890
ENSG00000197587.11,31.86406649,3.029560779,0.451091182,1.63e-12,2.49e-11,DMBX1,3.029560779,ENSG00000197587
ENSG00000174013.8,1772.159313,1.080495794,0.155288802,1.63e-12,2.49e-11,FBXO45,1.080495794,ENSG00000174013
ENSG00000111799.21,29925.31457,1.854397608,0.273783964,1.66e-12,2.53e-11,COL12A1,1.854397608,ENSG00000111799
ENSG00000117461.15,5653.6794,1.032919587,0.148617045,1.69e-12,2.58e-11,PIK3R3,1.032919587,ENSG00000117461
ENSG00000168350.8,2349.109129,2.327204711,0.345263801,1.74e-12,2.65e-11,DEGS2,2.327204711,ENSG00000168350
ENSG00000116329.11,87.90802157,2.729497537,0.407085896,1.75e-12,2.66e-11,OPRD1,2.729497537,ENSG00000116329
ENSG00000226087.2,47.77902714,3.344749266,0.503239601,1.83e-12,2.77e-11,AC073283.2,3.344749266,ENSG00000226087
ENSG00000164692.18,228700.8628,1.998603635,0.288460954,1.85e-12,2.8e-11,COL1A2,1.998603635,ENSG00000164692
ENSG00000173838.12,25.86829893,2.747128922,0.410227406,1.91e-12,2.89e-11,MARCHF10,2.747128922,ENSG00000173838
ENSG00000132026.14,15.76575881,4.801355871,0.723596575,1.93e-12,2.9099999999999998e-11,RTBDN,4.801355871,ENSG00000132026
ENSG00000189212.12,22.9493341,3.245319183,0.485634637,1.96e-12,2.95e-11,DPY19L2P1,3.245319183,ENSG00000189212
ENSG00000197238.5,9.779335335,2.745255936,0.408788189,1.99e-12,3.01e-11,H4C11,2.745255936,ENSG00000197238
ENSG00000196172.9,498.2391541,1.198646576,0.174219384,2.03e-12,3.05e-11,ZNF681,1.198646576,ENSG00000196172
ENSG00000196684.12,718.9084046,2.322138361,0.345175893,2.03e-12,3.06e-11,HSH2D,2.322138361,ENSG00000196684
ENSG00000167123.19,4128.58977,1.174589248,0.170128619,2.05e-12,3.08e-11,CERCAM,1.174589248,ENSG00000167123
ENSG00000188817.8,23.78689824,3.54308797,0.533232495,2.15e-12,3.22e-11,SNTN,3.54308797,ENSG00000188817
ENSG00000185130.5,7.42077988,3.029340437,0.452763325,2.16e-12,3.24e-11,H2BC13,3.029340437,ENSG00000185130
ENSG00000223485.4,35.12228947,1.791886358,0.265222214,2.28e-12,3.41e-11,LINC01615,1.791886358,ENSG00000223485
ENSG00000162078.11,4587.447219,2.568515878,0.384065526,2.32e-12,3.47e-11,ZG16B,2.568515878,ENSG00000162078
ENSG00000103254.10,459.1862356,1.574464826,0.232018715,2.34e-12,3.49e-11,ANTKMT,1.574464826,ENSG00000103254
ENSG00000215089.3,10.48153406,2.423725229,0.362270971,2.43e-12,3.61e-11,KRT18P11,2.423725229,ENSG00000215089
ENSG00000159217.10,17.61347662,2.979633795,0.448135255,2.43e-12,3.62e-11,IGF2BP1,2.979633795,ENSG00000159217
ENSG00000147676.14,9322.703373,1.671072668,0.247955957,2.46e-12,3.66e-11,MAL2,1.671072668,ENSG00000147676
ENSG00000126603.9,1490.375191,1.203284033,0.175722136,2.49e-12,3.69e-11,GLIS2,1.203284033,ENSG00000126603
ENSG00000014164.7,1566.622604,1.024334233,0.148663242,2.66e-12,3.94e-11,ZC3H3,1.024334233,ENSG00000014164
ENSG00000129038.16,2521.094498,1.629367537,0.241019208,2.71e-12,4.01e-11,LOXL1,1.629367537,ENSG00000129038
ENSG00000105289.15,2491.713928,1.973391036,0.294143361,2.91e-12,4.28e-11,TJP3,1.973391036,ENSG00000105289
ENSG00000185187.13,1931.11926,1.263779507,0.185271705,2.94e-12,4.33e-11,SIGIRR,1.263779507,ENSG00000185187
ENSG00000130477.15,49.82629291,2.322861655,0.349009473,3.06e-12,4.49e-11,UNC13A,2.322861655,ENSG00000130477
ENSG00000101825.8,19383.78648,1.400613244,0.204380188,3.06e-12,4.49e-11,MXRA5,1.400613244,ENSG00000101825
ENSG00000227440.1,9.324718435,2.25487713,0.338735026,3.09e-12,4.53e-11,ATP5MC1P4,2.25487713,ENSG00000227440
ENSG00000132196.15,593.7110086,1.055662958,0.153826934,3.14e-12,4.61e-11,HSD17B7,1.055662958,ENSG00000132196
ENSG00000179841.8,508.5183914,1.923979214,0.287054781,3.22e-12,4.71e-11,AKAP5,1.923979214,ENSG00000179841
ENSG00000196812.5,301.3165184,1.056498546,0.154375591,3.4e-12,4.96e-11,ZSCAN16,1.056498546,ENSG00000196812
ENSG00000175175.6,128.9969853,2.603927874,0.393433425,3.41e-12,4.97e-11,PPM1E,2.603927874,ENSG00000175175
ENSG00000069764.10,31.57317961,2.206423838,0.332176087,3.42e-12,4.99e-11,PLA2G10,2.206423838,ENSG00000069764
ENSG00000135248.15,10.80157681,2.91053043,0.441335097,3.51e-12,5.1e-11,FAM71F1,2.91053043,ENSG00000135248
ENSG00000103024.7,1858.766615,1.335265737,0.197473483,3.54e-12,5.15e-11,NME3,1.335265737,ENSG00000103024
ENSG00000184260.6,26.10730333,1.916773063,0.287382658,3.55e-12,5.16e-11,H2AC20,1.916773063,ENSG00000184260
ENSG00000126709.15,14288.47795,2.621755072,0.396589979,3.66e-12,5.31e-11,IFI6,2.621755072,ENSG00000126709
ENSG00000159625.15,13.22595732,3.206916328,0.489569911,3.74e-12,5.42e-11,DRC7,3.206916328,ENSG00000159625
ENSG00000272264.1,33.92707472,2.08758135,0.313732531,3.74e-12,5.42e-11,AC009686.2,2.08758135,ENSG00000272264
ENSG00000168275.16,804.7212446,1.111833603,0.163751051,3.75e-12,5.44e-11,COA6,1.111833603,ENSG00000168275
ENSG00000170075.9,50.33310266,3.255751589,0.342230363,3.77e-12,5.46e-11,GPR37L1,3.255751589,ENSG00000170075
ENSG00000268751.1,58.7881445,1.186379726,0.287357463,3.78e-12,5.47e-11,SCGB1B2P,1.186379726,ENSG00000268751
ENSG00000121904.17,128.0494751,1.919689835,0.288288933,3.8e-12,5.5e-11,CSMD2,1.919689835,ENSG00000121904
ENSG00000184635.16,529.3478759,1.168184457,0.171829629,3.88e-12,5.6e-11,ZNF93,1.168184457,ENSG00000184635
ENSG00000097046.13,415.9136184,1.289764809,0.191020623,3.9e-12,5.62e-11,CDC7,1.289764809,ENSG00000097046
ENSG00000133169.6,491.3663717,1.831836228,0.664303323,3.92e-12,5.65e-11,BEX1,1.831836228,ENSG00000133169
ENSG00000196562.14,10593.17604,1.185816138,0.175922041,4.06e-12,5.84e-11,SULF2,1.185816138,ENSG00000196562
ENSG00000254548.1,3.885653352,3.94727292,0.623301867,4.08e-12,5.86e-11,AC105219.1,3.94727292,ENSG00000254548
ENSG00000124635.9,120.8099955,2.093408366,0.315553686,4.08e-12,5.86e-11,H2BC11,2.093408366,ENSG00000124635
ENSG00000146955.11,177.1182668,1.768791806,0.264989574,4.07e-12,5.86e-11,RAB19,1.768791806,ENSG00000146955
ENSG00000017483.15,333.4602028,1.665866065,0.248926119,4.13e-12,5.92e-11,SLC38A5,1.665866065,ENSG00000017483
ENSG00000100558.9,313.407853,1.425882923,0.212149231,4.12e-12,5.92e-11,PLEK2,1.425882923,ENSG00000100558
ENSG00000276272.1,4.584698064,2.543239439,0.381804728,4.24e-12,6.08e-11,AC024884.2,2.543239439,ENSG00000276272
ENSG00000184992.13,1603.126738,1.032462606,0.150841329,4.4e-12,6.29e-11,BRI3BP,1.032462606,ENSG00000184992
ENSG00000158710.15,33471.64651,1.004527736,0.146347386,4.41e-12,6.29e-11,TAGLN2,1.004527736,ENSG00000158710
ENSG00000282988.2,43.74598851,3.359333276,0.513172567,4.46e-12,6.37e-11,AL031777.2,3.359333276,ENSG00000282988
ENSG00000181085.15,526.4223225,2.742050302,0.417616494,4.64e-12,6.6e-11,MAPK15,2.742050302,ENSG00000181085
ENSG00000090534.20,171.1607409,2.343811196,0.355948237,4.67e-12,6.65e-11,THPO,2.343811196,ENSG00000090534
ENSG00000161996.19,1554.217987,1.256410349,0.185929746,4.74e-12,6.74e-11,WDR90,1.256410349,ENSG00000161996
ENSG00000174945.13,155.7901865,2.582948555,0.393161278,4.78e-12,6.79e-11,AMZ1,2.582948555,ENSG00000174945
ENSG00000101146.13,2923.885905,1.38344868,0.205592149,4.85e-12,6.88e-11,RAE1,1.38344868,ENSG00000101146
ENSG00000140263.15,2386.481714,1.901097837,0.286312771,4.9e-12,6.94e-11,SORD,1.901097837,ENSG00000140263
ENSG00000165949.12,16657.83477,2.534722853,0.386317794,4.96e-12,7.02e-11,IFI27,2.534722853,ENSG00000165949
ENSG00000170558.10,374.7537209,2.434100339,0.370399847,5.03e-12,7.1e-11,CDH2,2.434100339,ENSG00000170558
ENSG00000128045.7,12.16903658,1.836037863,0.276125214,5.06e-12,7.14e-11,RASL11B,1.836037863,ENSG00000128045
ENSG00000214077.4,62.74649371,2.282166613,0.346501161,5.11e-12,7.2e-11,GNAQP1,2.282166613,ENSG00000214077
ENSG00000204624.8,54.58495731,2.453957111,0.373671137,5.31e-12,7.47e-11,DISP3,2.453957111,ENSG00000204624
ENSG00000139618.16,461.1867163,1.371003394,0.204393567,5.37e-12,7.55e-11,BRCA2,1.371003394,ENSG00000139618
ENSG00000116191.17,3749.916003,1.485913493,0.221993905,5.39e-12,7.57e-11,RALGPS2,1.485913493,ENSG00000116191
ENSG00000285043.2,118.3322913,1.393438661,0.208314125,5.51e-12,7.73e-11,AC093512.2,1.393438661,ENSG00000285043
ENSG00000244564.2,2.036912309,4.171554162,0.719120906,5.58e-12,7.82e-11,PRICKLE2-DT,4.171554162,ENSG00000244564
ENSG00000121753.12,1093.169231,1.765998028,0.266129408,5.58e-12,7.82e-11,ADGRB2,1.765998028,ENSG00000121753
ENSG00000088356.6,1319.306132,1.108904953,0.163906626,5.75e-12,8.05e-11,PDRG1,1.108904953,ENSG00000088356
ENSG00000143797.12,3995.397583,1.572661798,0.236411385,5.78e-12,8.08e-11,MBOAT2,1.572661798,ENSG00000143797
ENSG00000106268.15,640.3249219,1.079571546,0.160086698,5.77e-12,8.08e-11,NUDT1,1.079571546,ENSG00000106268
ENSG00000243449.6,104.1110393,1.715681527,0.259137861,5.93e-12,8.28e-11,C4orf48,1.715681527,ENSG00000243449
ENSG00000198251.7,31.47306172,5.244505388,0.815124396,5.97e-12,8.32e-11,CYP2A7P2,5.244505388,ENSG00000198251
ENSG00000149609.6,12.55450696,1.384321099,0.206711698,6.01e-12,8.38e-11,C20orf144,1.384321099,ENSG00000149609
ENSG00000181610.13,2770.905576,1.188253181,0.176886817,6.02e-12,8.38e-11,MRPS23,1.188253181,ENSG00000181610
ENSG00000204950.4,177.8214483,2.32686141,0.355253952,6.12e-12,8.52e-11,LRRC10B,2.32686141,ENSG00000204950
ENSG00000213013.4,14.83582998,2.300355436,0.349462467,6.17e-12,8.58e-11,RPS15AP36,2.300355436,ENSG00000213013
ENSG00000120075.5,344.7693222,2.999859738,0.461500561,6.47e-12,8.97e-11,HOXB5,2.999859738,ENSG00000120075
ENSG00000204580.13,19204.3876,1.135280351,0.168091851,6.51e-12,9.03e-11,DDR1,1.135280351,ENSG00000204580
ENSG00000164754.15,17521.55571,1.087207272,0.160770758,6.6e-12,9.14e-11,RAD21,1.087207272,ENSG00000164754
ENSG00000287566.1,34.3927537,2.654617771,0.407207017,6.66e-12,9.21e-11,AL732437.3,2.654617771,ENSG00000287566
ENSG00000237594.2,20.23063123,2.153860569,0.328160359,6.66e-12,9.21e-11,AP000251.1,2.153860569,ENSG00000237594
ENSG00000101199.13,4216.1447,1.247243082,0.185852394,6.68e-12,9.23e-11,ARFGAP1,1.247243082,ENSG00000101199
ENSG00000261713.6,6.1625727,5.112825637,0.832512052,7.21e-12,9.94e-11,SSTR5-AS1,5.112825637,ENSG00000261713
ENSG00000170298.15,20.63483611,3.503477165,0.541933825,7.68e-12,1.06e-10,LGALS9B,3.503477165,ENSG00000170298
ENSG00000273551.1,3.679721157,4.31170024,0.699380028,7.88e-12,1.08e-10,AC120498.8,4.31170024,ENSG00000273551
ENSG00000082458.12,3950.546825,1.192586168,0.177892161,7.86e-12,1.08e-10,DLG3,1.192586168,ENSG00000082458
ENSG00000100304.13,4331.638934,1.371167946,0.205976838,7.99e-12,1.1e-10,TTLL12,1.371167946,ENSG00000100304
ENSG00000117148.8,10.78761047,4.026489939,0.628985797,8.25e-12,1.13e-10,ACTL8,4.026489939,ENSG00000117148
ENSG00000152669.9,691.171956,3.123398905,0.483762244,8.32e-12,1.14e-10,CCNO,3.123398905,ENSG00000152669
ENSG00000138684.9,5.196143544,1.245795645,0.571548099,8.84e-12,1.21e-10,IL21,1.245795645,ENSG00000138684
ENSG00000279511.1,3.457014979,4.392866248,0.714785136,8.98e-12,1.22e-10,AL356274.2,4.392866248,ENSG00000279511
ENSG00000287747.1,7.504407861,3.919664228,0.63456706,8.92e-12,1.22e-10,AF233439.2,3.919664228,ENSG00000287747
ENSG00000153406.14,2490.769294,1.278411851,0.192159715,9.09e-12,1.24e-10,NMRAL1,1.278411851,ENSG00000153406
ENSG00000177181.15,335.8843534,1.969064255,0.301451152,9.15e-12,1.25e-10,RIMKLA,1.969064255,ENSG00000177181
ENSG00000176920.13,473.8452343,2.11576887,0.325002268,9.25e-12,1.26e-10,FUT2,2.11576887,ENSG00000176920
ENSG00000115687.14,808.9377965,1.204582041,0.180543627,9.34e-12,1.27e-10,PASK,1.204582041,ENSG00000115687
ENSG00000183734.4,179.0784864,2.51509147,0.388462991,9.46e-12,1.28e-10,ASCL2,2.51509147,ENSG00000183734
ENSG00000284610.1,10.12701078,1.979982545,0.303788406,9.67e-12,1.3100000000000001e-10,AC107918.4,1.979982545,ENSG00000284610
ENSG00000272183.1,22.35561404,1.573746736,0.239555431,9.76e-12,1.32e-10,AC005041.3,1.573746736,ENSG00000272183
ENSG00000188312.14,340.0097174,1.410318389,0.213570986,9.79e-12,1.33e-10,CENPP,1.410318389,ENSG00000188312
ENSG00000178401.16,917.4610889,2.242905028,0.346219703,1.01e-11,1.37e-10,DNAJC22,2.242905028,ENSG00000178401
ENSG00000149782.13,2395.843421,1.038064703,0.155602142,1.02e-11,1.38e-10,PLCB3,1.038064703,ENSG00000149782
ENSG00000106605.11,3610.216234,1.003857109,0.149148567,1.05e-11,1.42e-10,BLVRA,1.003857109,ENSG00000106605
ENSG00000158406.5,1330.24699,2.74049409,0.426067728,1.07e-11,1.45e-10,H4C8,2.74049409,ENSG00000158406
ENSG00000149257.16,12620.3546,1.070062869,0.159762942,1.09e-11,1.47e-10,SERPINH1,1.070062869,ENSG00000149257
ENSG00000136522.14,2036.118936,1.132852165,0.169836807,1.11e-11,1.5e-10,MRPL47,1.132852165,ENSG00000136522
ENSG00000108344.15,13415.84402,1.928117424,0.297258863,1.14e-11,1.54e-10,PSMD3,1.928117424,ENSG00000108344
ENSG00000235655.3,354.5835158,1.318824973,0.200276714,1.16e-11,1.56e-10,H3P6,1.318824973,ENSG00000235655
ENSG00000228613.1,58.8269794,2.039856666,0.314556604,1.17e-11,1.57e-10,AC141930.1,2.039856666,ENSG00000228613
ENSG00000130762.15,1046.857712,1.333224276,0.202018018,1.18e-11,1.58e-10,ARHGEF16,1.333224276,ENSG00000130762
ENSG00000230873.9,403.8508507,2.658713007,0.41357388,1.19e-11,1.6e-10,STMND1,2.658713007,ENSG00000230873
ENSG00000184678.10,3473.018969,1.922008971,0.295670984,1.22e-11,1.64e-10,H2BC21,1.922008971,ENSG00000184678
ENSG00000197774.13,650.6648378,1.780440259,0.273308505,1.23e-11,1.64e-10,EME2,1.780440259,ENSG00000197774
ENSG00000099769.6,87.72398239,2.343122996,0.363452334,1.24e-11,1.66e-10,IGFALS,2.343122996,ENSG00000099769
ENSG00000225131.2,45.25255691,1.569515215,0.239857536,1.24e-11,1.66e-10,PSME2P2,1.569515215,ENSG00000225131
ENSG00000174744.14,2259.505634,1.033372182,0.155708169,1.27e-11,1.7e-10,BRMS1,1.033372182,ENSG00000174744
ENSG00000105290.13,291.4424596,1.788889689,0.275245375,1.29e-11,1.72e-10,APLP1,1.788889689,ENSG00000105290
ENSG00000168502.17,711.7507601,1.70738342,0.262577895,1.32e-11,1.75e-10,MTCL1,1.70738342,ENSG00000168502
ENSG00000176101.12,2169.542777,1.110921209,0.167123384,1.32e-11,1.75e-10,SSNA1,1.110921209,ENSG00000176101
ENSG00000159055.4,700.2039887,1.063101215,0.159747919,1.34e-11,1.78e-10,MIS18A,1.063101215,ENSG00000159055
ENSG00000164105.4,542.7531534,1.185690568,0.179944901,1.35e-11,1.79e-10,SAP30,1.185690568,ENSG00000164105
ENSG00000106089.12,265.9744753,1.569930162,0.240890953,1.36e-11,1.81e-10,STX1A,1.569930162,ENSG00000106089
ENSG00000221955.11,895.4951084,1.37689256,0.209557951,1.36e-11,1.81e-10,SLC12A8,1.37689256,ENSG00000221955
ENSG00000215023.2,6.339336152,3.642780853,0.571729979,1.38e-11,1.83e-10,AC131097.1,3.642780853,ENSG00000215023
ENSG00000244265.2,50.35091999,2.198829035,0.340851845,1.38e-11,1.83e-10,SIAH2-AS1,2.198829035,ENSG00000244265
ENSG00000108932.12,2025.830781,2.778931971,0.434034617,1.41e-11,1.87e-10,SLC16A6,2.778931971,ENSG00000108932
ENSG00000165233.18,1358.119903,1.337245536,0.203488808,1.49e-11,1.96e-10,CARD19,1.337245536,ENSG00000165233
ENSG00000043355.12,88.49879204,2.984322847,0.468498585,1.51e-11,2e-10,ZIC2,2.984322847,ENSG00000043355
ENSG00000170231.16,30.82672399,4.191090399,0.663560808,1.52e-11,2.01e-10,FABP6,4.191090399,ENSG00000170231
ENSG00000180596.7,308.1127694,2.34305409,0.365428345,1.54e-11,2.03e-10,H2BC4,2.34305409,ENSG00000180596
ENSG00000141378.15,1514.542153,1.320275473,0.201228813,1.54e-11,2.03e-10,PTRH2,1.320275473,ENSG00000141378
ENSG00000166920.13,376.9167514,2.508656369,0.392179781,1.56e-11,2.05e-10,C15orf48,2.508656369,ENSG00000166920
ENSG00000133665.13,50.08655109,2.611833284,0.408915141,1.57e-11,2.07e-10,DYDC2,2.611833284,ENSG00000133665
ENSG00000226266.6,35.57278559,1.258023014,0.192036791,1.62e-11,2.13e-10,AC009961.1,1.258023014,ENSG00000226266
ENSG00000198246.9,1208.854373,1.28033944,0.195019683,1.68e-11,2.2e-10,SLC29A3,1.28033944,ENSG00000198246
ENSG00000231852.9,103.161664,2.670024734,0.418803007,1.69e-11,2.21e-10,CYP21A2,2.670024734,ENSG00000231852
ENSG00000130545.16,607.4665289,1.651860519,0.25471628,1.72e-11,2.25e-10,CRB3,1.651860519,ENSG00000130545
ENSG00000243479.3,56.72860241,3.12553622,0.492344794,1.74e-11,2.28e-10,MNX1-AS1,3.12553622,ENSG00000243479
ENSG00000260284.1,57.30580827,3.348163243,0.528907397,1.75e-11,2.29e-10,TPSP2,3.348163243,ENSG00000260284
ENSG00000204710.2,22.659383,4.403251959,0.699424418,1.76e-11,2.3e-10,SPDYC,4.403251959,ENSG00000204710
ENSG00000165490.13,287.8979772,1.325438595,0.203056543,1.83e-11,2.38e-10,DDIAS,1.325438595,ENSG00000165490
ENSG00000286591.1,5.22349538,2.798364223,0.440821781,1.83e-11,2.39e-10,AC006197.2,2.798364223,ENSG00000286591
ENSG00000183814.15,574.9741522,1.098544494,0.166739876,1.84e-11,2.39e-10,LIN9,1.098544494,ENSG00000183814
ENSG00000179588.9,305.8691241,1.169339527,0.178512733,1.87e-11,2.43e-10,ZFPM1,1.169339527,ENSG00000179588
ENSG00000213937.4,42.32582765,2.516790499,0.396273733,1.87e-11,2.44e-10,CLDN9,2.516790499,ENSG00000213937
ENSG00000264350.1,79.37987324,1.210001922,0.185065811,1.92e-11,2.5e-10,SNRPGP2,1.210001922,ENSG00000264350
ENSG00000263745.7,6.96449574,3.618155586,0.570087565,1.93e-11,2.51e-10,AP005230.1,3.618155586,ENSG00000263745
ENSG00000105467.9,7.155193338,2.525318627,0.398125273,1.99e-11,2.58e-10,SYNGR4,2.525318627,ENSG00000105467
ENSG00000122711.9,19.29740406,3.417753557,0.54001613,2.09e-11,2.71e-10,SPINK4,3.417753557,ENSG00000122711
ENSG00000103363.15,6182.935197,1.169143374,0.178276631,2.15e-11,2.78e-10,ELOB,1.169143374,ENSG00000103363
ENSG00000196364.9,5.589166191,3.646239176,0.577058531,2.26e-11,2.91e-10,PRSS29P,3.646239176,ENSG00000196364
ENSG00000178896.9,738.4758157,1.232199681,0.188691668,2.27e-11,2.93e-10,EXOSC4,1.232199681,ENSG00000178896
ENSG00000136574.18,30.20498756,4.768145454,0.763679984,2.29e-11,2.95e-10,GATA4,4.768145454,ENSG00000136574
ENSG00000260573.4,34.71776018,3.658779581,0.582905458,2.3e-11,2.96e-10,AC007493.1,3.658779581,ENSG00000260573
ENSG00000135114.12,823.1821026,2.230018534,0.350640381,2.3e-11,2.96e-10,OASL,2.230018534,ENSG00000135114
ENSG00000123159.16,4454.240618,1.05225274,0.160224915,2.29e-11,2.96e-10,GIPC1,1.05225274,ENSG00000123159
ENSG00000011677.13,67.4615405,5.279175024,0.848359764,2.4e-11,3.08e-10,GABRA3,5.279175024,ENSG00000011677
ENSG00000233101.10,129.232388,3.393682251,0.540598118,2.46e-11,3.15e-10,HOXB-AS3,3.393682251,ENSG00000233101
ENSG00000067715.14,1013.424393,2.612174284,0.413065654,2.53e-11,3.24e-10,SYT1,2.612174284,ENSG00000067715
ENSG00000272841.1,233.5800658,1.415693389,0.219115978,2.54e-11,3.25e-10,MAP3K4-AS1,1.415693389,ENSG00000272841
ENSG00000117394.24,4154.688587,1.256754549,0.19374126,2.55e-11,3.27e-10,SLC2A1,1.256754549,ENSG00000117394
ENSG00000114770.17,3540.383383,1.132206054,0.173353548,2.59e-11,3.31e-10,ABCC5,1.132206054,ENSG00000114770
ENSG00000171916.17,24.43678756,3.017034267,0.479517381,2.75e-11,3.52e-10,LGALS9C,3.017034267,ENSG00000171916
ENSG00000203288.4,29.16394828,1.25352536,0.193796738,2.78e-11,3.55e-10,TDRKH-AS1,1.25352536,ENSG00000203288
ENSG00000251151.2,36.54449478,3.11583989,0.496676858,2.81e-11,3.58e-10,HOXC-AS3,3.11583989,ENSG00000251151
ENSG00000179101.5,18.0799914,1.210034633,0.18633823,2.82e-11,3.59e-10,H3P47,1.210034633,ENSG00000179101
ENSG00000272468.1,38.68335682,2.13033634,0.336165585,2.84e-11,3.61e-10,AL021807.1,2.13033634,ENSG00000272468
ENSG00000038427.16,19279.93196,1.945400742,0.304428063,2.88e-11,3.66e-10,VCAN,1.945400742,ENSG00000038427
ENSG00000104899.8,58.94026915,2.522521626,0.4013997,3.02e-11,3.83e-10,AMH,2.522521626,ENSG00000104899
ENSG00000287900.1,117.0538742,4.628332761,0.74694844,3.09e-11,3.91e-10,AC061961.1,4.628332761,ENSG00000287900
ENSG00000144040.13,1387.982081,1.489606636,0.23201595,3.09e-11,3.91e-10,SFXN5,1.489606636,ENSG00000144040
ENSG00000213853.10,10851.34454,1.049780237,0.16033701,3.09e-11,3.91e-10,EMP2,1.049780237,ENSG00000213853
ENSG00000136379.12,1397.738661,1.380390456,0.214691885,3.12e-11,3.95e-10,ABHD17C,1.380390456,ENSG00000136379
ENSG00000168394.11,4636.583877,1.56796222,0.245152213,3.17e-11,4.01e-10,TAP1,1.56796222,ENSG00000168394
ENSG00000141682.12,781.9687311,1.961699403,0.309239557,3.22e-11,4.07e-10,PMAIP1,1.961699403,ENSG00000141682
ENSG00000143256.5,1915.07504,1.071475001,0.165073596,3.25e-11,4.1e-10,PFDN2,1.071475001,ENSG00000143256
ENSG00000162910.19,1534.240848,1.043551041,0.159803168,3.27e-11,4.12e-10,MRPL55,1.043551041,ENSG00000162910
ENSG00000051596.10,462.6158808,1.112118065,0.171005472,3.3e-11,4.16e-10,THOC3,1.112118065,ENSG00000051596
ENSG00000167880.8,2280.707212,1.878553439,0.295703315,3.32e-11,4.18e-10,EVPL,1.878553439,ENSG00000167880
ENSG00000070031.4,30.50154292,3.029037735,0.491359985,3.33e-11,4.19e-10,SCT,3.029037735,ENSG00000070031
ENSG00000136541.15,67.49162696,2.095778112,0.331473975,3.34e-11,4.21e-10,ERMN,2.095778112,ENSG00000136541
ENSG00000198003.12,49.15049897,1.870890656,0.29528528,3.4e-11,4.27e-10,CCDC151,1.870890656,ENSG00000198003
ENSG00000236311.6,6.807741277,6.879885664,1.167075204,3.41e-11,4.29e-10,TLX1NB,6.879885664,ENSG00000236311
ENSG00000039560.14,3310.253233,1.035668589,0.15865996,3.41e-11,4.29e-10,RAI14,1.035668589,ENSG00000039560
ENSG00000187037.8,56.9874466,2.069531571,0.327670319,3.49e-11,4.38e-10,GPR141,2.069531571,ENSG00000187037
ENSG00000284946.1,53.13229672,1.328818036,0.206554113,3.49e-11,4.38e-10,AC068831.6,1.328818036,ENSG00000284946
ENSG00000138623.10,473.2654923,1.391338688,0.216703162,3.61e-11,4.52e-10,SEMA7A,1.391338688,ENSG00000138623
ENSG00000249684.6,69.14985793,1.731071432,0.272670472,3.64e-11,4.56e-10,AC106795.2,1.731071432,ENSG00000249684
ENSG00000103202.13,5658.046512,1.057675769,0.162264564,3.73e-11,4.66e-10,NME4,1.057675769,ENSG00000103202
ENSG00000162702.8,2759.389902,1.122541183,0.173936253,3.76e-11,4.69e-10,ZNF281,1.122541183,ENSG00000162702
ENSG00000182272.12,1146.284075,1.99306509,0.316022912,3.79e-11,4.73e-10,B4GALNT4,1.99306509,ENSG00000182272
ENSG00000164104.12,5697.359349,1.232879578,0.190933819,3.81e-11,4.75e-10,HMGB2,1.232879578,ENSG00000164104
ENSG00000111110.12,2921.975048,1.392170251,0.217663124,3.85e-11,4.8e-10,PPM1H,1.392170251,ENSG00000111110
ENSG00000161179.14,692.6644359,1.297758962,0.202328328,4.07e-11,5.06e-10,YDJC,1.297758962,ENSG00000161179
ENSG00000149948.14,20.13394365,1.79696711,0.283572098,4.16e-11,5.17e-10,HMGA2,1.79696711,ENSG00000149948
ENSG00000139354.11,377.9035933,1.186321494,0.184387827,4.29e-11,5.32e-10,GAS2L3,1.186321494,ENSG00000139354
ENSG00000152049.6,3294.138023,2.593469027,0.416982114,4.42e-11,5.46e-10,KCNE4,2.593469027,ENSG00000152049
ENSG00000259153.2,105.741127,1.493465272,0.235075598,4.41e-11,5.46e-10,AC004816.1,1.493465272,ENSG00000259153
ENSG00000127585.12,1309.636326,2.053599858,0.327155415,4.42e-11,5.47e-10,FBXL16,2.053599858,ENSG00000127585
ENSG00000264425.1,8.017418881,2.255309059,0.357344689,4.47e-11,5.52e-10,MIR4653,2.255309059,ENSG00000264425
ENSG00000105649.10,279.2170505,1.347404353,0.211113035,4.52e-11,5.58e-10,RAB3A,1.347404353,ENSG00000105649
ENSG00000157766.19,252.5164035,2.690935617,0.433201957,4.61e-11,5.68e-10,ACAN,2.690935617,ENSG00000157766
ENSG00000277182.1,55.6980049,1.457236082,0.229272448,4.61e-11,5.68e-10,AC006449.5,1.457236082,ENSG00000277182
ENSG00000276966.2,65.03206404,2.719219551,0.437843778,4.71e-11,5.8e-10,H4C5,2.719219551,ENSG00000276966
ENSG00000256037.1,6.12761762,3.010928501,0.49322062,4.81e-11,5.92e-10,MRPL40P1,3.010928501,ENSG00000256037
ENSG00000260469.3,15.7500789,5.972753176,1.00398004,4.86e-11,5.97e-10,INSYN1-AS1,5.972753176,ENSG00000260469
ENSG00000103257.9,3411.404577,1.782454121,0.283056192,4.86e-11,5.97e-10,SLC7A5,1.782454121,ENSG00000103257
ENSG00000123191.16,1348.220269,1.472240607,0.231844089,4.92e-11,6.04e-10,ATP7B,1.472240607,ENSG00000123191
ENSG00000260810.1,19.6600311,1.95881737,0.312810753,4.98e-11,6.11e-10,AL135818.2,1.95881737,ENSG00000260810
ENSG00000118946.12,508.2084222,1.38672978,0.217897198,5.01e-11,6.14e-10,PCDH17,1.38672978,ENSG00000118946
ENSG00000065057.9,747.0823023,1.287415239,0.201964095,5.05e-11,6.19e-10,NTHL1,1.287415239,ENSG00000065057
ENSG00000251141.6,2572.916832,2.965242887,0.480009505,5.07e-11,6.21e-10,MRPS30-DT,2.965242887,ENSG00000251141
ENSG00000231203.1,4.053095969,2.555489717,0.406580662,5.24e-11,6.4e-10,KRT8P10,2.555489717,ENSG00000231203
ENSG00000131876.17,1615.424456,1.035906155,0.160684407,5.24e-11,6.4e-10,SNRPA1,1.035906155,ENSG00000131876
ENSG00000178796.13,26.21778659,3.758686891,0.454098863,5.28e-11,6.45e-10,RIIAD1,3.758686891,ENSG00000178796
ENSG00000283538.3,17.68612673,2.315087934,0.371852354,5.33e-11,6.51e-10,AC005972.3,2.315087934,ENSG00000283538
ENSG00000204991.11,493.2154771,1.412124935,0.222339484,5.35e-11,6.53e-10,SPIRE2,1.412124935,ENSG00000204991
ENSG00000273542.2,13.3159938,2.212708508,0.354430843,5.39e-11,6.57e-10,H4C12,2.212708508,ENSG00000273542
ENSG00000171695.10,7.731945585,3.816607249,0.624397298,5.42e-11,6.6e-10,LKAAEAR1,3.816607249,ENSG00000171695
ENSG00000215217.7,168.2234277,2.176701999,0.349437738,5.43e-11,6.61e-10,C5orf49,2.176701999,ENSG00000215217
ENSG00000110080.20,1720.542493,1.200149526,0.187467814,5.46e-11,6.65e-10,ST3GAL4,1.200149526,ENSG00000110080
ENSG00000100290.3,515.051401,1.789911279,0.285225733,5.79e-11,7.04e-10,BIK,1.789911279,ENSG00000100290
ENSG00000250091.3,196.1695481,1.241309167,0.195002052,5.79e-11,7.04e-10,DNAH10OS,1.241309167,ENSG00000250091
ENSG00000138496.16,5808.610697,1.250357748,0.195834138,5.96e-11,7.23e-10,PARP9,1.250357748,ENSG00000138496
ENSG00000143545.10,792.6875056,1.05923923,0.165599506,6.07e-11,7.34e-10,RAB13,1.05923923,ENSG00000143545
ENSG00000149968.12,423.6486133,2.188836777,0.352377797,6.13e-11,7.41e-10,MMP3,2.188836777,ENSG00000149968
ENSG00000187164.20,4112.204061,1.057782439,0.165039227,6.13e-11,7.41e-10,SHTN1,1.057782439,ENSG00000187164
ENSG00000187837.4,3693.668111,2.217479305,0.356041225,6.15e-11,7.43e-10,H1-2,2.217479305,ENSG00000187837
ENSG00000238000.1,30.41108974,1.554054763,0.246543102,6.23e-11,7.52e-10,PSME2P1,1.554054763,ENSG00000238000
ENSG00000149926.13,48.82441989,2.279119536,0.368036241,6.26e-11,7.55e-10,TLCD3B,2.279119536,ENSG00000149926
ENSG00000280119.1,167.2598921,2.384058137,0.385372976,6.34e-11,7.64e-10,AC093642.3,2.384058137,ENSG00000280119
ENSG00000183196.10,100.1124953,1.998111426,0.320792256,6.35e-11,7.66e-10,CHST6,1.998111426,ENSG00000183196
ENSG00000254285.3,245.2401235,2.079051973,0.334485,6.45e-11,7.77e-10,KRT8P3,2.079051973,ENSG00000254285
ENSG00000146386.8,1726.231023,1.297131394,0.204779098,6.49e-11,7.81e-10,ABRACL,1.297131394,ENSG00000146386
ENSG00000226915.1,5.957402618,2.947721829,0.475924579,6.63e-11,7.97e-10,RPL19P4,2.947721829,ENSG00000226915
ENSG00000124496.12,1433.997074,1.233306103,0.193789567,6.79e-11,8.15e-10,TRERF1,1.233306103,ENSG00000124496
ENSG00000224577.3,95.14704632,1.804113137,0.289045121,6.94e-11,8.32e-10,LINC01117,1.804113137,ENSG00000224577
ENSG00000263325.1,6.426241858,2.423721971,0.390420707,7.15e-11,8.56e-10,AC003965.2,2.423721971,ENSG00000263325
ENSG00000152766.6,385.972568,2.004667417,0.322785322,7.22e-11,8.63e-10,ANKRD22,2.004667417,ENSG00000152766
ENSG00000227036.8,144.287643,1.947710571,0.313284723,7.28e-11,8.7e-10,LINC00511,1.947710571,ENSG00000227036
ENSG00000160188.10,309.1911033,1.905385122,0.306714724,7.45e-11,8.88e-10,RSPH1,1.905385122,ENSG00000160188
ENSG00000130731.16,1910.830244,1.208718869,0.189924147,7.5e-11,8.94e-10,METTL26,1.208718869,ENSG00000130731
ENSG00000162746.14,105.1914082,2.442115615,0.326191907,7.92e-11,9.39e-10,FCRLB,2.442115615,ENSG00000162746
ENSG00000167702.13,699.5957444,1.956941555,0.315887966,8e-11,9.48e-10,KIFC2,1.956941555,ENSG00000167702
ENSG00000075891.22,61.60178759,3.030228741,0.496419912,8.01e-11,9.5e-10,PAX2,3.030228741,ENSG00000075891
ENSG00000249042.6,104.1898227,1.083819856,0.170610656,8.06e-11,9.55e-10,AC008771.1,1.083819856,ENSG00000249042
ENSG00000111775.3,1493.775422,1.120883997,0.176855863,8.34e-11,9.87e-10,COX6A1,1.120883997,ENSG00000111775
ENSG00000179082.3,36.77069106,1.999885326,0.323732256,8.41e-11,9.94e-10,C9orf106,1.999885326,ENSG00000179082
ENSG00000196427.13,103.7490049,3.473299509,0.571015752,8.47e-11,1e-9,NBPF4,3.473299509,ENSG00000196427
ENSG00000142606.16,106.7195486,1.528116794,0.244880477,8.78e-11,1.03e-9,MMEL1,1.528116794,ENSG00000142606
ENSG00000188322.8,1584.139018,1.902245768,0.307530324,9.11e-11,1.07e-9,SBK1,1.902245768,ENSG00000188322
ENSG00000203362.2,26.75657878,1.214871125,0.192706764,9.13e-11,1.07e-9,POLH-AS1,1.214871125,ENSG00000203362
ENSG00000033170.17,3228.480878,1.183111154,0.186825404,9.28e-11,1.09e-9,FUT8,1.183111154,ENSG00000033170
ENSG00000236081.1,26.763957220000002,3.822421168,0.630647492,9.34e-11,1.1e-9,ELFN1-AS1,3.822421168,ENSG00000236081
ENSG00000141756.19,6542.505664,1.304841043,0.20675849600000001,9.54e-11,1.12e-9,FKBP10,1.304841043,ENSG00000141756
ENSG00000168528.12,8807.846294,1.387649043,0.221109145,9.68e-11,1.14e-9,SERINC2,1.387649043,ENSG00000168528
ENSG00000118640.11,5817.97866,1.108412824,0.175482494,9.72e-11,1.14e-9,VAMP8,1.108412824,ENSG00000118640
ENSG00000267751.5,29.13134625,2.181358365,0.354531341,9.8e-11,1.15e-9,AC009005.1,2.181358365,ENSG00000267751
ENSG00000011347.10,5448.244186,1.519934058,0.24275,9.77e-11,1.15e-9,SYT7,1.519934058,ENSG00000011347
ENSG00000197272.2,8.696033473,1.914467089,0.309599043,9.88e-11,1.16e-9,IL27,1.914467089,ENSG00000197272
ENSG00000224853.3,2.916327083,1.696102942,0.402559431,9.98e-11,1.17e-9,LINC00393,1.696102942,ENSG00000224853
ENSG00000174343.6,12.64924447,8.300791209,0.525325291,1.01e-10,1.19e-9,CHRNA9,8.300791209,ENSG00000174343
ENSG00000130513.6,668.5980385,2.134246599,0.347507402,1.01e-10,1.19e-9,GDF15,2.134246599,ENSG00000130513
ENSG00000124813.23,975.4862956,1.442914772,0.230884059,1.05e-10,1.22e-9,RUNX2,1.442914772,ENSG00000124813
ENSG00000160349.10,2.704000674,4.689634876,0.860679077,1.06e-10,1.24e-9,LCN1,4.689634876,ENSG00000160349
ENSG00000278677.2,3.605622119,3.663635591,0.612436186,1.06e-10,1.24e-9,H2AC17,3.663635591,ENSG00000278677
ENSG00000236449.2,28.43005972,3.32409268,0.550495367,1.07e-10,1.25e-9,AC010894.2,3.32409268,ENSG00000236449
ENSG00000262772.2,185.7675962,1.973814234,0.321157676,1.12e-10,1.31e-9,LINC01977,1.973814234,ENSG00000262772
ENSG00000173404.5,41.41697032,3.461029141,0.574271071,1.14e-10,1.32e-9,INSM1,3.461029141,ENSG00000173404
ENSG00000176855.11,7.32155916,1.917101621,0.311011441,1.14e-10,1.33e-9,KRT18P28,1.917101621,ENSG00000176855
ENSG00000130055.14,35.95722334,2.82870174,0.468523784,1.17e-10,1.36e-9,GDPD2,2.82870174,ENSG00000130055
ENSG00000233791.5,14.08405202,2.12167553,0.349337511,1.18e-10,1.36e-9,LINC01136,2.12167553,ENSG00000233791
ENSG00000173621.9,637.0726613,1.800235944,0.292653128,1.19e-10,1.38e-9,LRFN4,1.800235944,ENSG00000173621
ENSG00000106624.11,37628.36328,1.510571358,0.244342038,1.19e-10,1.38e-9,AEBP1,1.510571358,ENSG00000106624
ENSG00000175315.3,133.4540908,2.484510686,0.408910565,1.21e-10,1.4e-9,CST6,2.484510686,ENSG00000175315
ENSG00000170608.3,64.47603457,3.402273357,0.564915416,1.22e-10,1.41e-9,FOXA3,3.402273357,ENSG00000170608
ENSG00000111331.13,7383.555786,1.746277845,0.283292589,1.22e-10,1.41e-9,OAS3,1.746277845,ENSG00000111331
ENSG00000128228.5,727.1329049,1.223730426,0.195370325,1.24e-10,1.43e-9,SDF2L1,1.223730426,ENSG00000128228
ENSG00000234261.4,37.38251521,1.907101251,0.310616245,1.25e-10,1.44e-9,AL138720.1,1.907101251,ENSG00000234261
ENSG00000169689.15,1472.093186,1.256146959,0.200856602,1.26e-10,1.45e-9,CENPX,1.256146959,ENSG00000169689
ENSG00000162729.14,4055.221459,1.08580353,0.172008354,1.26e-10,1.45e-9,IGSF8,1.08580353,ENSG00000162729
ENSG00000104356.11,566.9512959,1.02086943,0.162223317,1.26e-10,1.45e-9,POP1,1.02086943,ENSG00000104356
ENSG00000217275.2,56.80987666,2.955899647,0.489487244,1.26e-10,1.46e-9,AL031777.1,2.955899647,ENSG00000217275
ENSG00000180573.9,4525.867292,1.524513789,0.24636302,1.26e-10,1.46e-9,H2AC6,1.524513789,ENSG00000180573
ENSG00000227218.7,119.2092459,2.245217185,0.369133785,1.33e-10,1.53e-9,AL157935.1,2.245217185,ENSG00000227218
ENSG00000255345.1,6.450030411,3.862937533,0.640867161,1.34e-10,1.54e-9,AP002957.1,3.862937533,ENSG00000255345
ENSG00000025708.14,3100.85358,1.589534003,0.257218559,1.35e-10,1.55e-9,TYMP,1.589534003,ENSG00000025708
ENSG00000105619.13,601.9080144,1.31897487,0.212114917,1.41e-10,1.61e-9,TFPT,1.31897487,ENSG00000105619
ENSG00000286563.1,8.234551527,2.603587621,0.435167321,1.42e-10,1.62e-9,AC078983.1,2.603587621,ENSG00000286563
ENSG00000163364.10,587.0900381,1.673184157,0.271967879,1.41e-10,1.62e-9,LINC01116,1.673184157,ENSG00000163364
ENSG00000181449.4,132.9306024,4.118108831,0.690497403,1.43e-10,1.63e-9,SOX2,4.118108831,ENSG00000181449
ENSG00000270804.1,117.3242332,1.882374991,0.307910145,1.42e-10,1.63e-9,AC010326.4,1.882374991,ENSG00000270804
ENSG00000260228.6,164.0691346,2.059677218,0.338193439,1.43e-10,1.64e-9,AC009119.1,2.059677218,ENSG00000260228
ENSG00000145491.12,72.62988922,2.549457493,0.422521454,1.48e-10,1.69e-9,ROPN1L,2.549457493,ENSG00000145491
ENSG00000224746.2,29.10776067,1.93633751,0.316856627,1.5e-10,1.71e-9,AC015987.1,1.93633751,ENSG00000224746
ENSG00000121073.15,3059.066916,1.115742187,0.17831549,1.52e-10,1.73e-9,SLC35B1,1.115742187,ENSG00000121073
ENSG00000100263.14,917.8183868,1.374440764,0.143475714,1.56e-10,1.77e-9,RHBDD3,1.374440764,ENSG00000100263
ENSG00000198944.6,559.1955389,2.748106983,0.457188279,1.59e-10,1.8e-9,SOWAHA,2.748106983,ENSG00000198944
ENSG00000133321.11,6276.501981,1.794947716,0.294268223,1.59e-10,1.8e-9,PLAAT4,1.794947716,ENSG00000133321
ENSG00000213347.10,296.4864996,1.437626321,0.233235693,1.61e-10,1.82e-9,MXD3,1.437626321,ENSG00000213347
ENSG00000253227.2,7.558660987,1.28094563,0.489519744,1.6e-10,1.82e-9,AC090192.2,1.28094563,ENSG00000253227
ENSG00000159335.18,14309.6333,1.156994427,0.184930654,1.6e-10,1.82e-9,PTMS,1.156994427,ENSG00000159335
ENSG00000125879.5,18.9710047,3.688993772,0.618466646,1.67e-10,1.89e-9,OTOR,3.688993772,ENSG00000125879
ENSG00000228594.4,606.0265939,1.492666684,0.242666537,1.7e-10,1.92e-9,FNDC10,1.492666684,ENSG00000228594
ENSG00000244486.9,551.4384807,1.155980365,0.186338382,1.77e-10,1.99e-9,SCARF2,1.155980365,ENSG00000244486
ENSG00000108176.15,1872.237436,2.422291514,0.402637833,1.8e-10,2.03e-9,DNAJC12,2.422291514,ENSG00000108176
ENSG00000188816.3,4.996178481,5.246787792,0.910778151,1.81e-10,2.04e-9,HMX2,5.246787792,ENSG00000188816
ENSG00000076944.16,1519.598639,1.430331823,0.232279105,1.82e-10,2.04e-9,STXBP2,1.430331823,ENSG00000076944
ENSG00000095752.7,36.95602515,1.563011434,0.255267818,1.82e-10,2.05e-9,IL11,1.563011434,ENSG00000095752
ENSG00000140839.11,10.10529004,2.014513551,0.331310796,1.85e-10,2.07e-9,CLEC18B,2.014513551,ENSG00000140839
ENSG00000099337.5,2686.756056,1.528600468,0.249077684,1.85e-10,2.08e-9,KCNK6,1.528600468,ENSG00000099337
ENSG00000196542.8,1116.187998,2.536954936,0.422288786,1.87e-10,2.09e-9,SPTSSB,2.536954936,ENSG00000196542
ENSG00000196557.13,1866.470255,2.489992359,0.414984801,1.91e-10,2.14e-9,CACNA1H,2.489992359,ENSG00000196557
ENSG00000273706.5,21.7684093,7.139645392,1.297385962,1.96e-10,2.19e-9,LHX1,7.139645392,ENSG00000273706
ENSG00000130589.16,3085.209471,1.35422665,0.220140225,1.97e-10,2.2e-9,HELZ2,1.35422665,ENSG00000130589
ENSG00000184492.6,6.048736183,2.203739754,0.366541039,2.02e-10,2.25e-9,FOXD4L1,2.203739754,ENSG00000184492
ENSG00000042493.16,8016.099538,1.228134434,0.198946491,2.09e-10,2.33e-9,CAPG,1.228134434,ENSG00000042493
ENSG00000285872.1,28.80693175,1.456626045,0.237430638,2.11e-10,2.34e-9,AC007240.3,1.456626045,ENSG00000285872
ENSG00000254248.1,5.566009562,2.890403343,0.483566555,2.13e-10,2.36e-9,AC068189.1,2.890403343,ENSG00000254248
ENSG00000239265.5,7.207292572,3.504431178,0.590269335,2.2e-10,2.43e-9,CLRN1-AS1,3.504431178,ENSG00000239265
ENSG00000181218.5,724.8931861,2.161297576,0.359350583,2.2e-10,2.43e-9,H2AW,2.161297576,ENSG00000181218
ENSG00000171502.15,137.9532764,1.416003967,0.231551052,2.21e-10,2.44e-9,COL24A1,1.416003967,ENSG00000171502
ENSG00000154451.14,796.7183824,2.033823302,0.337484087,2.25e-10,2.49e-9,GBP5,2.033823302,ENSG00000154451
ENSG00000143061.18,4492.741572,1.008393568,0.161881686,2.28e-10,2.52e-9,IGSF3,1.008393568,ENSG00000143061
ENSG00000141668.10,146.2972153,5.303014958,0.643319383,2.3e-10,2.54e-9,CBLN2,5.303014958,ENSG00000141668
ENSG00000178935.5,3059.548279,1.7340549,0.286596655,2.32e-10,2.56e-9,ZNF552,1.7340549,ENSG00000178935
ENSG00000286456.1,16.57062613,3.274866475,0.553035409,2.36e-10,2.6e-9,AC016769.5,3.274866475,ENSG00000286456
ENSG00000100985.7,3696.145233,2.851067752,0.479621941,2.39e-10,2.63e-9,MMP9,2.851067752,ENSG00000100985
ENSG00000115507.10,140.6527575,2.237382509,0.373514306,2.38e-10,2.63e-9,OTX1,2.237382509,ENSG00000115507
ENSG00000272953.1,13.15272265,1.8292571,0.303352562,2.42e-10,2.67e-9,AC092171.4,1.8292571,ENSG00000272953
ENSG00000263639.7,303.3788468,6.721668556,0.536040492,2.45e-10,2.69e-9,MSMB,6.721668556,ENSG00000263639
ENSG00000126453.9,628.9427295,1.100214879,0.178594238,2.45e-10,2.69e-9,BCL2L12,1.100214879,ENSG00000126453
ENSG00000108688.11,19.38115658,4.331668158,0.735543095,2.46e-10,2.7e-9,CCL7,4.331668158,ENSG00000108688
ENSG00000128011.5,241.0477808,1.143908732,0.185772837,2.49e-10,2.74e-9,LRFN1,1.143908732,ENSG00000128011
ENSG00000104413.18,6671.972302,1.721978704,0.285454407,2.5e-10,2.75e-9,ESRP1,1.721978704,ENSG00000104413
ENSG00000254978.2,21.23574702,1.545527527,0.254192495,2.52e-10,2.77e-9,ALG1L9P,1.545527527,ENSG00000254978
ENSG00000143543.15,587.8224601,1.145539183,0.186101315,2.52e-10,2.77e-9,JTB,1.145539183,ENSG00000143543
ENSG00000223940.1,15.65397618,2.580524551,0.433206967,2.54e-10,2.78e-9,KRT8P8,2.580524551,ENSG00000223940
ENSG00000205089.8,80.73478773,2.23454449,0.373447743,2.56e-10,2.81e-9,CCNI2,2.23454449,ENSG00000205089
ENSG00000236809.2,26.92983485,1.3822134,0.22622565,2.57e-10,2.82e-9,SNX25P1,1.3822134,ENSG00000236809
ENSG00000156587.16,6184.536897,1.418966216,0.23193956,2.6200000000000003e-10,2.87e-9,UBE2L6,1.418966216,ENSG00000156587
ENSG00000131242.18,2224.714246,1.473854172,0.242480903,2.68e-10,2.93e-9,RAB11FIP4,1.473854172,ENSG00000131242
ENSG00000169683.8,999.1890518,1.304585988,0.212955682,2.69e-10,2.95e-9,LRRC45,1.304585988,ENSG00000169683
ENSG00000053108.17,194.219896,2.046243502,0.341971211,2.77e-10,3.03e-9,FSTL4,2.046243502,ENSG00000053108
ENSG00000228544.1,100.2915518,1.3669291160000001,0.224553054,2.85e-10,3.11e-9,CCDC183-AS1,1.3669291160000001,ENSG00000228544
ENSG00000198901.14,11.36016099,1.465999773,0.240976926,2.86e-10,3.12e-9,PRC1,1.465999773,ENSG00000198901
ENSG00000176887.7,552.2024878,2.900725887,0.491536784,2.91e-10,3.17e-9,SOX11,2.900725887,ENSG00000176887
ENSG00000012048.23,906.9711973,1.072176857,0.17351953,2.92e-10,3.18e-9,BRCA1,1.072176857,ENSG00000012048
ENSG00000273045.7,220.6890608,1.125105389,0.183641996,2.98e-10,3.25e-9,C2orf15,1.125105389,ENSG00000273045
ENSG00000125820.6,12.82394569,5.785987799,1.000916328,3.01e-10,3.27e-9,NKX2-2,5.785987799,ENSG00000125820
ENSG00000228705.2,6.034255499,4.194443357,0.750500039,3.02e-10,3.28e-9,LINC00659,4.194443357,ENSG00000228705
ENSG00000134830.6,946.0333125,1.838306622,0.306146238,3.05e-10,3.31e-9,C5AR2,1.838306622,ENSG00000134830
ENSG00000168542.16,200749.3144,1.767550531,0.292669503,3.05e-10,3.31e-9,COL3A1,1.767550531,ENSG00000168542
ENSG00000224520.2,72.15798947,2.27707991,0.38292401,3.06e-10,3.32e-9,KRT8P45,2.27707991,ENSG00000224520
ENSG00000205847.6,39.56336698,2.560617908,0.432848679,3.13e-10,3.39e-9,OR7E91P,2.560617908,ENSG00000205847
ENSG00000171310.11,1463.609144,1.146905085,0.186639558,3.15e-10,3.41e-9,CHST11,1.146905085,ENSG00000171310
ENSG00000129514.8,12278.17431,2.115921892,0.354249192,3.2e-10,3.46e-9,FOXA1,2.115921892,ENSG00000129514
ENSG00000173272.16,1536.59556,1.376448884,0.226616387,3.26e-10,3.52e-9,MZT2A,1.376448884,ENSG00000173272
ENSG00000286407.1,13.45459914,2.252223749,0.38013431,3.28e-10,3.54e-9,AC004863.1,2.252223749,ENSG00000286407
ENSG00000189366.9,90.53753121,2.524918078,0.427975988,3.34e-10,3.6e-9,ALG1L,2.524918078,ENSG00000189366
ENSG00000138675.16,5.44020427,3.846206022,0.65531665,3.36e-10,3.62e-9,FGF5,3.846206022,ENSG00000138675
ENSG00000136295.15,4195.795534,1.099697197,0.178968405,3.53e-10,3.79e-9,TTYH3,1.099697197,ENSG00000136295
ENSG00000112996.11,6099.8618,1.65715428,0.275264425,3.54e-10,3.81e-9,MRPS30,1.65715428,ENSG00000112996
ENSG00000106541.12,25132.45182,2.757205757,0.468326473,3.57e-10,3.84e-9,AGR2,2.757205757,ENSG00000106541
ENSG00000138755.6,3552.556446,2.606233572,0.442581633,3.58e-10,3.85e-9,CXCL9,2.606233572,ENSG00000138755
ENSG00000213967.11,148.0155042,1.20450278,0.197794963,3.62e-10,3.89e-9,ZNF726,1.20450278,ENSG00000213967
ENSG00000262188.2,9.594441511,2.585269098,0.439630361,3.7e-10,3.97e-9,LINC01978,2.585269098,ENSG00000262188
ENSG00000233030.2,27.37839372,1.836746852,0.307423373,3.7e-10,3.97e-9,AC243772.2,1.836746852,ENSG00000233030
ENSG00000196405.13,9527.04047,1.449152089,0.240967625,3.8e-10,4.06e-9,EVL,1.449152089,ENSG00000196405
ENSG00000226004.1,4.839624647,3.317431762,0.561771193,3.82e-10,4.09e-9,LINC02528,3.317431762,ENSG00000226004
ENSG00000204839.9,545.2810881,1.961763656,0.330299354,3.86e-10,4.12e-9,MROH6,1.961763656,ENSG00000204839
ENSG00000162745.10,3253.951123,1.424127786,0.235786247,3.89e-10,4.15e-9,OLFML2B,1.424127786,ENSG00000162745
ENSG00000168301.13,1080.821922,1.497499538,0.249423184,4.04e-10,4.3e-9,KCTD6,1.497499538,ENSG00000168301
ENSG00000090539.15,1133.040342,1.627223496,0.271708685,4.16e-10,4.42e-9,CHRD,1.627223496,ENSG00000090539
ENSG00000101198.15,15.24461701,2.224358616,0.377227148,4.17e-10,4.43e-9,NKAIN4,2.224358616,ENSG00000101198
ENSG00000278709.2,171.3445288,1.512243444,0.252431299,4.16e-10,4.43e-9,NKILA,1.512243444,ENSG00000278709
ENSG00000161133.16,10.88486936,2.997718501,0.511900645,4.34e-10,4.6e-9,USP41,2.997718501,ENSG00000161133
ENSG00000141367.12,43529.67156,1.37775243,0.229403547,4.33e-10,4.6e-9,CLTC,1.37775243,ENSG00000141367
ENSG00000075275.18,8819.095289,1.604072253,0.267696154,4.35e-10,4.61e-9,CELSR1,1.604072253,ENSG00000075275
ENSG00000183876.9,223.273972,1.701324512,0.285293226,4.37e-10,4.64e-9,ARSI,1.701324512,ENSG00000183876
ENSG00000130701.4,346.9507907,1.72233876,0.28964202,4.56e-10,4.8e-9,RBBP8NL,1.72233876,ENSG00000130701
ENSG00000214725.9,11.9224787,2.259529727,0.383684248,4.64e-10,4.89e-9,CDIPTOSP,2.259529727,ENSG00000214725
ENSG00000287852.1,5.738640965,4.13686779,0.710997805,4.73e-10,4.97e-9,AL450326.3,4.13686779,ENSG00000287852
ENSG00000116096.6,2461.15989,1.057977191,0.173426251,4.89e-10,5.13e-9,SPR,1.057977191,ENSG00000116096
ENSG00000171236.10,2174.147463,2.302243066,0.39237121,4.9e-10,5.14e-9,LRG1,2.302243066,ENSG00000171236
ENSG00000175766.13,14.84887469,4.898789476,0.850119213,4.94e-10,5.18e-9,EIF4E1B,4.898789476,ENSG00000175766
ENSG00000258387.1,3.924135636,4.649563326,0.808521806,4.95e-10,5.18e-9,AL358913.1,4.649563326,ENSG00000258387
ENSG00000159259.8,812.2862596,1.07439934,0.176555185,4.96e-10,5.19e-9,CHAF1B,1.07439934,ENSG00000159259
ENSG00000224367.6,9.161816812,1.79891999,0.304608141,5.04e-10,5.27e-9,OACYLP,1.79891999,ENSG00000224367
ENSG00000092068.20,6662.339456,1.426683472,0.237740241,5.06e-10,5.29e-9,SLC7A8,1.426683472,ENSG00000092068
ENSG00000069399.15,2975.980497,1.056174636,0.174243617,5.09e-10,5.32e-9,BCL3,1.056174636,ENSG00000069399
ENSG00000143556.9,336.8487626,4.504437776,0.784726872,5.17e-10,5.4e-9,S100A7,4.504437776,ENSG00000143556
ENSG00000205704.7,7.246111803,2.325410061,0.395340278,5.23e-10,5.46e-9,LINC00634,2.325410061,ENSG00000205704
ENSG00000254726.3,1838.608076,1.955868527,0.331528842,5.2400000000000005e-10,5.47e-9,MEX3A,1.955868527,ENSG00000254726
ENSG00000134909.18,5116.723074,1.001977747,0.163865157,5.26e-10,5.49e-9,ARHGAP32,1.001977747,ENSG00000134909
ENSG00000068097.15,2361.692161,1.459738269,0.244597286,5.35e-10,5.58e-9,HEATR6,1.459738269,ENSG00000068097
ENSG00000161395.14,3871.020501,1.650580338,0.278311049,5.45e-10,5.67e-9,PGAP3,1.650580338,ENSG00000161395
ENSG00000167207.14,364.0053415,1.580719234,0.266206101,5.54e-10,5.76e-9,NOD2,1.580719234,ENSG00000167207
ENSG00000273445.1,10.34918902,2.160382286,0.369495972,5.67e-10,5.89e-9,AC133644.1,2.160382286,ENSG00000273445
ENSG00000169627.9,19.51779092,1.5813079,0.267197616,5.74e-10,5.95e-9,BOLA2B,1.5813079,ENSG00000169627
ENSG00000188064.10,949.6261681,2.023546551,0.344930391,5.75e-10,5.97e-9,WNT7B,2.023546551,ENSG00000188064
ENSG00000143845.15,1235.499095,1.576853556,0.265216192,5.77e-10,5.99e-9,ETNK2,1.576853556,ENSG00000143845
ENSG00000233028.1,26.91906844,2.184211021,0.373106718,5.8e-10,6.01e-9,AC006970.1,2.184211021,ENSG00000233028
ENSG00000141198.16,2226.057214,1.255357955,0.208607931,5.82e-10,6.03e-9,TOM1L1,1.255357955,ENSG00000141198
ENSG00000127831.11,18.65371,3.161915444,0.54760873,5.85e-10,6.06e-9,VIL1,3.161915444,ENSG00000127831
ENSG00000284948.1,5.835127082,2.933036845,0.506068949,5.89e-10,6.09e-9,AC107959.4,2.933036845,ENSG00000284948
ENSG00000172167.8,393.4967379,1.152748713,0.191366463,5.91e-10,6.11e-9,MTBP,1.152748713,ENSG00000172167
ENSG00000060491.16,2512.117293,1.040511922,0.171478359,5.94e-10,6.14e-9,OGFR,1.040511922,ENSG00000060491
ENSG00000188095.6,117.6663203,1.991596312,0.33949577,5.97e-10,6.17e-9,MESP2,1.991596312,ENSG00000188095
ENSG00000204099.12,47.23481077,3.367461737,0.588388492,6.03e-10,6.22e-9,NEU4,3.367461737,ENSG00000204099
ENSG00000169242.12,5497.450449,1.008168878,0.165939763,6.12e-10,6.32e-9,EFNA1,1.008168878,ENSG00000169242
ENSG00000183850.14,43.7306054,1.536401966,0.258986752,6.18e-10,6.38e-9,ZNF730,1.536401966,ENSG00000183850
ENSG00000162722.9,456.9051203,2.15790041,0.369806239,6.33e-10,6.52e-9,TRIM58,2.15790041,ENSG00000162722
ENSG00000207422.1,20.7221292,3.53010207,0.615451967,6.37e-10,6.57e-9,RNU6-813P,3.53010207,ENSG00000207422
ENSG00000182747.5,8.455299055,3.544454245,0.617695922,6.38e-10,6.58e-9,SLC35D3,3.544454245,ENSG00000182747
ENSG00000127578.7,41.62939203,1.50426162,0.254280836,6.52e-10,6.71e-9,WFIKKN1,1.50426162,ENSG00000127578
ENSG00000173702.7,53.77278954,3.428791656,0.59763126,6.63e-10,6.82e-9,MUC13,3.428791656,ENSG00000173702
ENSG00000187017.17,913.6798503,1.915799388,0.326771335,6.69e-10,6.87e-9,ESPN,1.915799388,ENSG00000187017
ENSG00000135094.11,478.052709,2.147923547,0.368817864,6.78e-10,6.96e-9,SDS,2.147923547,ENSG00000135094
ENSG00000261104.1,50.53498201,3.249461797,0.565972705,6.94e-10,7.12e-9,AC093904.4,3.249461797,ENSG00000261104
ENSG00000165164.14,25.19147617,2.396696891,0.413410801,6.95e-10,7.12e-9,CFAP47,2.396696891,ENSG00000165164
ENSG00000149503.13,1144.006739,1.014452507,0.167473873,7.02e-10,7.19e-9,INCENP,1.014452507,ENSG00000149503
ENSG00000226025.9,55.91857977,3.386220743,0.594485237,7.11e-10,7.28e-9,LGALS17A,3.386220743,ENSG00000226025
ENSG00000170921.15,4405.996694,1.484998372,0.251112883,7.22e-10,7.39e-9,TANC2,1.484998372,ENSG00000170921
ENSG00000180263.14,2097.4035,1.229922003,0.205581961,7.3e-10,7.46e-9,FGD6,1.229922003,ENSG00000180263
ENSG00000175279.22,57.17849327,1.022076189,0.169919008,7.45e-10,7.61e-9,CENPS,1.022076189,ENSG00000175279
ENSG00000163191.6,22264.66276,1.256471669,0.208000737,7.52e-10,7.67e-9,S100A11,1.256471669,ENSG00000163191
ENSG00000228723.6,11.09018308,4.943656988,0.864424694,7.74e-10,7.89e-9,SRGAP3-AS2,4.943656988,ENSG00000228723
ENSG00000272079.2,89.91888202,1.564265441,0.266152708,8.11e-10,8.25e-9,AC004233.2,1.564265441,ENSG00000272079
ENSG00000176842.15,2554.535841,1.254041559,0.210451829,8.11e-10,8.25e-9,IRX5,1.254041559,ENSG00000176842
ENSG00000090565.17,3321.607837,1.020544709,0.170264445,8.15e-10,8.28e-9,RAB11FIP3,1.020544709,ENSG00000090565
ENSG00000127838.14,2857.167034,1.069872636,0.178871065,8.16e-10,8.29e-9,PNKD,1.069872636,ENSG00000127838
ENSG00000254654.2,2.325501514,3.832160499,0.724390871,8.24e-10,8.36e-9,LINC02685,3.832160499,ENSG00000254654
ENSG00000127928.13,20.64390259,5.524354,0.980502022,8.29e-10,8.41e-9,GNGT1,5.524354,ENSG00000127928
ENSG00000237515.9,433.4599315,2.557891542,0.444428515,8.32e-10,8.44e-9,SHISA9,2.557891542,ENSG00000237515
ENSG00000148362.11,1139.345193,1.14799608,0.192382864,8.39e-10,8.49e-9,PAXX,1.14799608,ENSG00000148362
ENSG00000109255.11,22.67030511,2.460644041,0.427049227,8.41e-10,8.52e-9,NMU,2.460644041,ENSG00000109255
ENSG00000286732.1,15.16837885,2.370156802,0.410762499,8.44e-10,8.54e-9,AC091181.2,2.370156802,ENSG00000286732
ENSG00000272744.1,15.1044176,1.126988903,0.188575059,8.46e-10,8.55e-9,AC107214.2,1.126988903,ENSG00000272744
ENSG00000150873.12,143.1788426,2.051443595,0.353563961,8.49e-10,8.59e-9,C2orf50,2.051443595,ENSG00000150873
ENSG00000147234.10,216.4581536,2.153182732,0.372255774,8.67e-10,8.75e-9,FRMPD3,2.153182732,ENSG00000147234
ENSG00000279406.1,49.96112691,1.450560824,0.2462134,8.73e-10,8.8e-9,AL359183.1,1.450560824,ENSG00000279406
ENSG00000140451.13,81.82564137,1.532489535,0.261334624,8.82e-10,8.89e-9,PIF1,1.532489535,ENSG00000140451
ENSG00000197859.11,385.2759748,1.496340925,0.254818132,8.94e-10,9.01e-9,ADAMTSL2,1.496340925,ENSG00000197859
ENSG00000185008.17,425.2870082,2.599285739,0.453418084,9.23e-10,9.28e-9,ROBO2,2.599285739,ENSG00000185008
ENSG00000233533.1,26.54926646,7.347237508,1.376211694,9.33e-10,9.36e-9,MKNK2P1,7.347237508,ENSG00000233533
ENSG00000278259.4,1649.535644,1.073847009,0.179623973,9.34e-10,9.37e-9,MYO19,1.073847009,ENSG00000278259
ENSG00000260430.2,15.75443823,1.63869269,0.280844548,9.48e-10,9.5e-9,AC099518.1,1.63869269,ENSG00000260430
ENSG00000203760.9,420.783893,1.54775397,0.264429232,9.52e-10,9.54e-9,CENPW,1.54775397,ENSG00000203760
ENSG00000196793.14,535.7248108,1.039335325,0.174013981,9.55e-10,9.57e-9,ZNF239,1.039335325,ENSG00000196793
ENSG00000228559.2,16.92751795,3.039910302,0.530968447,9.67e-10,9.68e-9,AL033519.4,3.039910302,ENSG00000228559
ENSG00000203635.2,67.65137172,1.952226845,0.337207087,9.8e-10,9.8e-9,AC144450.1,1.952226845,ENSG00000203635
ENSG00000197308.9,251.1595932,2.419410991,0.422078772,1e-9,1e-8,GATA3-AS1,2.419410991,ENSG00000197308
ENSG00000082497.12,2944.131544,1.112567189,0.186598664,1.02e-9,1.02e-8,SERTAD4,1.112567189,ENSG00000082497
ENSG00000165935.9,11.50849247,1.973393997,0.341103474,1.04e-9,1.03e-8,SMCO2,1.973393997,ENSG00000165935
ENSG00000265480.5,3.829730856,2.384008465,0.411715586,1.04e-9,1.04e-8,KRT18P55,2.384008465,ENSG00000265480
ENSG00000272335.1,1729.268726,1.783832379,0.306699414,1.05e-9,1.05e-8,AC093297.2,1.783832379,ENSG00000272335
ENSG00000139044.12,1093.251374,1.654355726,0.283799111,1.06e-9,1.05e-8,B4GALNT3,1.654355726,ENSG00000139044
ENSG00000205913.7,131.8442591,1.094865284,0.184682177,1.08e-9,1.07e-8,SRRM2-AS1,1.094865284,ENSG00000205913
ENSG00000185467.7,20.92946461,2.46431943,0.43079468,1.1e-9,1.09e-8,KPNA7,2.46431943,ENSG00000185467
ENSG00000266970.1,28.31690098,1.867398145,0.322666169,1.1e-9,1.09e-8,AC061992.2,1.867398145,ENSG00000266970
ENSG00000222032.1,12.21217214,3.592453567,0.627846356,1.14e-9,1.13e-8,AC112721.2,3.592453567,ENSG00000222032
ENSG00000177548.13,1307.910444,1.107651316,0.186840433,1.14e-9,1.13e-8,RABEP2,1.107651316,ENSG00000177548
ENSG00000074276.10,18.88927162,1.627011811,0.279456716,1.15e-9,1.14e-8,CDHR2,1.627011811,ENSG00000074276
ENSG00000142197.12,3494.501908,1.071365559,0.179796624,1.15e-9,1.14e-8,DOP1B,1.071365559,ENSG00000142197
ENSG00000188643.11,10508.21935,1.369988222,0.23512953,1.18e-9,1.17e-8,S100A16,1.369988222,ENSG00000188643
ENSG00000115541.11,1001.959421,1.213160538,0.205863471,1.21e-9,1.2e-8,HSPE1,1.213160538,ENSG00000115541
ENSG00000183684.8,2163.114981,1.059290148,0.178293223,1.22e-9,1.2e-8,ALYREF,1.059290148,ENSG00000183684
ENSG00000163263.7,16.63221095,2.362184482,0.416319277,1.23e-9,1.22e-8,C1orf189,2.362184482,ENSG00000163263
ENSG00000213123.11,67.15760117,1.281146429,0.218113034,1.24e-9,1.22e-8,TCTEX1D2,1.281146429,ENSG00000213123
ENSG00000261776.1,24.39594529,9.126357139,1.347771811,1.26e-9,1.24e-8,AC079414.2,9.126357139,ENSG00000261776
ENSG00000139055.7,961.8061546,1.891048006,0.328363804,1.27e-9,1.25e-8,ERP27,1.891048006,ENSG00000139055
ENSG00000287446.1,8.784848981,3.844560149,0.680232312,1.29e-9,1.27e-8,AC007731.5,3.844560149,ENSG00000287446
ENSG00000224271.7,93.97805112,2.568500916,0.453121105,1.32e-9,1.29e-8,AL117329.1,2.568500916,ENSG00000224271
ENSG00000137288.10,1625.210857,1.077705734,0.181854269,1.34e-9,1.31e-8,UQCC2,1.077705734,ENSG00000137288
ENSG00000085831.15,4926.638341,1.58214217,0.272515119,1.34e-9,1.32e-8,TTC39A,1.58214217,ENSG00000085831
ENSG00000175550.8,3082.72283,1.09091177,0.184335614,1.35e-9,1.32e-8,DRAP1,1.09091177,ENSG00000175550
ENSG00000189325.7,2.370525448,3.250424101,0.588807723,1.37e-9,1.34e-8,BNIP5,3.250424101,ENSG00000189325
ENSG00000108352.13,1158.90693,1.864478538,0.32457684,1.38e-9,1.34e-8,RAPGEFL1,1.864478538,ENSG00000108352
ENSG00000122386.11,460.8975994,1.031264506,0.173980285,1.41e-9,1.37e-8,ZNF205,1.031264506,ENSG00000122386
ENSG00000186792.17,160.9883306,1.15880264,0.197240047,1.42e-9,1.38e-8,HYAL3,1.15880264,ENSG00000186792
ENSG00000184986.11,160.6255528,1.384723585,0.237777297,1.43e-9,1.4e-8,TMEM121,1.384723585,ENSG00000184986
ENSG00000182545.6,6.018066378,2.870563962,0.508982988,1.49e-9,1.45e-8,RNASE10,2.870563962,ENSG00000182545
ENSG00000183044.12,2886.606001,1.605953089,0.277390835,1.49e-9,1.45e-8,ABAT,1.605953089,ENSG00000183044
ENSG00000185298.13,1110.503164,1.055565085,0.179002868,1.5e-9,1.46e-8,CCDC137,1.055565085,ENSG00000185298
ENSG00000126768.12,1471.752439,1.049198494,0.178171502,1.51e-9,1.47e-8,TIMM17B,1.049198494,ENSG00000126768
ENSG00000185933.7,9.549432794,2.596850702,0.459144174,1.53e-9,1.49e-8,CALHM1,2.596850702,ENSG00000185933
ENSG00000131748.16,4030.975852,1.55518119,0.269353088,1.54e-9,1.49e-8,STARD3,1.55518119,ENSG00000131748
ENSG00000171450.6,6.484680753,4.289879018,0.775753772,1.55e-9,1.5e-8,CDK5R2,4.289879018,ENSG00000171450
ENSG00000286522.2,8.74928722,3.355245583,0.599022831,1.56e-9,1.51e-8,H3C2,3.355245583,ENSG00000286522
ENSG00000150551.11,19.7773619,1.668451502,0.290997352,1.59e-9,1.54e-8,LYPD1,1.668451502,ENSG00000150551
ENSG00000170382.12,1136.755981,1.386734885,0.239202862,1.62e-9,1.56e-8,LRRN2,1.386734885,ENSG00000170382
ENSG00000182628.13,2080.516879,1.083370067,0.184284284,1.65e-9,1.59e-8,SKA2,1.083370067,ENSG00000182628
ENSG00000278995.1,7.940307818,2.472749999,0.43655066,1.69e-9,1.63e-8,Z69720.2,2.472749999,ENSG00000278995
ENSG00000263006.6,110.81268,1.570262966,0.272559087,1.69e-9,1.63e-8,ROCK1P1,1.570262966,ENSG00000263006
ENSG00000134940.14,9.879922493,1.807337873,0.3159053,1.69e-9,1.64e-8,ACRV1,1.807337873,ENSG00000134940
ENSG00000251211.1,10.8219825,1.474170349,0.256275069,1.71e-9,1.65e-8,AC136632.2,1.474170349,ENSG00000251211
ENSG00000273802.2,647.3726738,2.456381908,0.436883025,1.78e-9,1.71e-8,H2BC8,2.456381908,ENSG00000273802
ENSG00000234678.2,241.0700013,1.119422986,0.191713119,1.83e-9,1.76e-8,ELF3-AS1,1.119422986,ENSG00000234678
ENSG00000135074.16,1064.086775,1.583764839,0.275694669,1.86e-9,1.78e-8,ADAM19,1.583764839,ENSG00000135074
ENSG00000127663.15,6325.182752,1.127317694,0.192264934,1.85e-9,1.78e-8,KDM4B,1.127317694,ENSG00000127663
ENSG00000172292.15,3565.20903,1.122812927,0.1913628,1.85e-9,1.78e-8,CERS6,1.122812927,ENSG00000172292
ENSG00000105141.6,147.2445554,6.002731925,0.753104939,1.89e-9,1.81e-8,CASP14,6.002731925,ENSG00000105141
ENSG00000199753.1,42.14218278,2.347955108,0.417329798,1.91e-9,1.84e-8,SNORD104,2.347955108,ENSG00000199753
ENSG00000096006.12,720.3713124,6.755032915,0.740041177,1.93e-9,1.85e-8,CRISP3,6.755032915,ENSG00000096006
ENSG00000274750.2,368.8973476,1.611274829,0.281763012,1.96e-9,1.88e-8,H3C6,1.611274829,ENSG00000274750
ENSG00000005448.17,599.7526867,1.020167132,0.174199223,1.97e-9,1.88e-8,WDR54,1.020167132,ENSG00000005448
ENSG00000171700.14,882.8285436,1.231861407,0.21248238,1.98e-9,1.89e-8,RGS19,1.231861407,ENSG00000171700
ENSG00000170684.9,257.0205463,1.666585093,0.291631314,1.98e-9,1.9e-8,ZNF296,1.666585093,ENSG00000170684
ENSG00000204922.5,265.5673006,1.009962433,0.172619258,1.99e-9,1.9e-8,UQCC3,1.009962433,ENSG00000204922
ENSG00000132821.12,197.9086688,2.707248678,0.485034435,2.02e-9,1.93e-8,VSTM2L,2.707248678,ENSG00000132821
ENSG00000277157.2,10.57387551,2.775811852,0.497033917,2.08e-9,1.98e-8,H4C4,2.775811852,ENSG00000277157
ENSG00000287609.1,10.51858255,2.176622163,0.361197676,2.11e-9,2.01e-8,AL589787.2,2.176622163,ENSG00000287609
ENSG00000131015.5,59.27596522,1.757882699,0.309076044,2.12e-9,2.01e-8,ULBP2,1.757882699,ENSG00000131015
ENSG00000172725.14,5458.189186,1.104530405,0.188645826,2.14e-9,2.04e-8,CORO1B,1.104530405,ENSG00000172725
ENSG00000245614.4,32.18764543,1.125612206,0.193522739,2.22e-9,2.1e-8,DDX11-AS1,1.125612206,ENSG00000245614
ENSG00000243364.8,847.4261699,1.271299209,0.219865635,2.22e-9,2.11e-8,EFNA4,1.271299209,ENSG00000243364
ENSG00000167889.13,101.1603165,2.068495488,0.367441263,2.26e-9,2.14e-8,MGAT5B,2.068495488,ENSG00000167889
ENSG00000171604.12,5192.282775,1.171174061,0.201418964,2.26e-9,2.14e-8,CXXC5,1.171174061,ENSG00000171604
ENSG00000102054.18,10110.08694,1.167442792,0.199685118,2.29e-9,2.16e-8,RBBP7,1.167442792,ENSG00000102054
ENSG00000226806.1,8.490663736,3.530736666,0.637196331,2.3e-9,2.18e-8,LCT-AS1,3.530736666,ENSG00000226806
ENSG00000164049.14,16.2793496,1.929553263,0.341286755,2.34e-9,2.21e-8,FBXW12,1.929553263,ENSG00000164049
ENSG00000173917.10,1614.016893,1.894746071,0.335208599,2.37e-9,2.23e-8,HOXB2,1.894746071,ENSG00000173917
ENSG00000166959.8,88.16990308,3.622601647,0.659328741,2.37e-9,2.24e-8,MS4A8,3.622601647,ENSG00000166959
ENSG00000135824.12,14.17471805,1.941669384,0.344772863,2.38e-9,2.25e-8,RGS8,1.941669384,ENSG00000135824
ENSG00000260903.3,13.07296809,3.403261059,0.618015149,2.45e-9,2.31e-8,XKR7,3.403261059,ENSG00000260903
ENSG00000150967.18,527.7620309,1.022096718,0.175523752,2.45e-9,2.31e-8,ABCB9,1.022096718,ENSG00000150967
ENSG00000135525.18,3385.843278,1.13302355,0.195385714,2.49e-9,2.34e-8,MAP7,1.13302355,ENSG00000135525
ENSG00000223559.1,12.15652645,1.653072012,0.29138312,2.53e-9,2.38e-8,AC073136.1,1.653072012,ENSG00000223559
ENSG00000276168.1,1217.708671,2.129146038,0.380298777,2.59e-9,2.43e-8,RN7SL1,2.129146038,ENSG00000276168
ENSG00000255624.3,31.91315523,1.596592691,0.281260747,2.63e-9,2.47e-8,C10orf88B,1.596592691,ENSG00000255624
ENSG00000108819.11,3983.207776,1.152090967,0.199763525,2.66e-9,2.5e-8,PPP1R9B,1.152090967,ENSG00000108819
ENSG00000234869.1,72.09766807,1.593315639,0.280979113,2.68e-9,2.51e-8,AL021392.1,1.593315639,ENSG00000234869
ENSG00000121101.16,190.5340695,2.223443047,0.398639809,2.75e-9,2.57e-8,TEX14,2.223443047,ENSG00000121101
ENSG00000233966.1,11.15933996,1.683525774,0.297838412,2.77e-9,2.59e-8,UBE2SP1,1.683525774,ENSG00000233966
ENSG00000100889.12,2959.202242,1.072785778,0.18509863,2.78e-9,2.6e-8,PCK2,1.072785778,ENSG00000100889
ENSG00000251138.7,9.833537525,4.796288513,0.876270328,2.82e-9,2.64e-8,LINC02882,4.796288513,ENSG00000251138
ENSG00000288585.1,38.7900998,1.876209804,0.333468496,2.83e-9,2.64e-8,AC010184.1,1.876209804,ENSG00000288585
ENSG00000180992.7,1972.502007,1.088043287,0.187461237,2.9e-9,2.7e-8,MRPL14,1.088043287,ENSG00000180992
ENSG00000248779.1,191.3128812,3.991744152,0.732650061,2.94e-9,2.74e-8,AC093297.1,3.991744152,ENSG00000248779
ENSG00000226321.5,22.9705142,3.15133337,0.574338244,2.95e-9,2.74e-8,CROCC2,3.15133337,ENSG00000226321
ENSG00000129521.15,2178.709542,1.797793595,0.319315809,2.96e-9,2.75e-8,EGLN3,1.797793595,ENSG00000129521
ENSG00000257086.1,12.71927088,1.46663848,0.258721912,3e-9,2.78e-8,AP001453.2,1.46663848,ENSG00000257086
ENSG00000109586.12,4298.679831,1.389966291,0.245142921,3e-9,2.78e-8,GALNT7,1.389966291,ENSG00000109586
ENSG00000183779.7,7807.415809,1.710159707,0.302912174,3.04e-9,2.81e-8,ZNF703,1.710159707,ENSG00000183779
ENSG00000157303.11,2026.311429,2.015529905,0.361297571,3.08e-9,2.86e-8,SUSD3,2.015529905,ENSG00000157303
ENSG00000133142.18,10390.90978,1.327524487,0.23422977,3.1e-9,2.87e-8,TCEAL4,1.327524487,ENSG00000133142
ENSG00000271784.1,24.57465552,1.298336316,0.228133201,3.19e-9,2.94e-8,AL031055.1,1.298336316,ENSG00000271784
ENSG00000124766.7,11194.10982,1.134715315,0.196823645,3.24e-9,2.99e-8,SOX4,1.134715315,ENSG00000124766
ENSG00000161513.12,666.1496038,1.088837831,0.188927036,3.33e-9,3.06e-8,FDXR,1.088837831,ENSG00000161513
ENSG00000248399.1,5.602561371,2.521562924,0.453816424,3.35e-9,3.08e-8,AL645924.1,2.521562924,ENSG00000248399
ENSG00000152082.15,1045.97465,1.155163185,0.201437371,3.37e-9,3.1e-8,MZT2B,1.155163185,ENSG00000152082
ENSG00000034510.6,44491.20008,1.035202016,0.180981418,3.38e-9,3.11e-8,TMSB10,1.035202016,ENSG00000034510
ENSG00000167747.15,2292.308135,1.137690226,0.198536832,3.55e-9,3.25e-8,C19orf48,1.137690226,ENSG00000167747
ENSG00000163517.15,2000.017978,1.088601251,0.189941406,3.58e-9,3.28e-8,HDAC11,1.088601251,ENSG00000163517
ENSG00000103522.16,170.4358584,2.105835164,0.379999704,3.61e-9,3.31e-8,IL21R,2.105835164,ENSG00000103522
ENSG00000224885.1,7.85273936,2.026057197,0.36476939,3.65e-9,3.34e-8,EIPR1-IT1,2.026057197,ENSG00000224885
ENSG00000251442.6,216.8259523,1.113009413,0.194391894,3.65e-9,3.34e-8,LINC01094,1.113009413,ENSG00000251442
ENSG00000265800.1,8.997553292,1.855988516,0.33361281,3.66e-9,3.35e-8,AC022211.3,1.855988516,ENSG00000265800
ENSG00000231651.1,10.38836434,2.503812568,0.455500423,3.71e-9,3.39e-8,DLG3-AS1,2.503812568,ENSG00000231651
ENSG00000167371.21,184.7631486,1.400745688,0.247714128,3.72e-9,3.4e-8,PRRT2,1.400745688,ENSG00000167371
ENSG00000251493.5,20.62599733,2.488410701,0.45364635,3.81e-9,3.47e-8,FOXD1,2.488410701,ENSG00000251493
ENSG00000125508.3,178.5589057,1.985405793,0.357845071,3.82e-9,3.48e-8,SRMS,1.985405793,ENSG00000125508
ENSG00000101224.17,2636.065675,1.087706729,0.189715596,3.85e-9,3.51e-8,CDC25B,1.087706729,ENSG00000101224
ENSG00000173137.12,404.92876,1.110119735,0.194209312,3.9e-9,3.55e-8,ADCK5,1.110119735,ENSG00000173137
ENSG00000166840.13,377.2875488,2.431481996,0.442729587,3.91e-9,3.56e-8,GLYATL1,2.431481996,ENSG00000166840
ENSG00000249917.3,25.88568597,2.053910115,0.37025039,3.98e-9,3.62e-8,LINC00536,2.053910115,ENSG00000249917
ENSG00000187951.11,135.3061667,1.47114951,0.261122956,3.99e-9,3.63e-8,AC091057.1,1.47114951,ENSG00000187951
ENSG00000288675.1,20.98233795,1.37274112,0.243511088,4.04e-9,3.67e-8,AP006621.6,1.37274112,ENSG00000288675
ENSG00000116017.11,572.9981494,1.005196859,0.175062712,4.04e-9,3.67e-8,ARID3A,1.005196859,ENSG00000116017
ENSG00000131238.18,15634.82343,1.061556916,0.184620232,4.04e-9,3.68e-8,PPT1,1.061556916,ENSG00000131238
ENSG00000177807.10,42.12511354,1.92854149,0.347593036,4.1e-9,3.72e-8,KCNJ10,1.92854149,ENSG00000177807
ENSG00000286682.1,9.095847766,1.68058812,0.299795482,4.1e-9,3.72e-8,AC025262.3,1.68058812,ENSG00000286682
ENSG00000076716.9,3377.514601,1.445731885,0.256347733,4.11e-9,3.73e-8,GPC4,1.445731885,ENSG00000076716
ENSG00000274213.1,15.15752807,1.777108358,0.320000034,4.21e-9,3.82e-8,AC015912.3,1.777108358,ENSG00000274213
ENSG00000186086.18,72.87950142,3.304426447,0.609572124,4.22e-9,3.83e-8,NBPF6,3.304426447,ENSG00000186086
ENSG00000277022.1,12.85452015,2.275137628,0.413614143,4.31e-9,3.9e-8,AL031663.3,2.275137628,ENSG00000277022
ENSG00000224186.8,48.67132941,1.266278077,0.223893263,4.34e-9,3.92e-8,C5orf66,1.266278077,ENSG00000224186
ENSG00000141574.8,1471.593649,1.559037499,0.278373552,4.38e-9,3.95e-8,SECTM1,1.559037499,ENSG00000141574
ENSG00000162482.5,661.1660777,2.256368337,0.410647335,4.46e-9,4.02e-8,AKR7A3,2.256368337,ENSG00000162482
ENSG00000068078.20,1252.933173,2.122941484,0.3849217,4.53e-9,4.08e-8,FGFR3,2.122941484,ENSG00000068078
ENSG00000280068.1,3.090777798,3.293242896,0.614349585,4.56e-9,4.1e-8,AC138965.2,3.293242896,ENSG00000280068
ENSG00000180777.14,426.9086598,2.773865201,0.510126248,4.56e-9,4.1e-8,ANKRD30B,2.773865201,ENSG00000180777
ENSG00000250418.1,4.860859838,7.103235936,1.002208938,4.58e-9,4.11e-8,AC093292.1,7.103235936,ENSG00000250418
ENSG00000255815.3,69.39937297,2.344017168,0.428170224,4.6e-9,4.13e-8,KRT8P11,2.344017168,ENSG00000255815
ENSG00000265766.3,65.33930278,4.437775216,0.82849193,4.6e-9,4.14e-8,CXADRP3,4.437775216,ENSG00000265766
ENSG00000237372.4,12.8814072,1.816805533,0.328050633,4.62e-9,4.15e-8,UNQ6494,1.816805533,ENSG00000237372
ENSG00000163923.10,569.0007203,1.392913757,0.247824288,4.72e-9,4.23e-8,RPL39L,1.392913757,ENSG00000163923
ENSG00000101213.7,754.5057308,1.678832016,0.302307885,4.9e-9,4.38e-8,PTK6,1.678832016,ENSG00000101213
ENSG00000135750.15,1190.140897,1.999875222,0.363274998,4.92e-9,4.39e-8,KCNK1,1.999875222,ENSG00000135750
ENSG00000139572.4,67.83853572,1.626455648,0.292084005,4.91e-9,4.39e-8,GPR84,1.626455648,ENSG00000139572
ENSG00000176749.9,297.9816068,1.391876879,0.247916387,4.94e-9,4.42e-8,CDK5R1,1.391876879,ENSG00000176749
ENSG00000260792.1,11.8578877,2.317666436,0.424645614,4.96e-9,4.43e-8,LINC02280,2.317666436,ENSG00000260792
ENSG00000164509.15,8.472432386,1.367268416,0.412735285,5.02e-9,4.48e-8,IL31RA,1.367268416,ENSG00000164509
ENSG00000229754.1,95.15598959,2.874225314,0.529520186,5.04e-9,4.49e-8,CXCR2P1,2.874225314,ENSG00000229754
ENSG00000129990.15,14.48568459,2.706439979,0.497849504,5.09e-9,4.53e-8,SYT5,2.706439979,ENSG00000129990
ENSG00000134602.16,1276.537394,1.153626981,0.203374815,5.15e-9,4.59e-8,STK26,1.153626981,ENSG00000134602
ENSG00000249599.2,32.43133355,3.766333524,0.702100907,5.17e-9,4.61e-8,BMPR1B-DT,3.766333524,ENSG00000249599
ENSG00000139410.15,702.2913105,1.178146594,0.208705709,5.21e-9,4.64e-8,SDSL,1.178146594,ENSG00000139410
ENSG00000262468.6,226.6794517,1.076386534,0.189804527,5.21e-9,4.64e-8,LINC01569,1.076386534,ENSG00000262468
ENSG00000183773.15,58.42937961,1.265554586,0.225165455,5.25e-9,4.67e-8,AIFM3,1.265554586,ENSG00000183773
ENSG00000104059.4,108.4527407,2.642372536,0.487776566,5.29e-9,4.7e-8,FAM189A1,2.642372536,ENSG00000104059
ENSG00000105655.19,3169.493928,1.288259325,0.22878025,5.4e-9,4.8e-8,ISYNA1,1.288259325,ENSG00000105655
ENSG00000170835.16,124.1669121,2.315019917,0.425123139,5.41e-9,4.81e-8,CEL,2.315019917,ENSG00000170835
ENSG00000147889.18,326.5142804,1.517073194,0.273590518,5.94e-9,5.26e-8,CDKN2A,1.517073194,ENSG00000147889
ENSG00000269867.1,327.5922108,1.590300711,0.287495994,5.97e-9,5.28e-8,AC010326.3,1.590300711,ENSG00000269867
ENSG00000216331.2,4.262421024,3.116725574,0.578158713,6.03e-9,5.33e-8,H1-12P,3.116725574,ENSG00000216331
ENSG00000146476.11,4752.304095,1.363356241,0.244420903,6.07e-9,5.36e-8,ARMT1,1.363356241,ENSG00000146476
ENSG00000257702.3,395.6176328,1.185967763,0.211097887,6.08e-9,5.37e-8,LBX2-AS1,1.185967763,ENSG00000257702
ENSG00000183862.5,10.07236101,4.52023752,0.84515275,6.2e-9,5.48e-8,CNGA2,4.52023752,ENSG00000183862
ENSG00000139116.19,1733.553551,1.274473855,0.227207433,6.26e-9,5.52e-8,KIF21A,1.274473855,ENSG00000139116
ENSG00000176601.13,26.18102117,2.652481049,0.492772355,6.31e-9,5.56e-8,MAP3K19,2.652481049,ENSG00000176601
ENSG00000179292.5,9.890743424,3.925381485,0.517360747,6.4e-9,5.63e-8,TMEM151A,3.925381485,ENSG00000179292
ENSG00000275234.1,405.6194676,1.466447125,0.264563714,6.4e-9,5.64e-8,AC010503.4,1.466447125,ENSG00000275234
ENSG00000260731.1,2.271772793,3.266279338,0.628335712,6.44e-9,5.67e-8,KRT8P22,3.266279338,ENSG00000260731
ENSG00000243910.8,10.64744551,4.237412427,0.594241649,6.54e-9,5.75e-8,TUBA4B,4.237412427,ENSG00000243910
ENSG00000173156.7,1155.140904,1.468285428,0.17120854,6.57e-9,5.77e-8,RHOD,1.468285428,ENSG00000173156
ENSG00000279970.1,100.5662081,1.654724756,0.300639223,6.67e-9,5.85e-8,AC023024.2,1.654724756,ENSG00000279970
ENSG00000128203.7,137.6887755,1.095208916,0.194334624,6.68e-9,5.86e-8,ASPHD2,1.095208916,ENSG00000128203
ENSG00000272449.2,45.63608856,1.593134898,0.288928951,6.7e-9,5.88e-8,AL139246.5,1.593134898,ENSG00000272449
ENSG00000122884.12,4009.708876,1.067562108,0.188612299,6.75e-9,5.92e-8,P4HA1,1.067562108,ENSG00000122884
ENSG00000250366.3,14.51601335,2.659469817,0.4229335,6.78e-9,5.94e-8,TUNAR,2.659469817,ENSG00000250366
ENSG00000248663.6,51.66256566,3.362903613,0.631188721,6.85e-9,5.99e-8,LINC00992,3.362903613,ENSG00000248663
ENSG00000167094.16,30.8675696,1.498893397,0.271161073,6.86e-9,6e-8,TTC16,1.498893397,ENSG00000167094
ENSG00000258884.2,13.77392516,1.997364302,0.368930063,6.87e-9,6.01e-8,LINC02321,1.997364302,ENSG00000258884
ENSG00000261236.8,2175.745364,1.100274987,0.195755498,6.88e-9,6.02e-8,BOP1,1.100274987,ENSG00000261236
ENSG00000156711.17,4668.964077,1.024758625,0.182508699,6.89e-9,6.02e-8,MAPK13,1.024758625,ENSG00000156711
ENSG00000203995.10,215.3493961,1.5498902,0.280776362,6.93e-9,6.06e-8,ZYG11A,1.5498902,ENSG00000203995
ENSG00000115648.14,13966.33298,1.731302793,0.315281262,7.07e-9,6.17e-8,MLPH,1.731302793,ENSG00000115648
ENSG00000171345.13,63448.10666,1.894154101,0.345088426,7.19e-9,6.27e-8,KRT19,1.894154101,ENSG00000171345
ENSG00000111490.15,266.5439482,1.126952929,0.20059274,7.22e-9,6.3e-8,TBC1D30,1.126952929,ENSG00000111490
ENSG00000142552.8,2141.136047,1.134588629,0.202135434,7.25e-9,6.32e-8,RCN3,1.134588629,ENSG00000142552
ENSG00000198353.8,366.3769949,1.066299186,0.189263735,7.29e-9,6.35e-8,HOXC4,1.066299186,ENSG00000198353
ENSG00000100583.4,163.4316122,1.397720842,0.25227779,7.35e-9,6.39e-8,SAMD15,1.397720842,ENSG00000100583
ENSG00000185090.14,321.2196343,1.301157817,0.233871658,7.36e-9,6.4e-8,MANEAL,1.301157817,ENSG00000185090
ENSG00000150337.13,191.2915679,1.610341379,0.292998257,7.42e-9,6.45e-8,FCGR1A,1.610341379,ENSG00000150337
ENSG00000124334.17,12.73855207,2.073892947,0.381881266,7.49e-9,6.5e-8,IL9R,2.073892947,ENSG00000124334
ENSG00000164855.16,926.0604033,1.615313246,0.293994954,7.49e-9,6.5e-8,TMEM184A,1.615313246,ENSG00000164855
ENSG00000276368.2,2.287744694,3.258861462,0.630461131,7.7e-9,6.68e-8,H2AC14,3.258861462,ENSG00000276368
ENSG00000279712.1,5.600609684,3.513183301,0.659449413,7.72e-9,6.69e-8,FP325330.3,3.513183301,ENSG00000279712
ENSG00000261220.2,41.40795529,1.628724568,0.297640046,7.75e-9,6.71e-8,AC103706.1,1.628724568,ENSG00000261220
ENSG00000152939.17,1824.989156,1.230485171,0.220494114,7.82e-9,6.77e-8,MARVELD2,1.230485171,ENSG00000152939
ENSG00000166446.15,2083.548202,1.268436416,0.228007888,8.06e-9,6.97e-8,CDYL2,1.268436416,ENSG00000166446
ENSG00000212864.3,372.6911073,1.091350425,0.194875931,8.07e-9,6.97e-8,RNF208,1.091350425,ENSG00000212864
ENSG00000151023.17,27.73538833,1.735832074,0.31898545,8.34e-9,7.2e-8,ENKUR,1.735832074,ENSG00000151023
ENSG00000256982.2,5.98896245,2.58082568,0.48308874,8.37e-9,7.22e-8,AC135782.1,2.58082568,ENSG00000256982
ENSG00000230699.2,24.68419266,2.633869055,0.494597612,8.44e-9,7.28e-8,AL645608.2,2.633869055,ENSG00000230699
ENSG00000115415.20,18157.31368,1.303860812,0.233763675,8.49e-9,7.32e-8,STAT1,1.303860812,ENSG00000115415
ENSG00000261594.4,34.27173602,1.189163996,0.214222733,8.55e-9,7.37e-8,TPBGL,1.189163996,ENSG00000261594
ENSG00000228561.2,20.59313161,3.460131734,0.655518196,8.59e-9,7.4e-8,AC026355.2,3.460131734,ENSG00000228561
ENSG00000253364.2,26.28125262,3.92766239,0.747431,8.87e-9,7.64e-8,COPDA1,3.92766239,ENSG00000253364
ENSG00000228630.5,238.481848,2.643387598,0.49672476,8.98e-9,7.73e-8,HOTAIR,2.643387598,ENSG00000228630
ENSG00000130590.14,514.3822084,1.226748075,0.221035955,9.19e-9,7.9e-8,SAMD10,1.226748075,ENSG00000130590
ENSG00000108395.14,2825.446823,1.098464205,0.196379677,9.22e-9,7.92e-8,TRIM37,1.098464205,ENSG00000108395
ENSG00000184792.16,554.1445299,1.198537735,0.215916932,9.28e-9,7.96e-8,OSBP2,1.198537735,ENSG00000184792
ENSG00000164403.15,2591.546653,2.178133503,0.404504353,9.35e-9,8.02e-8,SHROOM1,2.178133503,ENSG00000164403
ENSG00000277363.5,1036.675287,1.280078021,0.231512072,9.38e-9,8.05e-8,SRCIN1,1.280078021,ENSG00000277363
ENSG00000203724.11,79.22539416,1.14402516,0.206225134,9.39e-9,8.05e-8,C1orf53,1.14402516,ENSG00000203724
ENSG00000186973.11,62.2736853,2.069772627,0.385073659,9.42e-9,8.08e-8,FAM183A,2.069772627,ENSG00000186973
ENSG00000285600.1,3.306700157,2.41647711,0.447519066,9.46e-9,8.11e-8,AC023593.1,2.41647711,ENSG00000285600
ENSG00000217442.4,32.06056242,1.59796271,0.292682189,9.49e-9,8.13e-8,SYCE3,1.59796271,ENSG00000217442
ENSG00000203747.12,3771.213634,1.495046618,0.273405066,9.65e-9,8.26e-8,FCGR3A,1.495046618,ENSG00000203747
ENSG00000185885.16,5990.034948,1.619455872,0.298121978,9.88e-9,8.45e-8,IFITM1,1.619455872,ENSG00000185885
ENSG00000121594.12,45.06770003,1.746188311,0.322297308,9.98e-9,8.53e-8,CD80,1.746188311,ENSG00000121594
ENSG00000178146.9,10.53009499,1.309943627,0.237326706,1e-8,8.56e-8,GK4P,1.309943627,ENSG00000178146
ENSG00000110492.15,6655.618759,1.322123915,0.23977738,1.01e-8,8.59e-8,MDK,1.322123915,ENSG00000110492
ENSG00000142619.4,92.59796468,2.892442964,0.550400018,1.02e-8,8.74e-8,PADI3,2.892442964,ENSG00000142619
ENSG00000196358.11,78.55151188,1.317162566,0.239740554,1.03e-8,8.74e-8,NTNG2,1.317162566,ENSG00000196358
ENSG00000285570.1,8.6952409,1.991316908,0.369518232,1.03e-8,8.8e-8,AL590666.4,1.991316908,ENSG00000285570
ENSG00000287080.2,5.942929997,2.946009452,0.556692352,1.04e-8,8.81e-8,H3C3,2.946009452,ENSG00000287080
ENSG00000113763.12,341.2871241,2.422366613,0.455750066,1.04e-8,8.83e-8,UNC5A,2.422366613,ENSG00000113763
ENSG00000228127.3,4.437290836,2.542034267,0.475722969,1.04e-8,8.84e-8,LINC01649,2.542034267,ENSG00000228127
ENSG00000204338.8,142.3576084,2.22944391,0.417711841,1.04e-8,8.84e-8,CYP21A1P,2.22944391,ENSG00000204338
ENSG00000143512.13,60.76787177,2.296120392,0.430719148,1.05e-8,8.89e-8,HHIPL2,2.296120392,ENSG00000143512
ENSG00000184117.12,3381.923148,1.157333843,0.20923667,1.05e-8,8.89e-8,NIPSNAP1,1.157333843,ENSG00000184117
ENSG00000230716.3,11.06904891,2.359825906,0.442720403,1.05e-8,8.95e-8,KRT8P7,2.359825906,ENSG00000230716
ENSG00000286733.1,48.32196581,2.296734773,0.431361856,1.06e-8,9.01e-8,LINC02348,2.296734773,ENSG00000286733
ENSG00000164220.7,1215.67407,1.848391742,0.343132743,1.06e-8,9.01e-8,F2RL2,1.848391742,ENSG00000164220
ENSG00000184207.9,787.3718732,1.143594001,0.206998153,1.07e-8,9.08e-8,PGP,1.143594001,ENSG00000184207
ENSG00000272768.1,31.52725756,1.317036024,0.240058204,1.07e-8,9.09e-8,AC004854.2,1.317036024,ENSG00000272768
ENSG00000099849.15,1097.78865,1.463946554,0.267981317,1.09e-8,9.25e-8,RASSF7,1.463946554,ENSG00000099849
ENSG00000272345.1,47.84204647,1.006477825,0.181076668,1.1e-8,9.29e-8,AL031775.1,1.006477825,ENSG00000272345
ENSG00000227617.9,4.24969219,1.888172932,0.348944502,1.1e-8,9.3e-8,CERS6-AS1,1.888172932,ENSG00000227617
ENSG00000266289.1,9.358225314,1.331346182,0.242704371,1.11e-8,9.37e-8,AC012213.3,1.331346182,ENSG00000266289
ENSG00000111335.13,6711.294707,1.844977639,0.341318269,1.12e-8,9.42e-8,OAS2,1.844977639,ENSG00000111335
ENSG00000113494.17,12268.73838,1.615273733,0.298288993,1.12e-8,9.43e-8,PRLR,1.615273733,ENSG00000113494
ENSG00000141391.14,170.7981029,1.073352558,0.193609299,1.12e-8,9.46e-8,PRELID3A,1.073352558,ENSG00000141391
ENSG00000141293.16,850.6429642,1.775796417,0.329406818,1.15e-8,9.64e-8,SKAP1,1.775796417,ENSG00000141293
ENSG00000235721.1,4.14265514,2.8140994,0.527826339,1.15e-8,9.65e-8,AC013268.3,2.8140994,ENSG00000235721
ENSG00000267503.1,8.852619734,1.947926195,0.364071629,1.15e-8,9.68e-8,AP005131.3,1.947926195,ENSG00000267503
ENSG00000175302.5,22.60300841,3.098221463,0.590335561,1.15e-8,9.69e-8,ANKRD30BP1,3.098221463,ENSG00000175302
ENSG00000234586.2,1.989352864,4.614792502,0.93841092,1.17e-8,9.84e-8,AL161449.1,4.614792502,ENSG00000234586
ENSG00000146242.9,3197.020736,1.01598061,0.182204665,1.17e-8,9.84e-8,TPBG,1.01598061,ENSG00000146242
ENSG00000182393.3,5.012162995,3.356523436,0.636844706,1.18e-8,9.89e-8,IFNL1,3.356523436,ENSG00000182393
ENSG00000104518.11,3351.239442,1.115285166,0.201956947,1.19e-8,9.98e-8,GSDMD,1.115285166,ENSG00000104518
ENSG00000175294.6,17.80201358,1.43964266,0.264876333,1.21e-8,1.01e-7,CATSPER1,1.43964266,ENSG00000175294
ENSG00000205155.8,992.1507525,1.191440453,0.216282765,1.23e-8,1.03e-7,PSENEN,1.191440453,ENSG00000205155
ENSG00000124171.9,1908.443143,1.859423238,0.345925007,1.25e-8,1.05e-7,PARD6B,1.859423238,ENSG00000124171
ENSG00000203896.10,76.32889054,1.794191866,0.334914824,1.28e-8,1.07e-7,LIME1,1.794191866,ENSG00000203896
ENSG00000231407.6,34.84547963,1.167439918,0.212592232,1.3e-8,1.08e-7,GORAB-AS1,1.167439918,ENSG00000231407
ENSG00000130700.7,39.2676466,3.87283595,0.747243517,1.31e-8,1.09e-7,GATA5,3.87283595,ENSG00000130700
ENSG00000102313.9,388.1268497,2.005487583,0.3768217,1.32e-8,1.1e-7,ITIH6,2.005487583,ENSG00000102313
ENSG00000141449.15,934.2390356,1.73061186,0.322486334,1.36e-8,1.13e-7,GREB1L,1.73061186,ENSG00000141449
ENSG00000148154.10,7154.591191,1.237982959,0.224392937,1.38e-8,1.14e-7,UGCG,1.237982959,ENSG00000148154
ENSG00000184979.10,584.5099741,1.235245579,0.22619412,1.37e-8,1.14e-7,USP18,1.235245579,ENSG00000184979
ENSG00000228221.6,228.3370084,3.523101697,0.437846286,1.39e-8,1.15e-7,LINC00578,3.523101697,ENSG00000228221
ENSG00000288547.3,19.52474393,1.705037228,0.317244303,1.38e-8,1.15e-7,C3orf36,1.705037228,ENSG00000288547
ENSG00000169891.18,2478.898085,1.271777219,0.233494234,1.43e-8,1.18e-7,REPS2,1.271777219,ENSG00000169891
ENSG00000180269.8,59.1381059,4.683215651,0.914078445,1.45e-8,1.2e-7,GPR139,4.683215651,ENSG00000180269
ENSG00000261040.7,42.8924291,2.34513725,0.445092099,1.46e-8,1.2e-7,WFDC21P,2.34513725,ENSG00000261040
ENSG00000246465.1,37.58089102,1.976227834,0.373710876,1.47e-8,1.21e-7,AC138904.1,1.976227834,ENSG00000246465
ENSG00000166342.19,45.50054765,2.341510956,0.444944699,1.48e-8,1.22e-7,NETO1,2.341510956,ENSG00000166342
ENSG00000121743.4,12.43340701,2.033369467,0.384248496,1.48e-8,1.22e-7,GJA3,2.033369467,ENSG00000121743
ENSG00000268916.6,9.87614305,5.122943339,1.003099552,1.49e-8,1.23e-7,CSAG3,5.122943339,ENSG00000268916
ENSG00000287828.1,5.657532172,1.837505516,0.344445379,1.49e-8,1.23e-7,AL354743.2,1.837505516,ENSG00000287828
ENSG00000089692.9,211.2809492,1.752250554,0.327730128,1.48e-8,1.23e-7,LAG3,1.752250554,ENSG00000089692
ENSG00000185686.18,786.2382546,3.84164174,0.745381196,1.5e-8,1.24e-7,PRAME,3.84164174,ENSG00000185686
ENSG00000147535.17,3084.798986,1.261504829,0.231510732,1.5e-8,1.24e-7,PLPP5,1.261504829,ENSG00000147535
ENSG00000258986.7,46.62924732,3.26900633,0.63209992,1.55e-8,1.27e-7,TMEM179,3.26900633,ENSG00000258986
ENSG00000277224.2,60.55235898,3.009616763,0.579317135,1.55e-8,1.28e-7,H2BC7,3.009616763,ENSG00000277224
ENSG00000257660.5,10.51475839,1.529804259,0.283588654,1.55e-8,1.28e-7,ADCY6-DT,1.529804259,ENSG00000257660
ENSG00000253755.1,5194.574462,2.805588494,0.538340562,1.58e-8,1.3e-7,IGHGP,2.805588494,ENSG00000253755
ENSG00000176956.13,33.58574726,2.12825136,0.40593539,1.59e-8,1.3e-7,LY6H,2.12825136,ENSG00000176956
ENSG00000129354.12,4304.576696,1.582551662,0.293421637,1.59e-8,1.3e-7,AP1M2,1.582551662,ENSG00000129354
ENSG00000104687.14,4221.651205,1.334929373,0.245990734,1.59e-8,1.3e-7,GSR,1.334929373,ENSG00000104687
ENSG00000269887.1,102.0994987,1.271426178,0.234269633,1.58e-8,1.3e-7,AL391001.1,1.271426178,ENSG00000269887
ENSG00000106003.13,2912.895064,1.338940237,0.24687477,1.59e-8,1.31e-7,LFNG,1.338940237,ENSG00000106003
ENSG00000101194.18,426.6449316,1.888865137,0.356212923,1.62e-8,1.33e-7,SLC17A9,1.888865137,ENSG00000101194
ENSG00000268941.2,38.76382208,1.58840965,0.296780785,1.65e-8,1.35e-7,LINC01711,1.58840965,ENSG00000268941
ENSG00000205002.4,2686.614463,2.415212626,0.460829274,1.66e-8,1.36e-7,AARD,2.415212626,ENSG00000205002
ENSG00000251604.1,5.04473304,6.005730527,1.162479601,1.68e-8,1.37e-7,LINC01385,6.005730527,ENSG00000251604
ENSG00000204044.6,2.965618474,3.214283836,0.621448053,1.7e-8,1.39e-7,SLC12A5-AS1,3.214283836,ENSG00000204044
ENSG00000130303.13,10354.06041,1.549260448,0.286827054,1.72e-8,1.4e-7,BST2,1.549260448,ENSG00000130303
ENSG00000105278.12,44.47480398,3.116385043,0.603825426,1.74e-8,1.42e-7,ZFR2,3.116385043,ENSG00000105278
ENSG00000262712.1,24.44318189,1.337034487,0.247917452,1.75e-8,1.43e-7,AC012676.1,1.337034487,ENSG00000262712
ENSG00000249231.8,10.25268036,3.812095196,0.532571661,1.81e-8,1.47e-7,CASC16,3.812095196,ENSG00000249231
ENSG00000273983.1,50.28540761,2.520746348,0.486755896,1.81e-8,1.47e-7,H3C8,2.520746348,ENSG00000273983
ENSG00000133247.14,586.3694588,1.054457611,0.19290133,1.81e-8,1.47e-7,KMT5C,1.054457611,ENSG00000133247
ENSG00000105419.18,1172.548028,1.316817178,0.244242142,1.82e-8,1.48e-7,MEIS3,1.316817178,ENSG00000105419
ENSG00000095585.17,769.5782421,1.126830524,0.207336133,1.83e-8,1.48e-7,BLNK,1.126830524,ENSG00000095585
ENSG00000141424.13,51286.38891,1.77344604,0.335462933,1.83e-8,1.49e-7,SLC39A6,1.77344604,ENSG00000141424
ENSG00000188133.6,15.77258806,3.317904949,0.652828118,1.85e-8,1.5e-7,TMEM215,3.317904949,ENSG00000188133
ENSG00000172366.20,1086.849338,1.23687239,0.228405535,1.9e-8,1.54e-7,MCRIP2,1.23687239,ENSG00000172366
ENSG00000231131.8,13.14462195,2.990878738,0.338231047,1.92e-8,1.56e-7,LNCAROD,2.990878738,ENSG00000231131
ENSG00000082512.15,2192.401481,1.0441925969999999,0.191553757,1.94e-8,1.57e-7,TRAF5,1.0441925969999999,ENSG00000082512
ENSG00000145832.14,262.9157583,2.788037737,0.539776506,1.96e-8,1.59e-7,SLC25A48,2.788037737,ENSG00000145832
ENSG00000178685.14,3865.583974,1.270282969,0.235093833,2.02e-8,1.63e-7,PARP10,1.270282969,ENSG00000178685
ENSG00000229630.1,3.13391627,3.041182495,0.583896196,2.03e-8,1.64e-7,LINC01264,3.041182495,ENSG00000229630
ENSG00000118785.14,7252.104051,2.02373506,0.384988562,2.06e-8,1.66e-7,SPP1,2.02373506,ENSG00000118785
ENSG00000282390.1,31.38582438,4.14606044,0.81725876,2.08e-8,1.67e-7,AL392083.1,4.14606044,ENSG00000282390
ENSG00000120094.9,9.34642984,2.924237272,0.565639465,2.08e-8,1.67e-7,HOXB1,2.924237272,ENSG00000120094
ENSG00000261437.1,109.5829037,1.410275843,0.263620227,2.1e-8,1.69e-7,AC108860.2,1.410275843,ENSG00000261437
ENSG00000134215.16,7813.219491,1.492355596,0.280059229,2.11e-8,1.7e-7,VAV3,1.492355596,ENSG00000134215
ENSG00000248568.1,19.49059224,2.733069388,0.530135584,2.17e-8,1.74e-7,KRT8P48,2.733069388,ENSG00000248568
ENSG00000151458.12,4459.264206,1.047909392,0.193040826,2.21e-8,1.77e-7,ANKRD50,1.047909392,ENSG00000151458
ENSG00000185290.4,168.1773481,2.091869512,0.401701608,2.28e-8,1.83e-7,NUPR2,2.091869512,ENSG00000185290
ENSG00000162949.16,1530.876581,1.941831107,0.37086474,2.31e-8,1.85e-7,CAPN13,1.941831107,ENSG00000162949
ENSG00000075886.11,134.6736563,2.154714216,0.414395844,2.33e-8,1.86e-7,TUBA3D,2.154714216,ENSG00000075886
ENSG00000166268.11,45.49171894,1.880708803,0.359276783,2.34e-8,1.87e-7,MYRFL,1.880708803,ENSG00000166268
ENSG00000260001.6,8.403119075,2.391118388,0.468247636,2.39e-8,1.91e-7,TGFBR3L,2.391118388,ENSG00000260001
ENSG00000196586.16,11216.28836,1.03533081,0.190496521,2.47e-8,1.97e-7,MYO6,1.03533081,ENSG00000196586
ENSG00000169064.13,11.02769906,3.377967131,0.664000335,2.49e-8,1.98e-7,ZBBX,3.377967131,ENSG00000169064
ENSG00000287226.1,18.73167062,2.970339271,0.582138337,2.51e-8,2e-7,AC084740.1,2.970339271,ENSG00000287226
ENSG00000197977.4,2541.398848,2.412994209,0.467319916,2.54e-8,2.02e-7,ELOVL2,2.412994209,ENSG00000197977
ENSG00000123999.5,62.76129196,1.988296451,0.382184069,2.57e-8,2.04e-7,INHA,1.988296451,ENSG00000123999
ENSG00000223979.2,2.249993776,3.540799407,0.710194203,2.58e-8,2.05e-7,SMCR2,3.540799407,ENSG00000223979
ENSG00000244541.6,18.35769213,1.954720469,0.375982107,2.58e-8,2.05e-7,LINC01213,1.954720469,ENSG00000244541
ENSG00000181649.8,379.2086751,1.513914849,0.286693238,2.59e-8,2.05e-7,PHLDA2,1.513914849,ENSG00000181649
ENSG00000104081.14,1151.736374,1.003058778,0.185697421,2.63e-8,2.09e-7,BMF,1.003058778,ENSG00000104081
ENSG00000168243.11,247.1289042,2.190570801,0.423626439,2.69e-8,2.13e-7,GNG4,2.190570801,ENSG00000168243
ENSG00000228146.8,50.90269638,1.856207046,0.356282877,2.69e-8,2.13e-7,CASP16P,1.856207046,ENSG00000228146
ENSG00000247095.3,149.1034578,1.586288164,0.301812607,2.69e-8,2.13e-7,MIR210HG,1.586288164,ENSG00000247095
ENSG00000168126.3,1.820842065,4.187179171,0.869243383,2.74e-8,2.17e-7,OR2W6P,4.187179171,ENSG00000168126
ENSG00000270460.1,3.757023944,5.545362022,1.109716517,2.8e-8,2.22e-7,AC106900.1,5.545362022,ENSG00000270460
ENSG00000233822.4,117.3324663,1.351135905,0.25443338,2.8e-8,2.22e-7,H2BC15,1.351135905,ENSG00000233822
ENSG00000160813.7,229.7458501,1.167823134,0.21789619,2.82e-8,2.23e-7,PPP1R35,1.167823134,ENSG00000160813
ENSG00000264714.1,13.06855153,2.606503858,0.509079098,2.87e-8,2.26e-7,KIAA0895LP1,2.606503858,ENSG00000264714
ENSG00000175482.9,323.0159568,1.010843162,0.187376169,2.98e-8,2.35e-7,POLD4,1.010843162,ENSG00000175482
ENSG00000146205.14,96.10092535,1.153671448,0.215657715,3.03e-8,2.38e-7,ANO7,1.153671448,ENSG00000146205
ENSG00000242078.1,5.97613239,1.941868403,0.372491998,3.04e-8,2.39e-7,AC084864.1,1.941868403,ENSG00000242078
ENSG00000279667.1,8.438744089,1.667575253,0.317427662,3.08e-8,2.42e-7,AL603839.4,1.667575253,ENSG00000279667
ENSG00000233058.2,229.251927,1.338803079,0.253467878,3.16e-8,2.48e-7,LINC00884,1.338803079,ENSG00000233058
ENSG00000213199.8,86.32049538,1.562845198,0.298905869,3.24e-8,2.54e-7,ASIC3,1.562845198,ENSG00000213199
ENSG00000111674.9,1656.230718,1.184278158,0.222207441,3.26e-8,2.55e-7,ENO2,1.184278158,ENSG00000111674
ENSG00000050344.9,698.9828475,1.087086456,0.202620401,3.26e-8,2.55e-7,NFE2L3,1.087086456,ENSG00000050344
ENSG00000213830.3,9.04076988,1.3888284,0.264519146,3.29e-8,2.58e-7,CFL1P5,1.3888284,ENSG00000213830
ENSG00000157601.14,7939.893962,1.8781398,0.361529552,3.34e-8,2.61e-7,MX1,1.8781398,ENSG00000157601
ENSG00000049249.9,123.5629419,1.986406522,0.385372182,3.35e-8,2.62e-7,TNFRSF9,1.986406522,ENSG00000049249
ENSG00000277301.1,8.084394009,1.936718126,0.37406945,3.43e-8,2.67e-7,AL034550.2,1.936718126,ENSG00000277301
ENSG00000276397.2,3.709314401,4.068729944,0.81213166,3.43e-8,2.68e-7,LINC01879,4.068729944,ENSG00000276397
ENSG00000266402.3,17.18801066,1.957453246,0.38063346,3.45e-8,2.69e-7,SNHG25,1.957453246,ENSG00000266402
ENSG00000281641.3,25.94083797,1.636102755,0.313270485,3.46e-8,2.69e-7,SAMD12-AS1,1.636102755,ENSG00000281641
ENSG00000267201.1,4.236753182,2.284772853,0.447880091,3.51e-8,2.73e-7,LINC01775,2.284772853,ENSG00000267201
ENSG00000169900.8,213.5529899,3.730534069,0.747615445,3.58e-8,2.78e-7,PYDC1,3.730534069,ENSG00000169900
ENSG00000237330.3,199.160193,2.078916401,0.405601034,3.58e-8,2.78e-7,RNF223,2.078916401,ENSG00000237330
ENSG00000170419.11,1228.654962,4.852757258,0.981818141,3.65e-8,2.83e-7,VSTM2A,4.852757258,ENSG00000170419
ENSG00000287971.1,8.47283248,4.316134147,0.629592619,3.72e-8,2.88e-7,AC093642.6,4.316134147,ENSG00000287971
ENSG00000169862.19,863.394455,1.885755388,0.365600661,3.76e-8,2.91e-7,CTNND2,1.885755388,ENSG00000169862
ENSG00000260459.2,66.32024341,2.043060327,0.398646611,3.77e-8,2.92e-7,FTLP14,2.043060327,ENSG00000260459
ENSG00000225762.1,22.06719303,1.604874826,0.308348269,3.79e-8,2.93e-7,LINC01389,1.604874826,ENSG00000225762
ENSG00000102302.8,527.6208472,1.068362495,0.20017275,3.79e-8,2.93e-7,FGD1,1.068362495,ENSG00000102302
ENSG00000226080.1,19.94854288,3.277133508,0.656031652,3.82e-8,2.95e-7,RPL6P4,3.277133508,ENSG00000226080
ENSG00000236008.3,65.85901509,1.543843832,0.296560966,3.85e-8,2.98e-7,LINC01814,1.543843832,ENSG00000236008
ENSG00000211452.11,269.9398502,2.730425899,0.542133183,3.95e-8,3.05e-7,DIO1,2.730425899,ENSG00000211452
ENSG00000168830.8,2.965985504,4.202708338,0.866413055,3.97e-8,3.06e-7,HTR1E,4.202708338,ENSG00000168830
ENSG00000259500.1,6.868805442,2.23056145,0.437201624,4.01e-8,3.09e-7,KRT8P24,2.23056145,ENSG00000259500
ENSG00000234432.4,67.11133845,1.27807138,0.24297233,4.02e-8,3.09e-7,AC092171.3,1.27807138,ENSG00000234432
ENSG00000272666.1,12.58437909,2.297637539,0.450185879,4.06e-8,3.12e-7,KLHDC7B-DT,2.297637539,ENSG00000272666
ENSG00000129295.9,602.1029498,1.2442353,0.236494131,4.24e-8,3.25e-7,LRRC6,1.2442353,ENSG00000129295
ENSG00000162188.6,5.671945681,2.307647567,0.454921695,4.31e-8,3.31e-7,GNG3,2.307647567,ENSG00000162188
ENSG00000153060.8,33.03567661,1.89657112,0.370845754,4.43e-8,3.39e-7,TEKT5,1.89657112,ENSG00000153060
ENSG00000253931.1,8.607406997,3.099413163,0.63365809,4.45e-8,3.4e-7,AC105118.1,3.099413163,ENSG00000253931
ENSG00000074410.14,17203.80148,1.640532816,0.315406109,4.46e-8,3.41e-7,CA12,1.640532816,ENSG00000074410
ENSG00000175600.16,347.24587759999997,1.320198966,0.252180014,4.47e-8,3.41e-7,SUGCT,1.320198966,ENSG00000175600
ENSG00000145063.15,23.57283359,1.919254796,0.375496845,4.53e-8,3.46e-7,AC062028.1,1.919254796,ENSG00000145063
ENSG00000261324.2,401.0596751,1.640444231,0.318020676,4.59e-8,3.5e-7,AC010168.2,1.640444231,ENSG00000261324
ENSG00000125534.10,13221.12217,1.180376339,0.225678409,4.59e-8,3.5e-7,PPDPF,1.180376339,ENSG00000125534
ENSG00000287301.1,2.948175104,8.927822709,2.849843397,4.61e-8,3.52e-7,AC068075.2,8.927822709,ENSG00000287301
ENSG00000123201.14,45.98182086,2.424343446,0.478715415,4.71e-8,3.59e-7,GUCY1B2,2.424343446,ENSG00000123201
ENSG00000272476.1,42.32646412,1.310187407,0.251220383,4.75e-8,3.62e-7,AL024507.2,1.310187407,ENSG00000272476
ENSG00000188895.12,9242.097336,1.312386922,0.252153157,4.76e-8,3.63e-7,MSL1,1.312386922,ENSG00000188895
ENSG00000232756.1,6.142124692,3.316961499,0.670352327,4.83e-8,3.68e-7,AC004990.1,3.316961499,ENSG00000232756
ENSG00000186340.16,8258.832487,1.519747271,0.292786552,4.86e-8,3.7e-7,THBS2,1.519747271,ENSG00000186340
ENSG00000275437.1,32.04603823,1.267424239,0.242593991,4.91e-8,3.73e-7,AL121832.3,1.267424239,ENSG00000275437
ENSG00000256463.8,4.448562621,3.143329028,0.62364647,4.95e-8,3.77e-7,SALL3,3.143329028,ENSG00000256463
ENSG00000197599.12,61.92477936,1.694007617,0.330641909,5.01e-8,3.81e-7,CCDC154,1.694007617,ENSG00000197599
ENSG00000235029.1,6.908566002,2.486717685,0.496726942,5.1e-8,3.87e-7,MNX1-AS2,2.486717685,ENSG00000235029
ENSG00000125967.17,1752.446149,1.120809311,0.213447027,5.23e-8,3.96e-7,NECAB3,1.120809311,ENSG00000125967
ENSG00000286830.1,23.13348467,1.51963075,0.294515801,5.25e-8,3.97e-7,AC105052.5,1.51963075,ENSG00000286830
ENSG00000181215.15,14.12781856,1.955163814,0.385196582,5.34e-8,4.04e-7,C4orf50,1.955163814,ENSG00000181215
ENSG00000268529.1,20.89344154,3.333587238,0.674732418,5.4e-8,4.08e-7,CYP2T3P,3.333587238,ENSG00000268529
ENSG00000232065.1,8.384042751,1.728236063,0.33865557,5.41e-8,4.08e-7,LINC01063,1.728236063,ENSG00000232065
ENSG00000204264.12,4016.231563,1.038599279,0.197292059,5.42e-8,4.09e-7,PSMB8,1.038599279,ENSG00000204264
ENSG00000267573.1,8.884205214,1.971928556,0.387980109,5.43e-8,4.1e-7,KRT8P5,1.971928556,ENSG00000267573
ENSG00000214282.3,2.906004118,2.758159016,0.553262312,5.57e-8,4.19e-7,KRT8P14,2.758159016,ENSG00000214282
ENSG00000278908.1,5.488420189,2.366648443,0.472790041,5.56e-8,4.19e-7,AC132154.1,2.366648443,ENSG00000278908
ENSG00000164620.9,51.2194878,1.409451533,0.272805591,5.59e-8,4.21e-7,RELL2,1.409451533,ENSG00000164620
ENSG00000197670.6,63.68662971,1.253901854,0.240819955,5.62e-8,4.23e-7,AL157838.1,1.253901854,ENSG00000197670
ENSG00000065361.16,17668.18604,1.300996776,0.251555528,5.64e-8,4.24e-7,ERBB3,1.300996776,ENSG00000065361
ENSG00000104953.20,171.942963,1.356728826,0.262233192,5.67e-8,4.26e-7,TLE6,1.356728826,ENSG00000104953
ENSG00000274928.6,8.776975237,2.03226181,0.401308482,5.95e-8,4.46e-7,KRT89P,2.03226181,ENSG00000274928
ENSG00000164694.17,4592.804694,2.161179368,0.430055641,5.98e-8,4.48e-7,FNDC1,2.161179368,ENSG00000164694
ENSG00000162892.16,26.02463143,1.831752937,0.361865905,6.03e-8,4.51e-7,IL24,1.831752937,ENSG00000162892
ENSG00000213771.3,3.576346453,2.322150584,0.457007223,6.05e-8,4.52e-7,KRT8P37,2.322150584,ENSG00000213771
ENSG00000249859.12,890.8988008,1.398389016,0.271467578,6.05e-8,4.52e-7,PVT1,1.398389016,ENSG00000249859
ENSG00000240668.1,14.06661586,1.870695169,0.370239512,6.06e-8,4.53e-7,KRT8P36,1.870695169,ENSG00000240668
ENSG00000173467.9,4457.634261,2.40758659,0.481592651,6.12e-8,4.57e-7,AGR3,2.40758659,ENSG00000173467
ENSG00000175746.6,3.13452271,1.96684072,0.388416967,6.16e-8,4.59e-7,C15orf54,1.96684072,ENSG00000175746
ENSG00000250966.2,37.145172,1.223548387,0.235302832,6.17e-8,4.6e-7,H3P14,1.223548387,ENSG00000250966
ENSG00000241361.8,151.9110578,3.698953414,0.757077871,6.2e-8,4.62e-7,SLC25A24P1,3.698953414,ENSG00000241361
ENSG00000197822.11,1094.879315,1.248788029,0.241056735,6.26e-8,4.67e-7,OCLN,1.248788029,ENSG00000197822
ENSG00000169436.17,256.6173606,2.233762705,0.447138225,6.33e-8,4.72e-7,COL22A1,2.233762705,ENSG00000169436
ENSG00000115257.15,186.3217092,1.446198789,0.282068119,6.44e-8,4.79e-7,PCSK4,1.446198789,ENSG00000115257
ENSG00000220771.2,2.493126537,2.509979707,0.500044329,6.51e-8,4.85e-7,BOLA2P3,2.509979707,ENSG00000220771
ENSG00000287760.1,5.091842038,2.681704797,0.541778966,6.59e-8,4.9e-7,AC099521.3,2.681704797,ENSG00000287760
ENSG00000089127.14,3146.497693,1.639021229,0.321761663,6.58e-8,4.9e-7,OAS1,1.639021229,ENSG00000089127
ENSG00000137809.17,4387.454215,1.461105059,0.283662083,6.71e-8,4.98e-7,ITGA11,1.461105059,ENSG00000137809
ENSG00000206113.11,52.49752016,1.794363791,0.355156465,6.72e-8,4.99e-7,CFAP99,1.794363791,ENSG00000206113
ENSG00000181544.15,82.31220872,1.003938504,0.191724892,6.74e-8,5.01e-7,FANCB,1.003938504,ENSG00000181544
ENSG00000141738.14,4001.005539,2.185413375,0.438050738,6.8e-8,5.05e-7,GRB7,2.185413375,ENSG00000141738
ENSG00000064195.7,260.7273591,1.959058118,0.389958777,6.8e-8,5.05e-7,DLX3,1.959058118,ENSG00000064195
ENSG00000268833.1,2.545031179,2.785914003,0.559208924,7e-8,5.18e-7,AC243967.2,2.785914003,ENSG00000268833
ENSG00000265112.1,2.019628656,3.012862172,0.615325556,7.08e-8,5.24e-7,MIR3153,3.012862172,ENSG00000265112
ENSG00000187840.5,1830.590362,1.270356771,0.245907494,7.21e-8,5.33e-7,EIF4EBP1,1.270356771,ENSG00000187840
ENSG00000227953.7,52.95237749,1.546095856,0.304270376,7.26e-8,5.37e-7,LINC01341,1.546095856,ENSG00000227953
ENSG00000129355.7,413.4826379,1.029154684,0.197649839,7.26e-8,5.37e-7,CDKN2D,1.029154684,ENSG00000129355
ENSG00000173013.6,215.7245715,1.187515662,0.229398562,7.31e-8,5.4e-7,CCDC96,1.187515662,ENSG00000173013
ENSG00000108384.15,1394.421827,1.099323247,0.210545722,7.34e-8,5.42e-7,RAD51C,1.099323247,ENSG00000108384
ENSG00000137460.9,1095.783185,1.052215946,0.20164163,7.44e-8,5.5e-7,FHDC1,1.052215946,ENSG00000137460
ENSG00000286519.1,18.48407362,1.926700179,0.386265129,7.84e-8,5.77e-7,AC009236.1,1.926700179,ENSG00000286519
ENSG00000272455.1,120.8488478,1.110841319,0.214435553,7.87e-8,5.79e-7,MRPL20-DT,1.110841319,ENSG00000272455
ENSG00000070886.12,43.1368351,3.257869717,0.670357986,7.88e-8,5.8e-7,EPHA8,3.257869717,ENSG00000070886
ENSG00000136378.15,513.2604172,1.188103122,0.230256966,7.89e-8,5.8e-7,ADAMTS7,1.188103122,ENSG00000136378
ENSG00000171509.16,9.362671149,1.808377501,0.359524972,7.92e-8,5.82e-7,RXFP1,1.808377501,ENSG00000171509
ENSG00000170482.17,70.34365344,1.532843551,0.302241199,7.91e-8,5.82e-7,SLC23A1,1.532843551,ENSG00000170482
ENSG00000248971.2,18.54895108,1.211411243,0.23550233,7.92e-8,5.82e-7,KRT8P46,1.211411243,ENSG00000248971
ENSG00000260695.1,3.700795206,3.122332723,0.638680886,8e-8,5.88e-7,AC022164.1,3.122332723,ENSG00000260695
ENSG00000106819.13,5061.867813,1.881677566,0.375958398,8.01e-8,5.88e-7,ASPN,1.881677566,ENSG00000106819
ENSG00000196074.13,1627.182254,1.548979808,0.30590398,8.04e-8,5.9e-7,SYCP2,1.548979808,ENSG00000196074
ENSG00000165953.10,33.96815004,2.554600106,0.520211332,8.17e-8,5.99e-7,SERPINA12,2.554600106,ENSG00000165953
ENSG00000251533.2,9.918517609,1.81352758,0.36095527,8.22e-8,6.02e-7,LINC00605,1.81352758,ENSG00000251533
ENSG00000213047.13,2890.189021,1.403546917,0.274126067,8.23e-8,6.03e-7,DENND1B,1.403546917,ENSG00000213047
ENSG00000185442.13,3444.520659,1.076487741,0.208079712,8.37e-8,6.13e-7,FAM174B,1.076487741,ENSG00000185442
ENSG00000172460.17,46.60111022,1.517023292,0.299723102,8.42e-8,6.16e-7,PRSS30P,1.517023292,ENSG00000172460
ENSG00000235770.6,44.6795232,1.610836148,0.320085693,8.43e-8,6.17e-7,LINC00607,1.610836148,ENSG00000235770
ENSG00000160867.15,896.3869975,2.253945086,0.456447257,8.45e-8,6.18e-7,FGFR4,2.253945086,ENSG00000160867
ENSG00000135747.11,3.209729005,2.513735253,0.505553407,8.59e-8,6.27e-7,ZNF670-ZNF695,2.513735253,ENSG00000135747
ENSG00000108826.16,2257.513609,1.00731123,0.194090673,8.58e-8,6.27e-7,MRPL27,1.00731123,ENSG00000108826
ENSG00000245750.10,352.2832497,1.832503273,0.366582384,8.69e-8,6.34e-7,DRAIC,1.832503273,ENSG00000245750
ENSG00000163794.6,41.76958067,1.432246376,0.282780588,8.75e-8,6.38e-7,UCN,1.432246376,ENSG00000163794
ENSG00000131188.12,109.2532974,1.402731033,0.276224551,8.76e-8,6.39e-7,PRR7,1.402731033,ENSG00000131188
ENSG00000105707.14,1341.263167,1.76935842,0.353231967,8.87e-8,6.46e-7,HPN,1.76935842,ENSG00000105707
ENSG00000100219.16,94364.5016,1.434370076,0.279980573,8.9e-8,6.48e-7,XBP1,1.434370076,ENSG00000100219
ENSG00000224763.1,1.638401082,2.82561315,0.587995778,9.12e-8,6.63e-7,FDPSP8,2.82561315,ENSG00000224763
ENSG00000272235.1,2.970147303,2.119403291,0.428332352,9.12e-8,6.63e-7,AL590438.1,2.119403291,ENSG00000272235
ENSG00000005001.10,579.5642568,1.530852518,0.302828897,9.18e-8,6.67e-7,PRSS22,1.530852518,ENSG00000005001
ENSG00000218358.2,7.835702117,2.320203723,0.469925988,9.39e-8,6.82e-7,RAET1K,2.320203723,ENSG00000218358
ENSG00000234979.1,4.77047616,5.800761604,0.857877117,9.44e-8,6.85e-7,Z82185.1,5.800761604,ENSG00000234979
ENSG00000167858.13,25.35451828,2.775070596,0.571759942,9.54e-8,6.92e-7,TEKT1,2.775070596,ENSG00000167858
ENSG00000235343.2,4.992037398,5.147372415,1.110868141,9.59e-8,6.96e-7,LINC01665,5.147372415,ENSG00000235343
ENSG00000259439.2,100.8657795,3.026297652,0.626337565,9.71e-8,7.04e-7,LINC01833,3.026297652,ENSG00000259439
ENSG00000100427.16,80.07493966,3.973899217,0.501040496,9.85e-8,7.13e-7,MLC1,3.973899217,ENSG00000100427
ENSG00000064547.14,881.7363502,1.007345374,0.195669148,9.85e-8,7.13e-7,LPAR2,1.007345374,ENSG00000064547
ENSG00000234949.2,90.61164996,1.399960597,0.276925836,1.01e-7,7.3e-7,AC104667.2,1.399960597,ENSG00000234949
ENSG00000250221.1,5.363440987,1.728011297,0.345915233,1.01e-7,7.34e-7,KRT8P32,1.728011297,ENSG00000250221
ENSG00000256196.2,7.979401312,1.812625401,0.364094208,1.03e-7,7.4e-7,AP003721.1,1.812625401,ENSG00000256196
ENSG00000112655.16,6949.53109,1.202470919,0.233370689,1.03e-7,7.45e-7,PTK7,1.202470919,ENSG00000112655
ENSG00000259349.2,16.90657006,1.126258323,0.220446471,1.04e-7,7.5e-7,AC011921.1,1.126258323,ENSG00000259349
ENSG00000007402.12,675.4903821,1.304165152,0.256591103,1.05e-7,7.57e-7,CACNA2D2,1.304165152,ENSG00000007402
ENSG00000261488.1,89.80111209,1.457131705,0.289340151,1.06e-7,7.62e-7,TBILA,1.457131705,ENSG00000261488
ENSG00000266200.6,9.158381274,2.62339729,0.540538447,1.06e-7,7.66e-7,PNLIPRP2,2.62339729,ENSG00000266200
ENSG00000223652.2,36.88820165,1.557543337,0.311123033,1.08e-7,7.76e-7,AC106786.1,1.557543337,ENSG00000223652
ENSG00000228607.2,4.481362074,4.216235414,0.87051452,1.08e-7,7.79e-7,CLDN25,4.216235414,ENSG00000228607
ENSG00000188916.9,420.169446,2.696324358,0.557648314,1.09e-7,7.85e-7,INSYN2A,2.696324358,ENSG00000188916
ENSG00000255571.9,503.9331759,1.720386351,0.346581942,1.1e-7,7.92e-7,MIR9-3HG,1.720386351,ENSG00000255571
ENSG00000143450.18,106.6254707,1.104381421,0.215748694,1.1e-7,7.92e-7,OAZ3,1.104381421,ENSG00000143450
ENSG00000285812.1,11.82635927,1.385419389,0.275172586,1.15e-7,8.22e-7,AL390719.3,1.385419389,ENSG00000285812
ENSG00000234233.1,4.131034723,3.036548089,0.632493371,1.15e-7,8.24e-7,KCNH1-IT1,3.036548089,ENSG00000234233
ENSG00000164362.21,19.66003374,2.537073089,0.523632994,1.15e-7,8.26e-7,TERT,2.537073089,ENSG00000164362
ENSG00000105479.16,89.86780105,1.53251766,0.306624836,1.17e-7,8.33e-7,CCDC114,1.53251766,ENSG00000105479
ENSG00000186471.13,5.549337782,4.772941301,0.783554445,1.18e-7,8.44e-7,AKAP14,4.772941301,ENSG00000186471
ENSG00000229720.1,3.199613246,2.273955755,0.462871191,1.19e-7,8.48e-7,AL109924.1,2.273955755,ENSG00000229720
ENSG00000229314.5,30.79371823,3.052157565,0.63574501,1.19e-7,8.52e-7,ORM1,3.052157565,ENSG00000229314
ENSG00000271065.1,2.786480422,2.884016933,0.594065422,1.19e-7,8.52e-7,AC107031.1,2.884016933,ENSG00000271065
ENSG00000273004.1,10.74719574,1.097436141,0.215219715,1.21e-7,8.65e-7,AL078644.1,1.097436141,ENSG00000273004
ENSG00000152056.17,258.7902068,1.051386515,0.205181902,1.23e-7,8.73e-7,AP1S3,1.051386515,ENSG00000152056
ENSG00000267750.6,38.34228229,1.789048902,0.362063613,1.23e-7,8.75e-7,RUNDC3A-AS1,1.789048902,ENSG00000267750
ENSG00000265282.1,6.886376762,1.821942289,0.368585614,1.24e-7,8.81e-7,AC005828.4,1.821942289,ENSG00000265282
ENSG00000258679.1,1.80070915,2.643664418,0.547853817,1.26e-7,8.97e-7,AC121758.2,2.643664418,ENSG00000258679
ENSG00000135899.19,2629.062255,1.035766453,0.201885055,1.28e-7,9.08e-7,SP110,1.035766453,ENSG00000135899
ENSG00000015413.9,68.92490752,1.999397371,0.409300932,1.28e-7,9.1e-7,DPEP1,1.999397371,ENSG00000015413
ENSG00000128965.13,106.151874,1.185156456,0.234391721,1.28e-7,9.1e-7,CHAC1,1.185156456,ENSG00000128965
ENSG00000233183.3,12.82775437,2.158119887,0.441879887,1.29e-7,9.14e-7,AL138889.1,2.158119887,ENSG00000233183
ENSG00000171224.9,541.1814897,1.074609901,0.210368403,1.3e-7,9.18e-7,FAM241B,1.074609901,ENSG00000171224
ENSG00000267077.1,2.037478814,2.062303854,0.415634395,1.3e-7,9.23e-7,AC020663.2,2.062303854,ENSG00000267077
ENSG00000259977.1,6.444181143,3.037079764,0.632260102,1.31e-7,9.26e-7,AL121578.1,3.037079764,ENSG00000259977
ENSG00000126231.15,10.00485131,1.681841121,0.339809817,1.33e-7,9.37e-7,PROZ,1.681841121,ENSG00000126231
ENSG00000002834.18,18559.60321,1.086466742,0.211605854,1.33e-7,9.37e-7,LASP1,1.086466742,ENSG00000002834
ENSG00000180066.10,10.19966541,1.956950487,0.399920935,1.34e-7,9.49e-7,LINC02870,1.956950487,ENSG00000180066
ENSG00000237940.3,386.5431467,3.142344854,0.445959713,1.35e-7,9.55e-7,LINC01238,3.142344854,ENSG00000237940
ENSG00000268964.3,2.538255546,4.258479127,0.939892218,1.36e-7,9.58e-7,ERVV-2,4.258479127,ENSG00000268964
ENSG00000259309.2,3.33959471,3.364505648,0.706978925,1.38e-7,9.74e-7,AC021818.1,3.364505648,ENSG00000259309
ENSG00000178773.15,273.1022699,2.012246068,0.412676949,1.38e-7,9.74e-7,CPNE7,2.012246068,ENSG00000178773
ENSG00000279199.1,18.00414597,1.969467366,0.404676638,1.38e-7,9.74e-7,AC068669.1,1.969467366,ENSG00000279199
ENSG00000197168.13,249.8826719,1.079563873,0.212119701,1.39e-7,9.78e-7,NEK5,1.079563873,ENSG00000197168
ENSG00000145506.14,316.3250693,1.400407133,0.280337511,1.4e-7,9.85e-7,NKD2,1.400407133,ENSG00000145506
ENSG00000170788.14,3.051507538,3.498835217,0.735918955,1.41e-7,9.93e-7,DYDC1,3.498835217,ENSG00000170788
ENSG00000183048.12,374.5696286,1.085279189,0.214171162,1.44e-7,1.01e-6,SLC25A10,1.085279189,ENSG00000183048
ENSG00000227589.1,2.137942688,2.914719042,0.620415481,1.46e-7,1.02e-6,TP73-AS3,2.914719042,ENSG00000227589
ENSG00000124664.11,7911.691698,1.67518154,0.337566805,1.45e-7,1.02e-6,SPDEF,1.67518154,ENSG00000124664
ENSG00000176177.10,10.68389773,2.117634009,0.436339439,1.46e-7,1.03e-6,ENTHD1,2.117634009,ENSG00000176177
ENSG00000144057.15,614.8049996,1.72730085,0.351649338,1.5e-7,1.05e-6,ST6GAL2,1.72730085,ENSG00000144057
ENSG00000155530.3,79.95629945,1.219397793,0.242435161,1.5e-7,1.05e-6,LRGUK,1.219397793,ENSG00000155530
ENSG00000159214.13,609.9165746,1.051032979,0.206616642,1.51e-7,1.06e-6,CCDC24,1.051032979,ENSG00000159214
ENSG00000168907.13,330.7587475,1.747793841,0.35652201,1.53e-7,1.07e-6,PLA2G4F,1.747793841,ENSG00000168907
ENSG00000287457.1,3.233703732,3.134938244,0.655904061,1.58e-7,1.1e-6,AC005821.2,3.134938244,ENSG00000287457
ENSG00000139725.8,15.15629329,1.413889981,0.284944365,1.57e-7,1.1e-6,RHOF,1.413889981,ENSG00000139725
ENSG00000232093.1,89.59108722,1.240125811,0.247785031,1.6e-7,1.11e-6,DCST1-AS1,1.240125811,ENSG00000232093
ENSG00000197847.12,37.14579771,1.375146624,0.27725997,1.62e-7,1.13e-6,SLC22A20P,1.375146624,ENSG00000197847
ENSG00000213057.5,36.58414847,1.278082441,0.255637964,1.62e-7,1.13e-6,C1orf220,1.278082441,ENSG00000213057
ENSG00000182631.7,2.917396008,2.3958103,0.494786606,1.64e-7,1.14e-6,RXFP3,2.3958103,ENSG00000182631
ENSG00000250081.1,4.074771368,2.132635108,0.439441633,1.64e-7,1.14e-6,AC025176.1,2.132635108,ENSG00000250081
ENSG00000169962.5,70.76940557,1.4641039,0.296366341,1.63e-7,1.14e-6,TAS1R3,1.4641039,ENSG00000169962
ENSG00000158423.17,179.0561278,1.208992109,0.241040866,1.65e-7,1.15e-6,RIBC1,1.208992109,ENSG00000158423
ENSG00000228358.6,2.742248745,3.462868622,0.75453539,1.68e-7,1.17e-6,LINC02263,3.462868622,ENSG00000228358
ENSG00000276509.1,5.485215211,1.73743585,0.355426053,1.74e-7,1.2e-6,AC239799.1,1.73743585,ENSG00000276509
ENSG00000237080.3,22.40546632,1.489940703,0.301596601,1.73e-7,1.2e-6,EHMT2-AS1,1.489940703,ENSG00000237080
ENSG00000138083.5,111.6738791,2.69669431,0.569072418,1.77e-7,1.23e-6,SIX3,2.69669431,ENSG00000138083
ENSG00000235169.11,99.59038021,1.137854347,0.226838459,1.78e-7,1.23e-6,SMIM1,1.137854347,ENSG00000235169
ENSG00000178409.14,470.9596037,1.02908389,0.203786204,1.78e-7,1.23e-6,BEND3,1.02908389,ENSG00000178409
ENSG00000100285.10,314.370399,1.8681362,0.38520859,1.79e-7,1.24e-6,NEFH,1.8681362,ENSG00000100285
ENSG00000064270.13,683.0436193,1.502297935,0.305505409,1.79e-7,1.24e-6,ATP2C2,1.502297935,ENSG00000064270
ENSG00000275620.1,18.44129774,2.219191239,0.463973506,1.81e-7,1.25e-6,FLJ16779,2.219191239,ENSG00000275620
ENSG00000243710.8,108.2841794,1.385612766,0.280072961,1.81e-7,1.25e-6,CFAP57,1.385612766,ENSG00000243710
ENSG00000141337.12,1045.305054,1.179432684,0.235129616,1.83e-7,1.26e-6,ARSG,1.179432684,ENSG00000141337
ENSG00000242136.1,12.58842138,2.980813418,0.63218999,1.87e-7,1.29e-6,AC093904.2,2.980813418,ENSG00000242136
ENSG00000204140.10,65.76505505,2.395359053,0.503389006,1.89e-7,1.3e-6,CLPSL1,2.395359053,ENSG00000204140
ENSG00000238045.9,35.6270221,1.288621287,0.259933382,1.88e-7,1.3e-6,AC009133.1,1.288621287,ENSG00000238045
ENSG00000112685.14,3761.481835,1.019549758,0.202517892,1.89e-7,1.3e-6,EXOC2,1.019549758,ENSG00000112685
ENSG00000072858.11,2096.256903,1.259054541,0.253481459,1.9e-7,1.31e-6,SIDT1,1.259054541,ENSG00000072858
ENSG00000230257.5,3.473490558,3.328520624,0.333247195,1.92e-7,1.32e-6,NFE4,3.328520624,ENSG00000230257
ENSG00000251144.1,2.115754617,3.776127909,0.852671051,1.93e-7,1.33e-6,AC113346.1,3.776127909,ENSG00000251144
ENSG00000264491.1,5.784414401,2.314053627,0.484847431,1.93e-7,1.33e-6,AC005544.1,2.314053627,ENSG00000264491
ENSG00000231868.1,12.34125708,2.416443273,0.507706429,1.94e-7,1.34e-6,AL031848.1,2.416443273,ENSG00000231868
ENSG00000214050.8,149.5124438,1.283238097,0.258676607,1.97e-7,1.35e-6,FBXO16,1.283238097,ENSG00000214050
ENSG00000256802.2,8.080544911,1.778758625,0.366936602,1.98e-7,1.36e-6,AC022613.1,1.778758625,ENSG00000256802
ENSG00000279954.1,10.54524602,2.153616002,0.451327496,2e-7,1.37e-6,BX324167.2,2.153616002,ENSG00000279954
ENSG00000179902.13,20.00479773,3.608565241,0.406957178,2.02e-7,1.39e-6,C1orf194,3.608565241,ENSG00000179902
ENSG00000160781.17,221.9853031,1.578135994,0.323425832,2.04e-7,1.4e-6,PAQR6,1.578135994,ENSG00000160781
ENSG00000104447.13,20384.89887,1.116963493,0.222789832,2.04e-7,1.4e-6,TRPS1,1.116963493,ENSG00000104447
ENSG00000184363.10,3016.854807,1.300576218,0.262335951,2.06e-7,1.41e-6,PKP3,1.300576218,ENSG00000184363
ENSG00000258010.4,3.705225908,2.828572804,0.59929467300000006,2.07e-7,1.42e-6,AC016705.1,2.828572804,ENSG00000258010
ENSG00000286989.1,39.62660534,1.501445227,0.307145123,2.07e-7,1.42e-6,AL691432.4,1.501445227,ENSG00000286989
ENSG00000119888.11,10284.79364,1.401941495,0.282522565,2.1e-7,1.44e-6,EPCAM,1.401941495,ENSG00000119888
ENSG00000196834.13,34.60486569,2.428080581,0.512781461,2.12e-7,1.45e-6,POTEI,2.428080581,ENSG00000196834
ENSG00000130561.17,14.18097974,2.0761142,0.434918375,2.14e-7,1.46e-6,SAG,2.0761142,ENSG00000130561
ENSG00000165078.13,73.59797582,4.530857521,0.598922768,2.15e-7,1.47e-6,CPA6,4.530857521,ENSG00000165078
ENSG00000071677.1,2.444402217,3.557703792,0.787612406,2.15e-7,1.47e-6,PRLH,3.557703792,ENSG00000071677
ENSG00000171759.10,75.68274424,2.441012354,0.516696733,2.16e-7,1.48e-6,PAH,2.441012354,ENSG00000171759
ENSG00000198466.12,1990.277223,1.224333591,0.246262774,2.22e-7,1.51e-6,ZNF587,1.224333591,ENSG00000198466
ENSG00000171222.10,1653.06021,1.020561055,0.203531776,2.26e-7,1.54e-6,SCAND1,1.020561055,ENSG00000171222
ENSG00000170743.17,366.3882334,2.078640444,0.436572449,2.27e-7,1.55e-6,SYT9,2.078640444,ENSG00000170743
ENSG00000279443.1,53.24357697,1.395848348,0.28549375,2.34e-7,1.59e-6,AL513497.1,1.395848348,ENSG00000279443
ENSG00000267374.2,58.73464455,1.490811508,0.306332132,2.36e-7,1.6e-6,MIR924HG,1.490811508,ENSG00000267374
ENSG00000280335.1,4.470896785,2.053396672,0.429955461,2.37e-7,1.61e-6,AC016866.3,2.053396672,ENSG00000280335
ENSG00000275468.1,5.199458463,1.992740544,0.419244599,2.4e-7,1.63e-6,AC004678.1,1.992740544,ENSG00000275468
ENSG00000188306.6,16.80199715,2.354604127,0.498212816,2.42e-7,1.64e-6,LRRIQ4,2.354604127,ENSG00000188306
ENSG00000100908.14,472.1898514,1.146458749,0.23132202,2.49e-7,1.69e-6,EMC9,1.146458749,ENSG00000100908
ENSG00000279742.1,17.93590249,1.629701689,0.338068734,2.51e-7,1.7e-6,AP000974.1,1.629701689,ENSG00000279742
ENSG00000197594.13,5445.810729,1.109796784,0.223606514,2.54e-7,1.72e-6,ENPP1,1.109796784,ENSG00000197594
ENSG00000116014.10,33.29417317,2.885966592,0.622074497,2.56e-7,1.73e-6,KISS1R,2.885966592,ENSG00000116014
ENSG00000103460.17,1188.157841,1.849278671,0.386972987,2.58e-7,1.74e-6,TOX3,1.849278671,ENSG00000103460
ENSG00000168828.5,6.274263367,2.239044462,0.477589256,2.6e-7,1.75e-6,OR13J1,2.239044462,ENSG00000168828
ENSG00000152592.14,3.723434614,2.653504696,0.563599109,2.63e-7,1.77e-6,DMP1,2.653504696,ENSG00000152592
ENSG00000188282.12,45.38959131,2.132166007,0.450720494,2.62e-7,1.77e-6,RUFY4,2.132166007,ENSG00000188282
ENSG00000172575.12,658.0214127,1.486967179,0.30693907,2.64e-7,1.77e-6,RASGRP1,1.486967179,ENSG00000172575
ENSG00000184730.11,656.5905968,1.42090233,0.292022891,2.63e-7,1.77e-6,APOBR,1.42090233,ENSG00000184730
ENSG00000187045.19,263.0303741,2.127434101,0.450120083,2.67e-7,1.8e-6,TMPRSS6,2.127434101,ENSG00000187045
ENSG00000246095.2,9.488381894,2.317885615,0.493087495,2.69e-7,1.81e-6,LINC01096,2.317885615,ENSG00000246095
ENSG00000262703.1,5.919539943,1.820628779,0.380684817,2.72e-7,1.82e-6,AC009121.2,1.820628779,ENSG00000262703
ENSG00000163462.18,193.2806511,1.286273981,0.263200736,2.71e-7,1.82e-6,TRIM46,1.286273981,ENSG00000163462
ENSG00000277010.1,23.23615955,2.721854171,0.58611231,2.72e-7,1.83e-6,AC120498.10,2.721854171,ENSG00000277010
ENSG00000103528.17,501.7237775,1.472190548,0.303567759,2.75e-7,1.84e-6,SYT17,1.472190548,ENSG00000103528
ENSG00000281189.1,30.94297552,1.153626895,0.234355954,2.74e-7,1.84e-6,GHET1,1.153626895,ENSG00000281189
ENSG00000229637.4,5.933680663,6.481726563,1.376072698,2.75e-7,1.85e-6,PRAC2,6.481726563,ENSG00000229637
ENSG00000136542.9,1307.266166,1.757454143,0.366370667,2.76e-7,1.85e-6,GALNT5,1.757454143,ENSG00000136542
ENSG00000196081.10,46.85265851,1.069295629,0.215879068,2.76e-7,1.85e-6,ZNF724,1.069295629,ENSG00000196081
ENSG00000278484.1,75.68960544,2.865938822,0.619354121,2.81e-7,1.88e-6,AC010998.3,2.865938822,ENSG00000278484
ENSG00000103067.14,2728.08125,1.304284491,0.266752758,2.87e-7,1.91e-6,ESRP2,1.304284491,ENSG00000103067
ENSG00000102265.12,13882.06571,1.050872624,0.214587416,2.95e-7,1.96e-6,TIMP1,1.050872624,ENSG00000102265
ENSG00000238176.1,12.43030138,7.2774832290000004,1.873193677,2.98e-7,1.98e-6,AL390061.1,7.2774832290000004,ENSG00000238176
ENSG00000198794.12,1133.254513,1.133231239,0.230057084,3.02e-7,2.01e-6,SCAMP5,1.133231239,ENSG00000198794
ENSG00000244137.1,10.00490421,2.02911074,0.431281221,3.05e-7,2.03e-6,AL512328.1,2.02911074,ENSG00000244137
ENSG00000229525.1,19.91543604,1.365910851,0.283394546,3.07e-7,2.04e-6,AC053503.1,1.365910851,ENSG00000229525
ENSG00000165644.11,328.0008508,1.146936463,0.233916677,3.08e-7,2.04e-6,COMTD1,1.146936463,ENSG00000165644
ENSG00000227579.6,7.377503839,2.90988917,0.631578203,3.13e-7,2.08e-6,AL136114.1,2.90988917,ENSG00000227579
ENSG00000254231.3,199.3035277,1.432873197,0.297174425,3.23e-7,2.14e-6,AC103760.1,1.432873197,ENSG00000254231
ENSG00000246705.4,5823.618861,1.183827742,0.24160473,3.24e-7,2.15e-6,H2AJ,1.183827742,ENSG00000246705
ENSG00000187550.9,14.69346894,2.623011844,0.573894974,3.31e-7,2.19e-6,SBK2,2.623011844,ENSG00000187550
ENSG00000276107.1,94.77896876,1.574414396,0.329542469,3.34e-7,2.21e-6,AC037198.1,1.574414396,ENSG00000276107
ENSG00000277619.1,5.83941547,2.869824219,0.638018913,3.36e-7,2.22e-6,AC008406.3,2.869824219,ENSG00000277619
ENSG00000263011.1,21.92849926,1.328433041,0.275566526,3.36e-7,2.22e-6,AC108134.4,1.328433041,ENSG00000263011
ENSG00000274372.5,27.02165804,1.79188594,0.379011869,3.44e-7,2.27e-6,LINC02804,1.79188594,ENSG00000274372
ENSG00000117983.17,3040.603814,2.645872899,0.574526412,3.46e-7,2.28e-6,MUC5B,2.645872899,ENSG00000117983
ENSG00000105613.10,46.1060111,1.297004476,0.267883719,3.48e-7,2.29e-6,MAST1,1.297004476,ENSG00000105613
ENSG00000232460.4,4.476206691,1.808937314,0.233344887,3.49e-7,2.3e-6,BMPR1AP2,1.808937314,ENSG00000232460
ENSG00000115297.11,5.345021058,2.087570599,0.446729195,3.52e-7,2.32e-6,TLX2,2.087570599,ENSG00000115297
ENSG00000233017.3,6.613137016,1.881049376,0.3976579,3.58e-7,2.35e-6,AL121832.1,1.881049376,ENSG00000233017
ENSG00000253130.2,10.19347573,2.125028923,0.453887951,3.67e-7,2.41e-6,AC114550.1,2.125028923,ENSG00000253130
ENSG00000198569.10,13.52742512,1.569868582,0.330966438,3.68e-7,2.42e-6,SLC34A3,1.569868582,ENSG00000198569
ENSG00000277268.2,7.480311779,5.425247351,1.208959246,3.7e-7,2.43e-6,LHX1-DT,5.425247351,ENSG00000277268
ENSG00000183765.23,613.0515296,1.04476244,0.212752701,3.75e-7,2.46e-6,CHEK2,1.04476244,ENSG00000183765
ENSG00000235651.1,3.188172292,1.993580053,0.424907016,3.84e-7,2.52e-6,G3BP1P1,1.993580053,ENSG00000235651
ENSG00000142621.19,145.4773513,1.068071569,0.219054841,3.84e-7,2.52e-6,FHAD1,1.068071569,ENSG00000142621
ENSG00000124602.10,142.7676232,1.336098697,0.277809283,3.88e-7,2.53e-6,UNC5CL,1.336098697,ENSG00000124602
ENSG00000225556.1,67.06186588,1.102943431,0.226331132,3.89e-7,2.54e-6,C2CD4D,1.102943431,ENSG00000225556
ENSG00000170122.5,24.93931375,1.491962683,0.312791212,3.93e-7,2.57e-6,FOXD4,1.491962683,ENSG00000170122
ENSG00000243635.1,2.308363956,2.939058137,0.646436113,3.97e-7,2.59e-6,AC091804.1,2.939058137,ENSG00000243635
ENSG00000236385.1,2.766142006,2.534948525,0.554825065,3.96e-7,2.59e-6,AC026355.3,2.534948525,ENSG00000236385
ENSG00000284731.1,3.47064788,2.201127543,0.471877525,3.98e-7,2.59e-6,AC083906.5,2.201127543,ENSG00000284731
ENSG00000269516.6,256.1647871,2.150840637,0.463713846,3.97e-7,2.59e-6,CYP4F23P,2.150840637,ENSG00000269516
ENSG00000287914.1,209.3693011,2.141607169,0.461673292,4.05e-7,2.64e-6,AL078582.2,2.141607169,ENSG00000287914
ENSG00000231482.3,16.72337152,1.113390932,0.229155101,4.05e-7,2.64e-6,AC105450.1,1.113390932,ENSG00000231482
ENSG00000260220.7,14.291357,2.338889775,0.505779509,4.1e-7,2.67e-6,CCDC187,2.338889775,ENSG00000260220
ENSG00000162032.16,6.464293342,1.411294578,0.29729877,4.13e-7,2.68e-6,SPSB3,1.411294578,ENSG00000162032
ENSG00000211891.6,50.46713999,2.867746098,0.631217887,4.14e-7,2.69e-6,IGHE,2.867746098,ENSG00000211891
ENSG00000177202.3,12.46075856,1.875986535,0.400472239,4.17e-7,2.71e-6,SPACA4,1.875986535,ENSG00000177202
ENSG00000135549.15,1715.043282,1.532386589,0.322923583,4.28e-7,2.77e-6,PKIB,1.532386589,ENSG00000135549
ENSG00000242540.3,4.86833798,2.837831018,0.620681856,4.28e-7,2.78e-6,AC010729.2,2.837831018,ENSG00000242540
ENSG00000146757.14,1920.752431,1.252993389,0.260658858,4.3e-7,2.79e-6,ZNF92,1.252993389,ENSG00000146757
ENSG00000160326.14,242.8966396,1.235957318,0.256862105,4.3e-7,2.79e-6,SLC2A6,1.235957318,ENSG00000160326
ENSG00000163618.18,25.74100877,1.4172867,0.29697079,4.33e-7,2.8e-6,CADPS,1.4172867,ENSG00000163618
ENSG00000272551.1,26.77552088,1.720795949,0.366301439,4.34e-7,2.81e-6,AC017048.3,1.720795949,ENSG00000272551
ENSG00000252835.1,4.400141446,2.251782584,0.490492986,4.39e-7,2.84e-6,SCARNA21,2.251782584,ENSG00000252835
ENSG00000068079.8,2098.65722,1.154237137,0.238717841,4.46e-7,2.88e-6,IFI35,1.154237137,ENSG00000068079
ENSG00000284659.1,16.17800353,2.546565365,0.558025553,4.48e-7,2.89e-6,AC073869.6,2.546565365,ENSG00000284659
ENSG00000232499.2,9.230857229,1.024569058,0.210669351,4.58e-7,2.95e-6,AL391058.1,1.024569058,ENSG00000232499
ENSG00000090932.11,16.44903843,2.192874305,0.477138332,4.64e-7,2.99e-6,DLL3,2.192874305,ENSG00000090932
ENSG00000157193.18,372.5428286,1.262496298,0.263369411,4.73e-7,3.04e-6,LRP8,1.262496298,ENSG00000157193
ENSG00000246016.2,3.88070088,3.046402174,0.674163427,4.75e-7,3.05e-6,LINC01513,3.046402174,ENSG00000246016
ENSG00000196787.3,197.8234761,1.978789257,0.427786022,4.74e-7,3.05e-6,H2AC11,1.978789257,ENSG00000196787
ENSG00000117984.15,20298.34461,1.161992969,0.243262481,4.79e-7,3.07e-6,CTSD,1.161992969,ENSG00000117984
ENSG00000260132.1,4.103566457,2.964790673,0.660595507,4.84e-7,3.11e-6,AL032819.1,2.964790673,ENSG00000260132
ENSG00000153002.12,13406.14253,5.138061802,0.751899574,4.89e-7,3.13e-6,CPB1,5.138061802,ENSG00000153002
ENSG00000156269.5,1.497697912,4.923652706,0.635675281,4.88e-7,3.13e-6,NAA11,4.923652706,ENSG00000156269
ENSG00000232044.7,41.12435434,2.690948319,0.594819969,4.88e-7,3.13e-6,SILC1,2.690948319,ENSG00000232044
ENSG00000204936.10,31.19516336,3.682516462,0.463678185,4.94e-7,3.16e-6,CD177,3.682516462,ENSG00000204936
ENSG00000077935.17,61.76985603,1.863841433,0.401549682,4.93e-7,3.16e-6,SMC1B,1.863841433,ENSG00000077935
ENSG00000156564.9,37.0932213,2.092380292,0.455228207,4.96e-7,3.17e-6,LRFN2,2.092380292,ENSG00000156564
ENSG00000227925.2,4.733496142,1.95584332,0.423039418,4.97e-7,3.18e-6,LINC01655,1.95584332,ENSG00000227925
ENSG00000161642.18,3858.657615,1.013988698,0.20875918,4.98e-7,3.19e-6,ZNF385A,1.013988698,ENSG00000161642
ENSG00000286593.1,15.44349824,1.662598753,0.354470979,5.03e-7,3.22e-6,AP006261.1,1.662598753,ENSG00000286593
ENSG00000076604.15,3680.006145,1.124494056,0.232856786,5.05e-7,3.23e-6,TRAF4,1.124494056,ENSG00000076604
ENSG00000170950.6,2.312029321,5.537934274,1.281483286,5.12e-7,3.27e-6,PGK2,5.537934274,ENSG00000170950
ENSG00000271550.1,53.7184827,1.190677256,0.248429817,5.11e-7,3.27e-6,BNIP3P11,1.190677256,ENSG00000271550
ENSG00000108592.17,4464.222621,1.039187241,0.214009156,5.13e-7,3.28e-6,FTSJ3,1.039187241,ENSG00000108592
ENSG00000160180.15,6401.460191,1.987729772,0.428828298,5.17e-7,3.3e-6,TFF3,1.987729772,ENSG00000160180
ENSG00000281327.2,4.616694787,1.685363778,0.362867929,5.16e-7,3.3e-6,LINC01338,1.685363778,ENSG00000281327
ENSG00000233560.2,9.931754798,1.249956055,0.260767058,5.21e-7,3.32e-6,KRT8P39,1.249956055,ENSG00000233560
ENSG00000244125.1,20.78280824,3.888950823,0.880201525,5.3e-7,3.38e-6,AC078882.1,3.888950823,ENSG00000244125
ENSG00000213420.8,93.25211501,1.656788569,0.355237453,5.3e-7,3.38e-6,GPC2,1.656788569,ENSG00000213420
ENSG00000152292.17,9.943273297,2.436293623,0.538088462,5.34e-7,3.4e-6,SH2D6,2.436293623,ENSG00000152292
ENSG00000160973.8,5.377148918,1.591116676,0.340318462,5.37e-7,3.41e-6,FOXH1,1.591116676,ENSG00000160973
ENSG00000258894.1,2.257628607,4.114864562,0.90508401,5.51e-7,3.5e-6,ARHGAP16P,4.114864562,ENSG00000258894
ENSG00000253123.4,193.5857567,2.21434864,0.485896699,5.51e-7,3.5e-6,AC091182.1,2.21434864,ENSG00000253123
ENSG00000279369.1,82.0506397,1.076659464,0.224097456,5.67e-7,3.6e-6,AC046185.3,1.076659464,ENSG00000279369
ENSG00000164893.9,20.72898694,1.944986341,0.422057808,5.74e-7,3.64e-6,SLC7A13,1.944986341,ENSG00000164893
ENSG00000176788.9,1734.8199,1.073992388,0.223441274,5.77e-7,3.65e-6,BASP1,1.073992388,ENSG00000176788
ENSG00000287338.1,88.56855925,1.908994202,0.415421468,5.81e-7,3.67e-6,AL929091.1,1.908994202,ENSG00000287338
ENSG00000262362.1,4.189298239,1.861750321,0.406262396,5.79e-7,3.67e-6,AC004233.1,1.861750321,ENSG00000262362
ENSG00000177494.6,47.64443901,2.158130842,0.474006862,5.83e-7,3.69e-6,ZBED2,2.158130842,ENSG00000177494
ENSG00000259390.4,2.411026953,2.440693861,0.533863,5.89e-7,3.72e-6,AC022196.1,2.440693861,ENSG00000259390
ENSG00000261235.1,25.79549206,2.087457065,0.457279802,5.9e-7,3.73e-6,AC092142.1,2.087457065,ENSG00000261235
ENSG00000268088.1,3.405810839,3.679598705,0.858314375,5.95e-7,3.76e-6,AC093063.1,3.679598705,ENSG00000268088
ENSG00000214894.6,32.59513356,1.863022493,0.405093328,6.06e-7,3.82e-6,LINC00243,1.863022493,ENSG00000214894
ENSG00000172183.15,977.5803056,1.092117633,0.227408678,6.07e-7,3.82e-6,ISG20,1.092117633,ENSG00000172183
ENSG00000238117.1,122.5525256,2.688564392,0.600336672,6.07e-7,3.83e-6,AP000844.2,2.688564392,ENSG00000238117
ENSG00000259023.3,2.883899865,3.952005443,0.940014264,6.22e-7,3.91e-6,LINC00524,3.952005443,ENSG00000259023
ENSG00000258359.1,9.988564509,1.093218193,0.228707985,6.25e-7,3.93e-6,PCNPP1,1.093218193,ENSG00000258359
ENSG00000214867.3,13.36187506,1.061507781,0.221129368,6.28e-7,3.95e-6,SRSF9P1,1.061507781,ENSG00000214867
ENSG00000100196.11,1718.087166,1.014018388,0.211499685,6.41e-7,4.02e-6,KDELR3,1.014018388,ENSG00000100196
ENSG00000165140.11,1880.063016,1.230318893,0.260882565,6.57e-7,4.12e-6,FBP1,1.230318893,ENSG00000165140
ENSG00000042832.12,37.38760424,1.22535591,0.259454706,6.64e-7,4.15e-6,TG,1.22535591,ENSG00000042832
ENSG00000132698.15,4543.053917,1.372862381,0.29213955,6.65e-7,4.16e-6,RAB25,1.372862381,ENSG00000132698
ENSG00000151012.13,218.6200761,1.359561707,0.289410973,6.65e-7,4.16e-6,SLC7A11,1.359561707,ENSG00000151012
ENSG00000166143.10,36.31744008,1.868640908,0.408492633,6.71e-7,4.19e-6,PPP1R14D,1.868640908,ENSG00000166143
ENSG00000145103.15,636.1232289,1.220726585,0.257712034,6.77e-7,4.22e-6,ILDR1,1.220726585,ENSG00000145103
ENSG00000274653.1,10.31469303,1.191044965,0.252242643,6.77e-7,4.23e-6,AC106782.5,1.191044965,ENSG00000274653
ENSG00000264644.1,3.98171026,1.862012884,0.406379431,6.81e-7,4.25e-6,KRT18P8,1.862012884,ENSG00000264644
ENSG00000283413.1,21.36211927,2.445940681,0.547227673,7e-7,4.36e-6,AC008703.1,2.445940681,ENSG00000283413
ENSG00000228714.4,2.581486932,2.953459542,0.661346791,7.03e-7,4.38e-6,AL691420.1,2.953459542,ENSG00000228714
ENSG00000278902.1,1.530369838,3.75799488,0.894868699,7.1e-7,4.41e-6,AC010947.1,3.75799488,ENSG00000278902
ENSG00000179772.8,147.2299476,1.372331296,0.293919638,7.09e-7,4.41e-6,FOXS1,1.372331296,ENSG00000179772
ENSG00000260942.1,93.47369696,1.002729007,0.209707571,7.08e-7,4.41e-6,CAPN10-DT,1.002729007,ENSG00000260942
ENSG00000241280.1,6.647913177,3.135603687,0.706881733,7.13e-7,4.43e-6,AC106712.1,3.135603687,ENSG00000241280
ENSG00000145198.14,36.25011417,1.732321806,0.377856682,7.16e-7,4.45e-6,VWA5B2,1.732321806,ENSG00000145198
ENSG00000154654.15,746.952747,1.505882022,0.324357611,7.17e-7,4.45e-6,NCAM2,1.505882022,ENSG00000154654
ENSG00000277235.1,3.879975404,2.292697387,0.510853589,7.19e-7,4.46e-6,AL035420.3,2.292697387,ENSG00000277235
ENSG00000259527.2,277.2781937,6.116680594,1.441682253,7.22e-7,4.48e-6,LINC00052,6.116680594,ENSG00000259527
ENSG00000233589.1,1.02392963,3.031644332,0.729753171,7.27e-7,4.51e-6,AL138789.1,3.031644332,ENSG00000233589
ENSG00000244176.1,4.185883018,2.440837828,0.543192297,7.3e-7,4.52e-6,AP003733.1,2.440837828,ENSG00000244176
ENSG00000263618.5,31.59537407,2.663307629,0.59938567,7.31e-7,4.53e-6,AP005121.1,2.663307629,ENSG00000263618
ENSG00000198720.13,621.6688713,1.040797143,0.217808643,7.32e-7,4.53e-6,ANKRD13B,1.040797143,ENSG00000198720
ENSG00000260136.6,43.3026762,1.176801605,0.249776819,7.39e-7,4.57e-6,AC008915.2,1.176801605,ENSG00000260136
ENSG00000061656.10,198.7516111,1.236264312,0.263287874,7.5e-7,4.64e-6,SPAG4,1.236264312,ENSG00000061656
ENSG00000275896.6,43.15335644,3.000044708,0.68024083,7.53e-7,4.65e-6,PRSS2,3.000044708,ENSG00000275896
ENSG00000181097.5,29.74549907,1.090011502,0.229844098,7.52e-7,4.65e-6,LINC02878,1.090011502,ENSG00000181097
ENSG00000275484.1,23.95563331,1.727337837,0.376706256,7.56e-7,4.67e-6,AP003419.3,1.727337837,ENSG00000275484
ENSG00000229970.3,3.288026015,3.818521627,0.552353151,7.58e-7,4.68e-6,AC007128.1,3.818521627,ENSG00000229970
ENSG00000174885.13,43.93969779,1.886909109,0.415027596,7.57e-7,4.68e-6,NLRP6,1.886909109,ENSG00000174885
ENSG00000218357.3,35.6549245,3.150003352,0.716725678,7.61e-7,4.7e-6,LINC01644,3.150003352,ENSG00000218357
ENSG00000167653.5,306.3732749,2.537660172,0.570554643,7.61e-7,4.7e-6,PSCA,2.537660172,ENSG00000167653
ENSG00000269235.2,84.62436133,1.791170523,0.392979761,7.69e-7,4.74e-6,ZNF350-AS1,1.791170523,ENSG00000269235
ENSG00000124140.14,25.50746597,1.541305123,0.334890737,7.76e-7,4.78e-6,SLC12A5,1.541305123,ENSG00000124140
ENSG00000260009.1,7.959657175,2.220547256,0.497161433,7.78e-7,4.8e-6,LINC02130,2.220547256,ENSG00000260009
ENSG00000164404.8,126.7050851,1.706176648,0.372890579,7.83e-7,4.82e-6,GDF9,1.706176648,ENSG00000164404
ENSG00000110628.16,822.7973334,1.027078853,0.215901381,7.86e-7,4.84e-6,SLC22A18,1.027078853,ENSG00000110628
ENSG00000283265.1,4.187618077,1.908218814,0.419917702,7.91e-7,4.86e-6,AL356234.3,1.908218814,ENSG00000283265
ENSG00000130054.5,153.5930756,1.284108376,0.274854886,7.91e-7,4.87e-6,FAM155B,1.284108376,ENSG00000130054
ENSG00000274817.1,2.96941155,3.15800595,0.704527911,7.98e-7,4.9e-6,AC012531.4,3.15800595,ENSG00000274817
ENSG00000107201.10,3296.332979,1.0870802,0.228709953,7.98e-7,4.9099999999999996e-06,DDX58,1.0870802,ENSG00000107201
ENSG00000287595.1,19.24088871,1.549261681,0.336671147,8.14e-7,5e-6,AC097369.4,1.549261681,ENSG00000287595
ENSG00000145920.15,9.006370147,4.862325524,0.789577975,8.17e-7,5.02e-6,CPLX2,4.862325524,ENSG00000145920
ENSG00000260196.1,61.44152247,1.165722643,0.247605206,8.2e-7,5.03e-6,AC124798.1,1.165722643,ENSG00000260196
ENSG00000202522.1,8.561635955,2.109366897,0.468024414,8.4e-7,5.15e-6,Y_RNA,2.109366897,ENSG00000202522
ENSG00000116985.12,391.2560977,1.241364616,0.265847791,8.39e-7,5.15e-6,BMP8B,1.241364616,ENSG00000116985
ENSG00000249992.2,541.2331926,1.75321021,0.385256345,8.42e-7,5.16e-6,TMEM158,1.75321021,ENSG00000249992
ENSG00000156398.13,1477.098204,1.177925548,0.250214244,8.43e-7,5.17e-6,SFXN2,1.177925548,ENSG00000156398
ENSG00000114737.16,2535.682531,1.022727633,0.214923735,8.46e-7,5.19e-6,CISH,1.022727633,ENSG00000114737
ENSG00000266830.1,2.317534966,2.669083114,0.599409519,8.49e-7,5.2e-6,AC061975.6,2.669083114,ENSG00000266830
ENSG00000166928.11,384.6489445,1.817166489,0.401200135,8.53e-7,5.22e-6,MS4A14,1.817166489,ENSG00000166928
ENSG00000167642.13,4578.981121,1.235590551,0.264237953,8.62e-7,5.27e-6,SPINT2,1.235590551,ENSG00000167642
ENSG00000108309.14,48.10557345,1.653785351,0.362566052,8.69e-7,5.31e-6,RUNDC3A,1.653785351,ENSG00000108309
ENSG00000102886.15,272.0243335,1.776850727,0.39159569,8.75e-7,5.35e-6,GDPD3,1.776850727,ENSG00000102886
ENSG00000125531.7,40.45729676,1.185982201,0.253684489,8.79e-7,5.38e-6,FNDC11,1.185982201,ENSG00000125531
ENSG00000102854.16,142.5783564,4.927112647,0.574432826,8.93e-7,5.45e-6,MSLN,4.927112647,ENSG00000102854
ENSG00000108576.10,98.24813195,3.959119543,0.416937622,8.95e-7,5.46e-6,SLC6A4,3.959119543,ENSG00000108576
ENSG00000140526.18,10140.16324,1.032274852,0.215324099,9e-7,5.5e-6,ABHD2,1.032274852,ENSG00000140526
ENSG00000148848.14,4999.723205,1.474408951,0.319498399,9.21e-7,5.61e-6,ADAM12,1.474408951,ENSG00000148848
ENSG00000287120.1,1.67268026,3.569260092,0.830679199,9.31e-7,5.67e-6,AL138773.1,3.569260092,ENSG00000287120
ENSG00000175874.10,21.22158144,1.4526423,0.31542364,9.36e-7,5.7e-6,CREG2,1.4526423,ENSG00000175874
ENSG00000131037.15,1596.99028,1.401434061,0.304282206,9.45e-7,5.75e-6,EPS8L1,1.401434061,ENSG00000131037
ENSG00000286570.1,4.347062508,3.562941384,0.829812469,9.49e-7,5.77e-6,AC104304.3,3.562941384,ENSG00000286570
ENSG00000231439.4,32.83634079,1.737090059,0.383947999,9.52e-7,5.79e-6,WASIR2,1.737090059,ENSG00000231439
ENSG00000185697.16,453.773232,1.171457781,0.251093686,9.59e-7,5.82e-6,MYBL1,1.171457781,ENSG00000185697
ENSG00000262801.6,15.52041338,2.358937001,0.534427002,9.72e-7,5.89e-6,U91319.1,2.358937001,ENSG00000262801
ENSG00000179934.7,29.72982085,2.359198193,0.534345033,9.89e-7,6e-6,CCR8,2.359198193,ENSG00000179934
ENSG00000285278.1,80.27424971,1.136196352,0.242911594,9.91e-7,6e-6,TFAP2A-AS2,1.136196352,ENSG00000285278
ENSG00000105409.19,9.025303803,1.958602812,0.438644122,1.01e-6,6.12e-6,ATP1A3,1.958602812,ENSG00000105409
ENSG00000165863.17,200.379126,2.277881738,0.515498773,1.01e-6,6.13e-6,C10orf82,2.277881738,ENSG00000165863
ENSG00000228792.3,1.910580513,2.725618391,0.643900673,1.02e-6,6.17e-6,AL356310.1,2.725618391,ENSG00000228792
ENSG00000257596.1,18.37030811,1.350286195,0.293710765,1.03e-6,6.2e-6,SCAT2,1.350286195,ENSG00000257596
ENSG00000147804.10,699.2623127,1.337361738,0.290132926,1.02e-6,6.2e-6,SLC39A4,1.337361738,ENSG00000147804
ENSG00000272788.1,2.786984328,3.162477545,0.719732676,1.03e-6,6.22e-6,AP000864.1,3.162477545,ENSG00000272788
ENSG00000264647.1,2.541656664,2.504876267,0.56478931,1.04e-6,6.27e-6,AC104564.4,2.504876267,ENSG00000264647
ENSG00000146013.11,33.48841094,1.033529115,0.36227577,1.04e-6,6.28e-6,GFRA3,1.033529115,ENSG00000146013
ENSG00000123405.14,82.46364687,1.830958037,0.408835908,1.05e-6,6.34e-6,NFE2,1.830958037,ENSG00000123405
ENSG00000253666.2,7.654571218,2.436929961,0.555150134,1.05e-6,6.35e-6,AP000424.1,2.436929961,ENSG00000253666
ENSG00000073150.14,179.5688853,1.425961399,0.311515973,1.06e-6,6.41e-6,PANX2,1.425961399,ENSG00000073150
ENSG00000174938.14,2859.057884,1.413908794,0.309052298,1.06e-6,6.41e-6,SEZ6L2,1.413908794,ENSG00000174938
ENSG00000173826.15,5.775953243,3.351856122,0.559847809,1.07e-6,6.45e-6,KCNH6,3.351856122,ENSG00000173826
ENSG00000105523.3,520.4823854,1.997647102,0.448708538,1.07e-6,6.46e-6,FAM83E,1.997647102,ENSG00000105523
ENSG00000156395.13,18.64342694,3.081138534,0.714336764,1.08e-6,6.5e-6,SORCS3,3.081138534,ENSG00000156395
ENSG00000116176.6,173.592376,2.451548184,0.559873453,1.08e-6,6.51e-6,TPSG1,2.451548184,ENSG00000116176
ENSG00000256357.1,8.080322827,2.844451729,0.654723825,1.09e-6,6.54e-6,AL132708.1,2.844451729,ENSG00000256357
ENSG00000287712.1,14.25814617,1.557385011,0.342652855,1.09e-6,6.55e-6,AC005865.2,1.557385011,ENSG00000287712
ENSG00000197837.3,147.9626976,1.458095615,0.320381217,1.13e-6,6.8e-6,H4-16,1.458095615,ENSG00000197837
ENSG00000027869.12,167.5799988,1.319943254,0.287896255,1.14e-6,6.84e-6,SH2D2A,1.319943254,ENSG00000027869
ENSG00000242841.1,2.805496598,2.050285615,0.462904602,1.15e-6,6.87e-6,KRT8P35,2.050285615,ENSG00000242841
ENSG00000265321.1,9.097187559,1.167376974,0.250355883,1.15e-6,6.87e-6,MIR4263,1.167376974,ENSG00000265321
ENSG00000204049.1,192.8127759,2.623622679,0.604223881,1.16e-6,6.95e-6,AL391421.1,2.623622679,ENSG00000204049
ENSG00000151117.9,1050.69274,1.002204829,0.213300952,1.16e-6,6.96e-6,TMEM86A,1.002204829,ENSG00000151117
ENSG00000286342.1,127.7226222,1.453852151,0.319900057,1.17e-6,7.01e-6,AC073210.3,1.453852151,ENSG00000286342
ENSG00000286859.1,14.40282896,1.24855261,0.270757294,1.18e-6,7.07e-6,AL158214.2,1.24855261,ENSG00000286859
ENSG00000139438.6,434.2184762,1.099339481,0.236271129,1.2e-6,7.17e-6,FAM222A,1.099339481,ENSG00000139438
ENSG00000171631.15,228.1422747,1.308733107,0.285481627,1.2e-6,7.18e-6,P2RY6,1.308733107,ENSG00000171631
ENSG00000176912.5,22.885161,1.369077856,0.299551995,1.21e-6,7.2e-6,TYMSOS,1.369077856,ENSG00000176912
ENSG00000133124.11,5.195265694,5.398480122,0.392383291,1.22e-6,7.25e-6,IRS4,5.398480122,ENSG00000133124
ENSG00000167536.14,153.365267,1.067348985,0.229472532,1.22e-6,7.27e-6,DHRS13,1.067348985,ENSG00000167536
ENSG00000170577.8,303.096804,1.714194474,0.383269924,1.24e-6,7.36e-6,SIX2,1.714194474,ENSG00000170577
ENSG00000141744.4,284.017277,2.536447067,0.585086406,1.24e-6,7.39e-6,PNMT,2.536447067,ENSG00000141744
ENSG00000186827.11,156.5060373,1.090473873,0.235337222,1.25e-6,7.41e-6,TNFRSF4,1.090473873,ENSG00000186827
ENSG00000070985.13,3.672325404,3.414041399,0.577361622,1.25e-6,7.42e-6,TRPM5,3.414041399,ENSG00000070985
ENSG00000267886.1,30.41428541,1.529054905,0.338225123,1.25e-6,7.43e-6,AC074135.1,1.529054905,ENSG00000267886
ENSG00000167971.16,83.39686905,1.320999571,0.289001261,1.25e-6,7.43e-6,CASKIN1,1.320999571,ENSG00000167971
ENSG00000134321.12,1757.589672,1.508643424,0.333355737,1.27e-6,7.52e-6,RSAD2,1.508643424,ENSG00000134321
ENSG00000156127.8,547.1249928,1.419980324,0.312396405,1.27e-6,7.54e-6,BATF,1.419980324,ENSG00000156127
ENSG00000278918.1,63.76693756,1.605334492,0.357719933,1.27e-6,7.56e-6,AC080112.3,1.605334492,ENSG00000278918
ENSG00000233493.4,149.6492076,1.377219567,0.303095959,1.28e-6,7.61e-6,TMEM238,1.377219567,ENSG00000233493
ENSG00000170703.15,23.18504294,2.32852997,0.535176067,1.29e-6,7.65e-6,TTLL6,2.32852997,ENSG00000170703
ENSG00000167700.9,923.0966221,1.003515805,0.214978232,1.29e-6,7.65e-6,MFSD3,1.003515805,ENSG00000167700
ENSG00000187475.6,3.37732743,2.625579173,0.604681767,1.29e-6,7.66e-6,H1-6,2.625579173,ENSG00000187475
ENSG00000167608.12,4525.509397,1.278478331,0.278070315,1.3e-6,7.67e-6,TMC4,1.278478331,ENSG00000167608
ENSG00000230316.7,9.084195904,4.802025955,0.646293637,1.3e-6,7.68e-6,FEZF1-AS1,4.802025955,ENSG00000230316
ENSG00000273113.1,14.83228644,1.260362653,0.275564347,1.3e-6,7.68e-6,AC133528.1,1.260362653,ENSG00000273113
ENSG00000272275.1,30.4230216,1.121897632,0.243606844,1.3e-6,7.69e-6,AC092687.3,1.121897632,ENSG00000272275
ENSG00000257696.1,13.54928219,1.239652655,0.270513257,1.34e-6,7.89e-6,AC010203.2,1.239652655,ENSG00000257696
ENSG00000259354.5,41.02455548,1.365828073,0.300240555,1.34e-6,7.91e-6,AC025580.2,1.365828073,ENSG00000259354
ENSG00000104341.17,10745.98513,1.192318149,0.258822872,1.35e-6,7.97e-6,LAPTM4B,1.192318149,ENSG00000104341
ENSG00000075429.9,2.18882191,2.353335988,0.500255487,1.36e-6,8e-6,CACNG5,2.353335988,ENSG00000075429
ENSG00000176510.5,4.592291675,1.474303598,0.326343591,1.37e-6,8.08e-6,OR10AC1,1.474303598,ENSG00000176510
ENSG00000239402.3,30.00576754,4.783683848,1.150804625,1.39e-6,8.17e-6,CYP4F62P,4.783683848,ENSG00000239402
ENSG00000240350.3,3.577045317,2.056743696,0.466242359,1.4e-6,8.22e-6,SOCAR,2.056743696,ENSG00000240350
ENSG00000163040.15,1465.764254,1.639233977,0.366705498,1.4e-6,8.22e-6,CCDC74A,1.639233977,ENSG00000163040
ENSG00000140479.18,1873.398986,1.211158983,0.265595863,1.41e-6,8.27e-6,PCSK6,1.211158983,ENSG00000140479
ENSG00000106688.12,1223.16966,1.565444215,0.349614198,1.42e-6,8.35e-6,SLC1A1,1.565444215,ENSG00000106688
ENSG00000235275.3,3.018576058,1.75702907,0.392940171,1.42e-6,8.36e-6,KRT18P16,1.75702907,ENSG00000235275
ENSG00000178395.7,6.130058257,2.730410786,0.634946354,1.43e-6,8.37e-6,CCDC185,2.730410786,ENSG00000178395
ENSG00000164078.13,719.0931675,1.206515885,0.263091066,1.43e-6,8.39e-6,MST1R,1.206515885,ENSG00000164078
ENSG00000152969.20,4.804099907,2.119130137,0.483655274,1.43e-6,8.41e-6,JAKMIP1,2.119130137,ENSG00000152969
ENSG00000125823.12,2.51099971,3.236573977,0.758604324,1.44e-6,8.44e-6,CSTL1,3.236573977,ENSG00000125823
ENSG00000153982.11,361.2449329,1.097702963,0.238088916,1.45e-6,8.5e-6,GDPD1,1.097702963,ENSG00000153982
ENSG00000171433.12,32.19021354,1.372632174,0.303116281,1.46e-6,8.53e-6,GLOD5,1.372632174,ENSG00000171433
ENSG00000052344.16,5884.047309,1.421693596,0.316117677,1.47e-6,8.63e-6,PRSS8,1.421693596,ENSG00000052344
ENSG00000271524.1,11.33835429,1.379979768,0.304860699,1.48e-6,8.64e-6,BNIP3P17,1.379979768,ENSG00000271524
ENSG00000170089.15,380.6935109,1.076436939,0.233173612,1.48e-6,8.66e-6,AC106795.1,1.076436939,ENSG00000170089
ENSG00000272405.1,290.7815277,1.824204489,0.413389853,1.49e-6,8.73e-6,AL365181.3,1.824204489,ENSG00000272405
ENSG00000140470.15,296.9619781,1.458585484,0.324880969,1.5e-6,8.78e-6,ADAMTS17,1.458585484,ENSG00000140470
ENSG00000224223.1,38.12098855,4.970062661,1.211598502,1.53e-6,8.91e-6,VSTM2A-OT1,4.970062661,ENSG00000224223
ENSG00000224715.1,14.7503066,3.867088853,0.926670845,1.54e-6,8.97e-6,Z82186.1,3.867088853,ENSG00000224715
ENSG00000274367.1,2.755109331,2.097415553,0.490066102,1.56e-6,9.07e-6,AC004233.3,2.097415553,ENSG00000274367
ENSG00000136457.10,1126.10077,1.924831017,0.438017189,1.56e-6,9.08e-6,CHAD,1.924831017,ENSG00000136457
ENSG00000185101.13,691.0013753,1.375423538,0.305702179,1.58e-6,9.2e-6,ANO9,1.375423538,ENSG00000185101
ENSG00000091831.24,20491.34418,1.60095329,0.360835509,1.59e-6,9.24e-6,ESR1,1.60095329,ENSG00000091831
ENSG00000284308.1,36.63110586,1.132330721,0.247884336,1.59e-6,9.27e-6,C2orf81,1.132330721,ENSG00000284308
ENSG00000174165.8,1311.739747,1.111356351,0.1335706,1.6e-6,9.3e-6,ZDHHC24,1.111356351,ENSG00000174165
ENSG00000213538.5,14.4061192,1.748860439,0.396597072,1.63e-6,9.44e-6,KRT8P41,1.748860439,ENSG00000213538
ENSG00000227482.1,18.20302524,1.874256941,0.428008612,1.63e-6,9.46e-6,AL157702.2,1.874256941,ENSG00000227482
ENSG00000273032.3,80.8776731,1.432284644,0.31939118,1.63e-6,9.47e-6,DGCR5,1.432284644,ENSG00000273032
ENSG00000172818.10,341.4000774,1.408068449,0.313972596,1.65e-6,9.56e-6,OVOL1,1.408068449,ENSG00000172818
ENSG00000173992.9,1665.422416,1.039776854,0.225918469,1.66e-6,9.61e-6,CCS,1.039776854,ENSG00000173992
ENSG00000162006.9,5.85844344,6.115696861,0.658467248,1.66e-6,9.63e-6,MSLNL,6.115696861,ENSG00000162006
ENSG00000250539.1,40.33850922,1.019627348,0.221469613,1.66e-6,9.64e-6,KRT8P33,1.019627348,ENSG00000250539
ENSG00000263513.5,6.770050297,1.648071792,0.372961566,1.69e-6,9.81e-6,FAM72C,1.648071792,ENSG00000263513
ENSG00000102109.9,57.29012296,2.079982539,0.480271916,1.7e-6,9.86e-6,PCSK1N,2.079982539,ENSG00000102109
ENSG00000174567.8,242.3908021,1.339254745,0.297368625,1.72e-6,9.93e-6,GOLT1A,1.339254745,ENSG00000174567
ENSG00000263718.2,3.655599376,1.734446726,0.394278794,1.73e-6,1e-5,SEPTIN9-DT,1.734446726,ENSG00000263718
ENSG00000205363.6,280.3634448,1.578988386,0.356244672,1.73e-6,1e-5,INSYN1,1.578988386,ENSG00000205363
ENSG00000230650.1,13.42579474,1.460632493,0.326678077,1.73e-6,1e-5,AC140479.2,1.460632493,ENSG00000230650
ENSG00000186862.20,75.06761806,1.083645535,0.237219771,1.74e-6,1e-5,PDZD7,1.083645535,ENSG00000186862
ENSG00000287808.1,23.60441271,1.025425696,0.223665352,1.73e-6,1e-5,AL355999.1,1.025425696,ENSG00000287808
ENSG00000259087.5,21.82019426,2.358528314,0.550158012,1.76e-6,1.01e-5,AL121790.2,2.358528314,ENSG00000259087
ENSG00000249661.1,473.7576421,2.023194867,0.465843968,1.76e-6,1.01e-5,TNRC18P1,2.023194867,ENSG00000249661
ENSG00000245149.4,146.74248,1.081411245,0.236935415,1.8e-6,1.03e-5,RNF139-AS1,1.081411245,ENSG00000245149
ENSG00000105963.15,128.7391012,1.250359,0.276930668,1.8e-6,1.04e-5,ADAP1,1.250359,ENSG00000105963
ENSG00000183566.10,3.496811491,5.580542566,1.315078387,1.82e-6,1.05e-5,BPIFA4P,5.580542566,ENSG00000183566
ENSG00000250535.1,27.88748391,2.494559978,0.587359708,1.82e-6,1.05e-5,STK19B,2.494559978,ENSG00000250535
ENSG00000183206.17,39.49100362,5.32318605,1.308267382,1.85e-6,1.06e-5,POTEC,5.32318605,ENSG00000183206
ENSG00000188883.5,241.6133207,1.814301521,0.415411709,1.87e-6,1.07e-5,KLRG2,1.814301521,ENSG00000188883
ENSG00000176531.10,686.6281302,1.088825371,0.239112211,1.9e-6,1.09e-5,PHLDB3,1.088825371,ENSG00000176531
ENSG00000267698.1,10.20839251,1.07357934,0.235723699,1.91e-6,1.1e-5,AC002116.2,1.07357934,ENSG00000267698
ENSG00000143502.15,1091.1914,1.277136769,0.283826512,1.93e-6,1.11e-5,SUSD4,1.277136769,ENSG00000143502
ENSG00000247735.2,46.55872633,1.184119179,0.262299784,1.94e-6,1.11e-5,AC120114.1,1.184119179,ENSG00000247735
ENSG00000269473.1,28.1130445,1.021775996,0.22353095,1.95e-6,1.12e-5,AC012313.8,1.021775996,ENSG00000269473
ENSG00000260710.1,47.95301496,1.88786211,0.435639244,1.98e-6,1.13e-5,AC120498.4,1.88786211,ENSG00000260710
ENSG00000115009.13,38.36365594,1.925323821,0.445640654,2.04e-6,1.16e-5,CCL20,1.925323821,ENSG00000115009
ENSG00000236039.3,23.14556365,2.008889673,0.464498249,2.04e-6,1.17e-5,AC019117.1,2.008889673,ENSG00000236039
ENSG00000226650.6,2.366330213,1.740723533,0.399153095,2.05e-6,1.17e-5,KIF4B,1.740723533,ENSG00000226650
ENSG00000121957.15,835.292169,1.037348989,0.227248102,2.05e-6,1.17e-5,GPSM2,1.037348989,ENSG00000121957
ENSG00000169583.13,176.7857437,1.459232801,0.329620559,2.07e-6,1.18e-5,CLIC3,1.459232801,ENSG00000169583
ENSG00000272398.6,50254.36044,1.65001731,0.378568394,2.09e-6,1.19e-5,CD24,1.65001731,ENSG00000272398
ENSG00000109436.8,19378.61317,1.172416199,0.259852394,2.12e-6,1.21e-5,TBC1D9,1.172416199,ENSG00000109436
ENSG00000174015.10,9.160996009,3.054677723,0.732571101,2.15e-6,1.22e-5,CBY2,3.054677723,ENSG00000174015
ENSG00000223715.3,46.93002646,3.336910597,0.537293468,2.19e-6,1.24e-5,LINC01208,3.336910597,ENSG00000223715
ENSG00000122735.16,95.21831057,1.737623334,0.400408669,2.18e-6,1.24e-5,DNAI1,1.737623334,ENSG00000122735
ENSG00000130427.3,11.51709265,4.768524262,0.483962827,2.24e-6,1.27e-5,EPO,4.768524262,ENSG00000130427
ENSG00000166961.15,140.0316129,3.479178501,0.846870885,2.24e-6,1.27e-5,MS4A15,3.479178501,ENSG00000166961
ENSG00000072274.13,7557.71853,1.047553276,0.230565967,2.28e-6,1.29e-5,TFRC,1.047553276,ENSG00000072274
ENSG00000187855.5,6.914155198,4.17600281,0.578732091,2.31e-6,1.31e-5,ASCL4,4.17600281,ENSG00000187855
ENSG00000261762.1,22.88807905,1.444761426,0.328526167,2.35e-6,1.33e-5,AC027228.2,1.444761426,ENSG00000261762
ENSG00000147689.16,194.5874475,2.823001714,0.523663916,2.36e-6,1.34e-5,FAM83A,2.823001714,ENSG00000147689
ENSG00000183484.12,308.2263899,1.054366874,0.233735992,2.4e-6,1.36e-5,GPR132,1.054366874,ENSG00000183484
ENSG00000183690.13,107.2729945,1.18183267,0.264418851,2.43e-6,1.38e-5,EFHC2,1.18183267,ENSG00000183690
ENSG00000234752.1,1.35958224,5.573759301,1.459058644,2.46e-6,1.39e-5,LINC02676,5.573759301,ENSG00000234752
ENSG00000107165.13,36.23964018,2.587188273,0.624664782,2.46e-6,1.39e-5,TYRP1,2.587188273,ENSG00000107165
ENSG00000253955.2,134.1764725,1.786430082,0.414690808,2.46e-6,1.39e-5,AC008663.2,1.786430082,ENSG00000253955
ENSG00000228510.2,10.96667262,1.552611385,0.357403052,2.5e-6,1.41e-5,AL359091.2,1.552611385,ENSG00000228510
ENSG00000183273.7,7.115218866,4.723354928,0.667305252,2.51e-6,1.42e-5,CCDC60,4.723354928,ENSG00000183273
ENSG00000169750.9,725.8449205,1.180544898,0.263908147,2.51e-6,1.42e-5,RAC3,1.180544898,ENSG00000169750
ENSG00000105641.4,18.98123194,2.007757607,0.471326899,2.53e-6,1.43e-5,SLC5A5,2.007757607,ENSG00000105641
ENSG00000279994.1,3.100106563,4.384505061,1.061217495,2.56e-6,1.44e-5,AC017037.4,4.384505061,ENSG00000279994
ENSG00000160472.5,2.319408656,1.864853957,0.430795357,2.56e-6,1.44e-5,TMEM190,1.864853957,ENSG00000160472
ENSG00000280219.1,137.8986686,1.081440157,0.241008903,2.6e-6,1.46e-5,AC093908.1,1.081440157,ENSG00000280219
ENSG00000273415.3,3.620859499,2.779987165,0.662850846,2.61e-6,1.47e-5,LINC02725,2.779987165,ENSG00000273415
ENSG00000227706.4,1.244550383,2.566654968,0.638252994,2.61e-6,1.47e-5,AL713998.1,2.566654968,ENSG00000227706
ENSG00000267147.2,8.321698718,2.247650141,0.53351308,2.68e-6,1.51e-5,LINC01842,2.247650141,ENSG00000267147
ENSG00000260954.1,7.799706327,1.261196041,0.286437607,2.71e-6,1.52e-5,AL133297.1,1.261196041,ENSG00000260954
ENSG00000238042.5,10.63589768,2.039879649,0.48334435,2.77e-6,1.55e-5,LINC02257,2.039879649,ENSG00000238042
ENSG00000249896.2,6.901252609,1.966261127,0.463574734,2.79e-6,1.56e-5,LINC02495,1.966261127,ENSG00000249896
ENSG00000145423.5,26037.69327,1.326800376,0.301940615,2.79e-6,1.56e-5,SFRP2,1.326800376,ENSG00000145423
ENSG00000072310.17,14013.15715,1.169212823,0.259795167,2.8e-6,1.56e-5,SREBF1,1.169212823,ENSG00000072310
ENSG00000145087.13,7.227726494,1.688121105,0.360467889,2.84e-6,1.59e-5,STXBP5L,1.688121105,ENSG00000145087
ENSG00000143194.13,12.43205442,1.639458953,0.382925749,2.86e-6,1.6e-5,MAEL,1.639458953,ENSG00000143194
ENSG00000115267.8,2699.420246,1.065550258,0.238292003,2.88e-6,1.6e-5,IFIH1,1.065550258,ENSG00000115267
ENSG00000150676.13,6.210603082,1.920881372,0.451987327,2.88e-6,1.61e-5,CCDC83,1.920881372,ENSG00000150676
ENSG00000213100.2,1.130205339,2.695388491,0.687233324,2.9e-6,1.62e-5,KRT18P68,2.695388491,ENSG00000213100
ENSG00000159337.7,11.45296304,2.077201517,0.491668176,2.94e-6,1.64e-5,PLA2G4D,2.077201517,ENSG00000159337
ENSG00000286424.1,7.070326707,1.853721584,0.435101223,2.94e-6,1.64e-5,AL157996.2,1.853721584,ENSG00000286424
ENSG00000118513.19,3821.498563,1.411049953,0.321722544,2.99e-6,1.66e-5,MYB,1.411049953,ENSG00000118513
ENSG00000218186.2,2.796493134,2.353060619,0.558862874,3.03e-6,1.68e-5,KRT8P43,2.353060619,ENSG00000218186
ENSG00000124575.7,27.29031436,2.200918183,0.526404843,3.06e-6,1.7e-5,H1-3,2.200918183,ENSG00000124575
ENSG00000287985.1,33.61968361,1.310239485,0.299664996,3.05e-6,1.7e-5,AC073270.2,1.310239485,ENSG00000287985
ENSG00000141526.17,1250.3368,1.429318109,0.328635025,3.09e-6,1.71e-5,SLC16A3,1.429318109,ENSG00000141526
ENSG00000171540.8,1.978972537,3.052823603,0.833968139,3.1e-6,1.72e-5,OTP,3.052823603,ENSG00000171540
ENSG00000124391.5,3.786559355,2.493434307,0.603594548,3.13e-6,1.73e-5,IL17C,2.493434307,ENSG00000124391
ENSG00000049192.15,163.5083883,1.122395636,0.252912984,3.14e-6,1.74e-5,ADAMTS6,1.122395636,ENSG00000049192
ENSG00000259470.2,7.493402156,1.8149972619999999,0.426358767,3.24e-6,1.79e-5,KRT8P9,1.8149972619999999,ENSG00000259470
ENSG00000211454.15,68.62776041,1.236822374,0.282048017,3.25e-6,1.8e-5,AKR7L,1.236822374,ENSG00000211454
ENSG00000170909.13,203.7297217,1.112190588,0.251366035,3.27e-6,1.81e-5,OSCAR,1.112190588,ENSG00000170909
ENSG00000171475.14,6459.212759,1.101517604,0.247806665,3.28e-6,1.81e-5,WIPF2,1.101517604,ENSG00000171475
ENSG00000261409.1,9.609668089,4.924765844,0.393593951,3.33e-6,1.84e-5,AL035425.3,4.924765844,ENSG00000261409
ENSG00000167972.14,5602.504909,1.110650359,0.249224141,3.33e-6,1.84e-5,ABCA3,1.110650359,ENSG00000167972
ENSG00000254244.1,2.899359854,1.369417578,0.312404778,3.37e-6,1.86e-5,PAICSP4,1.369417578,ENSG00000254244
ENSG00000011332.19,29.26949503,1.104618611,0.249672021,3.37e-6,1.86e-5,DPF1,1.104618611,ENSG00000011332
ENSG00000260193.1,17.85515818,1.333254836,0.308361317,3.43e-6,1.89e-5,LINC02846,1.333254836,ENSG00000260193
ENSG00000100298.16,45.36439859,1.358436237,0.312903348,3.47e-6,1.91e-5,APOBEC3H,1.358436237,ENSG00000100298
ENSG00000100346.18,134.8709457,1.760171085,0.415858968,3.52e-6,1.93e-5,CACNA1I,1.760171085,ENSG00000100346
ENSG00000114248.10,407.6933688,2.764830444,0.680625884,3.56e-6,1.95e-5,LRRC31,2.764830444,ENSG00000114248
ENSG00000162779.22,16.5750507,1.88684664,0.449306676,3.57e-6,1.96e-5,AXDND1,1.88684664,ENSG00000162779
ENSG00000108375.13,795.5379394,1.356727854,0.313261425,3.62e-6,1.98e-5,RNF43,1.356727854,ENSG00000108375
ENSG00000253816.3,8.455707592,1.956512672,0.466785346,3.64e-6,1.99e-5,GUSBP14,1.956512672,ENSG00000253816
ENSG00000183317.17,357.9757249,1.518760266,0.354153355,3.63e-6,1.99e-5,EPHA10,1.518760266,ENSG00000183317
ENSG00000100033.16,551.3405953,2.021484283,0.484993604,3.72e-6,2.03e-5,PRODH,2.021484283,ENSG00000100033
ENSG00000008838.20,6946.738851,1.130702263,0.256303194,3.71e-6,2.03e-5,MED24,1.130702263,ENSG00000008838
ENSG00000197110.9,2.143675212,3.69708323,0.914818775,3.73e-6,2.04e-5,IFNL3,3.69708323,ENSG00000197110
ENSG00000215807.4,1.201279788,2.267690024,0.56195084,3.76e-6,2.05e-5,KRT18P65,2.267690024,ENSG00000215807
ENSG00000232004.1,17.37176804,1.094053478,0.24873111,3.76e-6,2.05e-5,CAP1P2,1.094053478,ENSG00000232004
ENSG00000226876.3,4.040073233,2.547962427,0.623045055,3.79e-6,2.07e-5,SMYD3-AS1,2.547962427,ENSG00000226876
ENSG00000187492.9,28.93671058,2.373992054,0.580181126,3.79e-6,2.07e-5,CDHR4,2.373992054,ENSG00000187492
ENSG00000197870.12,9.145782164,1.803652436,0.428404533,3.83e-6,2.09e-5,PRB3,1.803652436,ENSG00000197870
ENSG00000269343.9,1290.672027,1.009889199,0.229042392,3.83e-6,2.09e-5,ZNF587B,1.009889199,ENSG00000269343
ENSG00000217801.10,143.9104379,1.376653527,0.31978266,3.85e-6,2.1e-5,AL390719.1,1.376653527,ENSG00000217801
ENSG00000204764.14,326.5153228,1.0463636,0.236957101,3.86e-6,2.1e-5,RANBP17,1.0463636,ENSG00000204764
ENSG00000149269.10,4604.380721,1.046732992,0.236397729,3.87e-6,2.11e-5,PAK1,1.046732992,ENSG00000149269
ENSG00000267432.6,6.423330112,2.75123174,0.677750355,3.95e-6,2.15e-5,DNAH17-AS1,2.75123174,ENSG00000267432
ENSG00000274698.1,5.05593363,2.328504282,0.566935121,3.95e-6,2.15e-5,AC099521.1,2.328504282,ENSG00000274698
ENSG00000253361.3,116.2186706,1.724741188,0.409845193,4.04e-6,2.2e-5,AC069120.1,1.724741188,ENSG00000253361
ENSG00000251365.4,19.76507421,1.269853759,0.292491222,4.06e-6,2.2e-5,LINC02236,1.269853759,ENSG00000251365
ENSG00000188620.11,33.94845291,2.954388906,0.73986456,4.14e-6,2.24e-5,HMX3,2.954388906,ENSG00000188620
ENSG00000158023.10,302.4635806,1.152603443,0.263701965,4.14e-6,2.24e-5,CFAP251,1.152603443,ENSG00000158023
ENSG00000256940.2,4.635670551,1.684323616,0.400159325,4.14e-6,2.25e-5,PPP1R14B-AS1,1.684323616,ENSG00000256940
ENSG00000205628.4,12.00179627,6.023116198,0.952295488,4.17e-6,2.26e-5,LINC01446,6.023116198,ENSG00000205628
ENSG00000286529.1,23.17340322,1.136844629,0.260165822,4.17e-6,2.26e-5,AC090398.2,1.136844629,ENSG00000286529
ENSG00000126562.17,1014.458037,1.682579115,0.399894516,4.2e-6,2.28e-5,WNK4,1.682579115,ENSG00000126562
ENSG00000248954.1,4.719255995,2.26794039,0.548988975,4.28e-6,2.31e-5,AC027801.2,2.26794039,ENSG00000248954
ENSG00000154096.14,6166.272319,1.132301259,0.258643719,4.28e-6,2.31e-5,THY1,1.132301259,ENSG00000154096
ENSG00000145721.12,5.403009661,2.300408537,0.560231407,4.29e-6,2.32e-5,LIX1,2.300408537,ENSG00000145721
ENSG00000185522.9,119.2022593,1.414260359,0.331379528,4.38e-6,2.36e-5,LMNTD2,1.414260359,ENSG00000185522
ENSG00000254340.2,9.546220232,1.305548079,0.303600332,4.37e-6,2.36e-5,AC022784.5,1.305548079,ENSG00000254340
ENSG00000171951.5,157.1291789,1.80710779,0.433437414,4.39e-6,2.37e-5,SCG2,1.80710779,ENSG00000171951
ENSG00000257683.1,5.355981896,2.35953231,0.575653297,4.41e-6,2.38e-5,LINC02463,2.35953231,ENSG00000257683
ENSG00000268100.1,4.959954956,2.943367387,0.729817921,4.42e-6,2.39e-5,ZNF725P,2.943367387,ENSG00000268100
ENSG00000278987.1,22.96412627,1.289142013,0.299145697,4.42e-6,2.39e-5,AL031009.1,1.289142013,ENSG00000278987
ENSG00000163814.8,2763.812883,1.083778561,0.247586463,4.45e-6,2.4e-5,CDCP1,1.083778561,ENSG00000163814
ENSG00000204442.4,186.9544431,1.372601503,0.320579869,4.47e-6,2.41e-5,FAM155A,1.372601503,ENSG00000204442
ENSG00000224389.9,4482.010234,1.794885094,0.430120626,4.5e-6,2.42e-5,C4B,1.794885094,ENSG00000224389
ENSG00000230107.1,12.604817,1.603942282,0.380282117,4.49e-6,2.42e-5,AL022316.1,1.603942282,ENSG00000230107
ENSG00000152076.19,242.2970034,1.385551914,0.323735857,4.5e-6,2.42e-5,CCDC74B,1.385551914,ENSG00000152076
ENSG00000123977.10,1.940740602,1.340375324,0.606274824,4.49e-6,2.42e-5,DAW1,1.340375324,ENSG00000123977
ENSG00000232906.1,2.237423403,4.214006562,1.018100755,4.51e-6,2.43e-5,AC092685.1,4.214006562,ENSG00000232906
ENSG00000285557.1,3.879698993,3.882602196,0.966467113,4.54e-6,2.44e-5,AC069410.1,3.882602196,ENSG00000285557
ENSG00000162631.19,118.4750941,2.368869143,0.583835588,4.54e-6,2.44e-5,NTNG1,2.368869143,ENSG00000162631
ENSG00000227392.2,30.56297882,1.494284141,0.352557724,4.58e-6,2.46e-5,HPN-AS1,1.494284141,ENSG00000227392
ENSG00000251635.2,7.859496861,1.692442907,0.402801839,4.6e-6,2.47e-5,LINC02278,1.692442907,ENSG00000251635
ENSG00000225007.1,1.248660355,2.301190771,0.575883604,4.63e-6,2.49e-5,AC000067.1,2.301190771,ENSG00000225007
ENSG00000182685.7,73.22197487,1.131093487,0.260479915,4.63e-6,2.49e-5,BRICD5,1.131093487,ENSG00000182685
ENSG00000268615.1,4.571923759,2.024549008,0.491361141,4.67e-6,2.51e-5,AL353803.5,2.024549008,ENSG00000268615
ENSG00000172986.13,969.3339628,1.009684249,0.229641276,4.67e-6,2.51e-5,GXYLT2,1.009684249,ENSG00000172986
ENSG00000240280.7,14.59228907,4.514073507,0.47902618,4.77e-6,2.55e-5,TCAM1P,4.514073507,ENSG00000240280
ENSG00000131096.10,27.64753706,1.86270646,0.450017473,4.77e-6,2.55e-5,PYY,1.86270646,ENSG00000131096
ENSG00000116147.17,30.53780695,1.778573914,0.427965796,4.82e-6,2.58e-5,TNR,1.778573914,ENSG00000116147
ENSG00000185745.10,5038.975734,1.634487223,0.390115101,4.86e-6,2.6e-5,IFIT1,1.634487223,ENSG00000185745
ENSG00000176884.16,208.3743167,1.584615201,0.377294095,4.86e-6,2.6e-5,GRIN1,1.584615201,ENSG00000176884
ENSG00000138944.8,166.6880472,1.452279751,0.342783966,4.92e-6,2.63e-5,SHISAL1,1.452279751,ENSG00000138944
ENSG00000143546.10,1006.259178,2.07781111,0.506450414,4.94e-6,2.64e-5,S100A8,2.07781111,ENSG00000143546
ENSG00000157111.13,13.12236014,1.457155058,0.34501874,4.98e-6,2.66e-5,TMEM171,1.457155058,ENSG00000157111
ENSG00000235086.1,2.832017703,2.220981912,0.545941111,5.09e-6,2.71e-5,FNDC1-IT1,2.220981912,ENSG00000235086
ENSG00000151952.16,2.292463744,3.336632341,0.838121107,5.12e-6,2.72e-5,TMEM132D,3.336632341,ENSG00000151952
ENSG00000160182.3,6224.074156,2.56799366,0.64275656,5.15e-6,2.74e-5,TFF1,2.56799366,ENSG00000160182
ENSG00000286592.1,1.492656832,3.304336099,0.83914293,5.17e-6,2.75e-5,LINC02885,3.304336099,ENSG00000286592
ENSG00000236591.1,2.550924755,1.726446355,0.410034746,5.19e-6,2.76e-5,UST-AS2,1.726446355,ENSG00000236591
ENSG00000134193.15,7.705596897,2.871438763,0.72396695,5.3e-6,2.81e-5,REG4,2.871438763,ENSG00000134193
ENSG00000254290.1,51.10196925,1.696881042,0.408811365,5.3e-6,2.81e-5,AC124067.4,1.696881042,ENSG00000254290
ENSG00000215160.3,7.208954792,1.900679015,0.465736731,5.37e-6,2.85e-5,OR7E122P,1.900679015,ENSG00000215160
ENSG00000253210.2,116.8294683,1.013075825,0.233322682,5.4e-6,2.86e-5,AC040970.1,1.013075825,ENSG00000253210
ENSG00000233080.3,2.568058949,2.664289834,0.675928672,5.43e-6,2.88e-5,LINC01399,2.664289834,ENSG00000233080
ENSG00000164175.15,6.753537448,1.422779034,0.338032221,5.44e-6,2.88e-5,SLC45A2,1.422779034,ENSG00000164175
ENSG00000286729.1,12.03031831,1.167335037,0.272041688,5.47e-6,2.9e-5,AC137695.3,1.167335037,ENSG00000286729
ENSG00000244731.8,3006.78704,1.640049286,0.393704236,5.52e-6,2.92e-5,C4A,1.640049286,ENSG00000244731
ENSG00000167771.6,141.9581758,1.310503165,0.308896735,5.51e-6,2.92e-5,RCOR2,1.310503165,ENSG00000167771
ENSG00000266174.1,1.686647117,2.922759354,0.733288392,5.79e-6,3.05e-5,MIR4666A,2.922759354,ENSG00000266174
ENSG00000188523.9,14.38551703,1.745533891,0.42461494,5.78e-6,3.05e-5,CFAP77,1.745533891,ENSG00000188523
ENSG00000224511.2,10.47844817,1.51751009,0.363933625,5.82e-6,3.06e-5,LINC00365,1.51751009,ENSG00000224511
ENSG00000138653.10,10.42059607,3.652467423,0.809312839,5.83e-6,3.07e-5,NDST4,3.652467423,ENSG00000138653
ENSG00000231233.1,22.1205195,1.273215923,0.300138291,5.98e-6,3.14e-5,CFAP58-DT,1.273215923,ENSG00000231233
ENSG00000283766.1,16.52428806,1.41466398,0.337085029,5.99e-6,3.15e-5,AC141930.2,1.41466398,ENSG00000283766
ENSG00000272438.1,7.501034413,2.089319406,0.5197239,6.06e-6,3.18e-5,AL645608.6,2.089319406,ENSG00000272438
ENSG00000224920.1,5.746672434,3.95042959,0.588379123,6.13e-6,3.22e-5,TACC1P1,3.95042959,ENSG00000224920
ENSG00000233823.1,20.22668301,1.963502888,0.484776318,6.22e-6,3.26e-5,AL356311.1,1.963502888,ENSG00000233823
ENSG00000258647.6,126.4298031,1.737523546,0.423921474,6.36e-6,3.32e-5,LINC00930,1.737523546,ENSG00000258647
ENSG00000120756.13,740.4118626,1.018744057,0.235691223,6.37e-6,3.33e-5,PLS1,1.018744057,ENSG00000120756
ENSG00000267128.2,23.44067311,1.162635972,0.272483523,6.4e-6,3.34e-5,RNF157-AS1,1.162635972,ENSG00000267128
ENSG00000230330.1,25.82827559,1.551857909,0.214807295,6.41e-6,3.35e-5,HMGN2P3,1.551857909,ENSG00000230330
ENSG00000214417.4,2.378843647,2.097476032,0.514070655,6.44e-6,3.36e-5,KRT18P13,2.097476032,ENSG00000214417
ENSG00000164877.19,1339.47374,1.023267235,0.237782344,6.45e-6,3.37e-5,MICALL2,1.023267235,ENSG00000164877
ENSG00000198542.14,1153.096328,1.134959862,0.265606476,6.55e-6,3.41e-5,ITGBL1,1.134959862,ENSG00000198542
ENSG00000168754.15,161.9458995,1.744766562,0.426988924,6.58e-6,3.43e-5,FAM178B,1.744766562,ENSG00000168754
ENSG00000110092.4,20121.26964,1.108344757,0.258578311,6.68e-6,3.48e-5,CCND1,1.108344757,ENSG00000110092
ENSG00000251459.2,8.412478033,2.91104289,0.74945507,6.71e-6,3.49e-5,AC013724.1,2.91104289,ENSG00000251459
ENSG00000228203.7,75.6088759,1.155226522,0.272288511,6.91e-6,3.59e-5,GRASLND,1.155226522,ENSG00000228203
ENSG00000196990.9,1.770774604,3.592796124,0.454383561,6.94e-6,3.6e-5,FAM163B,3.592796124,ENSG00000196990
ENSG00000217159.2,3.153664323,2.237189315,0.560421779,6.94e-6,3.6e-5,LARP1P1,2.237189315,ENSG00000217159
ENSG00000248265.2,39.18966852,1.371180838,0.328199518,6.99e-6,3.62e-5,FLJ12825,1.371180838,ENSG00000248265
ENSG00000153086.14,42.91084007,1.761869057,0.432289789,7.01e-6,3.63e-5,ACMSD,1.761869057,ENSG00000153086
ENSG00000163359.16,65056.548,1.095775694,0.255077754,7.07e-6,3.66e-5,COL6A3,1.095775694,ENSG00000163359
ENSG00000178776.5,145.8236248,1.589166164,0.38626387,7.1e-6,3.67e-5,C5orf46,1.589166164,ENSG00000178776
ENSG00000107821.15,598.1230075,1.163275732,0.273917185,7.13e-6,3.69e-5,KAZALD1,1.163275732,ENSG00000107821
ENSG00000283288.1,5.955624583,1.915909785,0.47483657,7.17e-6,3.71e-5,SMIM33,1.915909785,ENSG00000283288
ENSG00000228950.1,5.764703793,1.764885146,0.434459641,7.18e-6,3.71e-5,AC023137.1,1.764885146,ENSG00000228950
ENSG00000229836.1,8.460322675,2.235762591,0.560420957,7.22e-6,3.73e-5,AL671883.1,2.235762591,ENSG00000229836
ENSG00000101074.5,1.346013659,3.983485424,1.004848178,7.24e-6,3.74e-5,R3HDML,3.983485424,ENSG00000101074
ENSG00000285128.1,29.43077681,1.292655283,0.308332902,7.3e-6,3.77e-5,AC092306.1,1.292655283,ENSG00000285128
ENSG00000279605.1,15.48912126,1.174257839,0.279048595,7.36e-6,3.79e-5,AC067930.5,1.174257839,ENSG00000279605
ENSG00000217624.2,46.87429276,1.062873669,0.249488144,7.36e-6,3.79e-5,YWHAZP10,1.062873669,ENSG00000217624
ENSG00000155066.16,6481.637921,1.151470121,0.268957578,7.38e-6,3.8e-5,PROM2,1.151470121,ENSG00000155066
ENSG00000270930.1,23.66721944,2.274077792,0.574342914,7.44e-6,3.83e-5,GRAMD4P8,2.274077792,ENSG00000270930
ENSG00000153294.12,16.33901731,2.156694458,0.543648865,7.52e-6,3.87e-5,ADGRF4,2.156694458,ENSG00000153294
ENSG00000069696.7,33.44192739,1.266769909,0.302789683,7.52e-6,3.87e-5,DRD4,1.266769909,ENSG00000069696
ENSG00000227145.2,3.345850605,1.135784969,0.623296684,7.53e-6,3.87e-5,IL21-AS1,1.135784969,ENSG00000227145
ENSG00000225969.2,57.1225984,1.438354777,0.348121178,7.58e-6,3.89e-5,ABHD11-AS1,1.438354777,ENSG00000225969
ENSG00000280213.1,34.06415108,1.199041045,0.2857866,7.59e-6,3.9e-5,UCKL1-AS1,1.199041045,ENSG00000280213
ENSG00000182687.4,3.311148656,1.910550421,0.478415821,7.61e-6,3.91e-5,GALR2,1.910550421,ENSG00000182687
ENSG00000256443.1,54.10723604,1.429616169,0.345122007,7.64e-6,3.92e-5,AP003559.1,1.429616169,ENSG00000256443
ENSG00000120093.11,1303.519645,1.409019342,0.340048224,7.63e-6,3.92e-5,HOXB3,1.409019342,ENSG00000120093
ENSG00000164690.8,7.482096312,2.062875794,0.517901813,7.67e-6,3.94e-5,SHH,2.062875794,ENSG00000164690
ENSG00000103485.19,1342.17848,1.337169321,0.321869292,7.7e-6,3.95e-5,QPRT,1.337169321,ENSG00000103485
ENSG00000242440.2,2.09902446,6.05456677,1.055092173,7.75e-6,3.97e-5,LINC02046,6.05456677,ENSG00000242440
ENSG00000258331.1,4.470898673,2.014527142,0.506346505,7.78e-6,3.98e-5,LINC02461,2.014527142,ENSG00000258331
ENSG00000182379.10,207.6390862,1.606771826,0.393580168,7.76e-6,3.98e-5,NXPH4,1.606771826,ENSG00000182379
ENSG00000158055.16,201.7674873,1.171101209,0.27806148,7.76e-6,3.98e-5,GRHL3,1.171101209,ENSG00000158055
ENSG00000240065.8,1810.037556,1.050143015,0.245855394,7.76e-6,3.98e-5,PSMB9,1.050143015,ENSG00000240065
ENSG00000259175.1,1.318463241,3.459801257,0.917051629,7.81e-6,4e-5,AC108451.1,3.459801257,ENSG00000259175
ENSG00000277013.1,274.2494558,1.246385335,0.297143391,7.81e-6,4e-5,AC008556.1,1.246385335,ENSG00000277013
ENSG00000260019.2,4.739613315,3.682471828,0.948020652,7.84e-6,4.02e-5,LINC01992,3.682471828,ENSG00000260019
ENSG00000128271.22,13.72242021,1.882107693,0.469317145,7.88e-6,4.03e-5,ADORA2A,1.882107693,ENSG00000128271
ENSG00000214146.3,11.03272314,1.121735026,0.265843956,7.93e-6,4.06e-5,LINC02026,1.121735026,ENSG00000214146
ENSG00000276116.2,18.48055974,1.329263083,0.319758539,7.97e-6,4.07e-5,FUT8-AS1,1.329263083,ENSG00000276116
ENSG00000188219.14,11.08574228,2.16725148,0.547326253,8e-6,4.09e-5,POTEE,2.16725148,ENSG00000188219
ENSG00000285650.1,10.0504775,1.454748244,0.351462922,8.03e-6,4.1e-5,AL157827.2,1.454748244,ENSG00000285650
ENSG00000232445.2,48.36911252,1.163361888,0.276028933,8.03e-6,4.1e-5,EMSLR,1.163361888,ENSG00000232445
ENSG00000286607.1,4.108355026,2.051883795,0.515932709,8.05e-6,4.11e-5,AL135818.3,2.051883795,ENSG00000286607
ENSG00000151388.11,2505.327867,1.19291167,0.283509604,8.26e-6,4.21e-5,ADAMTS12,1.19291167,ENSG00000151388
ENSG00000253774.1,1.394273472,3.034497318,0.797396382,8.28e-6,4.22e-5,AC114550.3,3.034497318,ENSG00000253774
ENSG00000164185.6,21.50790525,1.111751858,0.264726236,8.33e-6,4.24e-5,ZNF474,1.111751858,ENSG00000164185
ENSG00000286887.1,3.632467591,1.517829327,0.370650772,8.34e-6,4.25e-5,AL355881.1,1.517829327,ENSG00000286887
ENSG00000172867.4,4.800029421,2.264088348,0.573687201,8.38e-6,4.26e-5,KRT2,2.264088348,ENSG00000172867
ENSG00000287742.1,7.52053506,1.278966687,0.30820356,8.46e-6,4.3e-5,AC068282.2,1.278966687,ENSG00000287742
ENSG00000154319.16,403.1218465,1.383439183,0.334566991,8.47e-6,4.31e-5,FAM167A,1.383439183,ENSG00000154319
ENSG00000269959.1,12.23128299,1.356118845,0.326694671,8.48e-6,4.31e-5,SPACA6P-AS,1.356118845,ENSG00000269959
ENSG00000161681.16,72.807546,1.192297015,0.284945951,8.56e-6,4.35e-5,SHANK1,1.192297015,ENSG00000161681
ENSG00000198930.13,1.865078826,9.760871755,1.162957801,8.59e-6,4.36e-5,CSAG1,9.760871755,ENSG00000198930
ENSG00000266120.1,3.231450921,2.267071862,0.870285423,8.62e-6,4.37e-5,AC104984.4,2.267071862,ENSG00000266120
ENSG00000231133.8,5.640788579,3.226903739,0.44212505,8.7e-6,4.41e-5,HAR1B,3.226903739,ENSG00000231133
ENSG00000173157.17,4.628034141,3.046125454,0.793580102,8.71e-6,4.42e-5,ADAMTS20,3.046125454,ENSG00000173157
ENSG00000269489.1,7.233897413,1.325253106,0.320275959,8.74e-6,4.43e-5,AL589765.6,1.325253106,ENSG00000269489
ENSG00000248712.7,103.2199304,1.122192636,0.267023743,8.77e-6,4.44e-5,CCDC153,1.122192636,ENSG00000248712
ENSG00000249306.6,53.59636778,1.084469516,0.424920179,8.8e-6,4.46e-5,LINC01411,1.084469516,ENSG00000249306
ENSG00000278041.1,7.061401051,3.352798948,0.881259396,8.92e-6,4.51e-5,AL133325.3,3.352798948,ENSG00000278041
ENSG00000279791.1,5.330501174,1.299838224,0.312546748,8.9e-6,4.51e-5,AC018892.3,1.299838224,ENSG00000279791
ENSG00000226609.2,8.707713256,1.006428314,0.23727464,8.93e-6,4.52e-5,AL390067.1,1.006428314,ENSG00000226609
ENSG00000115828.17,523.5059029,1.026182115,0.243018386,9.12e-6,4.61e-5,QPCT,1.026182115,ENSG00000115828
ENSG00000284526.1,65.42315544,1.045884275,0.247771663,9.25e-6,4.67e-5,AC015802.6,1.045884275,ENSG00000284526
ENSG00000218502.3,3.905966372,1.052166873,0.247781535,9.27e-6,4.68e-5,H2AZP3,1.052166873,ENSG00000218502
ENSG00000238098.9,52.05515665,1.032770764,0.244686983,9.33e-6,4.71e-5,ABCA17P,1.032770764,ENSG00000238098
ENSG00000182901.17,8.16668688,1.914247275,0.482313713,9.55e-6,4.81e-5,RGS7,1.914247275,ENSG00000182901
ENSG00000196166.5,17.61871736,1.97354647,0.500848508,9.72e-6,4.88e-5,C8orf86,1.97354647,ENSG00000196166
ENSG00000163879.11,1927.355419,1.016731342,0.24040924,9.78e-6,4.91e-5,DNALI1,1.016731342,ENSG00000163879
ENSG00000197261.11,489.1520551,1.496747056,0.368215982,9.8e-6,4.92e-5,C6orf141,1.496747056,ENSG00000197261
ENSG00000167306.20,4132.871781,1.046554909,0.248445132,9.81e-6,4.92e-5,MYO5B,1.046554909,ENSG00000167306
ENSG00000171812.13,3897.050149,1.068071665,0.253587753,9.86e-6,4.95e-5,COL8A2,1.068071665,ENSG00000171812
ENSG00000264570.1,8.956131657,2.358479383,0.610402479,9.92e-6,4.97e-5,SNX19P3,2.358479383,ENSG00000264570
ENSG00000101203.16,7.324693165,4.770081008,0.648334316,9.94e-6,4.98e-5,COL20A1,4.770081008,ENSG00000101203
ENSG00000233203.6,11.87737409,1.211545183,0.291982244,9.95e-6,4.99e-5,DHCR24-DT,1.211545183,ENSG00000233203
ENSG00000254338.1,4.705750088,2.712656068,0.731105768,1.01e-5,5.06e-5,MAFA-AS1,2.712656068,ENSG00000254338
ENSG00000165566.12,7.672517411,4.826827619,0.875324528,1.02e-5,5.12e-5,AMER2,4.826827619,ENSG00000165566
ENSG00000186940.6,104.0041702,1.062872924,0.254579479,1.03e-5,5.18e-5,CHCHD2P9,1.062872924,ENSG00000186940
ENSG00000250643.1,16.20414261,1.81823761,0.459608466,1.05e-5,5.24e-5,AC083906.3,1.81823761,ENSG00000250643
ENSG00000233626.2,5.418614377,1.233457012,0.298967276,1.07e-5,5.33e-5,AC092814.2,1.233457012,ENSG00000233626
ENSG00000136490.9,716.5890651,2.000770822,0.284055265,1.08e-5,5.4e-5,LIMD2,2.000770822,ENSG00000136490
ENSG00000259447.1,1.674320336,2.776274535,0.742906237,1.09e-5,5.45e-5,AC013652.2,2.776274535,ENSG00000259447
ENSG00000285999.1,9.405632406,1.154000105,0.277648755,1.1e-5,5.48e-5,AC025442.2,1.154000105,ENSG00000285999
ENSG00000130711.5,4.711911096,1.239353451,0.300254337,1.11e-5,5.53e-5,PRDM12,1.239353451,ENSG00000130711
ENSG00000117598.13,13.00270987,2.503802266,0.669369696,1.11e-5,5.54e-5,PLPPR5,2.503802266,ENSG00000117598
ENSG00000125520.14,4344.565694,1.056908838,0.252532841,1.12e-5,5.55e-5,SLC2A4RG,1.056908838,ENSG00000125520
ENSG00000170409.7,3.306316813,1.647554852,0.410061776,1.13e-5,5.62e-5,AC091390.1,1.647554852,ENSG00000170409
ENSG00000284636.1,4.59586887,2.361103332,0.60952879,1.14e-5,5.64e-5,AC073648.6,2.361103332,ENSG00000284636
ENSG00000205634.7,10.30186087,2.837994239,0.754707286,1.14e-5,5.65e-5,LINC00898,2.837994239,ENSG00000205634
ENSG00000186810.8,187.8474104,1.403736543,0.346134059,1.14e-5,5.68e-5,CXCR3,1.403736543,ENSG00000186810
ENSG00000084444.14,3264.49629,1.110020813,0.265424691,1.15e-5,5.68e-5,FAM234B,1.110020813,ENSG00000084444
ENSG00000224791.1,1.945039382,1.889694325,0.477034906,1.15e-5,5.71e-5,KRT18P39,1.889694325,ENSG00000224791
ENSG00000260963.2,3.735860713,2.700164253,0.709052135,1.15e-5,5.72e-5,AC026462.3,2.700164253,ENSG00000260963
ENSG00000204872.4,10.12497341,1.46089746,0.36282082,1.16e-5,5.75e-5,NAT8B,1.46089746,ENSG00000204872
ENSG00000168454.12,5.351775672,1.302296041,0.318239161,1.16e-5,5.77e-5,TXNDC2,1.302296041,ENSG00000168454
ENSG00000207751.3,3.955078773,1.588242428,0.39524435,1.18e-5,5.82e-5,AP000553.1,1.588242428,ENSG00000207751
ENSG00000274281.1,1.741462207,2.946073235,0.772149723,1.18e-5,5.86e-5,AC022929.2,2.946073235,ENSG00000274281
ENSG00000107984.10,212.8136392,2.117417566,0.547920188,1.2e-5,5.93e-5,DKK1,2.117417566,ENSG00000107984
ENSG00000198216.12,21.78142112,1.390906632,0.343975139,1.2e-5,5.93e-5,CACNA1E,1.390906632,ENSG00000198216
ENSG00000258408.1,5.881909539,2.361682801,0.617768815,1.21e-5,5.97e-5,NT5CP2,2.361682801,ENSG00000258408
ENSG00000241749.4,6.822820603,1.383298527,0.34069005,1.22e-5,6.02e-5,RPSAP52,1.383298527,ENSG00000241749
ENSG00000250546.6,7.637768111,3.011886059,0.807733881,1.22e-5,6.03e-5,AC079160.1,3.011886059,ENSG00000250546
ENSG00000165046.13,186.9849004,1.121695504,0.272208965,1.24e-5,6.1e-5,LETM2,1.121695504,ENSG00000165046
ENSG00000153707.17,645.8120474,1.328562595,0.327907424,1.24e-5,6.14e-5,PTPRD,1.328562595,ENSG00000153707
ENSG00000162873.15,131.3223277,1.604040256,0.403509669,1.25e-5,6.15e-5,KLHDC8A,1.604040256,ENSG00000162873
ENSG00000254545.1,1.105126085,2.262678692,0.596903747,1.25e-5,6.18e-5,AL354919.2,2.262678692,ENSG00000254545
ENSG00000237512.6,15.20930884,1.620096662,0.412040797,1.26e-5,6.2e-5,UNC5B-AS1,1.620096662,ENSG00000237512
ENSG00000178803.12,29.62576888,1.619576505,0.4086538,1.26e-5,6.2e-5,ADORA2A-AS1,1.619576505,ENSG00000178803
ENSG00000169347.17,823.3701748,2.253325219,0.587540897,1.26e-5,6.21e-5,GP2,2.253325219,ENSG00000169347
ENSG00000236841.8,14.55265842,1.179940163,0.288505262,1.27e-5,6.24e-5,AC007750.1,1.179940163,ENSG00000236841
ENSG00000147041.12,637.1807286,1.823401981,0.466034667,1.29e-5,6.35e-5,SYTL5,1.823401981,ENSG00000147041
ENSG00000269915.1,6.317617102,1.832168545,0.46906667,1.32e-5,6.49e-5,AP006621.4,1.832168545,ENSG00000269915
ENSG00000272989.1,21.75944072,1.273743706,0.313721679,1.33e-5,6.52e-5,LINC02012,1.273743706,ENSG00000272989
ENSG00000248360.7,556.2870987,1.305456981,0.322060323,1.33e-5,6.54e-5,LINC00504,1.305456981,ENSG00000248360
ENSG00000183709.8,1.72943687,5.244996097,1.32209762,1.34e-5,6.56e-5,IFNL2,5.244996097,ENSG00000183709
ENSG00000204740.11,84.65150342,3.886422286,0.435246901,1.35e-5,6.6e-5,MALRD1,3.886422286,ENSG00000204740
ENSG00000266602.2,6.567973382,3.206366202,0.864691643,1.35e-5,6.6e-5,AP005262.1,3.206366202,ENSG00000266602
ENSG00000257989.1,13.47316463,2.056742291,0.53366539,1.35e-5,6.61e-5,AC078864.1,2.056742291,ENSG00000257989
ENSG00000236908.2,14.15988452,1.32644274,0.327883384,1.35e-5,6.61e-5,LINC02827,1.32644274,ENSG00000236908
ENSG00000278771.1,8.015988125,1.788068872,0.46047432,1.35e-5,6.63e-5,RN7SL3,1.788068872,ENSG00000278771
ENSG00000250644.3,55.42315144,1.593209371,0.402785461,1.36e-5,6.66e-5,AC068580.4,1.593209371,ENSG00000250644
ENSG00000166145.14,10015.09905,1.088772748,0.263623645,1.37e-5,6.71e-5,SPINT1,1.088772748,ENSG00000166145
ENSG00000137501.17,5195.147548,1.044427159,0.251961524,1.38e-5,6.72e-5,SYTL2,1.044427159,ENSG00000137501
ENSG00000203812.2,3.665404936,2.019223013,0.519116424,1.38e-5,6.74e-5,H2AC18,2.019223013,ENSG00000203812
ENSG00000223722.3,74.1679562,2.581255798,0.689053594,1.39e-5,6.78e-5,IFITM3P2,2.581255798,ENSG00000223722
ENSG00000277493.1,7.154753426,1.400770046,0.348678216,1.4e-5,6.83e-5,AC139769.3,1.400770046,ENSG00000277493
ENSG00000277383.1,4.919322671,1.364225859,0.340449136,1.4e-5,6.83e-5,AC010331.1,1.364225859,ENSG00000277383
ENSG00000153347.10,39.14127125,1.786265309,0.458414612,1.41e-5,6.86e-5,FAM81B,1.786265309,ENSG00000153347
ENSG00000273062.1,23.77306553,1.218632993,0.300114579,1.42e-5,6.94e-5,AL449106.1,1.218632993,ENSG00000273062
ENSG00000273812.3,52.31816843,1.404781776,0.352774902,1.44e-5,6.99e-5,BX640514.2,1.404781776,ENSG00000273812
ENSG00000254481.1,7.626505,1.141702881,0.28174897,1.44e-5,7.01e-5,PTP4A2P2,1.141702881,ENSG00000254481
ENSG00000254815.6,38.20085984,1.755253569,0.450476288,1.45e-5,7.06e-5,LMNTD2-AS1,1.755253569,ENSG00000254815
ENSG00000106211.10,25447.73678,1.30037974,0.323045238,1.45e-5,7.08e-5,HSPB1,1.30037974,ENSG00000106211
ENSG00000231764.10,6.253408863,2.517458425,0.255895022,1.48e-5,7.18e-5,DLX6-AS1,2.517458425,ENSG00000231764
ENSG00000181885.18,2996.051159,1.047622089,0.254025944,1.48e-5,7.2e-5,CLDN7,1.047622089,ENSG00000181885
ENSG00000253972.6,8.755922085,1.479583861,0.373239391,1.49e-5,7.23e-5,MAL2-AS1,1.479583861,ENSG00000253972
ENSG00000272954.1,4.301074313,1.786894504,0.45887347,1.49e-5,7.24e-5,AP000553.2,1.786894504,ENSG00000272954
ENSG00000164532.11,13.50286294,3.075991979,0.838313286,1.49e-5,7.26e-5,TBX20,3.075991979,ENSG00000164532
ENSG00000277504.1,2.218450731,2.31862533,0.611479191,1.5e-5,7.27e-5,AC010536.3,2.31862533,ENSG00000277504
ENSG00000248245.1,2.268320334,1.701671656,0.433942093,1.5e-5,7.28e-5,AC010307.2,1.701671656,ENSG00000248245
ENSG00000253521.2,3.294800303,2.201515768,0.574295441,1.51e-5,7.32e-5,HPYR1,2.201515768,ENSG00000253521
ENSG00000237761.3,0.633098133,3.774861912,1.05607005,1.52e-5,7.36e-5,AL161646.1,3.774861912,ENSG00000237761
ENSG00000118492.17,6.411153398,1.862928858,0.486507953,1.52e-5,7.36e-5,ADGB,1.862928858,ENSG00000118492
ENSG00000223657.2,1.168509392,2.271845335,0.618217789,1.52e-5,7.38e-5,KRT8P51,2.271845335,ENSG00000223657
ENSG00000213943.3,6.969471022,1.523352293,0.385828035,1.52e-5,7.39e-5,KRT18P17,1.523352293,ENSG00000213943
ENSG00000274460.1,37.57708829,1.06717438,0.260701495,1.52e-5,7.39e-5,AC092119.2,1.06717438,ENSG00000274460
ENSG00000184774.10,15.18255201,1.553684664,0.394874156,1.53e-5,7.41e-5,MGAT4EP,1.553684664,ENSG00000184774
ENSG00000279789.1,100.1575369,1.00457377,0.244550306,1.55e-5,7.53e-5,AC120114.3,1.00457377,ENSG00000279789
ENSG00000130487.9,418.014432,1.537834258,0.39006249,1.58e-5,7.66e-5,KLHDC7B,1.537834258,ENSG00000130487
ENSG00000218281.1,6.69915003,2.789914381,0.753929822,1.59e-5,7.69e-5,H2AC9P,2.789914381,ENSG00000218281
ENSG00000157388.19,925.9381216,1.247968068,0.309749464,1.6e-5,7.74e-5,CACNA1D,1.247968068,ENSG00000157388
ENSG00000126262.5,131.7158624,1.472972829,0.373248252,1.62e-5,7.8e-5,FFAR2,1.472972829,ENSG00000126262
ENSG00000084710.14,513.5003469,1.118229034,0.275311674,1.62e-5,7.84e-5,EFR3B,1.118229034,ENSG00000084710
ENSG00000181355.21,6.153076693,3.941894083,0.774165526,1.63e-5,7.86e-5,OFCC1,3.941894083,ENSG00000181355
ENSG00000165643.11,6.234009398,3.602500148,1.012583685,1.64e-5,7.91e-5,SOHLH1,3.602500148,ENSG00000165643
ENSG00000049089.15,1454.362995,1.42424051,0.358783566,1.64e-5,7.91e-5,COL9A2,1.42424051,ENSG00000049089
ENSG00000284299.1,1.650811458,2.1914638,0.604684978,1.67e-5,8.05e-5,AL590132.1,2.1914638,ENSG00000284299
ENSG00000143217.9,3574.733179,1.083801771,0.26454674,1.67e-5,8.06e-5,NECTIN4,1.083801771,ENSG00000143217
ENSG00000116254.18,36.84597999,1.835659681,0.477937891,1.68e-5,8.09e-5,CHD5,1.835659681,ENSG00000116254
ENSG00000279685.2,51.1366009,2.08814598,0.55177676,1.68e-5,8.1e-5,MAPT-IT1,2.08814598,ENSG00000279685
ENSG00000266242.1,21.05480274,2.913515195,0.797524072,1.73e-5,8.29e-5,GRAMD4P7,2.913515195,ENSG00000266242
ENSG00000205869.2,25.67720942,1.223742458,0.305952761,1.73e-5,8.32e-5,KRTAP5-1,1.223742458,ENSG00000205869
ENSG00000250387.3,8.283602696,3.77235674,1.055384571,1.75e-5,8.41e-5,LINC02197,3.77235674,ENSG00000250387
ENSG00000118369.13,689.9281549,1.027439006,0.251480296,1.76e-5,8.43e-5,USP35,1.027439006,ENSG00000118369
ENSG00000235489.4,7.316558093,1.255149322,0.315114263,1.77e-5,8.5e-5,DBF4P1,1.255149322,ENSG00000235489
ENSG00000137331.12,1619.653404,1.081952923,0.266324896,1.8e-5,8.61e-5,IER3,1.081952923,ENSG00000137331
ENSG00000248988.1,4.769053454,1.328108263,0.332431317,1.82e-5,8.7e-5,PSME2P3,1.328108263,ENSG00000248988
ENSG00000187140.6,11.02873741,2.004362606,0.532337787,1.83e-5,8.73e-5,FOXD3,2.004362606,ENSG00000187140
ENSG00000255303.2,12.44331423,1.569454282,0.403822511,1.83e-5,8.76e-5,OR5BA1P,1.569454282,ENSG00000255303
ENSG00000250067.12,114.1927136,1.134942505,0.281889586,1.84e-5,8.81e-5,YJEFN3,1.134942505,ENSG00000250067
ENSG00000145808.10,72.45511461,1.971499997,0.521779676,1.87e-5,8.93e-5,ADAMTS19,1.971499997,ENSG00000145808
ENSG00000036565.15,3.503389912,1.825401926,0.476401226,1.88e-5,8.97e-5,SLC18A1,1.825401926,ENSG00000036565
ENSG00000276058.1,7.499863685,1.259321905,0.313998494,1.89e-5,9e-5,STMN1P1,1.259321905,ENSG00000276058
ENSG00000230400.3,2.745354259,1.710488654,0.440288537,1.89e-5,9.03e-5,LINC01747,1.710488654,ENSG00000230400
ENSG00000240521.1,19.38448423,4.188763073,0.919773573,1.91e-5,9.09e-5,AC092979.1,4.188763073,ENSG00000240521
ENSG00000167194.7,1.583232173,2.271827071,0.607443072,1.92e-5,9.12e-5,C16orf92,2.271827071,ENSG00000167194
ENSG00000280311.1,2.586167982,1.448172182,0.367777483,1.93e-5,9.17e-5,AC131212.4,1.448172182,ENSG00000280311
ENSG00000124839.13,1203.884157,1.154233228,0.287015907,1.93e-5,9.17e-5,RAB17,1.154233228,ENSG00000124839
ENSG00000213145.10,97.11529338,1.105020064,0.274675888,1.94e-5,9.21e-5,CRIP1,1.105020064,ENSG00000213145
ENSG00000287136.1,2.600027659,3.045381037,0.840345478,1.96e-5,9.3e-5,AC073578.5,3.045381037,ENSG00000287136
ENSG00000211655.3,83.16145991,1.994474408,0.434576856,1.96e-5,9.33e-5,IGLV1-36,1.994474408,ENSG00000211655
ENSG00000267209.5,1.002399257,4.435496358,1.181256963,1.97e-5,9.36e-5,LINC01897,4.435496358,ENSG00000267209
ENSG00000181392.17,619.4179025,1.109867519,0.275360721,1.97e-5,9.36e-5,SYNE4,1.109867519,ENSG00000181392
ENSG00000007372.24,24.69405481,2.288807746,0.617876718,1.97e-5,9.38e-5,PAX6,2.288807746,ENSG00000007372
ENSG00000261083.3,10.25570078,1.371834553,0.349332031,1.98e-5,9.39e-5,LINC02516,1.371834553,ENSG00000261083
ENSG00000288028.1,1.504405088,2.205210529,0.607241877,2.01e-5,9.53e-5,AL049839.3,2.205210529,ENSG00000288028
ENSG00000198598.6,376.1095704,1.291663798,0.326874016,2.02e-5,9.56e-5,MMP17,1.291663798,ENSG00000198598
ENSG00000227619.3,18.70135004,1.125234439,0.280758497,2.06e-5,9.77e-5,AL391056.1,1.125234439,ENSG00000227619
ENSG00000287022.1,1.427897045,2.421920918,0.667432722,2.13e-5,1.00765e-4,AC079841.2,2.421920918,ENSG00000287022
ENSG00000179344.16,4072.118511,1.134566816,0.284019458,2.13e-5,1.00865e-4,HLA-DQB1,1.134566816,ENSG00000179344
ENSG00000267500.1,14.45795306,1.062278427,0.264148432,2.17e-5,1.0252e-4,ZNF887P,1.062278427,ENSG00000267500
ENSG00000166897.16,24.62931704,3.131033923,0.425980172,2.18e-5,1.02816e-4,ELFN2,3.131033923,ENSG00000166897
ENSG00000172382.10,165.9151833,1.269573855,0.32233988,2.19e-5,1.03162e-4,PRSS27,1.269573855,ENSG00000172382
ENSG00000285771.1,3.13620012,1.910537495,0.51098654,2.2e-5,1.0376e-4,AL139095.5,1.910537495,ENSG00000285771
ENSG00000146839.19,9.266395408,1.890173886,0.500507695,2.2e-5,1.03783e-4,ZAN,1.890173886,ENSG00000146839
ENSG00000233420.2,3.125034666,6.240814396,0.770743095,2.22e-5,1.04554e-4,AC002069.2,6.240814396,ENSG00000233420
ENSG00000163141.20,1528.756828,1.242647844,0.315126608,2.23e-5,1.05035e-4,BNIPL,1.242647844,ENSG00000163141
ENSG00000156675.16,5281.054443,1.621784582,0.269153141,2.24e-5,1.05531e-4,RAB11FIP1,1.621784582,ENSG00000156675
ENSG00000158014.15,125.6279804,1.903402338,0.508108682,2.25e-5,1.0608e-4,SLC30A2,1.903402338,ENSG00000158014
ENSG00000229950.1,39.52174345,1.138196896,0.286100789,2.26e-5,1.06301e-4,TFAP2A-AS1,1.138196896,ENSG00000229950
ENSG00000231073.1,4.306802987,1.351408348,0.345144178,2.26e-5,1.06346e-4,AL590133.1,1.351408348,ENSG00000231073
ENSG00000228022.6,10.35926753,1.392569092,0.357647793,2.27e-5,1.06677e-4,HCG20,1.392569092,ENSG00000228022
ENSG00000239472.3,4.076521704,1.397352938,0.357750806,2.27e-5,1.06929e-4,RN7SL221P,1.397352938,ENSG00000239472
ENSG00000231402.1,10.50280273,2.40886436,0.65960973,2.29e-5,1.07753e-4,WASF5P,2.40886436,ENSG00000231402
ENSG00000236502.1,3.735438086,2.826908202,0.783151932,2.31e-5,1.08371e-4,SIX3-AS1,2.826908202,ENSG00000236502
ENSG00000159166.15,1657.719313,1.131358841,0.2855798,2.31e-5,1.08562e-4,LAD1,1.131358841,ENSG00000159166
ENSG00000079931.15,745.4551754,1.378211914,0.353905849,2.32e-5,1.09004e-4,MOXD1,1.378211914,ENSG00000079931
ENSG00000250420.8,3.893732328,6.586708767,0.649491568,2.33e-5,1.09063e-4,AACSP1,6.586708767,ENSG00000250420
ENSG00000144810.16,6182.511142,1.274329432,0.324860037,2.33e-5,1.09191e-4,COL8A1,1.274329432,ENSG00000144810
ENSG00000186710.11,13.9143613,1.492819427,0.388207267,2.34e-5,1.09684e-4,CFAP73,1.492819427,ENSG00000186710
ENSG00000250274.2,2.997800794,1.322354853,0.337283535,2.34e-5,1.09689e-4,AC034199.1,1.322354853,ENSG00000250274
ENSG00000263280.2,16.95457013,1.032486707,0.258825724,2.34e-5,1.09697e-4,AC003965.1,1.032486707,ENSG00000263280
ENSG00000102794.10,1.619070212,3.382421322,0.938499394,2.36e-5,1.10286e-4,ACOD1,3.382421322,ENSG00000102794
ENSG00000103021.9,714.9877856,1.011567875,0.137048999,2.37e-5,1.11038e-4,CCDC113,1.011567875,ENSG00000103021
ENSG00000274718.1,5.542436517,1.848110854,0.489229384,2.37e-5,1.11103e-4,AL136964.1,1.848110854,ENSG00000274718
ENSG00000269621.1,1.475597917,2.803255462,0.801754099,2.38e-5,1.11312e-4,AL589765.7,2.803255462,ENSG00000269621
ENSG00000287108.1,2.063722661,2.042896095,0.542031839,2.39e-5,1.11702e-4,AC023302.2,2.042896095,ENSG00000287108
ENSG00000172602.11,1073.040236,1.43159851,0.369940937,2.39e-5,1.11702e-4,RND1,1.43159851,ENSG00000172602
ENSG00000175920.18,333.6875858,1.758221044,0.466718687,2.39e-5,1.11906e-4,DOK7,1.758221044,ENSG00000175920
ENSG00000122025.15,392.5201943,1.662445721,0.438813056,2.4e-5,1.12194e-4,FLT3,1.662445721,ENSG00000122025
ENSG00000151224.13,130.5249333,1.880012334,0.503085698,2.4e-5,1.12319e-4,MAT1A,1.880012334,ENSG00000151224
ENSG00000267174.5,16.52862641,1.106824499,0.278498726,2.42e-5,1.12979e-4,AC011472.2,1.106824499,ENSG00000267174
ENSG00000171017.11,64.4541715,1.089630384,0.273911775,2.44e-5,1.13769e-4,LRRC8E,1.089630384,ENSG00000171017
ENSG00000188501.11,9.854627396,2.50978296,0.238918727,2.44e-5,1.139e-4,LCTL,2.50978296,ENSG00000188501
ENSG00000234337.4,6.641269286,1.290675305,0.331879554,2.47e-5,1.15319e-4,AC026462.1,1.290675305,ENSG00000234337
ENSG00000173653.8,1046.852641,1.045112957,0.146462721,2.49e-5,1.16037e-4,RCE1,1.045112957,ENSG00000173653
ENSG00000130287.14,9.958792021,5.934811849,0.612515715,2.52e-5,1.17341e-4,NCAN,5.934811849,ENSG00000130287
ENSG00000154478.4,93.81189744,2.585470334,0.721208299,2.56e-5,1.18855e-4,GPR26,2.585470334,ENSG00000154478
ENSG00000173227.14,2958.368437,1.465709038,0.380275726,2.57e-5,1.19449e-4,SYT12,1.465709038,ENSG00000173227
ENSG00000155961.5,188.2498261,1.575160335,0.414797118,2.59e-5,1.20353e-4,RAB39B,1.575160335,ENSG00000155961
ENSG00000120436.4,14.3086316,1.241649657,0.317263334,2.6e-5,1.20464e-4,GPR31,1.241649657,ENSG00000120436
ENSG00000137648.19,203.2236049,2.275137004,0.626397396,2.6e-5,1.20626e-4,TMPRSS4,2.275137004,ENSG00000137648
ENSG00000249332.2,3.205949896,7.091337866,1.249566721,2.6e-5,1.20752e-4,LINC02149,7.091337866,ENSG00000249332
ENSG00000256955.2,3.14716386,2.371005917,0.653074702,2.61e-5,1.2076e-4,AC131009.2,2.371005917,ENSG00000256955
ENSG00000268686.2,84.70677615,1.570865997,0.413947388,2.63e-5,1.21628e-4,AC010643.1,1.570865997,ENSG00000268686
ENSG00000243069.8,89.57548492,1.215175124,0.310238507,2.63e-5,1.21647e-4,ARHGEF26-AS1,1.215175124,ENSG00000243069
ENSG00000263527.1,1.35410446,2.329056183,0.657470795,2.63e-5,1.21764e-4,MIR4526,2.329056183,ENSG00000263527
ENSG00000260589.1,12.8289708,1.09004879,0.275199975,2.64e-5,1.2202e-4,STAM-AS1,1.09004879,ENSG00000260589
ENSG00000221716.1,13.01188556,1.073135658,0.271718151,2.68e-5,1.2405e-4,SNORA11,1.073135658,ENSG00000221716
ENSG00000169085.13,8.551462306,1.68518181,0.446155231,2.69e-5,1.2426e-4,VXN,1.68518181,ENSG00000169085
ENSG00000268510.1,1.836777184,2.610170296,0.75162715,2.69e-5,1.24334e-4,IFNL3P1,2.610170296,ENSG00000268510
ENSG00000271830.1,3.476217299,3.339918147,0.950192903,2.72e-5,1.25452e-4,AC012213.4,3.339918147,ENSG00000271830
ENSG00000265178.1,4.290871419,2.596585463,0.728707324,2.73e-5,1.26125e-4,MIR4728,2.596585463,ENSG00000265178
ENSG00000255050.1,3.73181601,1.64292281,0.432958966,2.74e-5,1.26499e-4,AC067930.4,1.64292281,ENSG00000255050
ENSG00000144191.12,41.05884832,1.95897016,0.531718031,2.75e-5,1.26624e-4,CNGA3,1.95897016,ENSG00000144191
ENSG00000124126.14,9911.029637,1.101294388,0.276917855,2.75e-5,1.26624e-4,PREX1,1.101294388,ENSG00000124126
ENSG00000286948.1,4.811876488,1.480185702,0.387457491,2.75e-5,1.2676e-4,AP000867.5,1.480185702,ENSG00000286948
ENSG00000267366.1,9.86046972,1.215603414,0.312063576,2.77e-5,1.27385e-4,AP005131.2,1.215603414,ENSG00000267366
ENSG00000230417.12,17.54076688,1.472804051,0.386837685,2.77e-5,1.27797e-4,LINC00595,1.472804051,ENSG00000230417
ENSG00000116544.12,36.04447493,1.186143588,0.30343039,2.78e-5,1.27997e-4,DLGAP3,1.186143588,ENSG00000116544
ENSG00000151033.10,2.108741514,4.97686389,0.736461926,2.78e-5,1.28175e-4,LYZL2,4.97686389,ENSG00000151033
ENSG00000204514.10,1201.620678,1.011575685,0.254613059,2.8e-5,1.28737e-4,ZNF814,1.011575685,ENSG00000204514
ENSG00000265296.1,6.42810639,1.737634052,0.465314619,2.82e-5,1.29962e-4,FEM1AP2,1.737634052,ENSG00000265296
ENSG00000283525.1,3.515124888,1.625917558,0.428423495,2.89e-5,1.32947e-4,AC005622.1,1.625917558,ENSG00000283525
ENSG00000249176.1,1.523558907,2.94045285,0.82816682,2.93e-5,1.34583e-4,AC027801.3,2.94045285,ENSG00000249176
ENSG00000232600.3,7.01432314,1.16852619,0.300511768,2.93e-5,1.34583e-4,TONSL-AS1,1.16852619,ENSG00000232600
ENSG00000262585.1,8.977074749,1.422691023,0.374569748,2.95e-5,1.35358e-4,LINC01979,1.422691023,ENSG00000262585
ENSG00000282381.1,1.040365028,3.25222737,0.895035907,2.95e-5,1.35449e-4,AC104073.4,3.25222737,ENSG00000282381
ENSG00000140443.15,13307.47251,2.471037227,0.272050506,2.96e-5,1.35872e-4,IGF1R,2.471037227,ENSG00000140443
ENSG00000231519.1,4.896998917,1.188297779,0.303509298,2.98e-5,1.36333e-4,AC007285.1,1.188297779,ENSG00000231519
ENSG00000122136.14,38.40839255,2.025073905,0.555568412,3.02e-5,1.38062e-4,OBP2A,2.025073905,ENSG00000122136
ENSG00000230832.3,5.018766091,1.605371539,0.426433857,3.02e-5,1.38181e-4,SSBL4P,1.605371539,ENSG00000230832
ENSG00000164265.9,13.56399101,1.97638488,0.539562246,3.03e-5,1.38855e-4,SCGB3A2,1.97638488,ENSG00000164265
ENSG00000168062.10,378.7631207,1.269431002,0.329263209,3.08e-5,1.40496e-4,BATF2,1.269431002,ENSG00000168062
ENSG00000100314.4,8.466677086,1.075867796,0.276941236,3.09e-5,1.40955e-4,CABP7,1.075867796,ENSG00000100314
ENSG00000163207.7,13.93597158,2.657409221,0.755097955,3.14e-5,1.43203e-4,IVL,2.657409221,ENSG00000163207
ENSG00000002726.21,51.16259246,2.687397978,0.428804317,3.15e-5,1.43808e-4,AOC1,2.687397978,ENSG00000002726
ENSG00000270919.1,1.49325032,2.47518519,0.684972612,3.18e-5,1.44869e-4,AC108451.2,2.47518519,ENSG00000270919
ENSG00000272512.1,101.4497056,1.316388092,0.343902419,3.18e-5,1.44969e-4,AL645608.7,1.316388092,ENSG00000272512
ENSG00000269139.2,1.690966788,2.322616135,0.671489795,3.2e-5,1.45713e-4,AC010336.5,2.322616135,ENSG00000269139
ENSG00000167117.10,2.71581509,2.295175029,0.638601128,3.25e-5,1.48043e-4,ANKRD40CL,2.295175029,ENSG00000167117
ENSG00000261045.2,1.535782017,3.042349917,0.878415467,3.29e-5,1.49577e-4,LINC02129,3.042349917,ENSG00000261045
ENSG00000260777.1,2.471915966,1.93875927,0.527195476,3.3e-5,1.50097e-4,AC061975.1,1.93875927,ENSG00000260777
ENSG00000150687.12,12622.94772,1.07040888,0.270291139,3.32e-5,1.50845e-4,PRSS23,1.07040888,ENSG00000150687
ENSG00000234896.1,7.868157619,1.982928511,0.541729413,3.34e-5,1.51522e-4,OR7E62P,1.982928511,ENSG00000234896
ENSG00000170819.5,16.04737813,1.65854692,0.447015073,3.36e-5,1.52605e-4,BFSP2,1.65854692,ENSG00000170819
ENSG00000215333.3,2.062250693,1.686542532,0.451190879,3.39e-5,1.53558e-4,KRT18P23,1.686542532,ENSG00000215333
ENSG00000076826.10,1823.163303,1.154547764,0.298169984,3.4e-5,1.54176e-4,CAMSAP3,1.154547764,ENSG00000076826
ENSG00000105989.10,581.3992513,1.269858894,0.332483965,3.46e-5,1.56595e-4,WNT2,1.269858894,ENSG00000105989
ENSG00000187808.5,37.84392255,1.111490147,0.286359981,3.49e-5,1.57675e-4,SOWAHD,1.111490147,ENSG00000187808
ENSG00000215414.4,10.56769372,1.061985204,0.273204041,3.5e-5,1.58139e-4,PSMA6P1,1.061985204,ENSG00000215414
ENSG00000176387.7,635.3425179,1.076830948,0.275817902,3.5e-5,1.58208e-4,HSD11B2,1.076830948,ENSG00000176387
ENSG00000230601.7,2.367165867,1.937640323,0.525194545,3.51e-5,1.58363e-4,TEX48,1.937640323,ENSG00000230601
ENSG00000231324.1,8.811686942,2.670746111,0.784651115,3.52e-5,1.58919e-4,AP000696.1,2.670746111,ENSG00000231324
ENSG00000136944.19,3243.009106,1.042404091,0.266307832,3.58e-5,1.61419e-4,LMX1B,1.042404091,ENSG00000136944
ENSG00000259529.2,9.6630250620000009,1.104935128,0.28465451,3.6e-5,1.6232e-4,AL136295.5,1.104935128,ENSG00000259529
ENSG00000134326.11,818.2340155,1.145605028,0.297202413,3.66e-5,1.64567e-4,CMPK2,1.145605028,ENSG00000134326
ENSG00000148798.11,22.72419052,2.302664731,0.650722408,3.66e-5,1.64659e-4,INA,2.302664731,ENSG00000148798
ENSG00000278463.2,1.452478219,2.492950515,0.706069215,3.69e-5,1.65916e-4,H2AC4,2.492950515,ENSG00000278463
ENSG00000267248.3,41.55750766,1.205767404,0.314544884,3.7e-5,1.66204e-4,AC025048.2,1.205767404,ENSG00000267248
ENSG00000233087.7,10.86797338,1.274621405,0.335709694,3.7e-5,1.6645e-4,RAB6D,1.274621405,ENSG00000233087
ENSG00000109758.9,11.45804648,1.475463977,0.395355814,3.74e-5,1.6786e-4,HGFAC,1.475463977,ENSG00000109758
ENSG00000261804.2,44.65113443,1.419317134,0.378119545,3.78e-5,1.69472e-4,AC007342.4,1.419317134,ENSG00000261804
ENSG00000213140.3,1.766929161,3.248353867,0.946248617,3.81e-5,1.70469e-4,ELK2AP,3.248353867,ENSG00000213140
ENSG00000273604.2,461.232235,1.197027588,0.312362563,3.81e-5,1.70782e-4,EPOP,1.197027588,ENSG00000273604
ENSG00000149972.11,18.11205379,2.545228996,0.730782979,3.82e-5,1.71008e-4,CNTN5,2.545228996,ENSG00000149972
ENSG00000286011.1,9.647352998,1.54502272,0.416325498,3.83e-5,1.71279e-4,AC062037.3,1.54502272,ENSG00000286011
ENSG00000140623.14,3.55258781,2.083094747,0.580675035,3.87e-5,1.72883e-4,SEPTIN12,2.083094747,ENSG00000140623
ENSG00000213028.3,2.867114533,1.481395438,0.396356836,3.92e-5,1.749e-4,AL354983.1,1.481395438,ENSG00000213028
ENSG00000204983.14,12.17791042,2.564431921,0.735452228,3.94e-5,1.76e-4,PRSS1,2.564431921,ENSG00000204983
ENSG00000287826.1,340.6111842,3.502458034,0.619936387,3.95e-5,1.76342e-4,AC090994.1,3.502458034,ENSG00000287826
ENSG00000243273.1,1.590259657,2.880125034,0.829242721,3.97e-5,1.77281e-4,AC020636.1,2.880125034,ENSG00000243273
ENSG00000215165.3,1.704882387,2.286064864,0.642442134,3.97e-5,1.77281e-4,TCEA1P3,2.286064864,ENSG00000215165
ENSG00000068615.19,948.4218286,1.065224244,0.275901655,4.01e-5,1.78675e-4,REEP1,1.065224244,ENSG00000068615
ENSG00000171798.18,230.771196,2.060245621,0.578295859,4.03e-5,1.79613e-4,KNDC1,2.060245621,ENSG00000171798
ENSG00000182798.10,19.9767062,1.776680724,0.489694543,4.05e-5,1.80258e-4,MAGEB17,1.776680724,ENSG00000182798
ENSG00000238250.1,2.514213528,2.036384295,0.567325131,4.08e-5,1.81508e-4,ST6GAL2-IT1,2.036384295,ENSG00000238250
ENSG00000185133.14,1672.986915,1.165279604,0.305030173,4.1e-5,1.82242e-4,INPP5J,1.165279604,ENSG00000185133
ENSG00000220378.3,10.99901686,1.850486406,0.512486121,4.12e-5,1.83208e-4,KRT8P42,1.850486406,ENSG00000220378
ENSG00000149403.13,110.1648808,1.324159352,0.352751764,4.21e-5,1.86943e-4,GRIK4,1.324159352,ENSG00000149403
ENSG00000158714.11,158.154176,1.28718875,0.341451958,4.22e-5,1.87318e-4,SLAMF8,1.28718875,ENSG00000158714
ENSG00000225506.2,11.15960627,1.077497783,0.27943923,4.26e-5,1.88911e-4,CYP4A22-AS1,1.077497783,ENSG00000225506
ENSG00000249064.1,3.565871418,1.317669565,0.350756175,4.4e-5,1.95051e-4,KRT18P25,1.317669565,ENSG00000249064
ENSG00000230836.1,8.356622994,3.795240501,0.555228755,4.44e-5,1.96578e-4,LINC01293,3.795240501,ENSG00000230836
ENSG00000225742.6,58.63687532,1.577190538,0.430810986,4.45e-5,1.96899e-4,LINC02036,1.577190538,ENSG00000225742
ENSG00000143369.15,4726.35856,1.352365004,0.3620728,4.46e-5,1.97363e-4,ECM1,1.352365004,ENSG00000143369
ENSG00000270813.2,3.899161033,1.191190486,0.31455064,4.47e-5,1.97585e-4,NANOGNBP3,1.191190486,ENSG00000270813
ENSG00000152213.4,179.9573575,1.026160679,0.266317537,4.47e-5,1.97636e-4,ARL11,1.026160679,ENSG00000152213
ENSG00000277775.2,4.067277422,2.315017202,0.662499893,4.48e-5,1.98024e-4,H3C7,2.315017202,ENSG00000277775
ENSG00000280099.1,302.9927984,1.010250089,0.261862741,4.63e-5,2.03922e-4,AL603750.1,1.010250089,ENSG00000280099
ENSG00000082196.21,859.0271617,1.282158496,0.341496727,4.64e-5,2.04541e-4,C1QTNF3,1.282158496,ENSG00000082196
ENSG00000124256.15,195.2515233,1.479463473,0.402196908,4.65e-5,2.04819e-4,ZBP1,1.479463473,ENSG00000124256
ENSG00000271377.1,1.416357216,2.23063441,0.630093242,4.67e-5,2.05543e-4,IFITM3P8,2.23063441,ENSG00000271377
ENSG00000165548.11,1045.528588,1.306145891,0.349348469,4.75e-5,2.08872e-4,TMEM63C,1.306145891,ENSG00000165548
ENSG00000225647.2,1.633530773,2.316904291,0.662838517,4.77e-5,2.09718e-4,AC005487.1,2.316904291,ENSG00000225647
ENSG00000134986.14,231.2891557,1.005562755,0.262430646,4.79e-5,2.10729e-4,NREP,1.005562755,ENSG00000134986
ENSG00000259666.3,5.716130244,2.417351717,0.707110867,4.79e-5,2.10815e-4,LINGO1-AS1,2.417351717,ENSG00000259666
ENSG00000203756.8,4.661741825,1.548815591,0.423051825,4.87e-5,2.14083e-4,TMEM244,1.548815591,ENSG00000203756
ENSG00000163568.15,88.90251311,1.465359169,0.400031008,5e-5,2.19299e-4,AIM2,1.465359169,ENSG00000163568
ENSG00000237978.6,25.15592015,2.01199184,0.573431433,5.03e-5,2.20296e-4,KCNMB2-AS1,2.01199184,ENSG00000237978
ENSG00000226284.1,7.6583893,1.203796748,0.320186937,5.06e-5,2.21657e-4,ARPC3P1,1.203796748,ENSG00000226284
ENSG00000254997.4,13.96416401,1.337866227,0.36036557,5.14e-5,2.24893e-4,KRTAP5-9,1.337866227,ENSG00000254997
ENSG00000226957.1,5.392077874,1.280942858,0.345626363,5.2e-5,2.27423e-4,AL358075.1,1.280942858,ENSG00000226957
ENSG00000160200.18,22.40987599,1.558140693,0.429711146,5.21e-5,2.27684e-4,CBS,1.558140693,ENSG00000160200
ENSG00000261732.1,11.06990032,1.021478148,0.267970408,5.25e-5,2.291e-4,AL031708.1,1.021478148,ENSG00000261732
ENSG00000196118.12,14.74282578,1.176081768,0.314253415,5.26e-5,2.29514e-4,CCDC189,1.176081768,ENSG00000196118
ENSG00000167034.10,1080.306292,1.422205791,0.387536514,5.28e-5,2.30308e-4,NKX3-1,1.422205791,ENSG00000167034
ENSG00000158486.13,50.21669399,1.650600971,0.46003833,5.28e-5,2.30433e-4,DNAH3,1.650600971,ENSG00000158486
ENSG00000172771.12,160.3655747,1.157556074,0.308412146,5.3e-5,2.31177e-4,EFCAB12,1.157556074,ENSG00000172771
ENSG00000243967.4,3.176689424,3.443972559,0.985878071,5.31e-5,2.3168e-4,NBPF5P,3.443972559,ENSG00000243967
ENSG00000198088.10,119.5161499,1.020357428,0.267601614,5.32e-5,2.31878e-4,NUP62CL,1.020357428,ENSG00000198088
ENSG00000251538.7,2.401134203,2.061536063,0.587345251,5.36e-5,2.33237e-4,LINC02201,2.061536063,ENSG00000251538
ENSG00000131044.17,63.25952965,1.139670811,0.303175713,5.4e-5,2.35025e-4,TTLL9,1.139670811,ENSG00000131044
ENSG00000105877.18,98.0795367,1.670213126,0.466670459,5.44e-5,2.36498e-4,DNAH11,1.670213126,ENSG00000105877
ENSG00000213060.4,1.922355775,1.671106063,0.461807768,5.44e-5,2.36609e-4,AL031864.1,1.671106063,ENSG00000213060
ENSG00000284648.1,11.86069176,1.99525035,0.57061172,5.48e-5,2.38078e-4,AC097493.3,1.99525035,ENSG00000284648
ENSG00000180438.15,41.57022427,1.518454897,0.419017228,5.49e-5,2.38438e-4,TPRXL,1.518454897,ENSG00000180438
ENSG00000265750.1,23.11587403,1.005270816,0.263734177,5.51e-5,2.39081e-4,AC090772.3,1.005270816,ENSG00000265750
ENSG00000287322.1,5.65719636,1.271984168,0.342578311,5.51e-5,2.39374e-4,AC068189.2,1.271984168,ENSG00000287322
ENSG00000197444.10,43.64651038,1.676009678,0.469525625,5.59e-5,2.4271e-4,OGDHL,1.676009678,ENSG00000197444
ENSG00000159212.13,2886.56774,1.61257715,0.448300949,5.62e-5,2.43775e-4,CLIC6,1.61257715,ENSG00000159212
ENSG00000214145.7,15.96242612,1.120435161,0.297977849,5.63e-5,2.44342e-4,LINC00887,1.120435161,ENSG00000214145
ENSG00000158428.4,14.97349197,1.686086609,0.474046039,5.64e-5,2.44448e-4,CATIP,1.686086609,ENSG00000158428
ENSG00000280055.2,5.944375596,1.444829636,0.39868008,5.86e-5,2.53569e-4,TMEM75,1.444829636,ENSG00000280055
ENSG00000261241.7,15.09180286,2.23947652,0.656324692,5.9e-5,2.55152e-4,LINC02128,2.23947652,ENSG00000261241
ENSG00000185294.7,3.037604709,2.367296887,0.688769624,5.91e-5,2.55457e-4,SPPL2C,2.367296887,ENSG00000185294
ENSG00000234965.2,7.724788155,2.030049378,0.588341538,5.92e-5,2.55873e-4,SHISA8,2.030049378,ENSG00000234965
ENSG00000231431.7,28.18924323,2.757760742,0.829362211,5.93e-5,2.56458e-4,FAR2P4,2.757760742,ENSG00000231431
ENSG00000211821.2,5.649469958,1.942367278,0.557062768,5.94e-5,2.56471e-4,TRDV2,1.942367278,ENSG00000211821
ENSG00000143452.16,16.66223415,3.428717473,0.530668418,5.97e-5,2.57878e-4,HORMAD1,3.428717473,ENSG00000143452
ENSG00000285649.1,2.445958047,1.362912484,0.374961322,5.99e-5,2.58546e-4,AL357079.2,1.362912484,ENSG00000285649
ENSG00000132000.13,552.0503557,1.048412676,0.277564906,6.02e-5,2.59578e-4,PODNL1,1.048412676,ENSG00000132000
ENSG00000116035.4,99.60339579,1.01260695,0.267938125,6.05e-5,2.60692e-4,VAX2,1.01260695,ENSG00000116035
ENSG00000186910.4,618.2008094,1.894925866,0.542432781,6.05e-5,2.60695e-4,SERPINA11,1.894925866,ENSG00000186910
ENSG00000244067.3,10.78747178,2.396815567,0.709956015,6.06e-5,2.61291e-4,GSTA2,2.396815567,ENSG00000244067
ENSG00000183598.4,4.388778556,1.614083128,0.455810086,6.11e-5,2.62954e-4,H3C13,1.614083128,ENSG00000183598
ENSG00000006377.11,17.83372982,2.993984985,0.56274281,6.14e-5,2.64373e-4,DLX6,2.993984985,ENSG00000006377
ENSG00000273472.1,225.4014672,1.104034927,0.294762902,6.15e-5,2.64612e-4,AC096733.2,1.104034927,ENSG00000273472
ENSG00000271969.1,3.449015218,1.603809313,0.450525378,6.17e-5,2.65444e-4,U47924.1,1.603809313,ENSG00000271969
ENSG00000263105.1,11.82067999,1.027418241,0.2726289,6.19e-5,2.66147e-4,AC009171.2,1.027418241,ENSG00000263105
ENSG00000214814.7,15.62415856,1.742271513,0.495765072,6.31e-5,2.70823e-4,FER1L6,1.742271513,ENSG00000214814
ENSG00000269421.1,5.291887562,1.1837427170000001,0.317827562,6.39e-5,2.73961e-4,AC011503.3,1.1837427170000001,ENSG00000269421
ENSG00000119411.11,2637.547906,1.091110165,0.290912824,6.41e-5,2.74669e-4,BSPRY,1.091110165,ENSG00000119411
ENSG00000287258.1,17.26807661,1.790871992,0.511213042,6.41e-5,2.74758e-4,AL512283.2,1.790871992,ENSG00000287258
ENSG00000268658.5,29.31650113,1.042653875,0.277594729,6.41e-5,2.74894e-4,LINC00664,1.042653875,ENSG00000268658
ENSG00000143355.16,6.894137168,2.564770555,0.774062616,6.55e-5,2.80549e-4,LHX9,2.564770555,ENSG00000143355
ENSG00000283453.2,5.192494338,1.860702244,0.532937898,6.56e-5,2.80748e-4,AC244258.1,1.860702244,ENSG00000283453
ENSG00000188001.10,2563.486572,1.524420321,0.424656254,6.61e-5,2.8271e-4,TPRG1,1.524420321,ENSG00000188001
ENSG00000272205.1,7.119375872,1.143072775,0.309589029,6.64e-5,2.83692e-4,AL451050.2,1.143072775,ENSG00000272205
ENSG00000118137.10,8.156388109,1.470834718,0.413902402,6.65e-5,2.84136e-4,APOA1,1.470834718,ENSG00000118137
ENSG00000073605.18,1215.035038,1.359394274,0.37377884,6.73e-5,2.87143e-4,GSDMB,1.359394274,ENSG00000073605
ENSG00000187726.9,11.3654405,1.301735669,0.359501282,6.75e-5,2.87934e-4,DNAJB13,1.301735669,ENSG00000187726
ENSG00000143375.15,4188.692959,1.191259555,0.32234283,6.79e-5,2.89465e-4,CGN,1.191259555,ENSG00000143375
ENSG00000235052.1,6.124572509,1.726024696,0.492740103,6.82e-5,2.90889e-4,AL021154.1,1.726024696,ENSG00000235052
ENSG00000228184.1,3.745114639,3.068539469,0.94022318,6.85e-5,2.9189e-4,SNX19P1,3.068539469,ENSG00000228184
ENSG00000274270.1,12.01973113,1.037336262,0.279937652,6.88e-5,2.92781e-4,AL137060.3,1.037336262,ENSG00000274270
ENSG00000155367.15,298.3705046,1.360926854,0.376922739,6.88e-5,2.92932e-4,PPM1J,1.360926854,ENSG00000155367
ENSG00000241003.1,2.322120636,1.925728615,0.562188175,6.88e-5,2.92977e-4,AC108860.1,1.925728615,ENSG00000241003
ENSG00000184058.14,386.8464364,1.135352297,0.307121666,6.89e-5,2.93206e-4,TBX1,1.135352297,ENSG00000184058
ENSG00000174576.10,15.39461003,1.745241036,0.366496578,6.97e-5,2.96527e-4,NPAS4,1.745241036,ENSG00000174576
ENSG00000104833.12,25.65499665,1.809884937,0.523314685,6.98e-5,2.96915e-4,TUBB4A,1.809884937,ENSG00000104833
ENSG00000233273.1,1.041035481,2.451092109,0.755621646,7e-5,2.97665e-4,AMMECR1LP1,2.451092109,ENSG00000233273
ENSG00000128886.12,8.667517439,1.234084399,0.338140479,7.04e-5,2.99336e-4,ELL3,1.234084399,ENSG00000128886
ENSG00000268747.1,4.144258351,1.844164095,0.528926671,7.08e-5,3.00652e-4,AC022432.1,1.844164095,ENSG00000268747
ENSG00000235649.2,100.3132674,1.347530052,0.37326175,7.1e-5,3.01294e-4,MXRA5Y,1.347530052,ENSG00000235649
ENSG00000184925.12,72.28010599,1.2367956,0.338641554,7.12e-5,3.02081e-4,LCN12,1.2367956,ENSG00000184925
ENSG00000234667.2,4.261392835,2.425274164,0.731782511,7.15e-5,3.0331e-4,ACTBP13,2.425274164,ENSG00000234667
ENSG00000253746.1,8.897086078,1.339737987,0.372707357,7.17e-5,3.04023e-4,AC091182.2,1.339737987,ENSG00000253746
ENSG00000233750.3,2.607132782,1.61087818,0.456929926,7.22e-5,3.05825e-4,CICP27,1.61087818,ENSG00000233750
ENSG00000274038.1,4.877646012,1.344095659,0.373754533,7.22e-5,3.05825e-4,AC007014.2,1.344095659,ENSG00000274038
ENSG00000055118.16,94.02916866,1.081076864,0.291546282,7.29e-5,3.08511e-4,KCNH2,1.081076864,ENSG00000055118
ENSG00000267506.5,8.145402148,1.55811009,0.255948593,7.34e-5,3.10529e-4,AC021683.2,1.55811009,ENSG00000267506
ENSG00000181847.12,267.1920292,1.35725066,0.377945215,7.53e-5,3.17925e-4,TIGIT,1.35725066,ENSG00000181847
ENSG00000142273.13,698.7419224,1.240677418,0.341125067,7.53e-5,3.17926e-4,CBLC,1.240677418,ENSG00000142273
ENSG00000270276.2,2.267956134,2.01655336,0.586494218,7.64e-5,3.22217e-4,H4C15,2.01655336,ENSG00000270276
ENSG00000257434.1,32.97286913,3.164177222,0.993718687,7.7e-5,3.2459e-4,AC073525.1,3.164177222,ENSG00000257434
ENSG00000128383.13,55.2702756,2.771502882,0.420601807,7.7e-5,3.24594e-4,APOBEC3A,2.771502882,ENSG00000128383
ENSG00000287688.1,6.547579179,1.16756735,0.317205209,7.73e-5,3.25737e-4,AC011317.1,1.16756735,ENSG00000287688
ENSG00000265728.1,5.792717679,1.846821405,0.544171111,7.76e-5,3.26901e-4,AP001099.1,1.846821405,ENSG00000265728
ENSG00000205022.9,3.475420916,2.309235421,0.699650123,7.78e-5,3.27601e-4,PABPN1L,2.309235421,ENSG00000205022
ENSG00000187268.12,2.91249495,2.658209828,0.456804039,7.84e-5,3.29826e-4,FAM9C,2.658209828,ENSG00000187268
ENSG00000225544.1,5.045700424,1.950871525,0.573813484,7.97e-5,3.34902e-4,AC245452.1,1.950871525,ENSG00000225544
ENSG00000287016.1,12.62453689,1.07908893,0.292372022,8.01e-5,3.3626e-4,AC010996.1,1.07908893,ENSG00000287016
ENSG00000167183.3,2088.861687,1.24129373,0.341741621,8.02e-5,3.36654e-4,PRR15L,1.24129373,ENSG00000167183
ENSG00000261136.1,33.57043824,1.228391241,0.338638603,8.02e-5,3.36834e-4,AC023908.3,1.228391241,ENSG00000261136
ENSG00000119922.10,1980.056097,1.093885761,0.297042501,8.19e-5,3.43186e-4,IFIT2,1.093885761,ENSG00000119922
ENSG00000228278.5,17.10281555,1.839121645,0.538903809,8.2e-5,3.43554e-4,ORM2,1.839121645,ENSG00000228278
ENSG00000151025.11,85.216509,1.729876888,0.502011221,8.26e-5,3.45851e-4,GPR158,1.729876888,ENSG00000151025
ENSG00000287431.1,58.50691057,1.053265201,0.286275393,8.26e-5,3.46146e-4,AC027601.5,1.053265201,ENSG00000287431
ENSG00000257191.1,2.499852631,2.74864026,0.858715085,8.48e-5,3.54244e-4,AC090709.1,2.74864026,ENSG00000257191
ENSG00000267260.2,13.84714363,1.463720808,0.414043247,8.51e-5,3.55706e-4,AC020928.1,1.463720808,ENSG00000267260
ENSG00000196335.13,37.7116623,1.472269857,0.418646282,8.63e-5,3.6024e-4,STK31,1.472269857,ENSG00000196335
ENSG00000285969.1,1.949470868,3.28248001,0.995313387,8.63e-5,3.60314e-4,AC087591.1,3.28248001,ENSG00000285969
ENSG00000186297.12,1.897473278,4.316883666,0.717326096,8.6700000000000007e-05,3.61823e-4,GABRA5,4.316883666,ENSG00000186297
ENSG00000162782.16,598.4744599,1.229771254,0.341428079,8.68e-5,3.62053e-4,TDRD5,1.229771254,ENSG00000162782
ENSG00000110169.11,895.2829128,1.509051165,0.430093262,8.74e-5,3.64159e-4,HPX,1.509051165,ENSG00000110169
ENSG00000184385.2,6.363182823,1.805769896,0.531894003,8.76e-5,3.65158e-4,UMODL1-AS1,1.805769896,ENSG00000184385
ENSG00000121905.10,16.78637142,1.042658146,0.28438506,8.77e-5,3.65421e-4,HPCA,1.042658146,ENSG00000121905
ENSG00000229178.1,5.498089506,1.385361909,0.390544818,8.88e-5,3.69338e-4,AC233280.1,1.385361909,ENSG00000229178
ENSG00000104889.7,3.18393799,1.53100656,0.436929219,8.94e-5,3.71876e-4,RNASEH2A,1.53100656,ENSG00000104889
ENSG00000279024.1,3.185409123,1.717884518,0.498358297,9.01e-5,3.74261e-4,AC112255.1,1.717884518,ENSG00000279024
ENSG00000142408.6,28.66816166,1.012361501,0.275757105,9.09e-5,3.77357e-4,CACNG8,1.012361501,ENSG00000142408
ENSG00000163499.12,2.082067813,2.196772496,0.668062335,9.1e-5,3.77812e-4,CRYBA2,2.196772496,ENSG00000163499
ENSG00000176049.16,39.97134193,1.012337898,0.275030006,9.11e-5,3.78048e-4,JAKMIP2,1.012337898,ENSG00000176049
ENSG00000179348.12,893.2934011,1.210425163,0.335540138,9.13e-5,3.78737e-4,GATA2,1.210425163,ENSG00000179348
ENSG00000165061.15,51.22275133,1.634390796,0.474804169,9.26e-5,3.84004e-4,ZMAT4,1.634390796,ENSG00000165061
ENSG00000170442.12,126.9025524,1.30331515,0.366818559,9.35e-5,3.87374e-4,KRT86,1.30331515,ENSG00000170442
ENSG00000271216.2,5.928665787,2.132790568,0.643810334,9.47e-5,3.91938e-4,LINC01050,2.132790568,ENSG00000271216
ENSG00000162490.7,79.76906305,1.188119657,0.330126845,9.49e-5,3.92673e-4,DRAXIN,1.188119657,ENSG00000162490
ENSG00000287175.1,2.503857811,1.538739729,0.444565284,9.57e-5,3.95511e-4,AL513303.1,1.538739729,ENSG00000287175
ENSG00000224928.2,1.656187282,1.855885825,0.545653122,9.6e-5,3.96883e-4,KRT8P30,1.855885825,ENSG00000224928
ENSG00000279936.1,3.944657904,1.566506658,0.453462225,9.61e-5,3.97172e-4,AC008806.1,1.566506658,ENSG00000279936
ENSG00000253616.5,6.411168308,1.409448887,0.401132816,9.64e-5,3.98301e-4,AC107959.3,1.409448887,ENSG00000253616
ENSG00000197658.9,0.884151778,3.208195292,0.960815913,9.73e-5,4.01531e-4,SLC22A24,3.208195292,ENSG00000197658
ENSG00000062096.15,3.693552471,1.09374193,0.382194978,9.78e-5,4.03547e-4,ARSF,1.09374193,ENSG00000062096
ENSG00000261143.1,7.711260655,1.116847569,0.313070531,9.83e-5,4.05417e-4,ADAMTS7P3,1.116847569,ENSG00000261143
ENSG00000173486.14,7.672959452,1.218099082,0.341345854,9.85e-5,4.05821e-4,FKBP2,1.218099082,ENSG00000173486
ENSG00000273703.2,1.110030781,2.416828721,0.751465525,9.91e-5,4.08252e-4,H2BC14,2.416828721,ENSG00000273703
ENSG00000161509.14,88.23675797,1.208774664,0.337958026,9.94e-5,4.09171e-4,GRIN2C,1.208774664,ENSG00000161509
ENSG00000162009.8,3.370376402,2.553664224,0.797249469,9.95e-5,4.09414e-4,SSTR5,2.553664224,ENSG00000162009
ENSG00000244588.5,5.367231891,2.035300686,0.611113399,9.96e-5,4.09963e-4,RAD21L1,2.035300686,ENSG00000244588
ENSG00000278642.1,3.252189025,1.707986069,0.501646553,9.97e-5,4.1018e-4,AC015813.4,1.707986069,ENSG00000278642
ENSG00000103534.17,1939.964926,1.377473044,0.389766662,9.98e-5,4.1037e-4,TMC5,1.377473044,ENSG00000103534
ENSG00000144550.13,7.883656232,1.01930539,0.278871233,1.00122e-4,4.11767e-4,CPNE9,1.01930539,ENSG00000144550
ENSG00000122584.13,96.12873913,3.354205063,0.873865198,1.00253e-4,4.12218e-4,NXPH1,3.354205063,ENSG00000122584
ENSG00000255221.3,3.65939836,1.688483091,0.494396938,1.01981e-4,4.18712e-4,CARD17,1.688483091,ENSG00000255221
ENSG00000170959.14,90.00648213,1.0718304,0.295783157,1.0219e-4,4.19482e-4,DCDC1,1.0718304,ENSG00000170959
ENSG00000236318.2,3.745417679,4.578933107,0.833505918,1.02726e-4,4.2146e-4,AC019117.2,4.578933107,ENSG00000236318
ENSG00000133328.4,191.7379317,1.428500492,0.410072785,1.02895e-4,4.22023e-4,PLAAT2,1.428500492,ENSG00000133328
ENSG00000272068.1,127.8024863,1.625321625,0.475496771,1.03128e-4,4.22932e-4,AL365181.2,1.625321625,ENSG00000272068
ENSG00000249942.1,4.329222291,2.328335109,0.727899449,1.03306e-4,4.2353e-4,AC239584.1,2.328335109,ENSG00000249942
ENSG00000101435.5,24.59044298,3.19434107,1.038195889,1.04102e-4,4.26615e-4,CST9L,3.19434107,ENSG00000101435
ENSG00000163362.11,409.0507818,1.383987181,0.395367859,1.04397e-4,4.27782e-4,INAVA,1.383987181,ENSG00000163362
ENSG00000159263.16,118.8422141,2.088018996,0.63812715,1.04512e-4,4.28163e-4,SIM2,2.088018996,ENSG00000159263
ENSG00000178372.8,1889.461405,2.15877373,0.657720172,1.05437e-4,4.31681e-4,CALML5,2.15877373,ENSG00000178372
ENSG00000228734.2,1.075763643,2.475074978,0.754250804,1.05904e-4,4.33231e-4,AC096543.2,2.475074978,ENSG00000228734
ENSG00000226453.2,42.69730903,1.472693826,0.425369932,1.05988e-4,4.33533e-4,LINC02542,1.472693826,ENSG00000226453
ENSG00000103316.12,188.972604,1.681359809,0.496703413,1.07024e-4,4.37403e-4,CRYM,1.681359809,ENSG00000103316
ENSG00000226431.1,1.845799039,3.041854284,0.911472221,1.07111e-4,4.37667e-4,AL121929.1,3.041854284,ENSG00000226431
ENSG00000099994.11,2937.627723,1.268408453,0.359315321,1.08213e-4,4.41897e-4,SUSD2,1.268408453,ENSG00000099994
ENSG00000262714.1,65.48224488,1.320160779,0.375883869,1.09051e-4,4.4518e-4,AC007342.5,1.320160779,ENSG00000262714
ENSG00000204610.13,2.47421045,3.328803548,1.033822703,1.09175e-4,4.45641e-4,TRIM15,3.328803548,ENSG00000204610
ENSG00000163646.12,1.614266296,2.989357139,0.928900138,1.09298e-4,4.4605e-4,CLRN1,2.989357139,ENSG00000163646
ENSG00000022556.16,1515.855452,1.310771794,0.372558309,1.09455e-4,4.46597e-4,NLRP2,1.310771794,ENSG00000022556
ENSG00000253395.1,16.49272723,1.218600498,0.344918713,1.10472e-4,4.50324e-4,AP003469.2,1.218600498,ENSG00000253395
ENSG00000155093.19,933.5602949,1.188437045,0.333284159,1.10626e-4,4.50904e-4,PTPRN2,1.188437045,ENSG00000155093
ENSG00000259725.1,76.39539602,1.223998348,0.345593733,1.11879e-4,4.55542e-4,AC106738.2,1.223998348,ENSG00000259725
ENSG00000273980.1,2.866110637,1.595861919,0.47345216,1.12638e-4,4.58251e-4,AL592071.1,1.595861919,ENSG00000273980
ENSG00000224126.2,2.781616821,1.423235936,0.410554977,1.13159e-4,4.60038e-4,UBE2SP2,1.423235936,ENSG00000224126
ENSG00000230498.3,21.39001143,3.582832246,0.629286284,1.13249e-4,4.60306e-4,AL035409.1,3.582832246,ENSG00000230498
ENSG00000231107.2,15.32747834,1.703077591,0.506301245,1.14267e-4,4.63918e-4,LINC01508,1.703077591,ENSG00000231107
ENSG00000276763.1,1.158222377,2.067923095,0.634348112,1.14592e-4,4.65093e-4,AC069499.2,2.067923095,ENSG00000276763
ENSG00000169427.8,8.544052686,1.246016855,0.355236631,1.14718e-4,4.65509e-4,KCNK9,1.246016855,ENSG00000169427
ENSG00000237101.1,13.87047637,1.25869494,0.358415303,1.15553e-4,4.68559e-4,AC092809.4,1.25869494,ENSG00000237101
ENSG00000226979.9,42.25292772,1.315049333,0.37657522,1.16095e-4,4.7061e-4,LTA,1.315049333,ENSG00000226979
ENSG00000269720.2,11.32260719,1.416153361,0.409799233,1.16906e-4,4.73602e-4,CCDC194,1.416153361,ENSG00000269720
ENSG00000204019.5,2.436951719,2.349758345,1.277353071,1.17951e-4,4.77346e-4,CT83,2.349758345,ENSG00000204019
ENSG00000253182.1,7.81650789,2.339455661,0.727930183,1.1897e-4,4.81066e-4,AC084026.1,2.339455661,ENSG00000253182
ENSG00000224535.2,4.677021971,1.578382047,0.463024014,1.18981e-4,4.81066e-4,LINC02771,1.578382047,ENSG00000224535
ENSG00000175267.15,38.96901442,1.318171825,0.37840013,1.19115e-4,4.81509e-4,VWA3A,1.318171825,ENSG00000175267
ENSG00000282787.1,6.946733483,1.044063276,0.290776206,1.19113e-4,4.81509e-4,AL157888.1,1.044063276,ENSG00000282787
ENSG00000250378.4,48.04651546,1.451968216,0.422856392,1.2016e-4,4.85285e-4,AC114296.1,1.451968216,ENSG00000250378
ENSG00000100095.19,89.60594924,1.524854589,0.448190752,1.20475e-4,4.86257e-4,SEZ6L,1.524854589,ENSG00000100095
ENSG00000249312.1,0.991025282,3.793645544,1.113230946,1.21189e-4,4.88938e-4,ARL2BPP4,3.793645544,ENSG00000249312
ENSG00000278071.1,16.99854025,1.115018966,0.313966486,1.22591e-4,4.94035e-4,AL161669.3,1.115018966,ENSG00000278071
ENSG00000272281.6,13.88089967,1.267803761,0.361576876,1.23412e-4,4.96886e-4,TPTE2P2,1.267803761,ENSG00000272281
ENSG00000253821.2,1.260755959,3.343434823,1.038596648,1.24053e-4,4.99311e-4,AC090796.1,3.343434823,ENSG00000253821
ENSG00000184697.7,5.779209377,2.677469729,0.467839926,1.24489e-4,5.00862e-4,CLDN6,2.677469729,ENSG00000184697
ENSG00000287405.1,4.921569892,1.383665544,0.401351895,1.2587e-4,5.0611e-4,AC017028.2,1.383665544,ENSG00000287405
ENSG00000240253.6,33.15604223,3.63173461,0.799990679,1.26442e-4,5.08254e-4,FAR2P3,3.63173461,ENSG00000240253
ENSG00000271911.1,5.943846494,1.575861959,0.465477379,1.27259e-4,5.11274e-4,AL357054.3,1.575861959,ENSG00000271911
ENSG00000160932.11,16187.43222,1.042053942,0.290652342,1.28815e-4,5.16943e-4,LY6E,1.042053942,ENSG00000160932
ENSG00000236651.1,3.21635538,2.363150737,0.728754409,1.29711e-4,5.20063e-4,DLX2-DT,2.363150737,ENSG00000236651
ENSG00000249242.8,3207.243742,1.13586192,0.321581499,1.3047e-4,5.22999e-4,TMEM150C,1.13586192,ENSG00000249242
ENSG00000232192.1,1.223512281,2.49750551,0.811435347,1.31585e-4,5.27039e-4,KIF26B-AS1,2.49750551,ENSG00000232192
ENSG00000279039.1,9.324845135,1.01486536,0.283674062,1.32677e-4,5.31033e-4,AC011447.6,1.01486536,ENSG00000279039
ENSG00000101188.5,5.40519099,3.343950509,0.453232032,1.32883e-4,5.31802e-4,NTSR1,3.343950509,ENSG00000101188
ENSG00000215910.7,7.803029251,3.618477228,0.584803728,1.34914e-4,5.39108e-4,C1orf167,3.618477228,ENSG00000215910
ENSG00000259496.2,1.01200376,2.338655392,0.732860574,1.352e-4,5.40194e-4,GEMIN8P1,2.338655392,ENSG00000259496
ENSG00000286413.1,3.314380015,1.671936889,0.496663472,1.35608e-4,5.4155e-4,AL355501.1,1.671936889,ENSG00000286413
ENSG00000256166.1,9.370221318,1.776837936,0.537213853,1.36088e-4,5.43026e-4,LINC02571,1.776837936,ENSG00000256166
ENSG00000228201.1,10.01888207,1.106817725,0.312866197,1.36907e-4,5.46071e-4,AL022341.1,1.106817725,ENSG00000228201
ENSG00000278876.1,11.82158531,1.136342477,0.324219797,1.37126e-4,5.46779e-4,AC145207.9,1.136342477,ENSG00000278876
ENSG00000254057.1,2.108491443,1.718584491,0.524486105,1.38992e-4,5.53377e-4,AC084346.1,1.718584491,ENSG00000254057
ENSG00000234493.4,6.219085102,1.868289623,0.574585963,1.43011e-4,5.6826e-4,RHOXF1P1,1.868289623,ENSG00000234493
ENSG00000173627.8,2.152625179,5.238706993,0.726057667,1.4467e-4,5.74467e-4,APOBEC4,5.238706993,ENSG00000173627
ENSG00000267577.1,1.151841754,2.503042497,0.790380829,1.4662e-4,5.81447e-4,AC010327.4,2.503042497,ENSG00000267577
ENSG00000183888.4,431.0201103,1.661171648,0.503051068,1.47276e-4,5.83872e-4,SRARP,1.661171648,ENSG00000183888
ENSG00000254717.2,7.607048164,1.796025157,0.547026535,1.48147e-4,5.87088e-4,GLYATL1P2,1.796025157,ENSG00000254717
ENSG00000268041.2,16.49195083,1.134815978,0.323936361,1.48189e-4,5.87197e-4,ERFL,1.134815978,ENSG00000268041
ENSG00000213683.4,2.489091317,1.15495649,0.330609243,1.48632e-4,5.88774e-4,AC002056.1,1.15495649,ENSG00000213683
ENSG00000253973.3,61.28670165,1.648112985,0.499015206,1.4969e-4,5.92187e-4,AC079296.1,1.648112985,ENSG00000253973
ENSG00000276831.1,2.743637533,1.90293737,0.594748632,1.50681e-4,5.95628e-4,AC020922.4,1.90293737,ENSG00000276831
ENSG00000174788.10,76.75343875,1.442318648,0.428175819,1.51352e-4,5.98041e-4,PCP2,1.442318648,ENSG00000174788
ENSG00000157542.11,25.45107098,1.63308081,0.49448759,1.51925e-4,6.00243e-4,KCNJ6,1.63308081,ENSG00000157542
ENSG00000226220.1,2.627412944,1.528381898,0.455047155,1.51972e-4,6.0037e-4,CICP22,1.528381898,ENSG00000226220
ENSG00000265735.2,2.182051189,1.877029808,0.584733448,1.53082e-4,6.0433e-4,RN7SL5P,1.877029808,ENSG00000265735
ENSG00000234380.2,72.38065353,1.016864489,0.287810883,1.53301e-4,6.05133e-4,LINC01426,1.016864489,ENSG00000234380
ENSG00000272172.1,14.47228232,1.019329682,0.289178539,1.53481e-4,6.05571e-4,AC138696.2,1.019329682,ENSG00000272172
ENSG00000223519.8,28.56326793,1.156366318,0.333192479,1.54762e-4,6.09856e-4,KIF28P,1.156366318,ENSG00000223519
ENSG00000260737.6,1.276687111,1.677124485,0.500977148,1.54956e-4,6.10561e-4,LINC01227,1.677124485,ENSG00000260737
ENSG00000224294.1,1.459755704,5.675763049,1.246100216,1.55245e-4,6.11419e-4,PINCR,5.675763049,ENSG00000224294
ENSG00000265660.1,25.02301749,1.118197721,0.320225418,1.55252e-4,6.11419e-4,MIR4664,1.118197721,ENSG00000265660
ENSG00000218549.2,13.49998939,3.972660897,0.774129299,1.56146e-4,6.14634e-4,OR4K12P,3.972660897,ENSG00000218549
ENSG00000240409.1,8.86337081,2.319997371,0.335131084,1.56656e-4,6.16516e-4,MTATP8P1,2.319997371,ENSG00000240409
ENSG00000183072.10,32.08117746,2.824547097,0.941427037,1.58974e-4,6.24762e-4,NKX2-5,2.824547097,ENSG00000183072
ENSG00000272745.1,5.041991649,1.218250875,0.353645895,1.58998e-4,6.24794e-4,AC004948.1,1.218250875,ENSG00000272745
ENSG00000285417.1,13.54928699,1.895579962,0.435196702,1.59454e-4,6.26335e-4,BX571818.1,1.895579962,ENSG00000285417
ENSG00000184330.12,29.75678372,3.474276167,1.200776151,1.60157e-4,6.28658e-4,S100A7A,3.474276167,ENSG00000184330
ENSG00000108604.16,8150.607327,1.10974712,0.167288299,1.60515e-4,6.30002e-4,SMARCD2,1.10974712,ENSG00000108604
ENSG00000111218.12,6.538725328,1.737606223,0.535020777,1.60689e-4,6.3062e-4,PRMT8,1.737606223,ENSG00000111218
ENSG00000170054.16,39.24308545,1.909562687,0.597206052,1.61883e-4,6.34672e-4,SERPINA9,1.909562687,ENSG00000170054
ENSG00000256209.2,5.07075233,2.104430457,0.672454893,1.66821e-4,6.52272e-4,AC073578.1,2.104430457,ENSG00000256209
ENSG00000236516.1,5.741187571,2.326586913,0.749092127,1.66891e-4,6.52481e-4,KLF2P4,2.326586913,ENSG00000236516
ENSG00000267251.2,56.79583774,1.125549671,0.324474028,1.67375e-4,6.54246e-4,AC139100.1,1.125549671,ENSG00000267251
ENSG00000188820.13,23.90361027,1.225638703,0.358415528,1.68339e-4,6.57883e-4,CALHM6,1.225638703,ENSG00000188820
ENSG00000283390.1,3.060928168,1.121675151,0.324224053,1.70498e-4,6.65725e-4,AC068631.3,1.121675151,ENSG00000283390
ENSG00000124721.18,11.88633406,1.340024014,0.396896938,1.7058e-4,6.65911e-4,DNAH8,1.340024014,ENSG00000124721
ENSG00000271602.1,2.723827224,1.566541248,0.475803073,1.71921e-4,6.70481e-4,KRT8P49,1.566541248,ENSG00000271602
ENSG00000271924.1,2.62111551,1.569733186,0.479170173,1.72906e-4,6.74188e-4,RNA5SP108,1.569733186,ENSG00000271924
ENSG00000259925.1,4.465860092,2.255476662,0.727975947,1.72955e-4,6.74312e-4,AC130456.2,2.255476662,ENSG00000259925
ENSG00000276903.2,3.570499905,2.030724015,0.64210393,1.73299e-4,6.7534e-4,H2AC16,2.030724015,ENSG00000276903
ENSG00000258661.1,8.191410108,1.883918315,0.589520377,1.7344e-4,6.758e-4,AL079303.1,1.883918315,ENSG00000258661
ENSG00000269858.6,443.2075974,1.077285405,0.309384966,1.7607e-4,6.85166e-4,EGLN2,1.077285405,ENSG00000269858
ENSG00000262920.5,6.667703917,1.919654064,0.607034164,1.76671e-4,6.87365e-4,AC129507.4,1.919654064,ENSG00000262920
ENSG00000214012.4,2.007490993,1.589541856,0.481011213,1.76894e-4,6.88097e-4,KRT18P38,1.589541856,ENSG00000214012
ENSG00000250363.1,0.914706899,2.145469119,0.687504742,1.78202e-4,6.92707e-4,KRT18P21,2.145469119,ENSG00000250363
ENSG00000216867.2,1.468558632,1.648723406,0.503939769,1.80933e-4,7.02695e-4,RPL22P12,1.648723406,ENSG00000216867
ENSG00000204709.4,4.187531814,1.331723705,0.399191595,1.81792e-4,7.05616e-4,LINC01556,1.331723705,ENSG00000204709
ENSG00000230524.8,3.644939034,1.936378806,0.610351031,1.82181e-4,7.07054e-4,COL6A4P1,1.936378806,ENSG00000230524
ENSG00000224374.1,2.774125183,4.341902035,0.608325212,1.85106e-4,7.17415e-4,AL023693.1,4.341902035,ENSG00000224374
ENSG00000283418.1,2.548457825,1.55523931,0.47682347,1.87845e-4,7.27097e-4,U6,1.55523931,ENSG00000283418
ENSG00000165553.4,3.353340963,2.320393201,0.759935107,1.88373e-4,7.28854e-4,NGB,2.320393201,ENSG00000165553
ENSG00000227404.1,2.216125574,1.524478586,0.46225888,1.89615e-4,7.33229e-4,KRT8P20,1.524478586,ENSG00000227404
ENSG00000160838.14,18.30021775,1.43950335,0.436677516,1.90399e-4,7.35912e-4,LRRC71,1.43950335,ENSG00000160838
ENSG00000166596.15,22.97970281,1.227994866,0.363118496,1.908e-4,7.37299e-4,CFAP52,1.227994866,ENSG00000166596
ENSG00000250215.1,1.311712325,3.619651803,0.559320247,1.91751e-4,7.40591e-4,CIR1P2,3.619651803,ENSG00000250215
ENSG00000263934.5,65.29273112,1.335795401,0.399753558,1.93264e-4,7.45574e-4,SNORD3A,1.335795401,ENSG00000263934
ENSG00000213958.2,1.62324205,2.148825905,0.703776129,1.93675e-4,7.4672e-4,KRT18P29,2.148825905,ENSG00000213958
ENSG00000227863.3,13.93426405,3.13648689,1.092312908,1.93837e-4,7.47197e-4,AC002383.1,3.13648689,ENSG00000227863
ENSG00000132329.11,788.5037963,1.602121195,0.494020099,1.95294e-4,7.52151e-4,RAMP1,1.602121195,ENSG00000132329
ENSG00000003989.18,12386.45281,1.320885195,0.393000482,1.9767e-4,7.60033e-4,SLC7A2,1.320885195,ENSG00000003989
ENSG00000248968.1,1.379038895,1.57553693,0.475253765,1.98664e-4,7.63108e-4,AC012640.1,1.57553693,ENSG00000248968
ENSG00000236481.1,2.514357353,1.479396663,0.446415634,1.99245e-4,0.00076511700000000005,LINC02195,1.479396663,ENSG00000236481
ENSG00000237452.3,1.7411356,1.600826569,0.497493369,1.99668e-4,7.6659e-4,BHMG1,1.600826569,ENSG00000237452
ENSG00000279773.1,7.563182885,3.781400917,1.349959022,2.0007e-4,7.67759e-4,AL050303.3,3.781400917,ENSG00000279773
ENSG00000257035.1,3.366758855,5.584934785,1.626910301,2.00936e-4,7.70782e-4,AC025252.2,5.584934785,ENSG00000257035
ENSG00000106236.4,108.4097628,1.253057545,0.373191672,2.02765e-4,7.77038e-4,NPTX2,1.253057545,ENSG00000106236
ENSG00000233996.1,7.482038578,1.946832912,0.633263346,2.03828e-4,7.80596e-4,KDM3AP1,1.946832912,ENSG00000233996
ENSG00000100918.13,288.4053559,1.029662407,0.297273656,2.03833e-4,7.80596e-4,REC8,1.029662407,ENSG00000100918
ENSG00000251026.2,4.087964474,3.043684296,1.042010677,2.05871e-4,7.87712e-4,LINC02163,3.043684296,ENSG00000251026
ENSG00000171786.6,15.82991968,1.02217429,0.296717731,2.08081e-4,7.95704e-4,NHLH1,1.02217429,ENSG00000171786
ENSG00000103089.9,294.4248806,2.212784793,0.318446179,2.08496e-4,7.97056e-4,FA2H,2.212784793,ENSG00000103089
ENSG00000243550.3,3.608415928,1.887613897,0.602855835,2.08795e-4,7.9812e-4,LINC01214,1.887613897,ENSG00000243550
ENSG00000250101.1,1.531653238,1.752950888,0.539778327,2.09764e-4,8.0158e-4,AC106795.3,1.752950888,ENSG00000250101
ENSG00000260442.5,9.217669156,1.255805963,0.380705988,2.09781e-4,8.0158e-4,ATP2A1-AS1,1.255805963,ENSG00000260442
ENSG00000273838.2,1.808621833,2.61474744,0.892533699,2.10567e-4,8.04269e-4,AL096677.1,2.61474744,ENSG00000273838
ENSG00000254164.1,95.24769957,1.804102276,0.573136364,2.12443e-4,8.10728e-4,AC008663.3,1.804102276,ENSG00000254164
ENSG00000224116.7,12.66129984,1.034902396,0.300823711,2.13179e-4,8.13296e-4,INHBA-AS1,1.034902396,ENSG00000224116
ENSG00000267416.1,8.954933623,1.072814342,0.31343798,2.13533e-4,8.1441e-4,AC025048.4,1.072814342,ENSG00000267416
ENSG00000162040.7,6.898746925,2.760031666,0.600869371,2.14353e-4,8.1714e-4,HS3ST6,2.760031666,ENSG00000162040
ENSG00000227773.1,0.962245402,1.921941527,0.619565498,2.1552e-4,8.20793e-4,ASH1L-IT1,1.921941527,ENSG00000227773
ENSG00000205325.3,14.00250017,2.508007624,0.847069177,2.18734e-4,8.31906e-4,AC005863.1,2.508007624,ENSG00000205325
ENSG00000215834.10,2.211410011,2.552247675,0.862813253,2.1909e-4,8.33179e-4,FMO9P,2.552247675,ENSG00000215834
ENSG00000285952.1,2.593558629,1.651912157,0.518423474,2.19745e-4,8.35507e-4,AC020663.4,1.651912157,ENSG00000285952
ENSG00000135100.18,12.25359148,1.834205635,0.586182836,2.23688e-4,8.49432e-4,HNF1A,1.834205635,ENSG00000135100
ENSG00000162174.12,371.8587543,1.127564548,0.332715228,2.23901e-4,8.50156e-4,ASRGL1,1.127564548,ENSG00000162174
ENSG00000275897.1,15.5122378,1.034939342,0.30214836900000003,2.24231e-4,8.51245e-4,AC021491.4,1.034939342,ENSG00000275897
ENSG00000267729.1,1.923656304,1.572445008,0.48376664,2.24644e-4,8.52731e-4,AC010761.6,1.572445008,ENSG00000267729
ENSG00000270120.1,4.483680827,1.657194117,0.514513996,2.25708e-4,8.56274e-4,AC007728.3,1.657194117,ENSG00000270120
ENSG00000274139.1,2.472247798,1.64306289,0.518450279,2.26456e-4,8.58698e-4,AC090164.2,1.64306289,ENSG00000274139
ENSG00000235124.1,2.158309935,1.492067573,0.457650295,2.26974e-4,8.60411e-4,KRT8P17,1.492067573,ENSG00000235124
ENSG00000119919.11,2.443103656,2.756801339,0.9687466,2.28343e-4,8.64959e-4,NKX2-3,2.756801339,ENSG00000119919
ENSG00000213601.3,1.538638964,1.642836604,0.507399089,2.28612e-4,8.65869e-4,KRT18P19,1.642836604,ENSG00000213601
ENSG00000286331.1,15.64208882,1.070792578,0.314210765,2.32277e-4,8.78819e-4,AC011388.1,1.070792578,ENSG00000286331
ENSG00000137819.14,279.7106774,1.054438211,0.309206818,2.33971e-4,8.84886e-4,PAQR5,1.054438211,ENSG00000137819
ENSG00000148942.15,19.98934577,1.949940694,0.636124981,2.35915e-4,8.91211e-4,SLC5A12,1.949940694,ENSG00000148942
ENSG00000261126.7,42.1588982,1.077600062,0.317257627,2.37607e-4,8.97516e-4,RBFADN,1.077600062,ENSG00000261126
ENSG00000204434.6,372.971199,1.6490881019999999,0.521421031,2.38284e-4,8.99811e-4,POTEKP,1.6490881019999999,ENSG00000204434
ENSG00000235214.1,1.766887603,1.706118743,0.538880648,2.38552e-4,9.00651e-4,FAM83C-AS1,1.706118743,ENSG00000235214
ENSG00000152086.9,39.14701873,1.71435016,0.545593278,2.39428e-4,9.03871e-4,TUBA3E,1.71435016,ENSG00000152086
ENSG00000287139.1,1.402514973,5.599062952,1.656838193,2.42977e-4,9.15949e-4,AL513317.1,5.599062952,ENSG00000287139
ENSG00000164176.13,2356.388585,1.097217037,0.323906233,2.44879e-4,9.22322e-4,EDIL3,1.097217037,ENSG00000164176
ENSG00000258910.3,52.71678065,1.894656568,0.616851528,2.45377e-4,9.2402e-4,LINC01956,1.894656568,ENSG00000258910
ENSG00000237588.2,3.801870771,1.273241114,0.382001424,2.45611e-4,9.24813e-4,AL590666.3,1.273241114,ENSG00000237588
ENSG00000258828.2,1.527783296,1.752598234,0.55691533,2.46761e-4,9.29054e-4,KRT8P2,1.752598234,ENSG00000258828
ENSG00000225208.1,9.656951133,1.657252423,0.525467498,2.50549e-4,9.42054e-4,AL133387.1,1.657252423,ENSG00000225208
ENSG00000247877.7,6.391265254,1.071374899,0.316437434,2.50974e-4,9.4347e-4,AC021086.1,1.071374899,ENSG00000247877
ENSG00000285907.1,24.03323993,1.089952926,0.323929616,2.53263e-4,9.51255e-4,AL161910.1,1.089952926,ENSG00000285907
ENSG00000287704.1,1.382570264,3.727111621,1.195584091,2.56305e-4,9.61853e-4,AC012405.1,3.727111621,ENSG00000287704
ENSG00000259240.1,1.506794784,3.555604975,1.168949099,2.58818e-4,9.70451e-4,MIR4713HG,3.555604975,ENSG00000259240
ENSG00000284621.1,2.028797653,1.63921098,0.517904281,2.59392e-4,9.72511e-4,AP000553.4,1.63921098,ENSG00000284621
ENSG00000237451.3,13.13918434,1.267617073,0.385314047,2.59624e-4,9.73287e-4,CDK2AP2P2,1.267617073,ENSG00000237451
ENSG00000228741.2,9.449672741,1.172525111,0.353493814,2.64117e-4,9.8862e-4,AL445985.1,1.172525111,ENSG00000228741
ENSG00000276404.1,2.673957978,1.419180894,0.435240935,2.65865e-4,9.94217e-4,MIR6835,1.419180894,ENSG00000276404
ENSG00000237017.1,24.33622468,1.149859451,0.345834486,2.66381e-4,9.95955e-4,AC245052.4,1.149859451,ENSG00000237017
ENSG00000174844.14,59.27054814,1.192579873,0.361069366,2.68705e-4,0.001003593,DNAH12,1.192579873,ENSG00000174844
ENSG00000224679.1,1.400047345,7.525795391,0.867153791,2.68981e-4,0.001004404,MED15P4,7.525795391,ENSG00000224679
ENSG00000255181.3,1.650152966,2.578836728,0.933475943,2.69406e-4,0.001005637,CCDC166,2.578836728,ENSG00000255181
ENSG00000256039.2,30.0819522,1.324494697,0.407251859,2.7e-4,0.00100757,LINC02446,1.324494697,ENSG00000256039
ENSG00000129951.19,270.0402248,1.425372872,0.444035974,2.72176e-4,0.001015205,PLPPR3,1.425372872,ENSG00000129951
ENSG00000254420.1,1.746152703,1.747315422,0.562143657,2.72589e-4,0.001016457,AP003086.1,1.747315422,ENSG00000254420
ENSG00000248874.5,25.47618608,2.261148131,0.770286337,2.72925e-4,0.001017466,C5orf17,2.261148131,ENSG00000248874
ENSG00000283444.1,0.875402683,2.614416257,0.860833589,2.74986e-4,0.001024423,GPR141BP,2.614416257,ENSG00000283444
ENSG00000225606.1,1.399818319,3.656758545,1.141201733,2.78114e-4,0.001035095,AC005281.1,3.656758545,ENSG00000225606
ENSG00000212195.2,5.921667988,1.727809459,0.559948245,2.8242e-4,0.00104953,U3,1.727809459,ENSG00000212195
ENSG00000169344.15,16.41993558,1.542761788,0.4887616,2.82612e-4,0.001050144,UMOD,1.542761788,ENSG00000169344
ENSG00000026559.14,105.9723346,1.453791456,0.456273943,2.8289e-4,0.001050879,KCNG1,1.453791456,ENSG00000026559
ENSG00000232400.1,39.84736342,1.639476453,0.52601691800000006,2.83248e-4,0.001052111,RAD17P1,1.639476453,ENSG00000232400
ENSG00000273786.1,1.379783701,1.682015064,0.536432524,2.84221e-4,0.001055325,AC020658.4,1.682015064,ENSG00000273786
ENSG00000166558.11,2.154653444,2.0282552,0.667173853,2.85074e-4,0.001058192,SLC38A8,2.0282552,ENSG00000166558
ENSG00000253824.2,4.785681929,3.843731983,0.533097765,2.8573e-4,0.001060429,AP003472.1,3.843731983,ENSG00000253824
ENSG00000225385.3,6.465335316,1.484012943,0.467935766,2.86329e-4,0.001062449,AL353572.1,1.484012943,ENSG00000225385
ENSG00000250475.1,1.68903642,3.372624085,1.113780757,2.87349e-4,0.001065729,AC017037.2,3.372624085,ENSG00000250475
ENSG00000214190.2,0.871727983,1.702259856,0.552139529,2.87719e-4,0.001067003,RNF152P1,1.702259856,ENSG00000214190
ENSG00000165215.6,3283.546641,1.285643853,0.394565522,2.8802e-4,0.001067888,CLDN3,1.285643853,ENSG00000165215
ENSG00000119917.14,3600.794953,1.08136479,0.323079831,2.88067e-4,0.001067888,IFIT3,1.08136479,ENSG00000119917
ENSG00000271153.1,3.210732213,1.501849981,0.474227124,2.89466e-4,0.001072671,RPL23AP88,1.501849981,ENSG00000271153
ENSG00000235713.1,7.013257816,1.686299369,0.543541055,2.89917e-4,0.00107424,AC004522.2,1.686299369,ENSG00000235713
ENSG00000285587.1,29.70893419,1.505530132,0.477135177,2.90294e-4,0.001075538,AC012470.1,1.505530132,ENSG00000285587
ENSG00000188996.4,10.64994433,1.327434084,0.412719257,2.91022e-4,0.001077928,HUS1B,1.327434084,ENSG00000188996
ENSG00000100078.4,52.20178941,1.891584557,0.627573253,2.94115e-4,0.001088563,PLA2G3,1.891584557,ENSG00000100078
ENSG00000204965.9,20.43178222,1.239178977,0.380352776,2.9481e-4,0.001090828,PCDHA5,1.239178977,ENSG00000204965
ENSG00000130643.9,8.432819411,3.042673908,0.663494376,2.95617e-4,0.001093609,CALY,3.042673908,ENSG00000130643
ENSG00000286734.1,1.945246927,2.288542493,0.785984743,2.96979e-4,0.001098337,AC133530.1,2.288542493,ENSG00000286734
ENSG00000286596.1,3.323577279,1.192030803,0.362882664,3.00282e-4,0.001109819,AC098595.1,1.192030803,ENSG00000286596
ENSG00000101076.17,1.823260913,1.831670595,0.611171362,3.00471e-4,0.001110308,HNF4A,1.831670595,ENSG00000101076
ENSG00000282317.1,7.315317004,1.842937939,0.610553317,3.00554e-4,0.001110407,AL451007.2,1.842937939,ENSG00000282317
ENSG00000273443.1,5.665317679,1.604889754,0.517697666,3.0167e-4,0.001113903,AL645608.8,1.604889754,ENSG00000273443
ENSG00000100253.13,4.072448434,2.41799919,0.433501598,3.027e-4,0.001116969,MIOX,2.41799919,ENSG00000100253
ENSG00000267048.1,6.174923717,1.125397085,0.343699565,3.03055e-4,0.001117965,AC092143.3,1.125397085,ENSG00000267048
ENSG00000267943.1,4.38648966,1.467708127,0.464826549,3.06388e-4,0.0011292,AC010328.1,1.467708127,ENSG00000267943
ENSG00000235990.2,0.765954481,3.481904531,1.066692697,3.10661e-4,0.001143984,RPL23AP20,3.481904531,ENSG00000235990
ENSG00000230783.1,4.000358081,1.043541789,0.30984047,3.13064e-4,0.001152398,RPS3AP13,1.043541789,ENSG00000230783
ENSG00000265702.2,9.168429175,1.546606955,0.496601281,3.17202e-4,0.001165884,AC005821.1,1.546606955,ENSG00000265702
ENSG00000287089.1,2.254105195,1.955030546,0.649550891,3.18287e-4,0.001169653,AL138889.3,1.955030546,ENSG00000287089
ENSG00000186790.6,2.890229296,1.743745531,0.56859389,3.19529e-4,0.001173448,FOXE3,1.743745531,ENSG00000186790
ENSG00000230393.1,47.64783763,1.101561706,0.333897348,3.19931e-4,0.001174485,AC092667.1,1.101561706,ENSG00000230393
ENSG00000186765.12,61.91218754,1.020670693,0.306351878,3.21449e-4,0.001179286,FSCN2,1.020670693,ENSG00000186765
ENSG00000234997.2,4.198951931,1.223532951,0.376154563,3.21669e-4,0.001179983,AC016745.1,1.223532951,ENSG00000234997
ENSG00000285934.1,2.932602582,4.229317169,0.844164213,3.23613e-4,0.001186559,AC091074.2,4.229317169,ENSG00000285934
ENSG00000157851.17,16.0628039,3.442875038,0.726739925,3.24583e-4,0.001189784,DPYSL5,3.442875038,ENSG00000157851
ENSG00000233532.6,8.723677763,1.268545998,0.392121212,3.24931e-4,0.001190949,LINC00460,1.268545998,ENSG00000233532
ENSG00000243083.7,4.901624026,1.207338119,0.372778895,3.27698e-4,0.001200755,LINC00870,1.207338119,ENSG00000243083
ENSG00000251381.8,79.88870033,1.289430448,0.459383163,3.37684e-4,0.001234811,LINC00958,1.289430448,ENSG00000251381
ENSG00000204335.4,73.35060114,1.360056852,0.429353163,3.39448e-4,0.001240453,SP5,1.360056852,ENSG00000204335
ENSG00000256394.3,1.967901721,4.822395067,1.591919315,3.40536e-4,0.001243967,ASIC5,4.822395067,ENSG00000256394
ENSG00000230314.7,72.34078124,1.543217753,0.499201905,3.40724e-4,0.001244537,ELOVL2-AS1,1.543217753,ENSG00000230314
ENSG00000287306.1,60.12804756,1.106680355,0.338297579,3.42122e-4,0.001249064,AC016821.1,1.106680355,ENSG00000287306
ENSG00000287975.1,6.856606072,1.204043039,0.371837568,3.42308e-4,0.00124951,AC113143.2,1.204043039,ENSG00000287975
ENSG00000218014.1,18.85674933,1.212986032,0.375845058,3.43492e-4,0.00125325,KRT19P1,1.212986032,ENSG00000218014
ENSG00000179698.14,93.88508102,1.22407327,0.379868345,3.44039e-4,0.001255013,WDR97,1.22407327,ENSG00000179698
ENSG00000268902.3,1.905873992,4.130613657,1.376448351,3.44158e-4,0.001255331,CSAG2,4.130613657,ENSG00000268902
ENSG00000262198.1,5.475506515,1.451451735,0.463290082,3.48576e-4,0.001270146,AL157931.1,1.451451735,ENSG00000262198
ENSG00000286502.1,8.826523249,2.584567694,0.439144378,3.48785e-4,0.001270792,AL645768.1,2.584567694,ENSG00000286502
ENSG00000105255.11,8.691910778,1.129231731,0.345987953,3.49839e-4,0.001274277,FSD1,1.129231731,ENSG00000105255
ENSG00000050730.16,21.34055283,1.167987144,0.360511214,3.56323e-4,0.001295971,TNIP3,1.167987144,ENSG00000050730
ENSG00000204544.5,2.567100248,2.14062627,0.751367507,3.59394e-4,0.001306248,MUC21,2.14062627,ENSG00000204544
ENSG00000105610.6,4.214140339,1.06612193,0.326643547,3.62091e-4,0.001314759,KLF1,1.06612193,ENSG00000105610
ENSG00000240452.1,0.954288856,1.882244516,0.631640264,3.66768e-4,0.001329897,MTCO1P29,1.882244516,ENSG00000240452
ENSG00000248243.1,10.76641265,1.312634647,0.413096666,3.67595e-4,0.001332529,LINC02014,1.312634647,ENSG00000248243
ENSG00000188263.10,24.06266317,1.542826133,0.502335701,3.67776e-4,0.001333062,IL17REL,1.542826133,ENSG00000188263
ENSG00000266104.1,1.356365181,1.815701568,0.636241561,3.6996e-4,0.001340236,MIR4326,1.815701568,ENSG00000266104
ENSG00000277586.4,33.37526489,1.600799555,0.526047308,3.72348e-4,0.001348139,NEFL,1.600799555,ENSG00000277586
ENSG00000232724.1,3.34797721,1.401020686,0.447766226,3.72953e-4,0.00135006,TRIM80P,1.401020686,ENSG00000232724
ENSG00000261150.3,2267.622335,1.134387408,0.349136777,3.74474e-4,0.001355087,EPPK1,1.134387408,ENSG00000261150
ENSG00000233514.1,1.29984894,1.323812537,0.413013964,3.75493e-4,0.001358274,AL356653.1,1.323812537,ENSG00000233514
ENSG00000196593.9,4.01972569,3.535203913,1.31013109,3.76367e-4,0.00136106,ANKRD20A19P,3.535203913,ENSG00000196593
ENSG00000244345.1,1.877941427,2.026369746,0.693433762,3.77055e-4,0.001363298,AC104435.2,2.026369746,ENSG00000244345
ENSG00000145040.4,13.62804417,1.168932507,0.362732278,3.8075e-4,0.001375393,UCN2,1.168932507,ENSG00000145040
ENSG00000255031.5,31.75739984,1.122686416,0.347110666,3.82228e-4,0.001379968,AP002807.1,1.122686416,ENSG00000255031
ENSG00000262732.1,2.969296651,1.05222694,0.317935054,3.83287e-4,0.001383283,AC010401.1,1.05222694,ENSG00000262732
ENSG00000250886.1,3.966148317,1.225982904,0.380951677,3.84042e-4,0.001385883,AC010368.1,1.225982904,ENSG00000250886
ENSG00000007306.15,23.87453048,1.395479628,0.447540346,3.84662e-4,0.001387718,CEACAM7,1.395479628,ENSG00000007306
ENSG00000262768.2,2.566327247,2.087606064,0.718266733,3.85612e-4,0.001390142,AC100791.2,2.087606064,ENSG00000262768
ENSG00000259120.3,7.395249985,2.279217304,0.400855806,3.8656e-4,0.001393176,SMIM6,2.279217304,ENSG00000259120
ENSG00000224559.2,299.9752143,1.731728387,0.581431934,3.92831e-4,0.001413055,LINC01087,1.731728387,ENSG00000224559
ENSG00000206647.1,0.968489507,2.181843344,0.753757768,3.95955e-4,0.001423118,AC007240.1,2.181843344,ENSG00000206647
ENSG00000186714.12,4.978456657,1.145889963,0.356898224,3.96521e-4,0.001424763,CCDC73,1.145889963,ENSG00000186714
ENSG00000259423.3,1.090665466,3.041000479,1.049227557,3.9665e-4,0.001425094,AC113146.1,3.041000479,ENSG00000259423
ENSG00000095587.9,68.85414884,1.206902583,0.379816136,3.9725e-4,0.001426599,TLL2,1.206902583,ENSG00000095587
ENSG00000105695.15,47.56589931,1.685617397,0.563960573,3.99826e-4,0.001435193,MAG,1.685617397,ENSG00000105695
ENSG00000287061.1,1.708345669,1.576533611,0.520913359,4.09244e-4,0.001467122,AC124248.2,1.576533611,ENSG00000287061
ENSG00000233217.2,1.783791401,1.645619997,0.543211283,4.10748e-4,0.001472113,MROH3P,1.645619997,ENSG00000233217
ENSG00000286240.1,2.315207292,1.433142283,0.463650135,4.11617e-4,0.001475093,AL034422.1,1.433142283,ENSG00000286240
ENSG00000237555.1,2.158892429,2.403915267,0.852877195,4.12044e-4,0.001476489,AL031681.1,2.403915267,ENSG00000237555
ENSG00000217702.3,12.96118616,2.360594526,0.314256366,4.12437e-4,0.001477626,AC073263.1,2.360594526,ENSG00000217702
ENSG00000152467.10,55.95130963,1.320227139,0.422890346,4.16494e-4,0.001491617,ZSCAN1,1.320227139,ENSG00000152467
ENSG00000164778.4,38.45122028,1.36508058,0.440702487,4.16882e-4,0.00149287,EN2,1.36508058,ENSG00000164778
ENSG00000280027.1,46.74799744,1.166538249,0.365516475,4.17406e-4,0.001494476,AC007342.9,1.166538249,ENSG00000280027
ENSG00000069812.11,202.9873894,1.365505966,0.440659026,4.20536e-4,0.001504309,HES2,1.365505966,ENSG00000069812
ENSG00000166923.12,3409.28456,1.186369116,0.372004568,4.22593e-4,0.001510843,GREM1,1.186369116,ENSG00000166923
ENSG00000178752.16,35.10818366,1.391989969,0.453638798,4.22662e-4,0.001510953,ERFE,1.391989969,ENSG00000178752
ENSG00000288534.1,7.147585463,1.095481725,0.339028,4.29993e-4,0.001534227,AP001931.2,1.095481725,ENSG00000288534
ENSG00000225101.6,13.76920592,1.092246832,0.338890784,4.30347e-4,0.001535213,OR52K3P,1.092246832,ENSG00000225101
ENSG00000168298.7,19.7726721,1.21994546,0.388490059,4.35259e-4,0.001550764,H1-4,1.21994546,ENSG00000168298
ENSG00000213401.10,1.831346035,11.72942553,1.769239629,4.35637e-4,0.001551827,MAGEA12,11.72942553,ENSG00000213401
ENSG00000126952.17,4.759296551,1.389971172,0.449603891,4.37296e-4,0.001557457,NXF5,1.389971172,ENSG00000126952
ENSG00000204539.4,3.095396265,1.440341777,0.47383313,4.3813e-4,0.001559889,CDSN,1.440341777,ENSG00000204539
ENSG00000234323.8,13.35684574,2.814921574,0.369595345,4.38412e-4,0.001560722,LINC01505,2.814921574,ENSG00000234323
ENSG00000186583.12,10.51601757,1.04135758,0.320807907,4.389e-4,0.001562318,SPATC1,1.04135758,ENSG00000186583
ENSG00000200033.1,6.337171082,1.637015114,0.551010979,4.39607e-4,0.001564269,RNU6-403P,1.637015114,ENSG00000200033
ENSG00000228140.2,5.227462546,1.067851259,0.329207804,4.42309e-4,0.001573028,AL031283.1,1.067851259,ENSG00000228140
ENSG00000211896.7,79264.28481,1.718476726,0.584865879,4.45337e-4,0.001582793,IGHG1,1.718476726,ENSG00000211896
ENSG00000170786.12,662.0118043,1.477498273,0.48571255,4.47775e-4,0.001590451,SDR16C5,1.477498273,ENSG00000170786
ENSG00000228232.1,290.629198,1.270561497,0.406775819,4.49104e-4,0.001594885,GAPDHP1,1.270561497,ENSG00000228232
ENSG00000287644.1,4.42372507,1.567821776,0.527409698,4.51282e-4,0.001602038,AC080112.4,1.567821776,ENSG00000287644
ENSG00000263080.1,4.510543455,1.240543902,0.391893227,4.52442e-4,0.001606013,AC009121.3,1.240543902,ENSG00000263080
ENSG00000286472.1,16.32054047,1.018287389,0.31424929,4.58703e-4,0.001626032,AL035252.5,1.018287389,ENSG00000286472
ENSG00000241475.1,6.080393036,1.949684953,0.678535125,4.59138e-4,0.001627279,AL160408.4,1.949684953,ENSG00000241475
ENSG00000204832.10,196.5991315,1.516116292,0.504110477,4.59454e-4,0.001628253,ST8SIA6-AS1,1.516116292,ENSG00000204832
ENSG00000238122.1,1.914111643,2.476018565,0.859111537,4.59591e-4,0.001628594,AL359258.1,2.476018565,ENSG00000238122
ENSG00000204380.4,62.33092139,1.100642162,0.345507481,4.62771e-4,0.00163853,PKP4-AS1,1.100642162,ENSG00000204380
ENSG00000112796.10,1807.745061,1.655352251,0.260603219,4.66631e-4,0.001650414,ENPP5,1.655352251,ENSG00000112796
ENSG00000144158.4,2.168681877,1.303953446,0.422210693,4.68848e-4,0.00165736,SNRPA1P1,1.303953446,ENSG00000144158
ENSG00000113924.12,692.0993089,1.454326594,0.479455354,4.72754e-4,0.001669814,HGD,1.454326594,ENSG00000113924
ENSG00000235142.10,22.06488895,2.310417788,0.481334966,4.7705e-4,0.001683171,LINC02532,2.310417788,ENSG00000235142
ENSG00000154342.6,20.36297182,1.654269217,0.562310778,4.7703e-4,0.001683171,WNT3A,1.654269217,ENSG00000154342
ENSG00000243478.9,8.365874256,1.280838957,0.412046441,4.77203e-4,0.001683559,AOX2P,1.280838957,ENSG00000243478
ENSG00000265683.1,9.382648078,1.257558985,0.408479588,4.77481e-4,0.001684238,SYPL1P2,1.257558985,ENSG00000265683
ENSG00000214081.8,5.534364734,3.49760384,1.377370401,4.82317e-4,0.001699552,CYP4F30P,3.49760384,ENSG00000214081
ENSG00000264589.4,97.31813042,1.471000021,0.487955683,4.85669e-4,0.001710662,MAPT-AS1,1.471000021,ENSG00000264589
ENSG00000288037.1,0.709589602,3.334545645,1.068512003,4.86303e-4,0.001712138,AL118511.4,3.334545645,ENSG00000288037
ENSG00000261540.1,3.618222105,6.010346962,1.419750181,4.87047e-4,0.001714439,AC079414.1,6.010346962,ENSG00000261540
ENSG00000167414.4,3.301642162,1.365492328,0.445439387,4.87169e-4,0.001714716,GNG8,1.365492328,ENSG00000167414
ENSG00000214313.8,216.2120629,1.136036658,0.359080267,4.88109e-4,0.001717716,AZGP1P1,1.136036658,ENSG00000214313
ENSG00000173728.11,7.813554638,1.057803566,0.331288555,5.01831e-4,0.001762533,C1orf100,1.057803566,ENSG00000173728
ENSG00000253307.1,4.136268948,1.127537151,0.360377802,5.02993e-4,0.001766299,AC011676.1,1.127537151,ENSG00000253307
ENSG00000251307.1,13.11415721,1.280193019,0.415402921,5.0322e-4,0.001766938,AC026704.1,1.280193019,ENSG00000251307
ENSG00000259306.2,1.935883089,4.423366557,1.497872539,5.06106e-4,0.001775801,AC020891.2,4.423366557,ENSG00000259306
ENSG00000211897.9,11314.67242,1.693904262,0.574286125,5.06598e-4,0.001777209,IGHG3,1.693904262,ENSG00000211897
ENSG00000234800.2,1.747581146,3.809559136,1.389709614,5.08602e-4,0.001783444,PCMTD1P3,3.809559136,ENSG00000234800
ENSG00000283098.2,19.1005942,1.54921017,0.522896012,5.09179e-4,0.00178515,AL132857.1,1.54921017,ENSG00000283098
ENSG00000112539.15,3.772863529,2.428661355,0.902119746,5.09497e-4,0.001786104,C6orf118,2.428661355,ENSG00000112539
ENSG00000237281.1,1.431043529,1.73032073,0.59605671,5.12948e-4,0.0017974,CATIP-AS2,1.73032073,ENSG00000237281
ENSG00000236212.2,15.3104158,2.265950003,0.833704596,5.14728e-4,0.001803156,AC009262.1,2.265950003,ENSG00000236212
ENSG00000228626.1,3.858494102,1.893671685,0.662687787,5.17122e-4,0.001810733,AC245100.3,1.893671685,ENSG00000228626
ENSG00000238225.1,1.226786403,1.513822216,0.504558878,5.17898e-4,0.001812965,CRIP1P2,1.513822216,ENSG00000238225
ENSG00000101443.18,4864.881766,1.390451879,0.458542889,5.18742e-4,0.001815274,WFDC2,1.390451879,ENSG00000101443
ENSG00000279286.2,19.24181894,1.162370153,0.372045606,5.25441e-4,0.001835774,AL133373.3,1.162370153,ENSG00000279286
ENSG00000234111.6,8.080872901,1.948019843,0.691843245,5.28371e-4,0.001845025,LINC02433,1.948019843,ENSG00000234111
ENSG00000211798.3,4.600920671,1.237002666,0.399541194,5.35925e-4,0.001869205,TRAV18,1.237002666,ENSG00000211798
ENSG00000279653.1,3.420169232,1.348827862,0.440707042,5.36949e-4,0.001872148,AC004678.2,1.348827862,ENSG00000279653
ENSG00000260908.1,4.539565273,1.488526746,0.498008543,5.40365e-4,0.001883057,AC009093.3,1.488526746,ENSG00000260908
ENSG00000225173.1,4.103415552,1.205060664,0.389467127,5.40839e-4,0.001884206,AL662890.1,1.205060664,ENSG00000225173
ENSG00000171855.7,1.471945483,2.982657406,1.056103264,5.41691e-4,0.001887009,IFNB1,2.982657406,ENSG00000171855
ENSG00000225438.1,26.6017409,2.0194532610000002,0.729592563,5.46314e-4,0.001902267,KRT41P,2.0194532610000002,ENSG00000225438
ENSG00000213701.4,1.880341979,1.109680416,0.350448236,5.51902e-4,0.001920366,SETP22,1.109680416,ENSG00000213701
ENSG00000088340.17,255.0876983,1.24364597,0.406014229,5.60986e-4,0.00194815,FER1L4,1.24364597,ENSG00000088340
ENSG00000259940.2,16.4235752,1.06402917,0.339015039,5.65615e-4,0.001962172,AC109449.1,1.06402917,ENSG00000259940
ENSG00000233540.1,1.452043329,1.716196535,0.597610931,5.66671e-4,0.001965422,DNM3-IT1,1.716196535,ENSG00000233540
ENSG00000182583.12,3.525682459,2.297147795,0.857318255,5.66777e-4,0.001965508,VCX,2.297147795,ENSG00000182583
ENSG00000206013.2,6.187608976,2.228535697,0.821140521,5.71154e-4,0.00197939,IFITM5,2.228535697,ENSG00000206013
ENSG00000139610.2,1.826187376,1.695434938,0.595328327,5.72366e-4,0.001983313,CELA1,1.695434938,ENSG00000139610
ENSG00000084110.11,27.86176746,1.010716793,0.318350603,5.7286e-4,0.001984849,HAL,1.010716793,ENSG00000084110
ENSG00000204572.10,10.96149286,1.927222916,0.323352806,5.77224e-4,0.001998913,KRTAP5-10,1.927222916,ENSG00000204572
ENSG00000231240.1,35.2296107,1.781624609,0.629290495,5.80937e-4,0.00201053,KLF2P1,1.781624609,ENSG00000231240
ENSG00000287205.1,7.625198715,1.151621456,0.370403133,5.90426e-4,0.002040853,AL451054.4,1.151621456,ENSG00000287205
ENSG00000173898.14,4427.880743,1.135912267,0.362088968,5.91464e-4,0.002043722,SPTBN2,1.135912267,ENSG00000173898
ENSG00000229404.6,8.294685422,2.252959475,0.848999053,5.91799e-4,0.0020447,LINC00858,2.252959475,ENSG00000229404
ENSG00000273792.1,5.033994642,1.126392979,0.362917898,5.92292e-4,0.002045862,AC022898.2,1.126392979,ENSG00000273792
ENSG00000278716.1,6.181323837,1.49883879,0.511550897,5.95756e-4,0.00205638,AC133540.1,1.49883879,ENSG00000278716
ENSG00000258354.1,2.636916249,1.21657698,0.395948027,5.96336e-4,0.002058201,AC138932.1,1.21657698,ENSG00000258354
ENSG00000273108.1,35.01065953,1.084977846,0.3480749,5.96946e-4,0.002059944,AL121929.2,1.084977846,ENSG00000273108
ENSG00000225857.5,2.265403872,1.348314058,0.44510192,5.98859e-4,0.002066183,LINC02816,1.348314058,ENSG00000225857
ENSG00000136535.15,3.460835308,2.020581443,0.735418978,6.1853e-4,0.002128258,TBR1,2.020581443,ENSG00000136535
ENSG00000244791.3,4.207938827,1.753245998,0.621325702,6.2181e-4,0.002138608,AC087667.1,1.753245998,ENSG00000244791
ENSG00000117601.14,11.66518161,1.180504002,0.384643195,6.23397e-4,0.002143502,SERPINC1,1.180504002,ENSG00000117601
ENSG00000139445.18,17.80748094,1.611344584,0.563900774,6.23621e-4,0.002144085,FOXN4,1.611344584,ENSG00000139445
ENSG00000214049.8,28.08784454,1.4241462,0.48327942,6.25258e-4,0.002149525,UCA1,1.4241462,ENSG00000214049
ENSG00000260337.4,26.86314082,1.155420902,0.376713098,6.29063e-4,0.002161474,AC091544.4,1.155420902,ENSG00000260337
ENSG00000225154.2,13.61043766,2.46188356,0.686059282,6.30171e-4,0.002164711,TUBAP9,2.46188356,ENSG00000225154
ENSG00000226690.8,3.989781175,1.674852955,0.586370723,6.32263e-4,0.002171139,AC013470.2,1.674852955,ENSG00000226690
ENSG00000254789.3,1.899647236,1.869994658,0.666183064,6.34193e-4,0.002177003,AC073172.1,1.869994658,ENSG00000254789
ENSG00000128285.4,48.75839742,1.15168581,0.375137356,6.35286e-4,0.002180564,MCHR1,1.15168581,ENSG00000128285
ENSG00000235934.2,1.663792462,2.053215497,0.750286004,6.36698e-4,0.002184648,AC007405.2,2.053215497,ENSG00000235934
ENSG00000261210.8,5.114215687,1.017962553,0.321537764,6.38948e-4,0.002190918,CLEC19A,1.017962553,ENSG00000261210
ENSG00000259459.6,474.6355108,1.281368839,0.426059209,6.39027e-4,0.002190919,LINC02568,1.281368839,ENSG00000259459
ENSG00000223511.7,10.94226348,1.090741558,0.352177237,6.43476e-4,0.002204441,AL683807.1,1.090741558,ENSG00000223511
ENSG00000108702.4,1.057386182,2.012287601,0.73587462,6.43577e-4,0.002204593,CCL1,2.012287601,ENSG00000108702
ENSG00000237737.6,3.858636488,1.094364996,0.354778594,6.44927e-4,0.002208641,DCTN1-AS1,1.094364996,ENSG00000237737
ENSG00000278743.1,8.118053689,1.135522707,0.371110408,6.46866e-4,0.002214896,AC087239.1,1.135522707,ENSG00000278743
ENSG00000229652.1,1.824166024,1.328463814,0.443025433,6.49045e-4,0.002220612,AL359837.1,1.328463814,ENSG00000229652
ENSG00000286623.1,2.924040855,1.079758515,0.344940229,6.49966e-4,0.002223378,AC005041.4,1.079758515,ENSG00000286623
ENSG00000230118.1,6.345870114,1.191003268,0.393205545,6.58829e-4,0.002250365,AC092569.1,1.191003268,ENSG00000230118
ENSG00000231467.2,1.417271777,2.228244708,0.808970577,6.5917e-4,0.002251139,AL022314.1,2.228244708,ENSG00000231467
ENSG00000149927.18,124.4542752,1.08883665,0.353044369,6.60474e-4,0.0022552,DOC2A,1.08883665,ENSG00000149927
ENSG00000102970.11,29.79056258,1.112656723,0.361815684,6.68924e-4,0.002281076,CCL17,1.112656723,ENSG00000102970
ENSG00000236703.1,4.277253078,1.628978527,0.571170582,6.80531e-4,0.002318043,MYB-AS1,1.628978527,ENSG00000236703
ENSG00000287813.1,1.242996995,1.973787686,0.690371102,6.83812e-4,0.002328412,AC016705.3,1.973787686,ENSG00000287813
ENSG00000235643.2,0.958454788,4.872903236,1.592115351,6.88239e-4,0.002342268,LINC01647,4.872903236,ENSG00000235643
ENSG00000175356.14,16346.18255,1.273579786,0.424674865,6.94484e-4,0.002362293,SCUBE2,1.273579786,ENSG00000175356
ENSG00000270479.1,1.27600098,2.043807673,0.762556663,7.00772e-4,0.002382441,BNIP3P37,2.043807673,ENSG00000270479
ENSG00000205846.4,3.34957789,1.527345155,0.531996453,7.10388e-4,0.00241242,CLEC6A,1.527345155,ENSG00000205846
ENSG00000186487.20,3.474743359,3.657339695,0.386957892,7.1084e-4,0.002413749,MYT1L,3.657339695,ENSG00000186487
ENSG00000274508.1,4.4502926,1.504574875,0.525787565,7.11183e-4,0.002414285,AC007336.2,1.504574875,ENSG00000274508
ENSG00000253692.3,1.455152111,2.165931816,0.818052908,7.15259e-4,0.002427074,IGHEP1,2.165931816,ENSG00000253692
ENSG00000231405.1,0.48165499,4.088929709,1.375786344,7.1688e-4,0.002432155,AL008638.1,4.088929709,ENSG00000231405
ENSG00000271304.2,3.016705916,1.535123586,0.535427078,7.20455e-4,0.00244386,DPRXP2,1.535123586,ENSG00000271304
ENSG00000262668.2,1.292157642,2.863173224,1.114772815,7.26765e-4,0.002462926,AJ003147.2,2.863173224,ENSG00000262668
ENSG00000229607.1,0.940593572,2.087349255,0.778703264,7.32497e-4,0.002480638,AL137027.1,2.087349255,ENSG00000229607
ENSG00000277075.2,229.6430951,1.324275128,0.450914268,7.46553e-4,0.002523672,H2AC8,1.324275128,ENSG00000277075
ENSG00000259798.1,2.02467562,2.047672608,0.756369207,7.46995e-4,0.002524732,AC138625.1,2.047672608,ENSG00000259798
ENSG00000214559.3,1.917922202,1.222283507,0.404777857,7.50769e-4,0.002535524,AC019077.1,1.222283507,ENSG00000214559
ENSG00000279878.1,40.77547945,1.184330537,0.394237649,7.55383e-4,0.002550011,AP003108.5,1.184330537,ENSG00000279878
ENSG00000105647.19,4.559889035,1.167287468,0.388767489,7.61651e-4,0.002568302,PIK3R2,1.167287468,ENSG00000105647
ENSG00000248693.1,3.758532489,1.470059242,0.510855759,7.65197e-4,0.002578486,LINC02100,1.470059242,ENSG00000248693
ENSG00000234183.1,1.390898322,1.313510505,0.443475782,7.65982e-4,0.002580688,LINC01952,1.313510505,ENSG00000234183
ENSG00000198910.14,526.4722161,1.32756882,0.45293991,7.68413e-4,0.00258773,L1CAM,1.32756882,ENSG00000198910
ENSG00000276923.1,2.418766969,1.950529845,0.716606052,7.70434e-4,0.002592353,AL139351.1,1.950529845,ENSG00000276923
ENSG00000272141.1,102.2687836,1.047219957,0.341636993,7.7175e-4,0.002596561,AL390719.2,1.047219957,ENSG00000272141
ENSG00000286293.1,2.273535365,3.11365058,1.287955517,7.75029e-4,0.002607369,AP005901.5,3.11365058,ENSG00000286293
ENSG00000284922.2,6.85228853,1.01599925,0.330209221,7.81015e-4,0.002626382,AP000812.4,1.01599925,ENSG00000284922
ENSG00000101144.13,698.7411224,1.228114596,0.412360491,7.81588e-4,0.002628084,BMP7,1.228114596,ENSG00000101144
ENSG00000261670.1,5.086831315,1.173822981,0.395038153,7.86351e-4,0.002642036,AC012213.2,1.173822981,ENSG00000261670
ENSG00000253477.5,2.427176077,2.539484993,1.017828536,7.87741e-4,0.002646057,AC012213.1,2.539484993,ENSG00000253477
ENSG00000223572.10,139.5159018,1.104877301,0.365585817,7.91141e-4,0.002656114,CKMT1A,1.104877301,ENSG00000223572
ENSG00000284651.1,2.255680278,1.364428663,0.466009976,7.95948e-4,0.002671109,AP000553.6,1.364428663,ENSG00000284651
ENSG00000225537.1,3.206864522,2.34182689,0.907932972,7.97176e-4,0.002674546,AC073325.1,2.34182689,ENSG00000225537
ENSG00000236420.1,2.107282764,1.810736837,0.66306381700000006,0.00079976000000000005,0.002681384,CHCHD3P1,1.810736837,ENSG00000236420
ENSG00000271662.1,16.25823547,1.019299007,0.331871619,8.00478e-4,0.002683562,AC233280.2,1.019299007,ENSG00000271662
ENSG00000260265.1,47.72527183,2.234370841,0.875071115,8.07983e-4,0.002706644,LINC02562,2.234370841,ENSG00000260265
ENSG00000185332.8,39.85571674,1.089307306,0.360397786,8.14364e-4,0.002725925,TMEM105,1.089307306,ENSG00000185332
ENSG00000231147.2,2.180452255,1.413394338,0.486481545,8.17056e-4,0.00273354,ARHGAP42P2,1.413394338,ENSG00000231147
ENSG00000287519.1,4.217035507,1.525123401,0.535810151,8.1754e-4,0.002734927,AC004921.2,1.525123401,ENSG00000287519
ENSG00000280265.1,0.908645177,2.27245871,0.824719971,8.18734e-4,0.002738686,AC130456.7,2.27245871,ENSG00000280265
ENSG00000224963.3,1.789471439,1.371803358,0.475115887,8.30635e-4,0.002774953,U82695.1,1.371803358,ENSG00000224963
ENSG00000284309.1,5.25416903,2.202106619,0.867348144,8.37489e-4,0.002795235,AL391650.2,2.202106619,ENSG00000284309
ENSG00000186603.6,73.92095458,1.10544759,0.367780594,8.44578e-4,0.002816743,HPDL,1.10544759,ENSG00000186603
ENSG00000225356.3,1.505805007,1.629742471,0.584968678,8.48333e-4,0.002826842,AC093840.1,1.629742471,ENSG00000225356
ENSG00000228021.7,6.910326422,1.030460434,0.339148807,8.49754e-4,0.002830641,AL158835.1,1.030460434,ENSG00000228021
ENSG00000286357.1,1.476386652,1.805622478,0.650488116,8.51477e-4,0.002835418,AC106742.1,1.805622478,ENSG00000286357
ENSG00000287234.1,4.569220217,1.040213298,0.343242647,8.58328e-4,0.002854843,AL592211.2,1.040213298,ENSG00000287234
ENSG00000163220.11,2646.933692,1.351742345,0.468274479,8.66481e-4,0.002880028,S100A9,1.351742345,ENSG00000163220
ENSG00000275216.2,2.112734343,2.909634636,1.206234332,8.68694e-4,0.002886632,AL161431.1,2.909634636,ENSG00000275216
ENSG00000241634.1,15.31348718,1.075097401,0.357953417,8.78705e-4,0.00291817,AC069499.1,1.075097401,ENSG00000241634
ENSG00000163218.15,5.389644077,1.714004609,0.629610408,8.78877e-4,0.002918497,PGLYRP4,1.714004609,ENSG00000163218
ENSG00000254101.7,12.70866825,1.568965617,0.566164929,8.79553e-4,0.002920247,LINC02055,1.568965617,ENSG00000254101
ENSG00000213070.3,1.065915982,2.116023085,0.789047257,8.80467e-4,0.002922295,HMGB3P6,2.116023085,ENSG00000213070
ENSG00000251532.1,7.982012039,1.109107495,0.370611608,8.85661e-4,0.002937301,AC091849.2,1.109107495,ENSG00000251532
ENSG00000174992.8,4.760332142,1.857911946,0.699616031,8.86009e-4,0.002938199,ZG16,1.857911946,ENSG00000174992
ENSG00000257335.8,235.2605213,1.450622556,0.513896153,8.94577e-4,0.002962617,MGAM,1.450622556,ENSG00000257335
ENSG00000244242.2,116.9721852,1.203314863,0.409620859,8.94436e-4,0.002962617,IFITM10,1.203314863,ENSG00000244242
ENSG00000230978.2,38.49100224,1.116882313,0.374696535,8.95996e-4,0.002966314,LINC00160,1.116882313,ENSG00000230978
ENSG00000110243.12,1.793694339,2.252486107,0.868570544,8.98987e-4,0.002975216,APOA5,2.252486107,ENSG00000110243
ENSG00000170454.6,12.67419772,3.619312501,0.533249999,0.00090103100000000005,0.002981225,KRT75,3.619312501,ENSG00000170454
ENSG00000232059.3,11.86929291,1.066019339,0.355196826,9.02101e-4,0.002984265,AL451007.1,1.066019339,ENSG00000232059
ENSG00000196208.14,4862.279517,1.080919992,0.359808099,9.02759e-4,0.002986023,GREB1,1.080919992,ENSG00000196208
ENSG00000226856.7,20.56974169,1.100454375,0.368774582,9.044e-4,0.002990863,THORLNC,1.100454375,ENSG00000226856
ENSG00000282939.1,41.33495362,1.134873402,0.382664135,9.11703e-4,0.003012984,TRBV7-2,1.134873402,ENSG00000282939
ENSG00000179148.10,53.85886755,1.182805719,0.402000449,9.14807e-4,0.003022734,ALOXE3,1.182805719,ENSG00000179148
ENSG00000279859.2,1.365992807,1.525032666,0.542798492,9.17103e-4,0.003029299,AC093323.2,1.525032666,ENSG00000279859
ENSG00000087250.9,6.923746197,1.649820416,0.609268575,9.17748e-4,0.003031178,MT3,1.649820416,ENSG00000087250
ENSG00000225708.6,11.21186062,2.368086423,0.959613481,9.18162e-4,0.00303229,AL354984.2,2.368086423,ENSG00000225708
ENSG00000134028.14,298.8431395,1.498303818,0.536411946,9.19566e-4,0.00303616,ADAMDEC1,1.498303818,ENSG00000134028
ENSG00000286015.1,22.95401477,1.752208237,0.654506708,9.20149e-4,0.003037828,CR589904.2,1.752208237,ENSG00000286015
ENSG00000232767.2,1.307696015,2.136255072,0.831544894,9.28438e-4,0.003063525,AC016825.1,2.136255072,ENSG00000232767
ENSG00000255160.5,1.612500747,1.639165932,0.597064477,9.3394e-4,0.003079735,AC009652.1,1.639165932,ENSG00000255160
ENSG00000199038.1,1.784134378,2.108511175,0.854526044,9.4139e-4,0.00310118,MIR210,2.108511175,ENSG00000199038
ENSG00000286572.1,4.746794935,1.080692943,0.361435348,9.42492e-4,0.003104483,AL592146.2,1.080692943,ENSG00000286572
ENSG00000080572.13,2.724124797,1.914405813,0.749358278,9.44176e-4,0.003109576,DNAAF6,1.914405813,ENSG00000080572
ENSG00000130720.13,227.7512919,1.728721152,0.644768391,9.4871e-4,0.00312215,FIBCD1,1.728721152,ENSG00000130720
ENSG00000212505.1,1.736387957,1.869791496,0.69904466,9.60118e-4,0.00315652,RNA5SP299,1.869791496,ENSG00000212505
ENSG00000286176.2,18.07860216,1.009631356,0.334979906,9.67396e-4,0.003177789,AC116317.1,1.009631356,ENSG00000286176
ENSG00000227455.3,0.944969776,2.563880965,0.979431259,9.69393e-4,0.00318355,AL450345.1,2.563880965,ENSG00000227455
ENSG00000182040.9,9.206093148,1.360647404,0.479726778,9.69918e-4,0.003184475,USH1G,1.360647404,ENSG00000182040
ENSG00000231806.3,129.9204036,1.298258639,0.453570516,9.69898e-4,0.003184475,PCAT7,1.298258639,ENSG00000231806
ENSG00000225106.1,5.065695218,1.427969818,0.510615588,9.81505e-4,0.003219827,AL162457.2,1.427969818,ENSG00000225106
ENSG00000262884.1,27.6516149,1.060610352,0.356402475,9.90589e-4,0.003246105,AC015921.1,1.060610352,ENSG00000262884
ENSG00000228067.1,4.248305545,1.343733975,0.473164682,9.95341e-4,0.003258687,LINC01740,1.343733975,ENSG00000228067
ENSG00000117971.12,9.135150631,2.445470777,0.383303689,9.95692e-4,0.003259563,CHRNB4,2.445470777,ENSG00000117971
ENSG00000261204.1,3.571475053,1.11390648,0.380444623,0.001002304,0.003278205,AC004449.1,1.11390648,ENSG00000261204
ENSG00000178690.3,2.854287009,4.214762204,1.160103085,0.001003973,0.003282857,DYNAP,4.214762204,ENSG00000178690
ENSG00000265542.5,5.558272929,1.30405326,0.458557497,0.001007519,0.003293616,AC015845.2,1.30405326,ENSG00000265542
ENSG00000280587.1,56.75785714,1.091325089,0.369802504,0.001012347,0.003307196,LINC01348,1.091325089,ENSG00000280587
ENSG00000197617.9,2.094763038,1.588683273,0.582657244,0.001017511,0.003322133,VN1R5,1.588683273,ENSG00000197617
ENSG00000264175.1,2.040937626,1.64434053,0.599863946,0.001035743,0.003375488,MIR3189,1.64434053,ENSG00000264175
ENSG00000122133.17,16.70825266,1.621883891,0.603032836,0.001042098,0.003393945,PAEP,1.621883891,ENSG00000122133
ENSG00000230005.2,3.610440689,1.517059461,0.557531226,0.001045685,0.003404216,SNAP47-AS1,1.517059461,ENSG00000230005
ENSG00000287886.1,13.09946311,1.054807929,0.355968927,0.001049065,0.003413808,AC005914.1,1.054807929,ENSG00000287886
ENSG00000262904.1,5.682458258,1.016335584,0.342700595,0.001050461,0.0034175,TMPOP2,1.016335584,ENSG00000262904
ENSG00000164742.16,2692.040296,1.215432198,0.420685343,0.001050622,0.003417741,ADCY1,1.215432198,ENSG00000164742
ENSG00000137204.15,1.930166917,1.738130437,0.65486266,0.001055457,0.003432333,SLC22A7,1.738130437,ENSG00000137204
ENSG00000287530.1,2.281667869,2.15966341,0.857837944,0.00106358,0.003456174,AL445985.2,2.15966341,ENSG00000287530
ENSG00000215156.5,9.10222065,1.003153819,0.33702772,0.001063832,0.003456707,AC138409.1,1.003153819,ENSG00000215156
ENSG00000078081.8,550.5279776,1.194807349,0.414675158,0.001084862,0.003519216,LAMP3,1.194807349,ENSG00000078081
ENSG00000251169.2,40.05255131,1.157563276,0.39993832,0.001105683,0.003580551,LINC01843,1.157563276,ENSG00000251169
ENSG00000272243.6,3.546268876,1.835214021,0.721259922,0.001119851,0.003622846,AL356277.3,1.835214021,ENSG00000272243
ENSG00000158164.7,82.01453626,1.068539809,0.363710016,0.001124098,0.003634492,TMSB15A,1.068539809,ENSG00000158164
ENSG00000275438.1,3.578021322,1.177292134,0.410227923,0.001125425,0.003638182,AL031008.1,1.177292134,ENSG00000275438
ENSG00000184270.6,1.818570811,1.537938476,0.564112219,0.001127856,0.003645442,H2AC21,1.537938476,ENSG00000184270
ENSG00000180178.11,60.68267943,1.576273533,0.588885676,0.00114114,0.003682015,FAR2P1,1.576273533,ENSG00000180178
ENSG00000189377.9,656.9118882,1.510288346,0.556244771,0.001141114,0.003682015,CXCL17,1.510288346,ENSG00000189377
ENSG00000197046.12,358.5998338,1.166566138,0.404297065,0.001141273,0.003682143,SIGLEC15,1.166566138,ENSG00000197046
ENSG00000171931.13,10.08777807,1.228507611,0.43239726,0.001144253,0.003691152,FBXW10,1.228507611,ENSG00000171931
ENSG00000254440.3,3.027483133,1.48652591,0.546474887,0.001146133,0.003695394,PBOV1,1.48652591,ENSG00000254440
ENSG00000236348.1,1.532163736,1.812632239,0.69926327,0.001166298,0.003756095,PSMC1P10,1.812632239,ENSG00000236348
ENSG00000250107.1,5.92155342,2.148815309,0.238184865,0.001177423,0.003786956,CACNA1G-AS1,2.148815309,ENSG00000250107
ENSG00000229422.2,21.66557867,1.036971973,0.353571038,0.001179908,0.003793396,AL512625.2,1.036971973,ENSG00000229422
ENSG00000244642.3,1.051005134,1.774734898,0.686128474,0.001180253,0.003794195,RN7SL396P,1.774734898,ENSG00000244642
ENSG00000287851.1,4.041730741,1.153813595,0.401450175,0.001183753,0.003802958,AP001885.2,1.153813595,ENSG00000287851
ENSG00000187516.7,1.121536594,5.187047772,1.697774694,0.001185001,0.003806655,H2AP,5.187047772,ENSG00000187516
ENSG00000275092.1,2.725932499,1.19484926,0.419745418,0.001186223,0.003809956,AL031710.2,1.19484926,ENSG00000275092
ENSG00000287763.1,11.5085811,1.222822291,0.431545245,0.001191029,0.003823517,AC068279.2,1.222822291,ENSG00000287763
ENSG00000233818.1,19.69503001,1.064221086,0.367498021,0.001205653,0.003864779,AP000695.2,1.064221086,ENSG00000233818
ENSG00000234521.2,2.008988622,1.247365949,0.435542962,0.001231302,0.003939926,AC005041.2,1.247365949,ENSG00000234521
ENSG00000203985.11,37.98724157,1.200775513,0.42372039,0.001237609,0.00395785,LDLRAD1,1.200775513,ENSG00000203985
ENSG00000128253.15,5.648648962,1.081977971,0.373683194,0.00124009,0.003964492,RFPL2,1.081977971,ENSG00000128253
ENSG00000286264.2,6.027084354,1.207113814,0.425919261,0.001244019,0.003975761,AP001453.3,1.207113814,ENSG00000286264
ENSG00000272196.2,4.44896789,1.360966434,0.492132894,0.001245469,0.003980071,H2AC19,1.360966434,ENSG00000272196
ENSG00000242888.1,1.302243774,1.711157469,0.645073737,0.001247503,0.003985275,AL133368.1,1.711157469,ENSG00000242888
ENSG00000183022.5,3.013541989,1.036388101,0.358641609,0.001248631,0.003988553,TPM3P8,1.036388101,ENSG00000183022
ENSG00000214319.2,10.58213853,2.28883264,0.96929966,0.001253166,0.004001413,CXADRP1,2.28883264,ENSG00000214319
ENSG00000259424.1,16.40174137,1.246896884,0.444786344,0.001265446,0.004037998,IRAIN,1.246896884,ENSG00000259424
ENSG00000157734.14,234.1586736,1.759881887,0.352721788,0.001267238,0.004042403,SNX22,1.759881887,ENSG00000157734
ENSG00000286375.1,3.804731169,1.29720844,0.464585262,0.001270426,0.004051495,AL512590.3,1.29720844,ENSG00000286375
ENSG00000231072.1,0.88021263,1.570484736,0.628791962,0.0012836,0.004086631,GAPDHP64,1.570484736,ENSG00000231072
ENSG00000167104.11,1.467525236,2.681399612,1.041160833,0.001285533,0.004091792,BPIFB6,2.681399612,ENSG00000167104
ENSG00000229953.1,36.30405922,1.099931413,0.382443485,0.001288323,0.004099673,AL590666.2,1.099931413,ENSG00000229953
ENSG00000237053.1,4.017641026,1.203769249,0.425736398,0.001290168,0.004104881,FUCA1P1,1.203769249,ENSG00000237053
ENSG00000117009.12,240.9229227,1.058709461,0.366023283,0.001305595,0.004151945,KMO,1.058709461,ENSG00000117009
ENSG00000284194.3,5.767140256,1.279121843,0.461774511,0.001307314,0.004156404,SCO2,1.279121843,ENSG00000284194
ENSG00000231412.2,1.550738002,1.508769589,0.56224061,0.001310591,0.004165138,AC005392.2,1.508769589,ENSG00000231412
ENSG00000151892.15,16595.89708,1.145352876,0.397159412,0.00131283,0.004171241,GFRA1,1.145352876,ENSG00000151892
ENSG00000120322.4,88.55514646,1.046072167,0.361385841,0.001325562,0.004206928,PCDHB8,1.046072167,ENSG00000120322
ENSG00000230426.4,9.041325445,1.646408771,0.319805524,0.001329206,0.004217815,LINC01036,1.646408771,ENSG00000230426
ENSG00000182156.10,2.56075491,1.425546028,0.529720879,0.001329677,0.004218627,ENPP7,1.425546028,ENSG00000182156
ENSG00000235665.6,3.173618784,1.148895208,0.405120681,0.001337818,0.004240688,LINC00298,1.148895208,ENSG00000235665
ENSG00000177462.7,3.947846369,1.312177258,0.475760527,0.001344161,0.004259421,OR2T8,1.312177258,ENSG00000177462
ENSG00000088002.12,427.5363335,1.012229915,0.347816271,0.001359131,0.004301843,SULT2B1,1.012229915,ENSG00000088002
ENSG00000278060.1,0.742853555,3.253069468,1.150391601,0.001360757,0.004305756,AC012366.1,3.253069468,ENSG00000278060
ENSG00000274997.2,2.538581422,2.352405235,0.534034413,0.001361685,0.004307998,H2AC12,2.352405235,ENSG00000274997
ENSG00000242578.1,3.587928134,1.026321239,0.35664976,0.001361867,0.004308229,AC073288.2,1.026321239,ENSG00000242578
ENSG00000222033.1,49.57304722,1.092924455,0.382680016,0.001364237,0.004314337,LINC01124,1.092924455,ENSG00000222033
ENSG00000164128.7,11071.54385,1.546304758,0.579999023,0.001378791,0.004354054,NPY1R,1.546304758,ENSG00000164128
ENSG00000225300.1,2.339906189,1.558191375,0.601893871,0.001380027,0.004357605,AL591623.1,1.558191375,ENSG00000225300
ENSG00000235060.1,0.922667088,2.274151278,0.895337442,0.001381983,0.00436343,VDAC1P4,2.274151278,ENSG00000235060
ENSG00000259278.2,4.566031697,1.262626018,0.456864389,0.001385613,0.004373487,AC087878.1,1.262626018,ENSG00000259278
ENSG00000131050.11,1.350858329,4.020944518,1.026585395,0.001387098,0.004377823,BPIFA2,4.020944518,ENSG00000131050
ENSG00000233155.1,4.351785983,1.109052252,0.390313211,0.001389731,0.004384723,HMGA1P8,1.109052252,ENSG00000233155
ENSG00000242207.1,2.092009296,2.248237943,0.937335776,0.001394695,0.004398619,HOXB-AS4,2.248237943,ENSG00000242207
ENSG00000276410.4,1.108700672,1.987189563,0.804298486,0.001396704,0.004403894,H2BC3,1.987189563,ENSG00000276410
ENSG00000188886.3,18.57845008,1.101205096,0.386875923,0.001396882,0.004404101,ASTL,1.101205096,ENSG00000188886
ENSG00000250590.6,4.001836802,1.79869161,0.714326723,0.001397079,0.004404186,LINC02492,1.79869161,ENSG00000250590
ENSG00000229051.2,7.993156038,1.453739849,0.546960312,0.001402124,0.004417794,LINC01788,1.453739849,ENSG00000229051
ENSG00000253959.1,6.215243563,1.23472414,0.443252706,0.001404411,0.004423579,LINC01863,1.23472414,ENSG00000253959
ENSG00000249421.2,9.223181488,1.473969975,0.560340935,0.001406556,0.004429278,ADAMTS19-AS1,1.473969975,ENSG00000249421
ENSG00000071909.19,78.27626743,4.810184881,0.447464981,0.001421409,0.004470466,MYO3B,4.810184881,ENSG00000071909
ENSG00000178171.11,0.957145493,2.319122771,0.903362713,0.001421982,0.004471755,AMER3,2.319122771,ENSG00000178171
ENSG00000256115.6,1.719471013,5.81706675,1.645540199,0.001424434,0.004477314,LINC02443,5.81706675,ENSG00000256115
ENSG00000228318.3,8.983446208,1.350121587,0.498821915,0.001431179,0.004495997,AP001610.2,1.350121587,ENSG00000228318
ENSG00000253154.2,129.5103456,1.671091244,0.655854651,0.001433034,0.004501464,AC100801.1,1.671091244,ENSG00000253154
ENSG00000271717.1,6.090105547,1.023739485,0.354759438,0.001437073,0.00451343,AC022146.2,1.023739485,ENSG00000271717
ENSG00000225107.1,2.49344702,2.250540098,0.94751805,0.001438685,0.004518132,AC092484.1,2.250540098,ENSG00000225107
ENSG00000242889.3,1.282360383,1.56545822,0.590405777,0.001453312,0.004560055,RN7SL449P,1.56545822,ENSG00000242889
ENSG00000250820.1,0.912558583,2.6269578,1.00577763,0.001459518,0.00457697,AC138965.1,2.6269578,ENSG00000250820
ENSG00000162931.12,194.7411727,1.074715237,0.376996788,0.001463204,0.004586697,TRIM17,1.074715237,ENSG00000162931
ENSG00000197061.5,3.920320487,1.052345608,0.36875935,0.00146782,0.004598967,H4C3,1.052345608,ENSG00000197061
ENSG00000228271.2,2.985945946,1.214415378,0.438142328,0.001471035,0.004607568,LINC02048,1.214415378,ENSG00000228271
ENSG00000235021.1,4.885443907,1.273681378,0.468873617,0.001476283,0.004622902,AL591848.1,1.273681378,ENSG00000235021
ENSG00000256995.8,2.011269252,1.697466722,0.659784288,0.00148365,0.00464412,AC084816.1,1.697466722,ENSG00000256995
ENSG00000184672.12,2.979637474,3.923235629,0.610188935,0.001488011,0.004655173,RALYL,3.923235629,ENSG00000184672
ENSG00000265786.1,2.403843414,2.069812381,0.87046168,0.001495719,0.00467718,LINC01906,2.069812381,ENSG00000265786
ENSG00000238118.1,20.24964433,2.647384259,1.232913763,0.001499875,0.004689302,SLC25A24P2,2.647384259,ENSG00000238118
ENSG00000249610.1,1.744895075,1.563741178,0.599143815,0.001507323,0.004710339,ZNF474-AS1,1.563741178,ENSG00000249610
ENSG00000274569.1,1.554515483,1.47803281,0.560511527,0.001515578,0.004731995,AC024884.1,1.47803281,ENSG00000274569
ENSG00000248431.2,22.11307208,4.735493872,0.963302948,0.001518306,0.004739758,AC021134.1,4.735493872,ENSG00000248431
ENSG00000255002.2,2.823616016,1.393116635,0.522551372,0.001521241,0.00474779,LINC02324,1.393116635,ENSG00000255002
ENSG00000163075.13,53.30202938,1.036200224,0.363857184,0.001526038,0.004761627,CFAP221,1.036200224,ENSG00000163075
ENSG00000269466.4,0.925726517,3.164985866,1.172903598,0.00152747,0.00476496,H3Y1,3.164985866,ENSG00000269466
ENSG00000277129.1,1.426833065,1.827619163,0.710428599,0.001530125,0.004772861,AC012531.6,1.827619163,ENSG00000277129
ENSG00000251445.1,1.013115734,2.925315112,1.134914185,0.001534742,0.004784038,AC021151.1,2.925315112,ENSG00000251445
ENSG00000234264.1,1.861766581,1.659854404,0.644829563,0.001535791,0.004786356,DEPDC1-AS1,1.659854404,ENSG00000234264
ENSG00000163914.5,3.247352549,1.167238522,0.423647752,0.001542964,0.00480566,RHO,1.167238522,ENSG00000163914
ENSG00000232454.2,3.684164527,1.11843779,0.401956646,0.001547156,0.004817954,AL138752.1,1.11843779,ENSG00000232454
ENSG00000275236.1,2.876118915,1.075936682,0.378794631,0.001551695,0.004831322,AC009120.5,1.075936682,ENSG00000275236
ENSG00000147697.9,97.09109103,1.011861426,0.387517441,0.001552482,0.004832889,GSDMC,1.011861426,ENSG00000147697
ENSG00000169856.9,2.487543709,1.787400717,0.719884876,0.001561373,0.004856835,ONECUT1,1.787400717,ENSG00000169856
ENSG00000280035.1,2.883075886,1.004493081,0.283326567,0.001563156,0.004861229,AC011676.5,1.004493081,ENSG00000280035
ENSG00000243870.3,1.939573735,1.587885389,0.604428244,0.001578874,0.004903896,RN7SL236P,1.587885389,ENSG00000243870
ENSG00000239218.2,34.10353717,1.027732704,0.362780962,0.001605665,0.004980414,RPS20P22,1.027732704,ENSG00000239218
ENSG00000287785.1,0.625122973,2.226840728,0.799896736,0.001607385,0.00498492,AC103833.2,2.226840728,ENSG00000287785
ENSG00000257458.1,0.99697764,1.515228341,0.582596326,0.001614557,0.005005228,AC069437.1,1.515228341,ENSG00000257458
ENSG00000280160.1,3.750146152,1.051792439,0.372788354,0.001615171,0.005006738,AC135050.7,1.051792439,ENSG00000280160
ENSG00000261587.2,2.53807633,1.230632594,0.448827856,0.001631408,0.00505149,TMEM249,1.230632594,ENSG00000261587
ENSG00000287798.1,1.231332202,1.37735681,0.505955521,0.001639357,0.005072504,AC107918.6,1.37735681,ENSG00000287798
ENSG00000251013.1,0.985019267,1.319913064,0.493061568,0.001642806,0.005081975,GAPDHP62,1.319913064,ENSG00000251013
ENSG00000188389.11,80.08812359,1.077344386,0.383729125,0.001642775,0.005081975,PDCD1,1.077344386,ENSG00000188389
ENSG00000181552.4,4.863585604,2.870700693,0.641902094,0.001650482,0.005101301,EDDM3B,2.870700693,ENSG00000181552
ENSG00000284615.1,6.23540945,1.188853496,0.434420558,0.001655992,0.005117526,AL078582.1,1.188853496,ENSG00000284615
ENSG00000261758.1,1.54210152,1.286412955,0.476165533,0.001657535,0.005121892,AC117382.2,1.286412955,ENSG00000261758
ENSG00000251168.1,0.792088336,2.092517775,0.845404408,0.0016592690000000001,0.005126444,AC025174.1,2.092517775,ENSG00000251168
ENSG00000266446.1,0.81830949,1.925608208,0.761819341,0.00166255,0.005135771,AL449423.1,1.925608208,ENSG00000266446
ENSG00000274600.1,1.324896518,1.356775567,0.50574605,0.001662699,0.005135828,RIMBP3B,1.356775567,ENSG00000274600
ENSG00000215481.9,7.21569125,1.44373724,0.558090056,0.0016771,0.005173394,BCRP3,1.44373724,ENSG00000215481
ENSG00000234685.1,3.830849199,1.439842564,0.548822309,0.001679159,0.005179339,NUS1P2,1.439842564,ENSG00000234685
ENSG00000251574.8,1.36743289,1.901487518,0.758625299,0.001688585,0.005204736,AC099520.1,1.901487518,ENSG00000251574
ENSG00000268866.1,1.429252526,1.716203302,0.677979909,0.00169713,0.005228203,AC020915.3,1.716203302,ENSG00000268866
ENSG00000217862.2,3.88001451,1.280668277,0.475662915,0.001709269,0.005262298,H4C10P,1.280668277,ENSG00000217862
ENSG00000181378.14,22.03713262,1.188399024,0.436209303,0.001723485,0.005301081,CFAP65,1.188399024,ENSG00000181378
ENSG00000285591.1,2.314131587,1.122143712,0.401889119,0.001724687,0.00530436,AC092617.1,1.122143712,ENSG00000285591
ENSG00000163501.7,2.450120556,1.372426658,0.53568817,0.001739545,0.005347126,IHH,1.372426658,ENSG00000163501
ENSG00000124479.11,263.6307582,1.434408062,0.552681292,0.00175457,0.005389096,NDP,1.434408062,ENSG00000124479
ENSG00000260135.7,40.52183721,1.146789104,0.418175783,0.001755351,0.005391072,MMP2-AS1,1.146789104,ENSG00000260135
ENSG00000174963.18,35.52231457,1.377796809,0.527874485,0.001758274,0.00539836,ZIC4,1.377796809,ENSG00000174963
ENSG00000200385.1,9.837909735,1.025057656,0.364864984,0.001786651,0.005476926,AL136296.1,1.025057656,ENSG00000200385
ENSG00000131142.13,3.266349075,1.246259663,0.463022969,0.001787622,0.005479046,CCL25,1.246259663,ENSG00000131142
ENSG00000261402.1,2.191047035,1.410864787,0.539154282,0.00179586,0.005501722,AL591222.1,1.410864787,ENSG00000261402
ENSG00000257159.1,2.958898961,1.003592964,0.35478386,0.001840751,0.005627837,AC084033.1,1.003592964,ENSG00000257159
ENSG00000271727.2,14.53396743,1.047811393,0.379327984,0.00184817,0.005647442,AL357054.2,1.047811393,ENSG00000271727
ENSG00000286874.1,3.579331406,1.030695883,0.371557419,0.001851445,0.005656129,AC072054.1,1.030695883,ENSG00000286874
ENSG00000286935.1,3.942311269,1.582651665,0.6277861,0.00185289,0.005660102,AC079296.2,1.582651665,ENSG00000286935
ENSG00000226436.1,3.081740105,1.030586668,0.368800371,0.001858183,0.005674506,H3P43,1.030586668,ENSG00000226436
ENSG00000269009.1,2.388996453,1.487902478,0.591348981,0.001868855,0.005703994,SLC6A21P,1.487902478,ENSG00000269009
ENSG00000159261.12,21.67998367,1.146501356,0.42170733,0.001876511,0.005725582,CLDN14,1.146501356,ENSG00000159261
ENSG00000163600.13,82.21000803,1.073958514,0.388367433,0.001877058,0.005726806,ICOS,1.073958514,ENSG00000163600
ENSG00000218690.2,3.651502827,1.708399356,0.698309951,0.001881664,0.005739074,H2AC10P,1.708399356,ENSG00000218690
ENSG00000255120.5,4.391668752,1.092426546,0.398904133,0.001890908,0.005763688,OVOL1-AS1,1.092426546,ENSG00000255120
ENSG00000287275.1,7.734904354,1.073703339,0.390038515,0.001891354,0.005764601,AC011451.4,1.073703339,ENSG00000287275
ENSG00000249937.8,2.262769039,1.157170665,0.42537425,0.001897651,0.005781999,LINC02223,1.157170665,ENSG00000249937
ENSG00000214237.11,0.996592751,2.534360141,1.076879784,0.001907242,0.005809419,MINDY4B,2.534360141,ENSG00000214237
ENSG00000254507.2,2.565246249,1.190598396,0.440642357,0.001918891,0.005840826,DEFB131E,1.190598396,ENSG00000254507
ENSG00000286208.1,285.2450768,1.513266084,0.60179715,0.001940419,0.00590151,AC093838.1,1.513266084,ENSG00000286208
ENSG00000287055.1,1.797493919,1.061508945,0.379029478,0.001941463,0.005903586,AL359813.1,1.061508945,ENSG00000287055
ENSG00000170486.11,6.561693956,1.728356243,0.719459068,0.001944918,0.005913635,KRT72,1.728356243,ENSG00000170486
ENSG00000274276.4,13.04738689,1.522587206,0.60667292,0.00195005,0.005926028,CBSL,1.522587206,ENSG00000274276
ENSG00000157856.12,25.28836103,1.164187766,0.432719685,0.001949852,0.005926028,DRC1,1.164187766,ENSG00000157856
ENSG00000211810.3,11.61019762,1.272552095,0.483701851,0.001963999,0.005964726,TRAV29DV5,1.272552095,ENSG00000211810
ENSG00000080644.16,21.89286035,1.005048763,0.361237002,0.00196919,0.005978182,CHRNA3,1.005048763,ENSG00000080644
ENSG00000121211.8,1.052657091,1.507526171,0.595275016,0.001969512,0.005978695,MND1,1.507526171,ENSG00000121211
ENSG00000234055.1,1.142992713,1.724336569,0.73568047,0.001971075,0.005982979,AL158151.2,1.724336569,ENSG00000234055
ENSG00000198797.7,261.8839662,1.370086403,0.53008278,0.001981015,0.006008507,BRINP2,1.370086403,ENSG00000198797
ENSG00000166796.12,32.39248177,1.278991602,0.486501115,0.001986324,0.006022286,LDHC,1.278991602,ENSG00000166796
ENSG00000228767.1,1.444796401,1.320594114,0.50261664,0.001989319,0.006030435,KRT8P18,1.320594114,ENSG00000228767
ENSG00000178772.7,25.90394512,1.345417655,0.520372409,0.001991609,0.00603691,CPN2,1.345417655,ENSG00000178772
ENSG00000236452.1,5.386379897,1.990086469,0.875213707,0.001993855,0.006043252,AC123023.1,1.990086469,ENSG00000236452
ENSG00000259392.2,2.402462565,1.28409669,0.493149975,0.001996106,0.00604887,AC090877.1,1.28409669,ENSG00000259392
ENSG00000230500.1,2.458631989,1.404559685,0.440620773,0.002016554,0.006106869,MKX-AS1,1.404559685,ENSG00000230500
ENSG00000152977.10,158.655802,1.605228947,0.657955059,0.002033706,0.006155489,ZIC1,1.605228947,ENSG00000152977
ENSG00000207200.1,2.502027535,1.240644249,0.471639103,0.00203402,0.006155968,RNU6-45P,1.240644249,ENSG00000207200
ENSG00000166396.13,34.62038778,1.436563085,0.567376297,0.002038658,0.006169054,SERPINB7,1.436563085,ENSG00000166396
ENSG00000277572.1,1.639613005,1.580892633,0.628288478,0.002046693,0.006190983,AP001347.2,1.580892633,ENSG00000277572
ENSG00000283075.1,6.29967575,1.304984,0.500221612,0.00205384,0.006212124,AL157931.2,1.304984,ENSG00000283075
ENSG00000230157.1,0.850126612,5.163999768,1.101564284,0.002062185,0.006234003,ATP5MC1P1,5.163999768,ENSG00000230157
ENSG00000274019.1,0.783736049,1.883160108,0.752084509,0.002099859,0.006334729,AC239804.2,1.883160108,ENSG00000274019
ENSG00000238145.2,4.845094395,2.482370887,0.542445209,0.002106564,0.006353005,TUBAP8,2.482370887,ENSG00000238145
ENSG00000235748.1,0.75654169,2.158011153,0.899029882,0.002114685,0.006375541,SEPTIN14P12,2.158011153,ENSG00000235748
ENSG00000287435.1,0.688700736,3.358850092,0.738697186,0.002121943,0.006393496,AC069404.1,3.358850092,ENSG00000287435
ENSG00000184523.4,9.534282073,1.07672511,0.394988541,0.002128508,0.00641131,PTGER4P2,1.07672511,ENSG00000184523
ENSG00000214617.9,1.720972121,1.097091424,0.570310559,0.00215699,0.006491128,SLC6A10P,1.097091424,ENSG00000214617
ENSG00000226943.3,1.763269276,1.740677642,0.745246609,0.002161541,0.006503827,ALG1L5P,1.740677642,ENSG00000226943
ENSG00000285868.1,3.967334667,1.163229701,0.435562294,0.002193173,0.006588409,AC008676.3,1.163229701,ENSG00000285868
ENSG00000258759.1,1.241567342,1.111263889,0.408218756,0.002194109,0.006590715,AL049779.2,1.111263889,ENSG00000258759
ENSG00000006747.15,1119.633296,2.334235374,0.456688407,0.00219506,0.006592564,SCIN,2.334235374,ENSG00000006747
ENSG00000134824.14,8768.498155,1.16548257,0.436665409,0.002208315,0.006627813,FADS2,1.16548257,ENSG00000134824
ENSG00000287561.1,1.19185898,1.50084269,0.609830846,0.002218574,0.006656061,AL121899.4,1.50084269,ENSG00000287561
ENSG00000271763.1,4.091140925,2.450722103,0.361481846,0.002254491,0.006751959,AC091544.5,2.450722103,ENSG00000271763
ENSG00000229205.5,5.345554731,1.500539009,0.607111108,0.002256126,0.006754795,LINC00200,1.500539009,ENSG00000229205
ENSG00000286159.1,8.292291491,1.224383048,0.469940087,0.00225833,0.006760876,AL035106.1,1.224383048,ENSG00000286159
ENSG00000286058.1,112.2891215,1.483932037,0.601052372,0.002268149,0.006785618,AC018865.2,1.483932037,ENSG00000286058
ENSG00000172640.3,3.271562751,1.043126689,0.382626261,0.002268139,0.006785618,OR10AD1,1.043126689,ENSG00000172640
ENSG00000132932.17,346.5046064,2.902187552,0.402919867,0.002268992,0.006787625,ATP8A2,2.902187552,ENSG00000132932
ENSG00000135472.9,607.8445901,1.182635402,0.448297231,0.002275845,0.006805533,FAIM2,1.182635402,ENSG00000135472
ENSG00000197165.11,17.92732434,1.004066476,0.368750496,0.002282007,0.006819808,SULT1A2,1.004066476,ENSG00000197165
ENSG00000258676.5,30.09190498,1.08422517,0.403171311,0.002286097,0.006829952,AC091544.2,1.08422517,ENSG00000258676
ENSG00000240869.3,1.768089795,1.401197564,0.555615347,0.002287124,0.0068316,RN7SL128P,1.401197564,ENSG00000240869
ENSG00000105668.7,24.39829625,1.191089053,0.453275945,0.002287171,0.0068316,UPK1A,1.191089053,ENSG00000105668
ENSG00000280229.1,0.729742355,3.656963823,1.325904848,0.002303165,0.006874669,AL161658.1,3.656963823,ENSG00000280229
ENSG00000173335.5,885.6926685,2.101008772,0.972059051,0.002305896,0.006882298,CST9,2.101008772,ENSG00000173335
ENSG00000226706.1,3.594464193,1.072834516,0.398343899,0.002310178,0.006893209,AL161452.1,1.072834516,ENSG00000226706
ENSG00000255026.1,261.5109175,1.240604559,0.477456353,0.002315491,0.006906739,AC136475.3,1.240604559,ENSG00000255026
ENSG00000254370.1,3.518242412,1.115814181,0.418760758,0.002322985,0.006926988,AC025871.2,1.115814181,ENSG00000254370
ENSG00000260788.6,5.396853581,2.474116566,0.423630997,0.002326236,0.006935944,AC009063.2,2.474116566,ENSG00000260788
ENSG00000187848.15,23.60619816,1.565512021,0.649674113,0.002330375,0.006946388,P2RX2,1.565512021,ENSG00000187848
ENSG00000255108.1,1.997492867,1.426009302,0.573250588,0.002332989,0.006953126,AP006621.1,1.426009302,ENSG00000255108
ENSG00000272595.2,1.967801309,1.633917205,0.691844487,0.00235355,0.007008556,OR10AH1P,1.633917205,ENSG00000272595
ENSG00000111537.5,12.29355183,1.213274283,0.466004987,0.002355215,0.00701192,IFNG,1.213274283,ENSG00000111537
ENSG00000286362.1,2.196932513,1.068941837,0.397337773,0.002355132,0.00701192,AP005717.2,1.068941837,ENSG00000286362
ENSG00000259647.1,2.16893289,1.055052924,0.392423767,0.002363189,0.007033525,AC111152.2,1.055052924,ENSG00000259647
ENSG00000179381.8,2.521384769,2.408857331,1.185972518,0.002369269,0.00704842,OR4K11P,2.408857331,ENSG00000179381
ENSG00000151838.12,3.808688486,1.786499969,0.765116131,0.002372631,0.007056092,CCDC175,1.786499969,ENSG00000151838
ENSG00000266445.1,3.224193394,1.098231735,0.407154759,0.002380362,0.007077131,NARF-AS1,1.098231735,ENSG00000266445
ENSG00000240596.1,1.487402054,2.240088777,1.105468579,0.002384841,0.007088304,KCNAB1-AS2,2.240088777,ENSG00000240596
ENSG00000212396.1,0.579136568,2.31998334,0.884739374,0.002420926,0.007185769,RNA5SP323,2.31998334,ENSG00000212396
ENSG00000204661.9,3.711860864,1.077168701,0.403487052,0.002430264,0.007211308,C5orf60,1.077168701,ENSG00000204661
ENSG00000144354.14,403.5891527,1.016248969,0.374497765,0.002442049,0.007242994,CDCA7,1.016248969,ENSG00000144354
ENSG00000196604.13,23.89760499,1.344479535,0.533817677,0.002447227,0.007255611,POTEF,1.344479535,ENSG00000196604
ENSG00000239552.2,38.69161254,1.215237365,0.470162751,0.002457165,0.007282109,HOXB-AS2,1.215237365,ENSG00000239552
ENSG00000227477.1,19.44040367,2.874634183,0.206203243,0.002461467,0.007292877,STK4-AS1,2.874634183,ENSG00000227477
ENSG00000259269.2,2.040983247,1.616766331,0.678054429,0.002467985,0.007310537,AC109630.1,1.616766331,ENSG00000259269
ENSG00000232889.2,0.717070015,2.81765957,1.090039866,0.002470241,0.007315563,AC087499.3,2.81765957,ENSG00000232889
ENSG00000274767.1,15.43550711,1.115452842,0.42329189,0.002484223,0.007351982,AC243829.1,1.115452842,ENSG00000274767
ENSG00000140675.13,5.188450179,3.074655969,0.325670812,0.00248553,0.007353593,SLC5A2,3.074655969,ENSG00000140675
ENSG00000228666.1,2.096440681,1.068882311,0.396783875,0.002524404,0.007459097,KRT18P1,1.068882311,ENSG00000228666
ENSG00000278588.2,0.832574109,1.911028796,0.784619889,0.002527913,0.007467547,H2BC10,1.911028796,ENSG00000278588
ENSG00000230026.2,2.476966454,1.280713683,0.498320413,0.002530299,0.007471394,AL357556.1,1.280713683,ENSG00000230026
ENSG00000275812.1,1.944589443,1.366763466,0.544341787,0.002539042,0.007495019,AL121829.2,1.366763466,ENSG00000275812
ENSG00000184564.11,1363.330089,1.183898733,0.454905982,0.002541294,0.007501105,SLITRK6,1.183898733,ENSG00000184564
ENSG00000234693.1,2.508393753,1.362942918,0.541177277,0.002546114,0.007513073,RIPOR3-AS1,1.362942918,ENSG00000234693
ENSG00000237166.2,5.009783623,1.267184179,0.495188226,0.002583702,0.007610839,LINC01792,1.267184179,ENSG00000237166
ENSG00000162456.10,2.408532129,5.174184342,1.988873846,0.0025881,0.007623223,KNCN,5.174184342,ENSG00000162456
ENSG00000284654.1,3.829069156,1.190378124,0.460788826,0.002639686,0.007760039,AP000553.7,1.190378124,ENSG00000284654
ENSG00000274520.1,2.237363344,1.861071968,0.829152461,0.002652472,0.007791798,AC012354.2,1.861071968,ENSG00000274520
ENSG00000278399.1,2.18399218,1.210704237,0.467027557,0.002656002,0.007801207,AC026120.1,1.210704237,ENSG00000278399
ENSG00000279741.1,19.67782498,1.088449766,0.412665831,0.002658324,0.007806069,AC007342.8,1.088449766,ENSG00000279741
ENSG00000237289.10,167.0688375,1.04643319,0.393627015,0.002681974,0.007867285,CKMT1B,1.04643319,ENSG00000237289
ENSG00000213225.7,127.9830396,1.38780523,0.565300022,0.002692051,0.007893307,NOC2LP1,1.38780523,ENSG00000213225
ENSG00000183644.13,10.68773071,1.019688399,0.384220539,0.002698496,0.007909254,HOATZ,1.019688399,ENSG00000183644
ENSG00000283554.1,2.175139709,1.39767958,0.564825013,0.002724671,0.007977638,LINC02341,1.39767958,ENSG00000283554
ENSG00000247011.2,12.12024748,2.341187102,0.371536046,0.002729888,0.007990532,AC005920.1,2.341187102,ENSG00000247011
ENSG00000186442.7,1.342660546,1.622623114,0.685652028,0.00275207,0.008046466,KRT3,1.622623114,ENSG00000186442
ENSG00000156009.10,8.280455784,1.028601887,0.386770308,0.002763786,0.008077714,MAGEA8,1.028601887,ENSG00000156009
ENSG00000158786.5,1.477474623,1.723354242,0.740420148,0.002770468,0.008093029,PLA2G2F,1.723354242,ENSG00000158786
ENSG00000186367.7,1.017517828,1.921819255,0.836582592,0.002783189,0.008125358,MINAR2,1.921819255,ENSG00000186367
ENSG00000270104.1,2.944220474,1.062553009,0.400198015,0.002784832,0.00812955,AL670729.2,1.062553009,ENSG00000270104
ENSG00000173213.9,14.96127374,1.071884702,0.40841037,0.002786627,0.008132977,TUBB8B,1.071884702,ENSG00000173213
ENSG00000108018.15,364.576989,1.315197683,0.529788617,0.002790587,0.008143323,SORCS1,1.315197683,ENSG00000108018
ENSG00000150556.17,741.8289163,1.030136819,0.387752,0.002792755,0.008148907,LYPD6B,1.030136819,ENSG00000150556
ENSG00000266909.1,1.543916038,1.318919191,0.522764007,0.002796438,0.008157369,SLC25A6P4,1.318919191,ENSG00000266909
ENSG00000172232.10,48.58184852,1.196711515,0.470242499,0.002814799,0.008206662,AZU1,1.196711515,ENSG00000172232
ENSG00000214860.5,3.044273793,1.326184381,0.54031337,0.002818413,0.008216588,EVPLL,1.326184381,ENSG00000214860
ENSG00000271810.5,0.714724483,3.573825729,1.319103129,0.002832038,0.008250798,AL603832.3,3.573825729,ENSG00000271810
ENSG00000180316.12,5.812312668,1.081092138,0.41236662,0.002834883,0.008256983,PNPLA1,1.081092138,ENSG00000180316
ENSG00000205669.4,4.894492016,1.282449871,0.515810212,0.002848192,0.008292328,ACOT6,1.282449871,ENSG00000205669
ENSG00000232917.5,1.372037957,1.211016226,0.471521994,0.002849897,0.008296678,HSPE1P6,1.211016226,ENSG00000232917
ENSG00000213211.2,0.701717711,1.897780999,0.818768215,0.002876615,0.008368258,KRT18P64,1.897780999,ENSG00000213211
ENSG00000258162.4,4.950023815,1.940268366,0.912993551,0.002878789,0.00837396,AC069228.1,1.940268366,ENSG00000258162
ENSG00000124935.4,20518.67207,1.802261922,0.802807379,0.002909309,0.008450851,SCGB1D2,1.802261922,ENSG00000124935
ENSG00000251463.2,1.293455803,1.147146791,0.442039574,0.002913399,0.008462106,FKBP4P1,1.147146791,ENSG00000251463
ENSG00000233040.2,0.863796755,1.722163539,0.810931957,0.002965638,0.008603657,FAM204BP,1.722163539,ENSG00000233040
ENSG00000233868.1,1.257658871,1.111711974,0.424772335,0.002969065,0.008612326,LLPHP3,1.111711974,ENSG00000233868
ENSG00000286379.1,531.1305484,1.173263437,0.461287033,0.002999789,0.008693746,AL591845.1,1.173263437,ENSG00000286379
ENSG00000255178.1,2.488064629,1.271307226,0.515196415,0.003008311,0.008714586,LINC02720,1.271307226,ENSG00000255178
ENSG00000286804.1,2.669336976,1.258232163,0.512626103,0.003018161,0.008737964,AC025871.3,1.258232163,ENSG00000286804
ENSG00000255394.4,0.946501502,3.483601832,1.362774259,0.003025969,0.008757989,C8orf49,3.483601832,ENSG00000255394
ENSG00000259565.2,1.414863602,1.227291289,0.486400297,0.003051155,0.008820484,KRT8P23,1.227291289,ENSG00000259565
ENSG00000207171.1,0.622347621,1.755832195,0.713660984,0.003059832,0.008841639,AC079926.1,1.755832195,ENSG00000207171
ENSG00000261535.1,1.430771504,1.401417589,0.586609928,0.003060048,0.008841639,AC005086.2,1.401417589,ENSG00000261535
ENSG00000167080.9,81.13702649,1.297202791,0.528895742,0.00306833,0.008861659,B4GALNT2,1.297202791,ENSG00000167080
ENSG00000287035.1,1.256884269,1.405289529,0.578846108,0.003068898,0.008862646,AC138470.2,1.405289529,ENSG00000287035
ENSG00000159247.13,172.4121855,1.005522935,0.381617446,0.003074698,0.008876135,TUBBP5,1.005522935,ENSG00000159247
ENSG00000254877.1,21.12823483,1.137162609,0.446415236,0.003119071,0.008990359,AP001636.2,1.137162609,ENSG00000254877
ENSG00000232363.1,5.484517061,1.034265584,0.39741848,0.003118843,0.008990359,AL021391.1,1.034265584,ENSG00000232363
ENSG00000154898.15,14.12466125,1.088163891,0.421754573,0.003129428,0.009014776,CCDC144CP,1.088163891,ENSG00000154898
ENSG00000279225.1,1.251333892,1.313607429,0.54088902,0.00314122,0.009042919,AC138305.3,1.313607429,ENSG00000279225
ENSG00000279512.1,1.410071759,1.481207011,0.618034624,0.003152519,0.009072123,AC011755.1,1.481207011,ENSG00000279512
ENSG00000228551.1,1.315607103,1.178047197,0.460756862,0.003167559,0.009109398,SNRPGP9,1.178047197,ENSG00000228551
ENSG00000254039.1,2.458349882,1.459591924,0.61886916,0.003182864,0.009151501,AC027801.4,1.459591924,ENSG00000254039
ENSG00000152503.10,636.3307092,1.015972494,0.389631521,0.003204879,0.009205941,TRIM36,1.015972494,ENSG00000152503
ENSG00000224698.1,1.476438332,1.65920015,0.709723118,0.003214889,0.009231321,AL390038.1,1.65920015,ENSG00000224698
ENSG00000250874.1,3.397966648,4.683841779,2.275610608,0.003223242,0.009253276,AC010595.1,4.683841779,ENSG00000250874
ENSG00000156925.12,1.963877273,1.605010018,0.710869143,0.003228356,0.009265926,ZIC3,1.605010018,ENSG00000156925
ENSG00000168634.5,2.005734566,1.547938181,0.672491732,0.003229605,0.009268158,WFDC13,1.547938181,ENSG00000168634
ENSG00000178125.14,14.05809043,1.004584542,0.38543111,0.003246168,0.009309567,PPP1R42,1.004584542,ENSG00000178125
ENSG00000224984.1,7.482869639,1.268506852,0.520217139,0.003247524,0.009312776,AL512363.1,1.268506852,ENSG00000224984
ENSG00000172421.10,2.43165305,5.015736688,0.734136313,0.003255214,0.009332105,EFCAB3,5.015736688,ENSG00000172421
ENSG00000282419.3,1.230538532,2.562388902,0.705333718,0.003259689,0.009344251,TEX13D,2.562388902,ENSG00000282419
ENSG00000205537.2,1.587359379,1.147582469,0.450265001,0.003260482,0.009345842,AC121338.1,1.147582469,ENSG00000205537
ENSG00000049247.14,5.359591047,1.163250818,0.461182374,0.003270577,0.009369992,UTS2,1.163250818,ENSG00000049247
ENSG00000230033.1,2.616651125,2.923318234,1.641475581,0.003272703,0.009375401,AC006357.1,2.923318234,ENSG00000230033
ENSG00000258773.2,0.663157768,3.540766709,1.319804337,0.003303047,0.009453366,AC087636.1,3.540766709,ENSG00000258773
ENSG00000214720.4,0.614702962,2.855603048,1.121483622,0.003304891,0.009457955,KRT18P49,2.855603048,ENSG00000214720
ENSG00000227234.2,3.021491777,2.106534571,1.07952449,0.003314511,0.009482723,SPANXB1,2.106534571,ENSG00000227234
ENSG00000110484.7,63807.90777,1.701377635,0.779177185,0.003323274,0.009502949,SCGB2A2,1.701377635,ENSG00000110484
ENSG00000254695.2,3.25302229,2.031961811,1.016745344,0.003334211,0.009529368,AC087379.2,2.031961811,ENSG00000254695
ENSG00000124237.6,3.718309404,7.890734044,1.219470064,0.003367891,0.00961723,C20orf85,7.890734044,ENSG00000124237
ENSG00000232624.8,2.215858814,4.206989184,0.573000732,0.003401868,0.009705786,LINC01517,4.206989184,ENSG00000232624
ENSG00000236527.1,1.073433945,1.451767733,0.612075876,0.003440148,0.009800766,ARF4P2,1.451767733,ENSG00000236527
ENSG00000171102.14,329.6815669,1.674545217,0.76814273,0.003465353,0.009867566,OBP2B,1.674545217,ENSG00000171102
ENSG00000230628.1,3.545782649,1.477542132,0.636114286,0.003483011,0.009909944,AL160408.3,1.477542132,ENSG00000230628
ENSG00000179455.10,49.29971442,1.589359847,0.715557359,0.003488607,0.009922993,MKRN3,1.589359847,ENSG00000179455
ENSG00000279590.1,1.097422125,1.450609254,0.61850508,0.003524289,0.010010713,AC005786.4,1.450609254,ENSG00000279590
ENSG00000258183.6,1.361045912,1.889377269,0.863554488,0.003573156,0.010136327,LINC02392,1.889377269,ENSG00000258183
ENSG00000180730.5,2371.980809,1.200371504,0.487556505,0.003584122,0.010162298,SHISA2,1.200371504,ENSG00000180730
ENSG00000233854.2,1.375601284,5.558678336,1.068769294,0.003591023,0.010179661,POU6F2-AS2,5.558678336,ENSG00000233854
ENSG00000231898.9,1.901644686,3.815367157,0.941428875,0.003595844,0.010191856,MYO3B-AS1,3.815367157,ENSG00000231898
ENSG00000241054.1,1.080849645,1.343799893,0.764618685,0.003615049,0.010238163,AL035454.1,1.343799893,ENSG00000241054
ENSG00000215812.5,2.745572311,1.4136606330000001,0.603317129,0.003624047,0.010260689,ZNF847P,1.4136606330000001,ENSG00000215812
ENSG00000199836.1,0.875528008,1.751817481,0.774078179,0.003652384,0.010330497,RNU1-47P,1.751817481,ENSG00000199836
ENSG00000258053.1,1.228448314,2.400607269,1.240510503,0.0036560299999999998,0.010338576,AC025575.2,2.400607269,ENSG00000258053
ENSG00000252027.1,1.040275422,1.317414398,0.549745761,0.003669863,0.010370226,RNU6ATAC14P,1.317414398,ENSG00000252027
ENSG00000106436.7,0.622077646,2.009251217,0.843687296,0.003672382,0.010376599,MYL10,2.009251217,ENSG00000106436
ENSG00000259910.1,0.821198957,7.108173813,1.618536652,0.003686494,0.010413477,AC120498.1,7.108173813,ENSG00000259910
ENSG00000135097.7,288.9157259,1.033707008,0.406263207,0.003696908,0.010438391,MSI1,1.033707008,ENSG00000135097
ENSG00000286151.1,2.79694367,7.762070618,1.054606061,0.003706764,0.010463212,AL732406.1,7.762070618,ENSG00000286151
ENSG00000272485.1,4.622313874,1.320972166,0.562343643,0.003709937,0.010469912,AL392183.1,1.320972166,ENSG00000272485
ENSG00000170178.7,1.879313611,1.950282394,0.946298981,0.00371554,0.010483464,HOXD12,1.950282394,ENSG00000170178
ENSG00000224153.3,4.419190495,1.097464403,0.442269362,0.003716716,0.010485277,LINC02054,1.097464403,ENSG00000224153
ENSG00000240877.3,3.065537556,1.027579508,0.401304162,0.003761984,0.010598522,RN7SL521P,1.027579508,ENSG00000240877
ENSG00000257954.1,2.300517893,1.061247671,0.41516159,0.00377426,0.010627771,AC125611.2,1.061247671,ENSG00000257954
ENSG00000180549.8,18.5053565,1.086829476,0.43413941,0.003777457,0.01063525,FUT7,1.086829476,ENSG00000180549
ENSG00000279739.1,1.463931903,2.091464761,0.993745468,0.003814574,0.010726681,AC011369.2,2.091464761,ENSG00000279739
ENSG00000180869.4,1.746159321,1.610573878,0.712627066,0.003869711,0.010862289,LINC01555,1.610573878,ENSG00000180869
ENSG00000174279.4,2.044782651,1.626098251,0.778167925,0.003881487,0.010891452,EVX2,1.626098251,ENSG00000174279
ENSG00000198062.15,2.634933961,1.568367878,0.704393732,0.003885096,0.010900023,POTEH,1.568367878,ENSG00000198062
ENSG00000284783.1,0.510023168,3.252227968,1.21782581,0.003908279,0.010954112,AC091057.4,3.252227968,ENSG00000284783
ENSG00000217315.1,0.713943013,2.927788792,1.20561884,0.003924211,0.010994843,OR2W2P,2.927788792,ENSG00000217315
ENSG00000196866.3,0.616558989,2.234178249,0.923881731,0.003934188,0.011019655,H2AC7,2.234178249,ENSG00000196866
ENSG00000236616.3,4.183827608,1.340339456,0.578890217,0.003942615,0.011038534,BAK1P2,1.340339456,ENSG00000236616
ENSG00000167011.9,1.187849092,1.778636992,0.805589503,0.003946712,0.011046193,NAT16,1.778636992,ENSG00000167011
ENSG00000267644.1,4.393764961,1.04559473,0.411667315,0.003949335,0.011051048,AC061975.7,1.04559473,ENSG00000267644
ENSG00000153789.13,11.39759721,1.134141367,0.462305727,0.003959772,0.011077888,CIBAR2,1.134141367,ENSG00000153789
ENSG00000103832.10,1.861522074,1.408072371,0.619032104,0.003966913,0.011095493,GOLGA8UP,1.408072371,ENSG00000103832
ENSG00000248840.2,2.68865214,1.013858811,0.397267523,0.003980531,0.011128036,AL645949.1,1.013858811,ENSG00000248840
ENSG00000225156.2,2.495762398,1.642289834,0.765703951,0.003985432,0.011140153,AC012354.1,1.642289834,ENSG00000225156
ENSG00000226969.1,0.84370221,1.847271757,0.836713603,0.003992251,0.011156421,AL391845.1,1.847271757,ENSG00000226969
ENSG00000267909.3,21.30414338,1.148516373,0.469340309,0.003997139,0.011168109,CCDC177,1.148516373,ENSG00000267909
ENSG00000267156.1,2.728970281,1.058092648,0.425315367,0.004018117,0.011221136,TPMTP1,1.058092648,ENSG00000267156
ENSG00000219027.2,1.63296534,1.064788882,0.425486494,0.004020664,0.011226653,RPS3AP2,1.064788882,ENSG00000219027
ENSG00000254263.1,3.421804989,1.149097176,0.476227218,0.004060877,0.011326662,AC022973.4,1.149097176,ENSG00000254263
ENSG00000181499.2,1.766125932,1.44766437,0.648275446,0.004085063,0.011386236,OR6T1,1.44766437,ENSG00000181499
ENSG00000251688.2,1.363786366,1.511323552,0.678905258,0.004103466,0.011432665,LINC02507,1.511323552,ENSG00000251688
ENSG00000186049.8,2.356786148,1.892499428,0.948393144,0.004104648,0.011435145,KRT73,1.892499428,ENSG00000186049
ENSG00000263727.1,1.440977632,1.18861429,0.488395073,0.004126715,0.011487751,AP001178.1,1.18861429,ENSG00000263727
ENSG00000115290.10,426.0687493,2.424365997,0.464026814,0.004139214,0.011520415,GRB14,2.424365997,ENSG00000115290
ENSG00000275379.2,0.523355793,4.055653484,1.496589303,0.004157703,0.011567365,H3C11,4.055653484,ENSG00000275379
ENSG00000185662.10,3.780772707,1.295704871,0.555896898,0.004190329,0.011645766,SMIM23,1.295704871,ENSG00000185662
ENSG00000240250.3,0.974207675,1.615479309,0.736599674,0.00420583,0.011684711,RN7SL541P,1.615479309,ENSG00000240250
ENSG00000236276.2,2.727055279,1.680303557,0.804368614,0.004208083,0.011686837,NDP-AS1,1.680303557,ENSG00000236276
ENSG00000257137.7,1.036720655,1.595223754,0.721637319,0.00423244,0.011747839,LINC02874,1.595223754,ENSG00000257137
ENSG00000171903.16,425.5893257,1.195964601,0.499764696,0.004234771,0.011752649,CYP4F11,1.195964601,ENSG00000171903
ENSG00000265787.2,17.22770941,1.009890369,0.402349917,0.004277405,0.01185197,CYP4F35P,1.009890369,ENSG00000265787
ENSG00000254294.1,2.445476934,1.004101334,0.394300151,0.004277498,0.01185197,IMPDH1P6,1.004101334,ENSG00000254294
ENSG00000286179.1,6.176247264,1.085918893,0.441320088,0.004286926,0.011875581,AL139351.2,1.085918893,ENSG00000286179
ENSG00000233719.4,3.276327657,1.067427071,0.43167215,0.004305861,0.011919628,GOT2P3,1.067427071,ENSG00000233719
ENSG00000257241.1,1.436700806,1.500369808,0.669104041,0.00430631,0.011920032,AC078922.1,1.500369808,ENSG00000257241
ENSG00000223387.6,13.63553914,1.112969899,0.455260367,0.004307424,0.011922275,LINC02068,1.112969899,ENSG00000223387
ENSG00000265646.2,1.688438307,1.389914382,0.613121932,0.00433718,0.011995339,TUFMP1,1.389914382,ENSG00000265646
ENSG00000236289.4,3.640014557,1.081457994,0.439094138,0.004353078,0.012037612,GACAT3,1.081457994,ENSG00000236289
ENSG00000203446.2,11.83654236,1.085953953,0.442440216,0.00435512,0.01203987,SUGCT-AS1,1.085953953,ENSG00000203446
ENSG00000134640.3,1.098252903,4.681362121,1.336385853,0.004387064,0.012118798,MTNR1B,4.681362121,ENSG00000134640
ENSG00000260156.1,1.58113002,1.218048794,0.511644232,0.004398416,0.012143326,AC020763.1,1.218048794,ENSG00000260156
ENSG00000196350.9,14.23971887,1.448234131,0.655231139,0.004417689,0.012190537,ZNF729,1.448234131,ENSG00000196350
ENSG00000231715.1,1.099747767,1.313636372,0.559727663,0.004423497,0.012203522,COX6CP2,1.313636372,ENSG00000231715
ENSG00000228159.2,1.033634243,6.842688119,2.883000529,0.004433155,0.012227205,LINC01674,6.842688119,ENSG00000228159
ENSG00000286785.1,6.557768286,1.1909938900000001,0.500639077,0.00445804,0.012287214,LINC01622,1.1909938900000001,ENSG00000286785
ENSG00000253258.1,1.020243312,2.076286697,0.9814263,0.004475942,0.012329634,AC068228.1,2.076286697,ENSG00000253258
ENSG00000251273.4,4.37583851,4.763637668,0.753316329,0.004489801,0.012362591,LINC02228,4.763637668,ENSG00000251273
ENSG00000256385.1,0.709510572,1.448915481,0.652827548,0.004507777,0.012404893,UBE2NP1,1.448915481,ENSG00000256385
ENSG00000175336.10,32.75408384,1.216010491,0.516728067,0.004510878,0.012411076,APOF,1.216010491,ENSG00000175336
ENSG00000250310.2,1.49760604,1.596476846,0.738907853,0.00453184,0.012460021,AC006487.2,1.596476846,ENSG00000250310
ENSG00000261294.1,2.241228611,2.332319563,0.938365033,0.004544902,0.012492439,AC120498.6,2.332319563,ENSG00000261294
ENSG00000244332.1,0.743514617,1.907312506,0.825793631,0.004571682,0.012556385,AL138759.1,1.907312506,ENSG00000244332
ENSG00000230849.2,3.801098674,1.12256143,0.47001174,0.004577552,0.012570748,GOT2P2,1.12256143,ENSG00000230849
ENSG00000267526.1,1.069783115,1.5972564,0.714651345,0.004582814,0.01258344,AC005702.2,1.5972564,ENSG00000267526
ENSG00000287786.1,0.886502431,1.629691213,0.763735835,0.004597197,0.012615877,AC113615.2,1.629691213,ENSG00000287786
ENSG00000196844.9,2.588962349,1.264068281,0.550393403,0.004601633,0.012626287,PATE2,1.264068281,ENSG00000196844
ENSG00000184560.8,0.665880975,2.030459355,0.916154011,0.004614095,0.012656061,SPEM2,2.030459355,ENSG00000184560
ENSG00000120251.21,327.9695468,3.305186109,0.639386132,0.00466812,0.0127855,GRIA2,3.305186109,ENSG00000120251
ENSG00000267567.1,1.787239458,1.05181041,0.431194127,0.004672294,0.012794256,AC008736.2,1.05181041,ENSG00000267567
ENSG00000250563.1,1.050641369,4.571615065,1.40936461,0.004683554,0.012821513999999999,KNOP1P5,4.571615065,ENSG00000250563
ENSG00000229028.2,14.21417798,2.786190144,0.625542328,0.004691136,0.012836009,KRT223P,2.786190144,ENSG00000229028
ENSG00000212901.4,1.498698633,1.608653648,0.746250019,0.004728587,0.012927678,KRTAP3-1,1.608653648,ENSG00000212901
ENSG00000228928.1,1.199407067,5.965147209,0.907091427,0.004758437,0.013001142,KPNA2P2,5.965147209,ENSG00000228928
ENSG00000261481.1,1.908019775,1.437591225,0.669294504,0.004770071,0.013032024,AC022167.4,1.437591225,ENSG00000261481
ENSG00000251537.4,5.184463189,1.141086538,0.481203573,0.004812481,0.0131351,AC005324.2,1.141086538,ENSG00000251537
ENSG00000121853.4,0.949672952,2.296948349,1.108229249,0.004844261,0.013212661,GHSR,2.296948349,ENSG00000121853
ENSG00000266036.1,1.5685110309999999,1.370949137,0.617891141,0.004862093,0.013254856,AC016888.1,1.370949137,ENSG00000266036
ENSG00000254948.1,0.893781229,1.844508049,0.814410223,0.004910974,0.013370483,OR7E158P,1.844508049,ENSG00000254948
ENSG00000230191.1,5.243853196,1.119796857,0.468553072,0.004913233,0.01337478,IFITM3P4,1.119796857,ENSG00000230191
ENSG00000226423.1,2.525424604,1.809024361,0.92515927,0.004920721,0.013391451,AC093642.1,1.809024361,ENSG00000226423
ENSG00000144130.11,2.832242701,1.394078289,0.63011984,0.004931037,0.013414879,NT5DC4,1.394078289,ENSG00000144130
ENSG00000274944.4,1.670058113,1.07545417,0.444151767,0.004944445,0.01344577,AL139260.3,1.07545417,ENSG00000274944
ENSG00000267466.1,6.764313067,1.214115187,0.266165963,0.004989706,0.013552901,AC021683.1,1.214115187,ENSG00000267466
ENSG00000204603.7,11.55345614,1.193340808,0.512604533,0.005004446,0.013587302,LINC01257,1.193340808,ENSG00000204603
ENSG00000229465.1,1.515533966,1.012447778,0.411955531,0.005021588,0.013622731,ACTG1P11,1.012447778,ENSG00000229465
ENSG00000184210.6,3.199255118,1.17643766,0.496108252,0.005078655,0.013765948,DGAT2L6,1.17643766,ENSG00000184210
ENSG00000174792.11,4.399230809,1.007161514,0.411530217,0.005084538,0.013779991,ODAPH,1.007161514,ENSG00000174792
ENSG00000255427.1,3.956162883,1.345280714,0.600308428,0.005096188,0.013807757,LINC02707,1.345280714,ENSG00000255427
ENSG00000184956.16,1960.159589,1.478556622,0.691730539,0.005096683,0.013808146,MUC6,1.478556622,ENSG00000184956
ENSG00000256870.3,69.16491963,1.512063896,0.72020044,0.005111713,0.013842764,SLC5A8,1.512063896,ENSG00000256870
ENSG00000253653.1,1.775024239,1.214263101,0.525630619,0.005146638,0.013926197,AC009185.1,1.214263101,ENSG00000253653
ENSG00000253366.3,3.566993765,1.714939917,0.865397579,0.005162663,0.01396475,GUSBP16,1.714939917,ENSG00000253366
ENSG00000128683.14,35.39846925,2.198248703,0.428374344,0.00520382,0.014063488,GAD1,2.198248703,ENSG00000128683
ENSG00000269012.2,0.859820336,1.613911053,0.753339377,0.005245966,0.014163748,KRT18P40,1.613911053,ENSG00000269012
ENSG00000257924.1,2.570688272,1.333160756,0.60268201,0.005300689,0.014291852,LINC02416,1.333160756,ENSG00000257924
ENSG00000222038.4,3.746090994,3.150282319,0.456032072,0.005307442,0.014308096,POTEJ,3.150282319,ENSG00000222038
ENSG00000276740.1,2.915728093,1.268452294,0.568654582,0.005333148,0.014367535,AL445649.1,1.268452294,ENSG00000276740
ENSG00000200525.1,2.127060889,1.244398243,0.557159569,0.005344434,0.014394974,RNU6-1209P,1.244398243,ENSG00000200525
ENSG00000261359.2,0.936413348,1.406556838,0.639721516,0.005350117,0.014407321,PYCARD-AS1,1.406556838,ENSG00000261359
ENSG00000268038.3,4.270904633,1.192092153,0.747968559,0.005350491,0.01440734,LINC01785,1.192092153,ENSG00000268038
ENSG00000189013.14,7.098654935,1.038981874,0.433740386,0.005368477,0.014451809,KIR2DL4,1.038981874,ENSG00000189013
ENSG00000226789.1,1.250983378,1.038849677,0.430112978,0.00536984,0.014454487,WBP11P2,1.038849677,ENSG00000226789
ENSG00000276747.1,1.389167564,1.29151682,0.604912616,0.005381696,0.014484416,PADI6,1.29151682,ENSG00000276747
ENSG00000253562.1,1.067594794,1.252504242,0.545715207,0.005391926,0.014508968,AC107909.2,1.252504242,ENSG00000253562
ENSG00000217653.1,1.159749273,1.203521452,0.529356052,0.005393143,0.014511248,PIMREGP3,1.203521452,ENSG00000217653
ENSG00000286543.1,1.127583814,1.431552698,0.68357271,0.0054372,0.014615777,AC138409.3,1.431552698,ENSG00000286543
ENSG00000157335.21,0.940395576,1.830104804,0.889527941,0.005442877,0.014629037,CLEC18C,1.830104804,ENSG00000157335
ENSG00000168135.4,1.063940637,1.849334815,0.917545045,0.00544467,0.014632854,KCNJ4,1.849334815,ENSG00000168135
ENSG00000257178.5,9.213480207,1.084153016,0.458723585,0.005446023,0.014634924,AC103702.1,1.084153016,ENSG00000257178
ENSG00000253573.2,2.2174319,1.048311009,0.444556713,0.005452234,0.014649174,AC024382.1,1.048311009,ENSG00000253573
ENSG00000236846.1,3.385535875,1.078133895,0.456255464,0.005461897,0.014670119,AL359979.2,1.078133895,ENSG00000236846
ENSG00000288083.1,0.698026716,1.942442905,0.885503514,0.005475409,0.0147044,AL121888.2,1.942442905,ENSG00000288083
ENSG00000230533.4,9.624326281,1.320046724,0.601462966,0.005511522,0.014791272,AL356234.2,1.320046724,ENSG00000230533
ENSG00000254364.1,0.881258692,1.86040838,0.908423104,0.005530617,0.014837448,AP000424.2,1.86040838,ENSG00000254364
ENSG00000250933.1,1.011602213,1.391789233,0.640361813,0.005542823,0.014866465,GAPDHP66,1.391789233,ENSG00000250933
ENSG00000254401.2,2.964517245,1.040935448,0.435097104,0.005575136,0.014942597,LINC02752,1.040935448,ENSG00000254401
ENSG00000239944.1,1.428860013,1.305498212,0.599373343,0.005600675,0.015003881,TRBV8-2,1.305498212,ENSG00000239944
ENSG00000214803.3,2.475934068,1.015706664,0.423543358,0.005627017,0.01506623,AC090921.1,1.015706664,ENSG00000214803
ENSG00000276048.1,1.390955586,1.708511171,1.039678476,0.005637796,0.015088921,AC012354.4,1.708511171,ENSG00000276048
ENSG00000255649.2,2.060327338,1.224298953,0.544118973,0.005647672,0.015111234,AC008114.1,1.224298953,ENSG00000255649
ENSG00000268080.2,5.717914608,1.727279905,0.918347449,0.005658024,0.015136871999999999,AC016885.3,1.727279905,ENSG00000268080
ENSG00000231550.1,5.802707865,1.677014866,0.434974746,0.005790153,0.015440933,PTCHD3P2,1.677014866,ENSG00000231550
ENSG00000149635.3,2.149200372,1.502092375,0.715088165,0.005796236,0.015454116,OCSTAMP,1.502092375,ENSG00000149635
ENSG00000264451.1,0.876533661,2.798822042,1.301388534,0.005827928,0.01553218,AC036222.1,2.798822042,ENSG00000264451
ENSG00000235005.1,1.685204637,1.434116107,0.670628856,0.005924284,0.015767587,AL450468.1,1.434116107,ENSG00000235005
ENSG00000277883.1,3.488111326,1.062374484,0.450942448,0.005999357,0.015951183,NLRP3P1,1.062374484,ENSG00000277883
ENSG00000263312.1,0.835359388,1.758829981,0.925647129,0.006000897,0.015954199,LINC01975,1.758829981,ENSG00000263312
ENSG00000263787.1,2.445398611,1.157057244,0.511212894,0.006011901,0.015978047,SKAP1-AS1,1.157057244,ENSG00000263787
ENSG00000283283.2,1.417418697,1.266781055,0.560764555,0.006044084,0.016057062,AC013268.4,1.266781055,ENSG00000283283
ENSG00000114487.10,1.038190927,3.349438802,0.483327009,0.006051203,0.016074888,MORC1,3.349438802,ENSG00000114487
ENSG00000253658.6,3.361952617,1.313308976,0.606795792,0.006054133,0.016081586,LINC01592,1.313308976,ENSG00000253658
ENSG00000278342.1,0.773616678,1.494348408,0.729243954,0.006069975,0.016120396,AL133373.2,1.494348408,ENSG00000278342
ENSG00000232715.1,0.708359862,2.46127978,1.091721741,0.006080242,0.016142205,LINC01022,2.46127978,ENSG00000232715
ENSG00000213025.2,30.49084688,1.238167372,0.560166686,0.006111255,0.016213585,COX20P1,1.238167372,ENSG00000213025
ENSG00000283973.2,2.039512348,1.181150968,0.524553071,0.006118069,0.016227278,AC099795.1,1.181150968,ENSG00000283973
ENSG00000250504.2,0.517836362,2.605574939,1.105042335,0.00614244,0.016285322,KRT18P51,2.605574939,ENSG00000250504
ENSG00000224090.1,7.052338193,1.142308114,0.499410056,0.006170293,0.016347031,AC097468.1,1.142308114,ENSG00000224090
ENSG00000140284.11,858.0075892,1.082070428,0.464988081,0.006177831,0.016364795,SLC27A2,1.082070428,ENSG00000140284
ENSG00000273267.1,1.782936679,1.439899616,0.705271892,0.006215608,0.016455987,AC097381.3,1.439899616,ENSG00000273267
ENSG00000253768.1,301.5224192,1.32174496,0.614986981,0.006225914,0.016481052,AC008663.1,1.32174496,ENSG00000253768
ENSG00000239096.1,1.452584608,1.154902311,0.509379739,0.00626619,0.016573152,AC090425.1,1.154902311,ENSG00000239096
ENSG00000225724.1,1.308536464,1.283626355,0.589302888,0.006320895,0.016697603,ASH2LP3,1.283626355,ENSG00000225724
ENSG00000175509.8,1.761309089,1.292489397,0.61528006,0.006476633,0.017063111,ACRP1,1.292489397,ENSG00000175509
ENSG00000224260.6,2.775475624,1.565773558,0.80354153,0.006519413,0.017156257,AL023754.1,1.565773558,ENSG00000224260
ENSG00000260318.1,47.39334833,3.398902745,0.607300823,0.006530458,0.01718187,COX6CP1,3.398902745,ENSG00000260318
ENSG00000264860.1,0.619128603,1.802654309,0.859471316,0.006531557,0.017182461,AC097641.1,1.802654309,ENSG00000264860
ENSG00000287391.1,2.330618588,4.889970214,1.86349243,0.006582391,0.017301129,AC103871.1,4.889970214,ENSG00000287391
ENSG00000185823.5,0.773034502,1.096827838,0.739964566,0.006683236,0.017525148,NPAP1,1.096827838,ENSG00000185823
ENSG00000260648.3,0.629940946,1.648370684,0.797484633,0.006757371,0.017698144,AC020658.3,1.648370684,ENSG00000260648
ENSG00000259341.2,10.71505927,1.92450567,0.312953218,0.006763013,0.017705978,AC015660.1,1.92450567,ENSG00000259341
ENSG00000233508.3,74.98066884,1.099716334,0.484465471,0.006771676,0.017726295,AL021395.1,1.099716334,ENSG00000233508
ENSG00000204949.9,6.02984472,1.97413181,0.515493867,0.006813004,0.017822604,FAM83A-AS1,1.97413181,ENSG00000204949
ENSG00000251081.1,1.039841923,4.395382281,1.935485947,0.006831862,0.017864799,AC104663.1,4.395382281,ENSG00000251081
ENSG00000263740.2,5.01756558,1.044472362,0.456697601,0.006851075,0.017909077,RN7SL4P,1.044472362,ENSG00000263740
ENSG00000227913.1,0.87331772,1.372905336,0.657207002,0.006880777,0.01797715,KRT8P44,1.372905336,ENSG00000227913
ENSG00000234174.1,1.510802829,1.153672098,0.50418237,0.006883931,0.017982999,AC016683.1,1.153672098,ENSG00000234174
ENSG00000248903.1,1.017958498,1.864638948,0.981832912,0.006893153,0.018002302,AP000867.1,1.864638948,ENSG00000248903
ENSG00000259508.1,0.791038024,4.550371165,1.748187113,0.006905941,0.018033301,AL132801.1,4.550371165,ENSG00000259508
ENSG00000169551.13,1.028010583,1.116801153,0.489920817,0.006909541,0.018039106,CT55,1.116801153,ENSG00000169551
ENSG00000204195.4,2.802420536,4.81001019,0.658720774,0.006920749,0.018064764,AWAT1,4.81001019,ENSG00000204195
ENSG00000155495.9,2.331308501,3.346624095,0.780079717,0.00693931,0.0181084,MAGEC1,3.346624095,ENSG00000155495
ENSG00000259361.7,0.667199636,1.658048163,0.789797027,0.006958158,0.01815035,LINC00927,1.658048163,ENSG00000259361
ENSG00000227965.1,0.866409632,1.628002269,0.94140312,0.006976535,0.018189831,AC098592.2,1.628002269,ENSG00000227965
ENSG00000242048.3,3.80373467,1.033934751,0.448733546,0.006985047,0.018209607,AC093583.1,1.033934751,ENSG00000242048
ENSG00000128610.12,1.693686671,3.60715035,0.857589369,0.006994642,0.018230992,FEZF1,3.60715035,ENSG00000128610
ENSG00000259518.2,0.891184865,1.29469818,0.629729551,0.006998602,0.018237685,LINC01583,1.29469818,ENSG00000259518
ENSG00000275655.1,1.768325856,1.132093897,0.498660766,0.007052615,0.01835895,RN7SL313P,1.132093897,ENSG00000275655
ENSG00000233975.1,2.990482436,1.260650004,0.590652976,0.007073005,0.01840593,LINC02574,1.260650004,ENSG00000233975
ENSG00000254672.1,1.803384002,1.19236862,0.54806068,0.007131311,0.018536784,AL136146.1,1.19236862,ENSG00000254672
ENSG00000171722.13,32.62217758,1.023254247,0.444219463,0.007161175,0.018604564,SPATA46,1.023254247,ENSG00000171722
ENSG00000264177.1,1.160653955,3.627882645,0.718344268,0.007170513,0.018625126999999998,AL353997.2,3.627882645,ENSG00000264177
ENSG00000241204.1,2.365469587,1.395614492,0.698490641,0.007190643,0.018670007,AC022730.2,1.395614492,ENSG00000241204
ENSG00000237861.1,2.151216847,1.003909722,0.433446466,0.007201342,0.018691611,AL513325.1,1.003909722,ENSG00000237861
ENSG00000258863.1,0.527123144,1.94696255,0.904410176,0.007212542,0.018715733,SETP1,1.94696255,ENSG00000258863
ENSG00000187021.15,1.168379922,1.499440521,0.75756735,0.007224024,0.018740576,PNLIPRP1,1.499440521,ENSG00000187021
ENSG00000258927.2,1.178946347,1.661202625,0.866372538,0.007236542,0.018766854,AL133467.2,1.661202625,ENSG00000258927
ENSG00000272071.1,0.932001633,1.245394036,0.568407082,0.007257594,0.018813999,AC122710.2,1.245394036,ENSG00000272071
ENSG00000278292.1,0.634160046,2.088427856,0.964102036,0.007285983,0.018882607,RFPL4AP6,2.088427856,ENSG00000278292
ENSG00000255523.1,0.724170073,2.173542124,1.039398861,0.007291296,0.018892637,AP001652.1,2.173542124,ENSG00000255523
ENSG00000249493.1,0.75012098,1.280331667,0.600243753,0.007346498,0.019021034,ANKRD20A18P,1.280331667,ENSG00000249493
ENSG00000287158.1,4.440520654,5.004389578,0.753486021,0.007433925,0.019218409,AC117464.1,5.004389578,ENSG00000287158
ENSG00000267141.1,4.328046789,1.058940682,0.471095046,0.007434145,0.019218409,AC012615.4,1.058940682,ENSG00000267141
ENSG00000113302.5,11.40643962,1.084038285,0.483979809,0.007499136,0.019358395,IL12B,1.084038285,ENSG00000113302
ENSG00000279271.1,0.94823531,1.486227053,0.764247893,0.007509375,0.019381006,AP006248.2,1.486227053,ENSG00000279271
ENSG00000168070.12,8.148232046,1.225443134,0.572733834,0.007544919,0.019462323,MAJIN,1.225443134,ENSG00000168070
ENSG00000248150.1,1.92484841,1.39335045,0.689278424,0.007549849,0.019472671,LINC02150,1.39335045,ENSG00000248150
ENSG00000114757.19,68.68082846,2.288430107,0.38693231,0.007633418,0.019658529,PEX5L,2.288430107,ENSG00000114757
ENSG00000267044.1,0.993694786,1.158095826,0.519589108,0.00764002,0.019674241,AC005757.1,1.158095826,ENSG00000267044
ENSG00000250635.1,1.224753268,1.191765911,0.5585066,0.007679098,0.019765803,CXXC5-AS1,1.191765911,ENSG00000250635
ENSG00000259230.1,2.051345325,1.9744359,0.396275565,0.007784397,0.020001456,LINC02323,1.9744359,ENSG00000259230
ENSG00000225886.3,24.80649348,1.032347585,0.457039633,0.007792203,0.020017585,AL445490.1,1.032347585,ENSG00000225886
ENSG00000159224.4,0.929458441,2.292985074,1.22740893,0.007800908,0.020036015,GIP,2.292985074,ENSG00000159224
ENSG00000197437.4,1.069861135,1.536663932,0.744976689,0.007823725,0.020086974,OR13G1,1.536663932,ENSG00000197437
ENSG00000183036.11,31.51635598,1.12629328,0.515035236,0.007847284,0.020135383,PCP4,1.12629328,ENSG00000183036
ENSG00000118733.17,0.970853727,2.987664092,0.891457916,0.007855657,0.020150285,OLFM3,2.987664092,ENSG00000118733
ENSG00000280147.1,0.915424884,7.146660168,1.175610663,0.007900141,0.020251167,AC084026.3,7.146660168,ENSG00000280147
ENSG00000224669.1,0.605952707,1.858467416,0.890416694,0.007899872,0.020251167,AC016769.2,1.858467416,ENSG00000224669
ENSG00000251087.3,2.842114296,1.215183921,0.567372474,0.007905423,0.020262064,ALG1L3P,1.215183921,ENSG00000251087
ENSG00000235091.2,1.994319033,1.463406036,0.76597381,0.007922696,0.020299712,BX324167.1,1.463406036,ENSG00000235091
ENSG00000253174.2,1.276185155,1.310372199,0.631420884,0.007959394,0.020381777,AC009630.2,1.310372199,ENSG00000253174
ENSG00000205449.11,1.136789931,1.758680758,0.934135479,0.007991177,0.020447169,NBPF22P,1.758680758,ENSG00000205449
ENSG00000285709.1,0.781106468,1.583121383,0.745376105,0.00800031,0.020466539,AL592164.2,1.583121383,ENSG00000285709
ENSG00000236303.4,1.037323909,1.505769409,0.805379465,0.008017453,0.020507724,LINC02646,1.505769409,ENSG00000236303
ENSG00000261634.4,5.953637133,1.062438193,0.476371793,0.008102408,0.020698075,AC026992.2,1.062438193,ENSG00000261634
ENSG00000227634.3,2.503617577,1.447714929,0.745716283,0.008104424,0.020701878,LINC01714,1.447714929,ENSG00000227634
ENSG00000163060.8,6.793833377,1.885563266,0.489763191,0.008200937,0.020924595,TEKT4,1.885563266,ENSG00000163060
ENSG00000238178.7,123.3893206,1.060084618,0.478860311,0.008332666,0.021209048,AC078993.1,1.060084618,ENSG00000238178
ENSG00000288059.1,2.771905981,1.146988676,0.532397464,0.008356404,0.021259825,AL445213.2,1.146988676,ENSG00000288059
ENSG00000237139.1,1.79362235,1.237980751,0.598222653,0.00836848,0.021287791,RPS26P41,1.237980751,ENSG00000237139
ENSG00000128310.3,0.798285529,1.301852199,0.647443883,0.008422807,0.021417669,GALR3,1.301852199,ENSG00000128310
ENSG00000221867.9,28.43005707,6.812380697,2.318105583,0.008502921,0.021597618,MAGEA3,6.812380697,ENSG00000221867
ENSG00000110680.13,1.907440729,2.764766398,0.602224545,0.008508642,0.021607958,CALCA,2.764766398,ENSG00000110680
ENSG00000081138.14,33.83735168,1.301368578,0.647475993,0.008549744,0.021696908,CDH7,1.301368578,ENSG00000081138
ENSG00000278840.1,3.189108725,1.17231818,0.551350882,0.008550581,0.02169763,AC009878.1,1.17231818,ENSG00000278840
ENSG00000277241.1,1.813353677,3.551529328,0.892851614,0.008581055,0.021770742,AC026355.4,3.551529328,ENSG00000277241
ENSG00000150361.12,1.760032883,8.758808547,1.374459789,0.008612139,0.021838321,KLHL1,8.758808547,ENSG00000150361
ENSG00000236993.2,2.3743444,1.101117815,0.517222212,0.008611643,0.021838321,GAPDHP21,1.101117815,ENSG00000236993
ENSG00000286662.2,1.849604844,3.064795108,0.687358742,0.008642322,0.0219092,AC087894.3,3.064795108,ENSG00000286662
ENSG00000251045.1,1.25682409,2.030218309,1.220102544,0.008650053,0.021925498,SLC25A48-AS1,2.030218309,ENSG00000251045
ENSG00000116996.9,0.65518346,3.750666374,0.910126634,0.008667333,0.021964101,ZP4,3.750666374,ENSG00000116996
ENSG00000258039.2,0.736044283,1.514943465,0.751210135,0.008671893,0.021974241,AC117377.1,1.514943465,ENSG00000258039
ENSG00000215349.2,1.956422122,1.01492608,0.451443098,0.008706847,0.022052855,MRPL3P1,1.01492608,ENSG00000215349
ENSG00000233191.2,5.081990715,1.013054928,0.454051656,0.008737562,0.022123518,AC006372.2,1.013054928,ENSG00000233191
ENSG00000179023.8,979.4975319,1.043075769,0.47375601,0.008787266,0.02222788,KLHDC7A,1.043075769,ENSG00000179023
ENSG00000244748.3,1.44760923,1.270079285,0.61433501,0.008797032,0.022245422,RN7SL153P,1.270079285,ENSG00000244748
ENSG00000250740.1,6.861436308,1.004287876,0.449459046,0.008804632,0.022260341,AC109361.2,1.004287876,ENSG00000250740
ENSG00000215007.3,2.291362982,1.16884132,0.552141156,0.008831628,0.022322847,DNAJA1P3,1.16884132,ENSG00000215007
ENSG00000124302.13,365.0431196,1.021327149,0.459507256,0.008832991,0.022324559,CHST8,1.021327149,ENSG00000124302
ENSG00000225172.6,0.773131001,1.704855509,0.916640178,0.008966153,0.022620663,AC096631.1,1.704855509,ENSG00000225172
ENSG00000284630.1,3.122739127,1.0350306440000001,0.470798802,0.009001542,0.022699741,AP000553.5,1.0350306440000001,ENSG00000284630
ENSG00000228933.8,4.317411659,1.353798907,0.695869688,0.009006712,0.02270549,AC107419.1,1.353798907,ENSG00000228933
ENSG00000228044.3,9.367040541,2.631002252,0.58586844,0.009040471,0.022780362,AL160408.1,2.631002252,ENSG00000228044
ENSG00000279817.1,1.598055488,1.014140302,0.453612994,0.009041357,0.022781134,AC073911.2,1.014140302,ENSG00000279817
ENSG00000253291.1,1.700291945,1.341356472,0.673803699,0.009062438,0.022825513,TRBV7-7,1.341356472,ENSG00000253291
ENSG00000288111.1,1.359790528,1.351378785,0.678801946,0.009090845,0.022892613,AC130888.1,1.351378785,ENSG00000288111
ENSG00000280890.1,0.831175831,1.241669964,0.592770199,0.00910352,0.022915716,ELDR,1.241669964,ENSG00000280890
ENSG00000286900.1,2.070097743,1.109762118,0.514254687,0.009106843,0.022919675,AL590235.2,1.109762118,ENSG00000286900
ENSG00000287164.1,1.0320258,1.269021324,0.6166052,0.009111146,0.022929036,AC112254.1,1.269021324,ENSG00000287164
ENSG00000266954.1,0.656055329,1.408762089,0.68767742,0.009265004,0.023275975,AP001010.1,1.408762089,ENSG00000266954
ENSG00000224273.2,0.960033769,1.280340119,0.619416209,0.009265616,0.023276025,AC005077.2,1.280340119,ENSG00000224273
ENSG00000274541.1,1.473277118,1.731636733,1.019588097,0.009266735,0.023277346,AL121955.1,1.731636733,ENSG00000274541
ENSG00000232722.3,1.816552993,1.76745741,1.177927989,0.009293513,0.023331184,MROH4P,1.76745741,ENSG00000232722
ENSG00000174156.15,6.16724782,2.502307314,0.703166578,0.009309551,0.023366967,GSTA3,2.502307314,ENSG00000174156
ENSG00000226812.2,0.782061744,3.423556234,1.075471409,0.009315068,0.023377827,AL117382.1,3.423556234,ENSG00000226812
ENSG00000156687.11,4.076016716,1.116246332,0.479422787,0.009346718,0.023442282,UNC5D,1.116246332,ENSG00000156687
ENSG00000171564.12,81.13951828,4.767017943,0.86217273,0.009393413,0.023544366,FGB,4.767017943,ENSG00000171564
ENSG00000286380.1,1.411878307,1.330103548,0.678270154,0.009397395,0.023552844,AC084864.2,1.330103548,ENSG00000286380
ENSG00000227972.1,2.47226175,1.05226722,0.483275386,0.00942191,0.023602985,THAP12P3,1.05226722,ENSG00000227972
ENSG00000267406.1,1.562373976,1.250184978,0.615537212,0.009431127,0.023623822,AC011509.1,1.250184978,ENSG00000267406
ENSG00000272583.1,4.260398122,1.149026051,0.547352034,0.009483872,0.023733242,AL592494.2,1.149026051,ENSG00000272583
ENSG00000185306.13,6.595198837,2.568529443,0.563070545,0.009495284,0.02375726,C12orf56,2.568529443,ENSG00000185306
ENSG00000280217.1,4.296360048,3.3140071,0.485247972,0.009539768,0.023856404,AC126564.1,3.3140071,ENSG00000280217
ENSG00000266357.6,1.139235345,3.003151622,1.661986201,0.00963776,0.024069278,LINC02074,3.003151622,ENSG00000266357
ENSG00000198535.5,124.7246794,1.130302228,0.540081289,0.009660556,0.024112414,C2CD4A,1.130302228,ENSG00000198535
ENSG00000161609.10,8.097763952,1.154327884,0.55626814,0.009668338,0.024128772,KASH5,1.154327884,ENSG00000161609
ENSG00000286759.1,0.963957396,1.481102535,0.802281613,0.009670263,0.024132042,AC092718.9,1.481102535,ENSG00000286759
ENSG00000266579.1,1.679030452,1.064983916,0.499510136,0.009678397,0.024150808,FO680682.1,1.064983916,ENSG00000266579
ENSG00000056291.17,24.37791595,1.106006658,0.523469197,0.009736522,0.024277342,NPFFR2,1.106006658,ENSG00000056291
ENSG00000234918.1,496.6168638,1.128347455,0.540762696,0.009808474,0.024435037,AL157387.1,1.128347455,ENSG00000234918
ENSG00000226779.1,1.170453581,1.207065254,0.573062025,0.00982748,0.024476175,NAALADL2-AS2,1.207065254,ENSG00000226779
ENSG00000252297.1,1.381398555,1.626138618,0.916523378,0.00986222,0.024558028,RNU6-875P,1.626138618,ENSG00000252297
ENSG00000278893.1,3.214967187,1.148892244,0.548524238,0.009873124,0.024580505,AC010533.1,1.148892244,ENSG00000278893
ENSG00000245526.11,5.763762106,1.263961772,0.643475747,0.009929694,0.024706592,LINC00461,1.263961772,ENSG00000245526
ENSG00000211816.2,2.11621019,1.152498426,0.55088501,0.009995225,0.024840413,TRAV38-1,1.152498426,ENSG00000211816
ENSG00000184357.5,5.401940751,1.037851808,0.483777915,0.010030382,0.024918328,H1-5,1.037851808,ENSG00000184357
ENSG00000287630.1,1.35671696,1.703421568,1.303577187,0.010045181,0.024947205,AC011370.1,1.703421568,ENSG00000287630
ENSG00000265443.1,1.710907195,1.056044224,0.494278033,0.010107276,0.025072887,AC127024.3,1.056044224,ENSG00000265443
ENSG00000196431.4,3.308527133,2.414108904,0.456828874,0.010192202,0.025250077,CRYBA4,2.414108904,ENSG00000196431
ENSG00000230489.1,3.03675886,1.076029898,0.514436424,0.010247539,0.025372768,VAV3-AS1,1.076029898,ENSG00000230489
ENSG00000267709.1,2.353464998,1.387749675,0.759660166,0.010464993,0.025850894,AC024592.2,1.387749675,ENSG00000267709
ENSG00000118702.9,15.28763217,1.550235836,0.929277203,0.010507553,0.025939717,GHRH,1.550235836,ENSG00000118702
ENSG00000279847.3,1.408094178,4.098247138,1.048792682,0.010510703,0.025942601,C8orf87,4.098247138,ENSG00000279847
ENSG00000254271.1,5.038706919,1.061976419,0.504580805,0.010553142,0.026037025,ANK3-DT,1.061976419,ENSG00000254271
ENSG00000235207.1,1.141741079,1.171651579,0.577073365,0.010564669,0.026061064,TUBBP6,1.171651579,ENSG00000235207
ENSG00000277311.1,1.755457887,1.473142243,0.824944449,0.010729265,0.026432237,AC012354.7,1.473142243,ENSG00000277311
ENSG00000252200.1,0.596103937,1.364759357,0.698338729,0.010780945,0.026542177,AC243964.2,1.364759357,ENSG00000252200
ENSG00000204110.6,2.69170198,1.219553306,0.613875019,0.010810178,0.026599876,LINC02520,1.219553306,ENSG00000204110
ENSG00000287682.1,3.023199582,1.383685603,0.763357559,0.010830285,0.026644346,AC020651.2,1.383685603,ENSG00000287682
ENSG00000231882.1,1.057008192,1.155003332,0.555113083,0.010862977,0.026714735,F10-AS1,1.155003332,ENSG00000231882
ENSG00000182351.7,0.952198181,1.319625011,0.779806117,0.010873508,0.026735613,CRIP1P4,1.319625011,ENSG00000182351
ENSG00000287961.1,0.956066715,1.659692467,0.955475006,0.010877339,0.026741685,AC020911.3,1.659692467,ENSG00000287961
ENSG00000262412.1,1.230257622,1.043958687,0.48600358,0.010941919,0.026871864,AL160291.1,1.043958687,ENSG00000262412
ENSG00000165973.19,20.47327528,1.40859998,0.793548059,0.010959825,0.026912475,NELL1,1.40859998,ENSG00000165973
ENSG00000261687.1,1.30879758,1.337360935,0.704930156,0.0110416,0.027091264,AC068724.1,1.337360935,ENSG00000261687
ENSG00000243020.1,1.167126443,1.094293778,0.515501846,0.011048605,0.027103372,RPL7P39,1.094293778,ENSG00000243020
ENSG00000233014.1,2.460975893,1.333998568,0.709676053,0.011059943,0.027129491,TBC1D3P7,1.333998568,ENSG00000233014
ENSG00000229511.1,0.869505599,1.406684209,0.766540358,0.011069485,0.027149507,GAS2L1P1,1.406684209,ENSG00000229511
ENSG00000249506.3,2.030773804,1.311054062,0.697165433,0.01108652,0.027184499,ZEB2P1,1.311054062,ENSG00000249506
ENSG00000143278.5,0.511930654,3.014006855,1.297611173,0.011137142,0.027286532,F13B,3.014006855,ENSG00000143278
ENSG00000176406.23,91.41791383,1.004695608,0.472751932,0.011160223,0.027334511,RIMS2,1.004695608,ENSG00000176406
ENSG00000251258.2,3.262339835,1.744704406,0.465045368,0.011163456,0.027339019,RFPL4B,1.744704406,ENSG00000251258
ENSG00000258414.1,62.09763676,1.086168434,0.526645859,0.011188398,0.027394978,AL121790.1,1.086168434,ENSG00000258414
ENSG00000276047.1,0.985426114,1.514565432,0.867275632,0.011236609,0.027501025,RN7SL711P,1.514565432,ENSG00000276047
ENSG00000262471.1,0.985550937,1.397545099,0.7401359,0.011305871,0.027648148,AC009171.1,1.397545099,ENSG00000262471
ENSG00000185681.13,7.82643922,1.682031069,0.407336895,0.011313594,0.027660147,MORN5,1.682031069,ENSG00000185681
ENSG00000108443.14,3011.534199,1.151712029,0.178631625,0.011327079,0.027687946,RPS6KB1,1.151712029,ENSG00000108443
ENSG00000126010.6,403.0311748,1.00425881,0.473537868,0.011513041,0.028093564,GRPR,1.00425881,ENSG00000126010
ENSG00000134443.10,301.027246,1.006673694,0.47538727,0.011527265,0.028123034,GRP,1.006673694,ENSG00000134443
ENSG00000215553.3,0.552741624,1.322625507,0.649735768,0.011533289,0.028135584,KRT18P3,1.322625507,ENSG00000215553
ENSG00000271749.1,2.431870631,1.120983814,0.55207364,0.011538907,0.028146191,AC005828.6,1.120983814,ENSG00000271749
ENSG00000233338.1,0.936845537,1.2457318529999999,0.708426182,0.011567521,0.02820198,TLR8-AS1,1.2457318529999999,ENSG00000233338
ENSG00000183128.7,2.586111217,1.077261149,0.52808137,0.011756567,0.028600755,CALHM3,1.077261149,ENSG00000183128
ENSG00000253286.6,1.938218402,1.248001271,0.66157802,0.01190022,0.028903689,AC135166.1,1.248001271,ENSG00000253286
ENSG00000250917.1,4.0862696,1.014115204,0.488030348,0.011905611,0.028909633,AL035458.2,1.014115204,ENSG00000250917
ENSG00000186998.16,418.6927873,1.713185698,0.292656662,0.011962193,0.029023704,EMID1,1.713185698,ENSG00000186998
ENSG00000067842.17,3.20538448,1.08020578,0.533494642,0.01202414,0.029155997,ATP2B3,1.08020578,ENSG00000067842
ENSG00000216425.4,0.752182267,1.797760508,1.019723889,0.012032515,0.029172703,PIMREGP2,1.797760508,ENSG00000216425
ENSG00000287560.1,0.82765115,4.490103407,1.395661545,0.012036972,0.029181708,AL731533.3,4.490103407,ENSG00000287560
ENSG00000140522.12,3.240733332,1.078628967,0.502200656,0.012083031,0.029284336,RLBP1,1.078628967,ENSG00000140522
ENSG00000211653.2,3111.654238,1.093578091,0.537773412,0.012109326,0.029340823,IGLV1-40,1.093578091,ENSG00000211653
ENSG00000138650.9,78.96316945,3.111167747,0.491054671,0.01213694,0.029396853,PCDH10,3.111167747,ENSG00000138650
ENSG00000272472.1,2.287018975,1.093392234,0.547516069,0.012160163,0.02944584,AL512283.1,1.093392234,ENSG00000272472
ENSG00000258551.6,5.659220729,1.01770266,0.488798704,0.012266125,0.029676816,CRAT37,1.01770266,ENSG00000258551
ENSG00000186897.5,14.59931669,1.308511068,0.455695072,0.012287787,0.029718242,C1QL4,1.308511068,ENSG00000186897
ENSG00000254486.1,0.569021045,1.502044476,0.791354571,0.012324481,0.029797803,LINC02547,1.502044476,ENSG00000254486
ENSG00000271917.1,2.438312392,1.19446462,0.624799731,0.012390792,0.029936033,AL357568.1,1.19446462,ENSG00000271917
ENSG00000286134.2,1.542379893,1.415086027,0.839337756,0.012422392,0.030001306,AC114930.1,1.415086027,ENSG00000286134
ENSG00000273552.2,0.586253416,1.441299086,0.738840347,0.012459562,0.030076282,AL136439.1,1.441299086,ENSG00000273552
ENSG00000278862.1,0.862835241,1.624659199,0.930201973,0.012593345,0.030354457,AC092724.1,1.624659199,ENSG00000278862
ENSG00000287915.1,0.85848403,1.573148622,0.970125984,0.012697695,0.030579711,AC037433.1,1.573148622,ENSG00000287915
ENSG00000281880.2,0.681040926,2.362265593,1.25897584,0.012834008,0.030866363,PAUPAR,2.362265593,ENSG00000281880
ENSG00000250488.2,10.46248246,2.835176662,1.062041614,0.012867334,0.030937043,LINC02233,2.835176662,ENSG00000250488
ENSG00000286374.1,1.056086592,4.257829421,1.142305086,0.012908806,0.031021566,AP001999.3,4.257829421,ENSG00000286374
ENSG00000227874.1,5.368261961,1.586615279,1.078300072,0.012919445,0.031041436,GRAMD4P1,1.586615279,ENSG00000227874
ENSG00000264529.1,0.863528105,1.414431001,0.784925255,0.013016395,0.031247621,DNAJB6P8,1.414431001,ENSG00000264529
ENSG00000266994.1,1.113168922,1.114561746,0.559765305,0.013030302,0.031273362,AC020663.1,1.114561746,ENSG00000266994
ENSG00000101180.16,3.59205387,1.082929953,0.548880844,0.013031597,0.03127456,HRH3,1.082929953,ENSG00000101180
ENSG00000213253.5,4.571351706,1.437927948,0.328017423,0.013045696,0.031305457,RPL12P42,1.437927948,ENSG00000213253
ENSG00000259047.1,0.884571837,2.730040556,1.406030642,0.01319423,0.031601154,AL163153.1,2.730040556,ENSG00000259047
ENSG00000135517.9,0.926023066,1.141881809,0.575942804,0.013241988,0.031692351,MIP,1.141881809,ENSG00000135517
ENSG00000287225.1,1.177345373,2.266009706,1.449731421,0.013396542000000001,0.032027127,Z84468.2,2.266009706,ENSG00000287225
ENSG00000284376.1,1.102456037,2.710222875,0.958000244,0.013441533,0.032121004,AC092017.3,2.710222875,ENSG00000284376
ENSG00000225254.2,0.840724434,1.459782786,0.784175425,0.013505608,0.032238824,ARMC8P1,1.459782786,ENSG00000225254
ENSG00000240497.3,2.456794766,1.032807759,0.515590086,0.013527303,0.032282764,AC092919.1,1.032807759,ENSG00000240497
ENSG00000288610.1,1.748084573,1.201234001,0.664427717,0.01354267,0.032313547,AL161669.4,1.201234001,ENSG00000288610
ENSG00000179813.7,3.099780625,1.177515144,0.628462879,0.01354562,0.032318623,FAM216B,1.177515144,ENSG00000179813
ENSG00000152936.10,2.235270674,1.272150175,0.715480068,0.013553933,0.032336494,LMNTD1,1.272150175,ENSG00000152936
ENSG00000278705.1,2.205226654,1.19006362,0.632276395,0.013595548,0.032421995,H4C2,1.19006362,ENSG00000278705
ENSG00000288024.1,1.012048845,6.230299325,1.957468992,0.013630114,0.03249259,AC005301.2,6.230299325,ENSG00000288024
ENSG00000229057.1,1.239537765,1.246994163,0.674325118,0.013634371,0.032500765,RPS3AP54,1.246994163,ENSG00000229057
ENSG00000287189.1,24.04154241,1.097229029,0.562101388,0.013643093,0.03251761,AL121956.7,1.097229029,ENSG00000287189
ENSG00000259871.1,0.900125638,1.369603305,0.759070424,0.013716802,0.032670278,AC130456.1,1.369603305,ENSG00000259871
ENSG00000203523.3,0.887310127,1.80385878,1.04577473,0.013800609,0.032841976,TAS2R2P,1.80385878,ENSG00000203523
ENSG00000198054.12,0.907034318,4.837351682,1.380958987,0.013831884,0.032907687,DSCR8,4.837351682,ENSG00000198054
ENSG00000162460.7,2.016771962,1.296753795,0.733052831,0.013914674,0.033080613,TMEM82,1.296753795,ENSG00000162460
ENSG00000233515.2,1.426846003,3.095377909,0.658547579,0.013970144,0.033196416,LINC01518,3.095377909,ENSG00000233515
ENSG00000260969.2,1.357209843,1.27235708,0.721025205,0.014044869,0.033347756,WWOX-AS1,1.27235708,ENSG00000260969
ENSG00000243321.3,1.499894029,1.287504643,0.74054122,0.014098767,0.033459553,LINC01998,1.287504643,ENSG00000243321
ENSG00000234289.6,0.714451725,1.330377066,0.752159404,0.014259943,0.033784911,H2BS1,1.330377066,ENSG00000234289
ENSG00000200873.1,0.830694501,1.336316675,0.754400361,0.01427414,0.033814467,RNA5SP399,1.336316675,ENSG00000200873
ENSG00000250415.1,3.516421926,1.019061221,0.509041122,0.014432391,0.034148168,AC022113.1,1.019061221,ENSG00000250415
ENSG00000254867.1,0.849865399,1.043220434,0.510112201,0.01443595,0.034154533,AP006287.1,1.043220434,ENSG00000254867
ENSG00000236106.2,1.424355865,1.293612953,0.725157516,0.014448949,0.034183228,AC010729.1,1.293612953,ENSG00000236106
ENSG00000244217.1,0.538385233,1.386768507,0.723300311,0.014488146,0.034253269,RPS4XP10,1.386768507,ENSG00000244217
ENSG00000184471.8,0.779653961,2.232191502,1.282134752,0.014498881,0.034270399,C1QTNF8,2.232191502,ENSG00000184471
ENSG00000279082.4,2.559862768,1.080460038,0.553494613,0.014526422,0.03432517,LINC01727,1.080460038,ENSG00000279082
ENSG00000286642.1,0.758504482,1.711125595,1.000961753,0.014574619,0.034428702,AC091646.1,1.711125595,ENSG00000286642
ENSG00000185974.7,2.842460987,1.167294,0.636371478,0.014603956,0.034484354,GRK1,1.167294,ENSG00000185974
ENSG00000288043.1,1.102141022,1.270484011,0.713383073,0.014623099,0.034518315,AC006511.6,1.270484011,ENSG00000288043
ENSG00000238001.2,0.727682448,2.915565286,1.464722647,0.014625546,0.034522017,SNRPCP1,2.915565286,ENSG00000238001
ENSG00000185448.10,0.931370207,2.279308834,1.405176902,0.014712538,0.034691918,FAM47A,2.279308834,ENSG00000185448
ENSG00000231980.1,0.541653637,2.156673925,1.118485926,0.01483854,0.034940789,AC011899.1,2.156673925,ENSG00000231980
ENSG00000252747.1,0.740135213,1.441909283,0.804972464,0.014946936,0.035143371,RNA5SP364,1.441909283,ENSG00000252747
ENSG00000232638.1,2.146392778,1.250786926,0.716639467,0.01508605,0.035438641,AL390294.1,1.250786926,ENSG00000232638
ENSG00000268535.1,1.989520195,1.251799308,0.721127443,0.015174583,0.035612541,MTDHP4,1.251799308,ENSG00000268535
ENSG00000236569.3,0.690571396,4.241747716,1.824528776,0.015251579,0.035767597,HNRNPA1P73,4.241747716,ENSG00000236569
ENSG00000115844.11,61.09477585,1.082574363,0.564325121,0.015257689,0.03577979,DLX2,1.082574363,ENSG00000115844
ENSG00000232474.1,0.907603814,1.251323652,0.702145943,0.015278045,0.035823249,NCKAP5-IT1,1.251323652,ENSG00000232474
ENSG00000180210.15,1.043444738,1.181470638,0.615497652,0.015286343,0.035838427,F2,1.181470638,ENSG00000180210
ENSG00000163394.6,3.148031219,1.079429293,0.558838603,0.015425811,0.036124445,CCKAR,1.079429293,ENSG00000163394
ENSG00000054356.14,56.22310786,1.038967906,0.531691495,0.015435124,0.036141944,PTPRN,1.038967906,ENSG00000054356
ENSG00000275467.1,0.647268077,1.608444074,0.883004712,0.01549686,0.036267046,AC083806.3,1.608444074,ENSG00000275467
ENSG00000286109.1,0.501556579,2.503909051,1.211888426,0.015646034,0.036557354,AL357972.1,2.503909051,ENSG00000286109
ENSG00000207611.1,0.788952471,3.60189249,1.031152819,0.015649869,0.036564141,MIR149,3.60189249,ENSG00000207611
ENSG00000286850.1,1.060612346,1.296891606,0.768806917,0.015718883,0.0367101,AL358232.2,1.296891606,ENSG00000286850
ENSG00000259126.1,5.752287969,1.224987446,0.68976669,0.015768645,0.036815372,AL161752.1,1.224987446,ENSG00000259126
ENSG00000139648.7,2.721669934,1.090922267,0.57373471,0.015912666,0.037100907,KRT71,1.090922267,ENSG00000139648
ENSG00000286939.1,1.164970743,1.172068371,0.622503296,0.016075706,0.037447701,U82671.1,1.172068371,ENSG00000286939
ENSG00000259485.2,0.91086293,1.350171629,0.824858885,0.016101144,0.037493619,LINC02253,1.350171629,ENSG00000259485
ENSG00000277720.1,0.592539459,1.431681672,0.796072205,0.01632088,0.037949064,H3C5P,1.431681672,ENSG00000277720
ENSG00000286417.1,3.606610603,1.225286758,0.708138205,0.016359772,0.038012804,AL133334.1,1.225286758,ENSG00000286417
ENSG00000275675.1,1.70860644,1.200987609,0.682711679,0.016371788,0.038033667,AL161931.1,1.200987609,ENSG00000275675
ENSG00000198033.12,1.120247434,1.518728068,0.958806411,0.016426571,0.038140636,TUBA3C,1.518728068,ENSG00000198033
ENSG00000258870.1,1.636226306,1.092464944,0.596512028,0.016439863,0.038165171,EIF4EBP1P1,1.092464944,ENSG00000258870
ENSG00000248103.1,2.585076163,1.073985909,0.567356638,0.016530656,0.03835284,AC008443.2,1.073985909,ENSG00000248103
ENSG00000213673.3,1.752979382,2.132625663,0.541066888,0.016540371,0.038366317,SLC25A5P3,2.132625663,ENSG00000213673
ENSG00000241635.8,0.540193217,3.970284601,0.762590393,0.016589925,0.038458551,UGT1A1,3.970284601,ENSG00000241635
ENSG00000264061.1,2.448054643,2.633001073,0.797242926,0.016598333,0.038475773,FGF7P1,2.633001073,ENSG00000264061
ENSG00000228196.1,0.886037734,1.052588722,0.555901567,0.016769742,0.038804414,PTPN2P1,1.052588722,ENSG00000228196
ENSG00000261347.1,1.891951085,1.404792548,0.928194874,0.016867478,0.039000707,AP000439.3,1.404792548,ENSG00000261347
ENSG00000258752.2,6.443076496,1.984581566,0.542774058,0.016916474,0.039099996,AL357093.2,1.984581566,ENSG00000258752
ENSG00000226398.1,1.760572825,1.332661924,0.817066914,0.016955377,0.039183188,AC013480.1,1.332661924,ENSG00000226398
ENSG00000232946.1,1.504691638,1.102672399,0.599638453,0.017110477,0.039499794,RPL35AP20,1.102672399,ENSG00000232946
ENSG00000254239.1,0.905004771,2.161820027,1.417967609,0.017169303,0.039621625,AC002428.2,2.161820027,ENSG00000254239
ENSG00000257808.1,1.91178498,1.2072335809999999,0.692066263,0.017184873,0.039655225,AC073573.1,1.2072335809999999,ENSG00000257808
ENSG00000223349.1,1.396777493,5.138914089,1.388237348,0.017240155,0.039766439,KLF2P3,5.138914089,ENSG00000223349
ENSG00000287191.1,1.673582779,1.94067497,0.475483569,0.01761988,0.040530471,AC055807.1,1.94067497,ENSG00000287191
ENSG00000185203.12,0.767476421,1.757983178,1.091568565,0.017645999,0.040583421,WASIR1,1.757983178,ENSG00000185203
ENSG00000271824.2,3.000222348,1.351155769,0.952517378,0.017653243,0.040597705,SMIM32,1.351155769,ENSG00000271824
ENSG00000251350.2,4.994346433,1.194554881,0.691841663,0.017668752,0.040628614,LINC02475,1.194554881,ENSG00000251350
ENSG00000274701.1,0.672902023,5.911787858,2.800633446,0.017734718,0.04075883,Metazoa_SRP,5.911787858,ENSG00000274701
ENSG00000286464.1,0.564478755,5.73567072,1.651954263,0.017965659,0.041234106,AL583809.1,5.73567072,ENSG00000286464
ENSG00000234775.2,2.728160932,1.125257023,0.621674269,0.018021287,0.041335215,AC105940.2,1.125257023,ENSG00000234775
ENSG00000158477.7,34.75308699,1.050004736,0.56476118,0.018046269,0.041380435,CD1A,1.050004736,ENSG00000158477
ENSG00000261764.1,0.90213445,1.190497295,0.691973059,0.018244736,0.041781872,KRT18P18,1.190497295,ENSG00000261764
ENSG00000276298.1,1.093911824,1.116938949,0.618775506,0.018266099,0.04182348,AC234782.1,1.116938949,ENSG00000276298
ENSG00000234806.1,1.018562795,1.087866899,0.592094844,0.01832468,0.04193317,RPL26P29,1.087866899,ENSG00000234806
ENSG00000236272.1,2.970959539,2.884360564,1.110833598,0.01833834,0.041954654,SCUBE1-AS2,2.884360564,ENSG00000236272
ENSG00000170099.6,1625.684444,1.402527792,0.973782953,0.018350453,0.041975031,SERPINA6,1.402527792,ENSG00000170099
ENSG00000260403.1,0.539908951,5.110920889,0.751600747,0.018355333,0.041981306,AC120498.3,5.110920889,ENSG00000260403
ENSG00000006016.11,338.0768817,2.308439806,0.378422538,0.018506653,0.042279666,CRLF1,2.308439806,ENSG00000006016
ENSG00000241709.3,0.582103092,1.684931472,0.970989958,0.018507309,0.042279666,RN7SL265P,1.684931472,ENSG00000241709
ENSG00000248268.1,2.124266583,1.172295737,0.676243475,0.018575938,0.042416715,AC010275.1,1.172295737,ENSG00000248268
ENSG00000232164.1,0.766247617,3.379215332,1.724153005,0.018744627,0.042762133,LINC01873,3.379215332,ENSG00000232164
ENSG00000172548.14,27.59043148,1.745456743,0.422328231,0.018760611,0.042792011,NIPAL4,1.745456743,ENSG00000172548
ENSG00000260209.1,1.81959425,3.922181737,0.539022601,0.018800985,0.042868298,AP000842.3,3.922181737,ENSG00000260209
ENSG00000229636.2,0.621378136,1.237456278,0.725887854,0.018849956,0.042964994,KRT8P21,1.237456278,ENSG00000229636
ENSG00000284138.1,0.952040484,1.063090043,0.567816533,0.018985887,0.043232181,ATP6V0CP4,1.063090043,ENSG00000284138
ENSG00000249413.2,0.795028116,2.009672377,1.393263214,0.019012589,0.043284414,AC116049.1,2.009672377,ENSG00000249413
ENSG00000249484.9,0.87127822,1.435660241,0.825227911,0.019021773,0.043292153,LINC01470,1.435660241,ENSG00000249484
ENSG00000235027.1,10.15338968,2.394364688,0.413841117,0.019048701,0.043350086,AC068580.3,2.394364688,ENSG00000235027
ENSG00000286628.1,0.696289933,1.483737593,0.902418649,0.019069136,0.043384023,AL096828.5,1.483737593,ENSG00000286628
ENSG00000263946.1,2.125208442,1.15484975,0.678285496,0.019125241,0.043496554,AC015818.3,1.15484975,ENSG00000263946
ENSG00000270980.1,0.818899642,1.224631448,0.791958857,0.019168376,0.043587084,AC060764.1,1.224631448,ENSG00000270980
ENSG00000211945.2,1923.864221,1.010512686,0.53882105,0.019279895,0.04380517,IGHV1-18,1.010512686,ENSG00000211945
ENSG00000110245.12,0.918108942,2.180282551,1.604555746,0.019407573,0.044044316,APOC3,2.180282551,ENSG00000110245
ENSG00000182931.9,2.498534738,1.043399768,0.56869569,0.019483252,0.044186314,WFDC10B,1.043399768,ENSG00000182931
ENSG00000181562.5,2.54468381,1.102789958,0.625393392,0.019523036,0.044250113,EDDM3A,1.102789958,ENSG00000181562
ENSG00000269945.1,0.626312993,3.405334132,0.738284653,0.0195265,0.04425541,AC004817.4,3.405334132,ENSG00000269945
ENSG00000224893.7,0.807798477,2.799329661,0.462935844,0.019537387,0.044272423,LINC02840,2.799329661,ENSG00000224893
ENSG00000267673.6,1.198146469,1.11223555,0.628611182,0.019586616,0.044368621,FDX2,1.11223555,ENSG00000267673
ENSG00000203757.2,0.711000759,1.423470982,0.822970967,0.019667262,0.044529861,OR6K3,1.423470982,ENSG00000203757
ENSG00000271771.1,0.804790269,1.218248264,0.66754284,0.019810798,0.04481701,AC139792.1,1.218248264,ENSG00000271771
ENSG00000280089.1,0.803570957,1.861793732,1.137899353,0.019953678,0.045088312,AP000590.1,1.861793732,ENSG00000280089
ENSG00000228216.1,0.929437279,1.105904064,0.650100561,0.019965623,0.045107519,AL355607.1,1.105904064,ENSG00000228216
ENSG00000257878.1,0.809761077,1.367536911,0.854433281,0.019979892,0.045131969,AC007298.2,1.367536911,ENSG00000257878
ENSG00000214676.4,0.919735617,1.110181424,0.634012977,0.020055287,0.045271039,RPL9P16,1.110181424,ENSG00000214676
ENSG00000243822.1,2.82196102,1.319288686,0.889938331,0.020061871,0.0452833,AC073522.1,1.319288686,ENSG00000243822
ENSG00000226961.3,0.839615979,1.013117099,0.540608893,0.020084637,0.045326874,PPIAP60,1.013117099,ENSG00000226961
ENSG00000254205.1,0.638923099,1.179109373,0.66106814,0.020156018,0.045454019,AC009686.1,1.179109373,ENSG00000254205
ENSG00000242021.2,1.328386406,1.172889505,0.702906744,0.020218004,0.045572875,AC112493.1,1.172889505,ENSG00000242021
ENSG00000234191.1,1.044900054,1.136052217,0.763920465,0.020240109,0.045614849,LINC01283,1.136052217,ENSG00000234191
ENSG00000233124.2,5.032791149,1.118789351,0.645973871,0.020267318,0.045657834,LINC00456,1.118789351,ENSG00000233124
ENSG00000234213.1,0.773734169,1.157582784,0.660210156,0.020324055,0.045767278,FHP1,1.157582784,ENSG00000234213
ENSG00000176007.10,0.564367583,1.318339072,0.759157836,0.020325377,0.045767633,FAM220BP,1.318339072,ENSG00000176007
ENSG00000177212.4,0.665173835,1.712459764,1.094855351,0.020411888,0.045936103,OR2T33,1.712459764,ENSG00000177212
ENSG00000254885.1,0.7841051,1.459633377,0.967333997,0.02044668,0.04600913,AP001547.1,1.459633377,ENSG00000254885
ENSG00000230450.1,0.859269283,1.166312154,0.794737162,0.020453119,0.046020983,NEK2P4,1.166312154,ENSG00000230450
ENSG00000228952.1,1.859392033,1.432827536,1.144765324,0.020612621,0.046311788,LINC02041,1.432827536,ENSG00000228952
ENSG00000229674.2,0.812554166,1.759575246,1.1970785,0.020625054,0.046332474,H2AL1RP,1.759575246,ENSG00000229674
ENSG00000286792.1,0.934314305,1.135175212,0.637928479,0.020687229,0.046454618,AC005703.6,1.135175212,ENSG00000286792
ENSG00000253333.1,5.379125335,1.318515811,0.924074142,0.020948521,0.046966197,AC146944.1,1.318515811,ENSG00000253333
ENSG00000225826.2,1.720114742,1.065476909,0.609762723,0.020977705,0.047022161,LINC00626,1.065476909,ENSG00000225826
ENSG00000250803.6,1.414413089,1.114912207,0.666325666,0.020983239,0.04702793,AC010255.2,1.114912207,ENSG00000250803
ENSG00000168131.4,0.913000861,3.387034478,1.951287986,0.021077968,0.047226766,OR2B2,3.387034478,ENSG00000168131
ENSG00000124092.12,1.844074766,1.696181507,0.429455996,0.021209336,0.047475075,CTCFL,1.696181507,ENSG00000124092
ENSG00000264663.1,0.77624178,6.244948269,1.145423524,0.021306793,0.047655207,KRT8P34,6.244948269,ENSG00000264663
ENSG00000214336.5,34.25752461,1.021768488,0.567758896,0.02136418,0.047767243,FOXI3,1.021768488,ENSG00000214336
ENSG00000265125.5,1.154374489,2.870377278,0.791481231,0.021607884,0.048224299,AC011824.2,2.870377278,ENSG00000265125
ENSG00000250241.6,3.541971255,2.264042684,0.500794663,0.02163053,0.048272098,AC105383.1,2.264042684,ENSG00000250241
ENSG00000271143.1,0.662848612,2.197285585,1.368263458,0.021635764,0.048281037,AL357137.1,2.197285585,ENSG00000271143
ENSG00000204933.3,0.841342546,1.718377119,1.477849981,0.021752358,0.048497141,CD177P1,1.718377119,ENSG00000204933
ENSG00000226253.1,0.501104435,1.810418448,0.99788098,0.021762064,0.048513275,MRPL35P3,1.810418448,ENSG00000226253
ENSG00000159556.10,2.067127347,3.119592291,0.53963938,0.022087168,0.049154335,ISL2,3.119592291,ENSG00000159556
ENSG00000272619.1,1.265069623,1.289756399,0.876934699,0.022269135,0.049528432,AC093673.2,1.289756399,ENSG00000272619
ENSG00000231150.5,0.650208744,1.330506354,0.791892787,0.022284172,0.049559071,DNAH8-AS1,1.330506354,ENSG00000231150
ENSG00000214888.3,0.84918563,1.253308741,0.789340464,0.0222913,0.049572116,AL772337.1,1.253308741,ENSG00000214888
ENSG00000235597.2,4.316563234,1.000677715,0.555479296,0.022309488,0.049604138,LINC01102,1.000677715,ENSG00000235597
ENSG00000227121.2,1.647228123,2.817705682,0.724954701,0.02239427,0.049770112,LINC02672,2.817705682,ENSG00000227121
ENSG00000235012.1,2.179203402,1.026609856,0.599306013,0.022444566,0.049867787,JCADP1,1.026609856,ENSG00000235012
