ENSG,baseMean,log2FoldChange,lfcSE,stat,pvalue,padj,log10padj,significant,symbol,ENSG_base
ENSG00000099953.10,4104.379212,5.434316253,0.270821122,20.06607242,1.4599999999999998e-89,3.7200000000000003e-85,84.42908583,TRUE,MMP11,ENSG00000099953
ENSG00000165474.8,1111.17623,5.71932183,0.39919208900000003,14.32724243,1.48e-46,1.2599999999999999e-42,41.90097096,TRUE,GJB2,ENSG00000165474
ENSG00000060718.22,5808.378815,6.881435381,0.500970302,13.7362142,6.1599999999999994e-43,3.93e-39,38.40612732,TRUE,COL11A1,ENSG00000060718
ENSG00000169245.6,2163.907381,4.561936083,0.350769605,13.00550565,1.14e-38,4.84e-35,34.31559285,TRUE,CXCL10,ENSG00000169245
ENSG00000169248.13,536.4936649,5.175297802,0.400737268,12.91444098,3.73e-38,1.3599999999999999e-34,33.86697086,TRUE,CXCL11,ENSG00000169248
ENSG00000170373.9,1302.993554,7.308818038,0.585666753,12.47948257,9.660000000000001e-36,3.08e-32,31.51180642,TRUE,CST1,ENSG00000170373
ENSG00000183682.8,372.9106881,3.553144879,0.295220158,12.03557679,2.3100000000000002e-33,6.54e-30,29.18435407,TRUE,BMP8A,ENSG00000183682
ENSG00000154451.15,1422.292089,3.18691956,0.292793027,10.88454731,1.3700000000000001e-27,3.16e-24,23.49976936,TRUE,GBP5,ENSG00000154451
ENSG00000123500.10,3398.819362,6.334036539,0.591478632,10.70881719,9.250000000000001e-27,1.9699999999999998e-23,22.70661754,TRUE,COL10A1,ENSG00000123500
ENSG00000104415.14,1458.631648,3.862379489,0.379225347,10.18491914,2.32e-24,4.21e-21,20.37522834,TRUE,CCN4,ENSG00000104415
ENSG00000175305.18,329.5521755,3.178949723,0.313004906,10.15622971,3.11e-24,5.28e-21,20.27726722,TRUE,CCNE2,ENSG00000175305
ENSG00000140534.14,210.4827892,3.667157451,0.371631512,9.867724697,5.75e-23,9.15e-20,19.03855657,TRUE,TICRR,ENSG00000140534
ENSG00000230838.2,634.6682075,4.890596324,0.499676576,9.787523696,1.27e-22,1.71e-19,18.76741133,TRUE,LINC01614,ENSG00000230838
ENSG00000105664.11,1504.866141,4.76878216,0.498839077,9.559760607,1.18e-21,1.5e-18,17.82278924,TRUE,COMP,ENSG00000105664
ENSG00000143476.18,627.5382017,3.600266246,0.38378171,9.38102612,6.53e-21,7.24e-18,17.14033964,TRUE,DTL,ENSG00000143476
ENSG00000172061.9,6684.388709,5.345173117,0.569515805,9.385469324,6.2600000000000005e-21,7.24e-18,17.14033964,TRUE,LRRC15,ENSG00000172061
ENSG00000196611.6,841.4198876,7.918813199,0.86586541400000006,9.145547417,5.93e-20,5.6e-17,16.251849,TRUE,MMP1,ENSG00000196611
ENSG00000144810.16,4371.779447,3.287221029,0.36251897,9.067721432,1.22e-19,1.03e-16,15.98618076,TRUE,COL8A1,ENSG00000144810
ENSG00000069011.16,156.3780137,4.611131485,0.513260273,8.98400232,2.61e-19,2.15e-16,15.66831717,TRUE,PITX1,ENSG00000069011
ENSG00000109805.10,332.2550793,3.029258083,0.344465068,8.794093694,1.44e-18,1.11e-15,14.95327642,TRUE,NCAPG,ENSG00000109805
ENSG00000103522.17,334.2270763,4.712287783,0.554512785,8.498068766,1.93e-17,1.36e-14,13.86501046,TRUE,IL21R,ENSG00000103522
ENSG00000165891.16,142.7594831,3.792993467,0.454069069,8.353340324,6.64e-17,4.23e-14,13.37390896,TRUE,E2F7,ENSG00000165891
ENSG00000115414.21,200168.5764,3.666920535,0.443153514,8.274605572,1.29e-16,7.82e-14,13.10680804,TRUE,FN1,ENSG00000115414
ENSG00000101057.16,458.5016066,3.988690491,0.491099858,8.121954067,4.59e-16,2.66e-13,12.57563839,TRUE,MYBL2,ENSG00000101057
ENSG00000143228.13,157.4806852,3.104546545,0.383752547,8.08996987,5.97e-16,3.31e-13,12.4804965,TRUE,NUF2,ENSG00000143228
ENSG00000077152.12,112.5993792,3.044372688,0.378470821,8.043876886,8.7e-16,4.62e-13,12.33527196,TRUE,UBE2T,ENSG00000077152
ENSG00000105011.9,305.9569446,2.972495123,0.37058072,8.021181259,1.05e-15,5.34e-13,12.27263572,TRUE,ASF1B,ENSG00000105011
ENSG00000138755.6,3636.562349,4.99728778,0.622963062,8.02180431,1.04e-15,5.34e-13,12.27263572,TRUE,CXCL9,ENSG00000138755
ENSG00000092853.14,517.8443284,3.732073732,0.466161221,8.005972102,1.19e-15,5.92e-13,12.22750381,TRUE,CLSPN,ENSG00000092853
ENSG00000258947.8,668.9214671,3.969699334,0.501190067,7.920546711,2.36e-15,1.16e-12,11.93597946,TRUE,TUBB3,ENSG00000258947
ENSG00000162849.16,1429.822255,3.343981641,0.422416997,7.91630465,2.45e-15,1.18e-12,11.92943807,TRUE,KIF26B,ENSG00000162849
ENSG00000049768.18,96.06829057,3.377199843,0.427091931,7.907430683,2.63e-15,1.24e-12,11.90659164,TRUE,FOXP3,ENSG00000049768
ENSG00000122641.11,2879.656232,4.020015862,0.50976522,7.886014392,3.12e-15,1.43e-12,11.84565137,TRUE,INHBA,ENSG00000122641
ENSG00000157542.11,52.86485092,5.190233075,0.658208146,7.885397818,3.14e-15,1.43e-12,11.84565137,TRUE,KCNJ6,ENSG00000157542
ENSG00000169607.13,252.97105,3.902952522,0.495725509,7.873212997,3.46e-15,1.55e-12,11.81099095,TRUE,CKAP2L,ENSG00000169607
ENSG00000172965.17,2121.808536,1.938407339,0.249514953,7.768702085,7.93e-15,3.42e-12,11.46535883,TRUE,MIR4435-2HG,ENSG00000172965
ENSG00000117724.15,2185.306893,3.225965763,0.416131425,7.752276247,9.03e-15,3.83e-12,11.41640648,TRUE,CENPF,ENSG00000117724
ENSG00000155886.12,295.3561506,4.780474737,0.61689658,7.749232029,9.24e-15,3.86e-12,11.41317258,TRUE,SLC24A2,ENSG00000155886
ENSG00000174371.17,235.3750742,3.627528305,0.471704164,7.690261359,1.47e-14,5.94e-12,11.2262611,TRUE,EXO1,ENSG00000174371
ENSG00000066279.19,1132.782562,3.566282754,0.465901774,7.654580758,1.94e-14,7.54e-12,11.12247308,TRUE,ASPM,ENSG00000066279
ENSG00000140853.17,1655.54194,1.785546721,0.233293482,7.65365028,1.95e-14,7.54e-12,11.12247308,TRUE,NLRC5,ENSG00000140853
ENSG00000111799.22,38732.69546,2.280428128,0.300606776,7.586083588,3.3e-14,1.25e-11,10.90167927,TRUE,COL12A1,ENSG00000111799
ENSG00000122861.16,2490.682342,2.681673069,0.359103016,7.46769855,8.16e-14,2.97e-11,10.52710659,TRUE,PLAU,ENSG00000122861
ENSG00000183856.11,561.5503604,3.097951357,0.420080297,7.374664755,1.65e-13,5.67e-11,10.24613172,TRUE,IQGAP3,ENSG00000183856
ENSG00000160161.9,250.8143189,3.386665571,0.461221314,7.342821039,2.09e-13,7.01e-11,10.1541299,TRUE,CILP2,ENSG00000160161
ENSG00000086717.19,136.2931303,4.010155383,0.547330184,7.326757229,2.36e-13,7.8e-11,10.10771775,TRUE,PPEF1,ENSG00000086717
ENSG00000101412.13,180.4182673,2.505509987,0.344332846,7.276418786,3.43e-13,1.09e-10,9.961800745,TRUE,E2F1,ENSG00000101412
ENSG00000187037.9,240.9537502,2.839363483,0.392001128,7.243253357,4.38e-13,1.38e-10,9.860713262,TRUE,GPR141,ENSG00000187037
ENSG00000141526.18,718.9948706,3.35638088,0.465629632,7.20826307,5.67e-13,1.72e-10,9.764674992,TRUE,SLC16A3,ENSG00000141526
ENSG00000165304.8,293.0101635,3.714814497,0.519654238,7.148627342,8.76e-13,2.57e-10,9.590517183,TRUE,MELK,ENSG00000165304
ENSG00000176887.7,201.6931516,3.610605428,0.50784483,7.109662662,1.16e-12,3.33e-10,9.477459193,TRUE,SOX11,ENSG00000176887
ENSG00000135094.11,306.582486,4.998668831,0.706829293,7.071960492,1.53e-12,4.33e-10,9.363982537,TRUE,SDS,ENSG00000135094
ENSG00000144057.16,819.9750278,2.671510959,0.377875082,7.069825677,1.55e-12,4.34e-10,9.362099391,TRUE,ST6GAL2,ENSG00000144057
ENSG00000137573.14,8773.896781,3.199367001,0.453279495,7.058265454,1.69e-12,4.62e-10,9.335390887,TRUE,SULF1,ENSG00000137573
ENSG00000276043.5,580.2994225,3.645271882,0.519803025,7.012794661,2.34e-12,6.27e-10,9.202992439,TRUE,UHRF1,ENSG00000276043
ENSG00000197299.13,262.1542982,2.152940175,0.307786646,6.994910934,2.65e-12,7.05e-10,9.152074773,TRUE,BLM,ENSG00000197299
ENSG00000117586.12,247.5504506,2.193556599,0.314081446,6.984037502,2.87e-12,7.53e-10,9.122918641,TRUE,TNFSF4,ENSG00000117586
ENSG00000140525.20,1061.953838,1.654595553,0.237896624,6.955103122,3.52e-12,9.07e-10,9.042466774,TRUE,FANCI,ENSG00000140525
ENSG00000189057.11,467.5996488,2.751341124,0.396237371,6.943668939,3.82e-12,9.74e-10,9.011634657,TRUE,FAM111B,ENSG00000189057
ENSG00000163600.13,131.0524143,3.142851269,0.452819577,6.940625866,3.9e-12,9.85e-10,9.006598175,TRUE,ICOS,ENSG00000163600
ENSG00000169679.15,529.303146,3.454982718,0.497917858,6.938860821,3.95e-12,9.88e-10,9.005451032,TRUE,BUB1,ENSG00000169679
ENSG00000027869.12,87.96567505,2.511566549,0.362118674,6.935755406,4.04e-12,1e-9,9.000144921,TRUE,SH2D2A,ENSG00000027869
ENSG00000121594.12,263.1693557,4.007154426,0.584569601,6.854879931,7.14e-12,1.72e-9,8.765524767,TRUE,CD80,ENSG00000121594
ENSG00000107742.14,827.04184,1.827566348,0.267572488,6.830172862,8.48e-12,2e-9,8.698713984,TRUE,SPOCK2,ENSG00000107742
ENSG00000137812.21,654.9467014,2.346544146,0.345256587,6.796522453,1.07e-11,2.51e-9,8.601084036,TRUE,KNL1,ENSG00000137812
ENSG00000121152.10,247.6258716,3.262910275,0.484037792,6.741023797,1.57e-11,3.61e-9,8.442414268,TRUE,NCAPH,ENSG00000121152
ENSG00000184937.16,45.07891059,5.465112409,0.811785626,6.732211352,1.67e-11,3.77e-9,8.423841909,TRUE,WT1,ENSG00000184937
ENSG00000076382.17,752.8264158,3.323652579,0.497222918,6.684431588,2.32e-11,5.14e-9,8.289291391,TRUE,SPAG5,ENSG00000076382
ENSG00000008300.17,587.0313278,3.807211389,0.571588516,6.660755567,2.72e-11,5.79e-9,8.237686285,TRUE,CELSR3,ENSG00000008300
ENSG00000101003.12,322.8025199,1.888362936,0.284928704,6.627492803,3.41e-11,7e-9,8.154927165,TRUE,GINS1,ENSG00000101003
ENSG00000112984.12,400.6570043,3.337253103,0.504262663,6.618084878,3.64e-11,7.19e-9,8.143378475,TRUE,KIF20A,ENSG00000112984
ENSG00000123473.17,447.9967749,1.767109692,0.267955512,6.594787622,4.26e-11,8.22e-9,8.085051385,TRUE,STIL,ENSG00000123473
ENSG00000169258.7,139.8696477,3.000562294,0.455608885,6.585829185,4.52e-11,8.67e-9,8.062122986,TRUE,GPRIN1,ENSG00000169258
ENSG00000258227.7,298.1435347,5.173194633,0.787770763,6.56687818,5.14e-11,9.7e-9,8.013280264,TRUE,CLEC5A,ENSG00000258227
ENSG00000007908.16,133.2841788,2.818751136,0.429647564,6.560612401,5.36e-11,1e-8,7.998226934,TRUE,SELE,ENSG00000007908
ENSG00000160326.14,117.1720964,2.93844521,0.449776597,6.533121621,6.44e-11,1.19e-8,7.924656393,TRUE,SLC2A6,ENSG00000160326
ENSG00000013810.21,561.4575453,2.01834835,0.313054119,6.447282529,1.14e-10,2.04e-8,7.689615523,TRUE,TACC3,ENSG00000013810
ENSG00000049249.10,241.4519641,3.259913677,0.509192222,6.402127798,1.53e-10,2.66e-8,7.575733401,TRUE,TNFRSF9,ENSG00000049249
ENSG00000134690.11,208.916689,2.58629719,0.40394839,6.402543619,1.53e-10,2.66e-8,7.575733401,TRUE,CDCA8,ENSG00000134690
ENSG00000185130.6,346.7425749,2.746161918,0.430379269,6.380795066,1.76e-10,2.95e-8,7.529658781,TRUE,H2BC13,ENSG00000185130
ENSG00000230798.7,42.46552243,8.898214756,1.396215308,6.373096403,1.85e-10,3.09e-8,7.510684168,TRUE,FOXD3-AS1,ENSG00000230798
ENSG00000121966.8,3897.479761,2.123419812,0.333611839,6.364941412,1.95e-10,3.21e-8,7.49323595,TRUE,CXCR4,ENSG00000121966
ENSG00000135119.15,365.2670272,2.553997205,0.401986411,6.353441649,2.11e-10,3.44e-8,7.463518637,TRUE,RNFT2,ENSG00000135119
ENSG00000083782.8,74.93715797,5.217069658,0.82263196,6.34192435,2.27e-10,3.68e-8,7.433790215,TRUE,EPYC,ENSG00000083782
ENSG00000090889.12,369.4815254,3.817919594,0.602546828,6.336303535,2.35e-10,3.8e-8,7.420705365,TRUE,KIF4A,ENSG00000090889
ENSG00000140678.17,1032.755302,2.441845101,0.385617194,6.332303478,2.42e-10,3.85e-8,7.414902261,TRUE,ITGAX,ENSG00000140678
ENSG00000103888.17,519.3068801,3.927642125,0.623271562,6.301654634,2.94e-10,4.58e-8,7.339530443,TRUE,CEMIP,ENSG00000103888
ENSG00000126353.3,195.0737954,2.776415253,0.441635159,6.286671695,3.24e-10,5.01e-8,7.300227157,TRUE,CCR7,ENSG00000126353
ENSG00000107731.12,2397.295527,2.381652133,0.379921635,6.2687983880000004,3.64e-10,5.55e-8,7.25554968,TRUE,UNC5B,ENSG00000107731
ENSG00000133110.15,59483.62395,2.624381805,0.418883038,6.265189959,3.72e-10,5.65e-8,7.248082655,TRUE,POSTN,ENSG00000133110
ENSG00000166851.15,373.7293362,3.326912049,0.533714666,6.233503142,4.56e-10,6.84e-8,7.165120963,TRUE,PLK1,ENSG00000166851
ENSG00000104951.16,214.5129245,3.52342309,0.566318009,6.221633482,4.92e-10,7.33e-8,7.134775761,TRUE,IL4I1,ENSG00000104951
ENSG00000123388.4,80.74892584,4.26392005,0.68569389,6.2184017,5.02e-10,7.43e-8,7.128788562,TRUE,HOXC11,ENSG00000123388
ENSG00000140368.14,203.0698533,1.68018939,0.270955792,6.200972403,5.61e-10,8.22e-8,7.085216986,TRUE,PSTPIP1,ENSG00000140368
ENSG00000124334.18,46.59307619,3.683337134,0.595745776,6.182733105,6.3e-10,9.12e-8,7.039913427,TRUE,IL9R,ENSG00000124334
ENSG00000118785.15,9926.757588,4.658916158,0.755988113,6.162684413,7.15e-10,1.03e-7,6.987283303,TRUE,SPP1,ENSG00000118785
ENSG00000179934.7,41.69811385,5.030718605,0.817250812,6.155660574,7.48e-10,1.06e-7,6.975322458,TRUE,CCR8,ENSG00000179934
ENSG00000085840.13,92.81763284,2.562120029,0.417713481,6.1336781,8.59e-10,1.2e-7,6.919978435,TRUE,ORC1,ENSG00000085840
ENSG00000007968.7,194.2574721,2.734567657,0.447566231,6.109861437,9.97e-10,1.37e-7,6.864490231,TRUE,E2F2,ENSG00000007968
ENSG00000082074.19,2257.590282,2.065650123,0.338968543,6.093928681,1.1e-9,1.5e-7,6.823516825,TRUE,FYB1,ENSG00000082074
ENSG00000171848.16,884.7531417,3.42755294,0.562940042,6.088664303,1.14e-9,1.54e-7,6.8115492,TRUE,RRM2,ENSG00000171848
ENSG00000143851.16,284.3814798,2.16599694,0.356203049,6.080792813,1.2e-9,1.6e-7,6.79480912,TRUE,PTPN7,ENSG00000143851
ENSG00000176208.9,398.5200573,1.555773416,0.25605623,6.075905352,1.23e-9,1.64e-7,6.78612241,TRUE,ATAD5,ENSG00000176208
ENSG00000166803.14,109.1425108,2.579475624,0.424809487,6.07207631,1.26e-9,1.67e-7,6.778017232,TRUE,PCLAF,ENSG00000166803
ENSG00000011426.11,1195.040738,3.683142198,0.608051312,6.057288466,1.38e-9,1.82e-7,6.740304622,TRUE,ANLN,ENSG00000011426
ENSG00000131747.15,3739.560595,3.51387187,0.581371536,6.044107167,1.5e-9,1.95e-7,6.709221015,TRUE,TOP2A,ENSG00000131747
ENSG00000035499.13,85.56865691,2.643898937,0.439345074,6.017818545,1.77e-9,2.25e-7,6.647338457,TRUE,DEPDC1B,ENSG00000035499
ENSG00000183010.17,1324.265241,2.646880534,0.440967706,6.002436229,1.94e-9,2.44e-7,6.612596999,TRUE,PYCR1,ENSG00000183010
ENSG00000135476.12,250.1700583,2.611050485,0.43551521,5.995314108,2.03e-9,2.54e-7,6.595685736,TRUE,ESPL1,ENSG00000135476
ENSG00000179344.17,5606.581644,2.091728604,0.348954146,5.994279276,2.04e-9,2.54e-7,6.595043955,TRUE,HLA-DQB1,ENSG00000179344
ENSG00000184730.12,230.8647344,2.366726365,0.395056489,5.990855557,2.09e-9,2.58e-7,6.588011038,TRUE,APOBR,ENSG00000184730
ENSG00000137804.14,566.5113027,2.614495647,0.436543266,5.989087114,2.11e-9,2.6e-7,6.585391812,TRUE,NUSAP1,ENSG00000137804
ENSG00000024526.17,359.0770771,3.51090974,0.588481805,5.966046371,2.43e-9,2.98e-7,6.526079218,TRUE,DEPDC1,ENSG00000024526
ENSG00000171241.9,311.5465313,3.620696004,0.608555891,5.949652376,2.69e-9,3.25e-7,6.488743902,TRUE,SHCBP1,ENSG00000171241
ENSG00000186810.8,70.07979076,2.497127621,0.421212192,5.928431479,3.06e-9,3.64e-7,6.438867972,TRUE,CXCR3,ENSG00000186810
ENSG00000189159.16,1017.907491,2.536385169,0.428257205,5.922574425,3.17e-9,3.72e-7,6.429576281,TRUE,JPT1,ENSG00000189159
ENSG00000118193.12,286.8363492,3.042522966,0.51431435,5.915687488,3.3e-9,3.85e-7,6.415032349,TRUE,KIF14,ENSG00000118193
ENSG00000129173.13,101.4015328,3.614604957,0.612063184,5.905607547,3.51e-9,4.07e-7,6.390432805,TRUE,E2F8,ENSG00000129173
ENSG00000089692.9,102.1443611,2.915471675,0.494077661,5.900836858,3.62e-9,4.17e-7,6.379838369,TRUE,LAG3,ENSG00000089692
ENSG00000125869.10,410.1839997,3.063923103,0.519703415,5.895522354,3.73e-9,4.29e-7,6.367814211,TRUE,LAMP5,ENSG00000125869
ENSG00000112742.10,388.2628395,2.597356489,0.44151552,5.88282036,4.03e-9,4.59e-7,6.338333037,TRUE,TTK,ENSG00000112742
ENSG00000133466.14,1214.413293,2.623597251,0.448369635,5.851415989,4.87e-9,5.45e-7,6.263793901,TRUE,C1QTNF6,ENSG00000133466
ENSG00000011422.12,783.1656003,2.801070442,0.478981498,5.847972113,4.98e-9,5.51e-7,6.25859521,TRUE,PLAUR,ENSG00000011422
ENSG00000134028.14,395.6393574,4.978919494,0.855133179,5.822390731,5.8e-9,6.26e-7,6.203145649,TRUE,ADAMDEC1,ENSG00000134028
ENSG00000088325.16,1030.113709,3.20346057,0.550567704,5.818468006,5.94e-9,6.37e-7,6.195933626,TRUE,TPX2,ENSG00000088325
ENSG00000142945.13,285.9102147,2.966332316,0.509836351,5.81820482,5.95e-9,6.37e-7,6.195933626,TRUE,KIF2C,ENSG00000142945
ENSG00000186871.7,114.2483456,2.734090883,0.47032298299999997,5.81321981,6.13e-9,6.51e-7,6.186624171,TRUE,ERCC6L,ENSG00000186871
ENSG00000168394.13,2617.081896,1.917569238,0.330025242,5.810371437,6.23e-9,6.59e-7,6.1810388,TRUE,TAP1,ENSG00000168394
ENSG00000169442.9,240.3337141,2.022291933,0.3484162,5.804241984,6.47e-9,6.81e-7,6.166943609,TRUE,CD52,ENSG00000169442
ENSG00000196787.4,513.3770797,2.079973001,0.359055235,5.792905371,6.92e-9,7.2e-7,6.142940683,TRUE,H2AC11,ENSG00000196787
ENSG00000121281.13,1824.624402,1.616271804,0.279238368,5.788143723,7.12e-9,7.32e-7,6.135488552,TRUE,ADCY7,ENSG00000121281
ENSG00000124256.15,182.0426654,2.445211955,0.422809503,5.783247391,7.33e-9,7.5e-7,6.125009658,TRUE,ZBP1,ENSG00000124256
ENSG00000117650.13,236.9355719,2.986770589,0.518530984,5.760061951,8.41e-9,8.47e-7,6.072161408,TRUE,NEK2,ENSG00000117650
ENSG00000137809.17,2664.829508,1.994397788,0.346545377,5.755084091,8.66e-9,8.69e-7,6.061071908,TRUE,ITGA11,ENSG00000137809
ENSG00000130635.17,20704.67567,3.074408758,0.53706194,5.724495681,1.04e-8,1.02e-6,5.99109691,TRUE,COL5A1,ENSG00000130635
ENSG00000065328.17,166.5289738,2.741462981,0.480581735,5.704467695,1.17e-8,1.13e-6,5.946607453,TRUE,MCM10,ENSG00000065328
ENSG00000139354.11,469.6034083,2.419826396,0.425819621,5.682749873,1.33e-8,1.28e-6,5.893446984,TRUE,GAS2L3,ENSG00000139354
ENSG00000106462.12,573.6599744,2.256398358,0.398258804,5.665658445,1.46e-8,1.39e-6,5.856162204,TRUE,EZH2,ENSG00000106462
ENSG00000126778.12,466.689561,3.324951733,0.588200598,5.652751364,1.58e-8,1.49e-6,5.82673208,TRUE,SIX1,ENSG00000126778
ENSG00000147434.9,118.7474064,6.024206992,1.066132802,5.650522132,1.6e-8,1.5e-6,5.82270406,TRUE,CHRNA6,ENSG00000147434
ENSG00000274290.3,513.2307436,1.835009688,0.325034841,5.645578439,1.65e-8,1.54e-6,5.811817841,TRUE,H2BC6,ENSG00000274290
ENSG00000167900.12,438.3037884,2.775175812,0.493180384,5.627100957,1.83e-8,1.69e-6,5.7715826,TRUE,TK1,ENSG00000167900
ENSG00000102384.14,260.0969939,2.540818934,0.451612968,5.626098259,1.84e-8,1.7e-6,5.770629957,TRUE,CENPI,ENSG00000102384
ENSG00000134986.14,3380.692481,2.108958077,0.377516911,5.586393663,2.32e-8,2.09e-6,5.678822564,TRUE,NREP,ENSG00000134986
ENSG00000101447.15,181.7778953,3.079864453,0.55151801,5.584340665,2.35e-8,2.11e-6,5.676698329,TRUE,FAM83D,ENSG00000101447
ENSG00000121211.8,31.16125215,7.506925356,1.348397829,5.567292677,2.59e-8,2.31e-6,5.635751501,TRUE,MND1,ENSG00000121211
ENSG00000204262.14,28056.62202,3.015532854,0.541843233,5.565323459,2.62e-8,2.33e-6,5.632367224,TRUE,COL5A2,ENSG00000204262
ENSG00000100526.21,165.9039305,2.22254634,0.399696764,5.560581269,2.69e-8,2.39e-6,5.622076705,TRUE,CDKN3,ENSG00000100526
ENSG00000276903.2,147.9075766,3.157410758,0.568157025,5.557285433,2.74e-8,2.42e-6,5.615387422,TRUE,H2AC16,ENSG00000276903
ENSG00000071539.14,294.1238034,3.07174371,0.552976898,5.554922318,2.78e-8,2.45e-6,5.61101629,TRUE,TRIP13,ENSG00000071539
ENSG00000138180.16,303.3970927,3.276011589,0.590152269,5.551129363,2.84e-8,2.49e-6,5.603089227,TRUE,CEP55,ENSG00000138180
ENSG00000051180.17,117.73454,2.738438633,0.493677199,5.547022703,2.91e-8,2.54e-6,5.595874014,TRUE,RAD51,ENSG00000051180
ENSG00000005844.19,1079.112216,1.724687691,0.311192152,5.542195327,2.99e-8,2.58e-6,5.588332117,TRUE,ITGAL,ENSG00000005844
ENSG00000151651.16,557.3266438,3.238633401,0.584314601,5.542619331,2.98e-8,2.58e-6,5.588332117,TRUE,ADAM8,ENSG00000151651
ENSG00000188282.13,44.79155456,3.421782914,0.617908855,5.537682279,3.07e-8,2.64e-6,5.578609781,TRUE,RUFY4,ENSG00000188282
ENSG00000115884.11,5262.77171,1.961170449,0.35444554,5.533065671,3.15e-8,2.69e-6,5.570094383,TRUE,SDC1,ENSG00000115884
ENSG00000100342.22,2048.51671,1.256000046,0.22718259,5.528592861,3.23e-8,2.75e-6,5.560474272,TRUE,APOL1,ENSG00000100342
ENSG00000130695.16,599.729781,1.156748355,0.209337933,5.525746521,3.28e-8,2.78e-6,5.556326213,TRUE,CEP85,ENSG00000130695
ENSG00000203747.13,4591.619691,2.900251463,0.525115505,5.523073368,3.33e-8,2.81e-6,5.551154967,TRUE,FCGR3A,ENSG00000203747
ENSG00000090104.12,7753.531375,3.359866708,0.608815933,5.518690501,3.42e-8,2.86e-6,5.54318769,TRUE,RGS1,ENSG00000090104
ENSG00000160856.21,101.1068398,2.502827246,0.454532106,5.506381651,3.66e-8,3.05e-6,5.515652919,TRUE,FCRL3,ENSG00000160856
ENSG00000164087.8,171.507331,1.91909027,0.348491995,5.50684176,3.65e-8,3.05e-6,5.515652919,TRUE,POC1A,ENSG00000164087
ENSG00000087586.18,286.5858139,2.614031526,0.47501567,5.503042728,3.73e-8,3.1e-6,5.508839249,TRUE,AURKA,ENSG00000087586
ENSG00000146670.10,251.2805434,2.673759363,0.485989681,5.501679289,3.76e-8,3.1e-6,5.508299759,TRUE,CDCA5,ENSG00000146670
ENSG00000276368.2,458.9987525,2.685459696,0.488072241,5.502176668,3.75e-8,3.1e-6,5.508299759,TRUE,H2AC14,ENSG00000276368
ENSG00000126787.13,350.3794137,3.273391475,0.595057947,5.50096254,3.78e-8,3.11e-6,5.507937176,TRUE,DLGAP5,ENSG00000126787
ENSG00000170312.17,626.78572140000006,2.964913702,0.54063441,5.484137981,4.15e-8,3.33e-6,5.477615583,TRUE,CDK1,ENSG00000170312
ENSG00000137807.16,356.8299166,2.124435045,0.387699053,5.479598236,4.26e-8,3.41e-6,5.467832222,TRUE,KIF23,ENSG00000137807
ENSG00000143333.7,622.6822302,2.805229559,0.512233461,5.476466832,4.34e-8,3.46e-6,5.461507713,TRUE,RGS16,ENSG00000143333
ENSG00000177409.12,4460.620103,1.55412572,0.284536653,5.461952638,4.71e-8,3.73e-6,5.428652895,TRUE,SAMD9L,ENSG00000177409
ENSG00000203852.4,1228.703251,3.43595624,0.630094088,5.453084398,4.95e-8,3.89e-6,5.409658032,TRUE,H3C15,ENSG00000203852
ENSG00000111247.15,206.5474875,1.969284823,0.361628907,5.445595713,5.16e-8,4.05e-6,5.392711419,TRUE,RAD51AP1,ENSG00000111247
ENSG00000165244.7,226.0333053,1.877106086,0.345078152,5.439654975,5.34e-8,4.17e-6,5.379557119,TRUE,ZNF367,ENSG00000165244
ENSG00000078081.8,317.7409783,2.747096204,0.505093131,5.438791452,5.36e-8,4.18e-6,5.378782511,TRUE,LAMP3,ENSG00000078081
ENSG00000054967.13,259.5486614,2.275297713,0.419142571,5.428457691,5.68e-8,4.4e-6,5.35626746,TRUE,RELT,ENSG00000054967
ENSG00000198018.7,1352.479278,1.187658974,0.219143436,5.419550751,5.97e-8,4.61e-6,5.335932837,TRUE,ENTPD7,ENSG00000198018
ENSG00000154920.15,99.19538841,2.934927799,0.544527373,5.389862741,7.05e-8,5.36e-6,5.27053419,TRUE,EME1,ENSG00000154920
ENSG00000118946.12,674.9337606,3.020539042,0.561441351,5.379972527,7.45e-8,5.63e-6,5.249861015,TRUE,PCDH17,ENSG00000118946
ENSG00000129810.15,98.73434349,2.27287577,0.422491425,5.379696804,7.46e-8,5.63e-6,5.249861015,TRUE,SGO1,ENSG00000129810
ENSG00000174946.7,130.2745942,2.434635836,0.453108587,5.373184053,7.74e-8,5.8e-6,5.236721477,TRUE,GPR171,ENSG00000174946
ENSG00000276070.5,251.382113,3.576373061,0.665762579,5.371844517,7.79e-8,5.82e-6,5.234769635,TRUE,CCL4L2,ENSG00000276070
ENSG00000051341.15,280.6700582,2.639133613,0.491973824,5.364378115,8.12e-8,6.05e-6,5.218066651,TRUE,POLQ,ENSG00000051341
ENSG00000198805.13,882.9488273,1.906500475,0.356626798,5.345926012,9e-8,6.59e-6,5.181298788,TRUE,PNP,ENSG00000198805
ENSG00000187741.16,277.8043759,1.671031215,0.312691627,5.344022903,9.09e-8,6.64e-6,5.177981968,TRUE,FANCA,ENSG00000187741
ENSG00000136811.17,1178.863053,1.067810882,0.199871716,5.342481176,9.17e-8,6.68e-6,5.175529173,TRUE,ODF2,ENSG00000136811
ENSG00000101082.14,103.1430267,1.833737777,0.343827761,5.333303428,9.64e-8,6.96e-6,5.157258142,TRUE,SLA2,ENSG00000101082
ENSG00000196890.5,226.440432,2.486623593,0.466503861,5.330338723,9.8e-8,7.04e-6,5.152619881,TRUE,H2BC26,ENSG00000196890
ENSG00000259807.2,238.8319274,3.903069982,0.732203214,5.330582967,9.79e-8,7.04e-6,5.152619881,TRUE,LOC101928188,ENSG00000259807
ENSG00000255833.2,65.87324872,2.748047934,0.51586216,5.327097329,9.98e-8,7.12e-6,5.147310206,TRUE,TIFAB,ENSG00000255833
ENSG00000025423.11,79.85608668,3.696468222,0.694799597,5.32019339,1.04e-7,7.36e-6,5.133245234,TRUE,HSD17B6,ENSG00000025423
ENSG00000006118.15,1121.298097,2.027340562,0.381142547,5.319113751,1.04e-7,7.38e-6,5.131876206,TRUE,TMEM132A,ENSG00000006118
ENSG00000147883.12,1190.049734,2.488422192,0.468893602,5.307008202,1.11e-7,7.83e-6,5.106454575,TRUE,CDKN2B,ENSG00000147883
ENSG00000075702.19,210.8379036,1.315277955,0.247958642,5.304424735,1.13e-7,7.89e-6,5.102852942,TRUE,WDR62,ENSG00000075702
ENSG00000137801.11,30869.05475,1.84986543,0.34880645,5.303415207,1.14e-7,7.91e-6,5.101638129,TRUE,THBS1,ENSG00000137801
ENSG00000168461.13,5008.656744,1.583573445,0.299038253,5.295554759,1.19e-7,8.19e-6,5.086487465,TRUE,RAB31,ENSG00000168461
ENSG00000167895.16,441.1826276,1.317827697,0.249925334,5.27288561,1.34e-7,9.15e-6,5.038560318,TRUE,TMC8,ENSG00000167895
ENSG00000148773.14,2498.114411,3.269423062,0.620161076,5.271893366,1.35e-7,9.18e-6,5.037371274,TRUE,MKI67,ENSG00000148773
ENSG00000182492.16,23389.69198,4.036539784,0.766237225,5.268002717,1.38e-7,9.32e-6,5.030475934,TRUE,BGN,ENSG00000182492
ENSG00000198796.7,326.328135,3.791749363,0.72085065,5.260103964,1.44e-7,9.71e-6,5.012957247,TRUE,ALPK2,ENSG00000198796
ENSG00000274641.2,576.2877303,3.1968197,0.607882662,5.258942058,1.45e-7,9.72e-6,5.012130444,TRUE,H2BC17,ENSG00000274641
ENSG00000116824.5,453.5442265,1.723012985,0.328435559,5.2461219120000004,1.55e-7,1.03e-5,4.987943268,TRUE,CD2,ENSG00000116824
ENSG00000125508.4,176.0388776,1.937032314,0.370200047,5.232393483,1.67e-7,1.1e-5,4.959009751,TRUE,SRMS,ENSG00000125508
ENSG00000161800.13,746.9668308,1.594905247,0.305387345,5.222564967,1.76e-7,1.15e-5,4.940385259,TRUE,RACGAP1,ENSG00000161800
ENSG00000162073.14,450.199962,2.031724186,0.389757099,5.212795848,1.86e-7,1.21e-5,4.918592691,TRUE,PAQR4,ENSG00000162073
ENSG00000093009.11,114.2479488,2.934971851,0.563206508,5.211182419,1.88e-7,1.21e-5,4.917268715,TRUE,CDC45,ENSG00000093009
ENSG00000170577.8,151.7678817,4.31939258,0.828798883,5.211629347,1.87e-7,1.21e-5,4.917268715,TRUE,SIX2,ENSG00000170577
ENSG00000276085.1,112.8607235,3.839163805,0.738260486,5.200283477,1.99e-7,1.26e-5,4.898073906,TRUE,CCL3L1,ENSG00000276085
ENSG00000164611.13,310.7506097,2.512941664,0.483533424,5.19703818,2.02e-7,1.28e-5,4.89157452,TRUE,PTTG1,ENSG00000164611
ENSG00000215784.6,58.68404321,2.423222013,0.468001065,5.177813037,2.25e-7,1.41e-5,4.849984167,TRUE,FAM72D,ENSG00000215784
ENSG00000186185.14,262.6857196,2.825190964,0.545718116,5.177015166,2.25e-7,1.42e-5,4.849198473,TRUE,KIF18B,ENSG00000186185
ENSG00000105173.14,74.49129075,3.42347077,0.661894598,5.172229503,2.31e-7,1.45e-5,4.839135887,TRUE,CCNE1,ENSG00000105173
ENSG00000158714.11,982.5008291,3.030432774,0.58597071,5.171645479,2.32e-7,1.45e-5,4.83884392,TRUE,SLAMF8,ENSG00000158714
ENSG00000130827.6,1950.915092,1.875620776,0.363751881,5.156319114,2.52e-7,1.56e-5,4.807693921,TRUE,PLXNA3,ENSG00000130827
ENSG00000167553.17,4059.800974,2.238727961,0.434566145,5.151639143,2.58e-7,1.59e-5,4.799831169,TRUE,TUBA1C,ENSG00000167553
ENSG00000138316.11,181.5906152,3.243368022,0.629795783,5.149872564,2.61e-7,1.59e-5,4.797805268,TRUE,ADAMTS14,ENSG00000138316
ENSG00000013725.14,225.2690629,1.662804676,0.322999797,5.148005323,2.63e-7,1.61e-5,4.794522665,TRUE,CD6,ENSG00000013725
ENSG00000162654.9,3287.13536,2.408188355,0.468471027,5.140527835,2.74e-7,1.66e-5,4.780332127,TRUE,GBP4,ENSG00000162654
ENSG00000094804.12,872.2855102,4.251470346,0.827540284,5.137478416,2.78e-7,1.68e-5,4.774533266,TRUE,CDC6,ENSG00000094804
ENSG00000097046.13,303.930028,1.602056285,0.311858372,5.137127708,2.79e-7,1.68e-5,4.774533266,TRUE,CDC7,ENSG00000097046
ENSG00000009790.15,367.1004181,1.510263584,0.294085319,5.135460646,2.81e-7,1.69e-5,4.77175233,TRUE,TRAF3IP3,ENSG00000009790
ENSG00000131203.13,272.6979589,2.548509733,0.496298248,5.135036726,2.82e-7,1.69e-5,4.77175233,TRUE,IDO1,ENSG00000131203
ENSG00000168334.9,62.39086413,4.224033711,0.823408972,5.129934035,2.9e-7,1.73e-5,4.760995135,TRUE,XIRP1,ENSG00000168334
ENSG00000182134.17,513.8300649,1.312960069,0.256076165,5.127224818,2.94e-7,1.75e-5,4.755764537,TRUE,TDRKH,ENSG00000182134
ENSG00000081237.21,4644.884656,1.645925229,0.321506009,5.119422907,3.06e-7,1.82e-5,4.740827074,TRUE,PTPRC,ENSG00000081237
ENSG00000143799.14,4705.791977,1.300341571,0.254252674,5.114367338,3.15e-7,1.86e-5,4.731206424,TRUE,PARP1,ENSG00000143799
ENSG00000029559.7,50.63510893,8.187628681,1.602357396,5.109739376,3.23e-7,1.89e-5,4.722570077,TRUE,IBSP,ENSG00000029559
ENSG00000278828.2,746.9051597,2.3014217280000002,0.451339723,5.09908969,3.41e-7,1.99e-5,4.702098951,TRUE,H3C10,ENSG00000278828
ENSG00000186193.9,189.2907927,1.95505391,0.383984799,5.091487775,3.55e-7,2.06e-5,4.686649965,TRUE,SAPCD2,ENSG00000186193
ENSG00000110848.8,445.3613573,1.695054917,0.333086928,5.088926564,3.6e-7,2.08e-5,4.681769721,TRUE,CD69,ENSG00000110848
ENSG00000108821.14,273988.3845,2.926925459,0.575800561,5.083227869,3.71e-7,2.14e-5,4.669711093,TRUE,COL1A1,ENSG00000108821
ENSG00000278677.2,902.7983383,2.581234093,0.508499504,5.076178191,3.85e-7,2.21e-5,4.656533501,TRUE,H2AC17,ENSG00000278677
ENSG00000123364.5,86.99737114,3.67896104,0.725328899,5.072128028,3.93e-7,2.23e-5,4.651483233,TRUE,HOXC13,ENSG00000123364
ENSG00000167208.16,407.3625469,2.515242575,0.495852435,5.072562721,3.92e-7,2.23e-5,4.651483233,TRUE,SNX20,ENSG00000167208
ENSG00000148677.7,68.4628398,5.718741068,1.130047627,5.060619509,4.18e-7,2.36e-5,4.627819225,TRUE,ANKRD1,ENSG00000148677
ENSG00000162062.15,68.56789376,2.797723356,0.553347082,5.056000918,4.28e-7,2.4e-5,4.619220232,TRUE,TEDC2,ENSG00000162062
ENSG00000178999.13,126.9170429,2.825256488,0.559834547,5.046591897,4.5e-7,2.51e-5,4.599732868,TRUE,AURKB,ENSG00000178999
ENSG00000123485.12,246.0008705,2.903411427,0.57714193,5.030671448,4.89e-7,2.7e-5,4.568350189,TRUE,HJURP,ENSG00000123485
ENSG00000160791.14,701.7472938,1.780545457,0.35452464,5.022346137,5.1e-7,2.8e-5,4.552322002,TRUE,CCR5,ENSG00000160791
ENSG00000157613.11,1055.381678,1.892196633,0.377292928,5.015192416,5.3e-7,2.89e-5,4.538367545,TRUE,CREB3L1,ENSG00000157613
ENSG00000167984.18,286.4119306,1.749437685,0.348845595,5.014934136,5.31e-7,2.89e-5,4.538367545,TRUE,NLRC3,ENSG00000167984
ENSG00000111602.12,691.8241498,1.494174312,0.298321676,5.008601231,5.48e-7,2.98e-5,4.525496564,TRUE,TIMELESS,ENSG00000111602
ENSG00000115523.17,138.2055096,1.722595916,0.344408156,5.001611858,5.69e-7,3.06e-5,4.513907221,TRUE,GNLY,ENSG00000115523
ENSG00000198763.3,40178.44843,1.272685101,0.254448408,5.00174127,5.68e-7,3.06e-5,4.513907221,TRUE,MT-ND2,ENSG00000198763
ENSG00000263513.6,42.99192289,2.877198544,0.575298548,5.001226849,5.7e-7,3.06e-5,4.513907221,TRUE,FAM72C,ENSG00000263513
ENSG00000222041.13,1354.070605,1.933779282,0.387590857,4.989228323,6.06e-7,3.24e-5,4.489644993,TRUE,CYTOR,ENSG00000222041
ENSG00000043462.13,1801.167266,1.839735409,0.368849263,4.987770321,6.11e-7,3.26e-5,4.487277448,TRUE,LCP2,ENSG00000043462
ENSG00000198886.2,96898.98712,1.504071689,0.301690134,4.985485168,6.18e-7,3.28e-5,4.483956386,TRUE,MT-ND4,ENSG00000198886
ENSG00000254986.8,807.3429647,1.585701911,0.318463548,4.979225795,6.38e-7,3.38e-5,4.471709528,TRUE,DPP3,ENSG00000254986
ENSG00000228168.1,20.3277286,3.892007412,0.781809516,4.978204197,6.42e-7,3.39e-5,4.470317636,TRUE,HNRNPA1P21,ENSG00000228168
ENSG00000198888.2,43856.84324,1.247037643,0.250652837,4.9751587,6.52e-7,3.42e-5,4.466176713,TRUE,MT-ND1,ENSG00000198888
ENSG00000227036.11,154.9091552,3.241540603,0.651505361,4.97546267,6.51e-7,3.42e-5,4.466176713,TRUE,LINC00511,ENSG00000227036
ENSG00000175463.12,146.0781523,1.600055816,0.321757619,4.972860699,6.6e-7,3.45e-5,4.461918313,TRUE,TBC1D10C,ENSG00000175463
ENSG00000233822.6,506.7361495,2.017040149,0.405689795,4.971877955,6.63e-7,3.46e-5,4.460606978,TRUE,H2BC15,ENSG00000233822
ENSG00000115232.14,2425.207051,1.495558339,0.300839098,4.971289793,6.65e-7,3.47e-5,4.460178218,TRUE,ITGA4,ENSG00000115232
ENSG00000249001.6,52.71911788,6.479296014,1.304291157,4.967676105,6.78e-7,3.52e-5,4.452972035,TRUE,DMP1-AS1,ENSG00000249001
ENSG00000074706.14,362.3062891,1.606174013,0.323397939,4.966556114,6.82e-7,3.54e-5,4.451350169,TRUE,IPCEF1,ENSG00000074706
ENSG00000100385.15,361.7389748,1.982304294,0.399546182,4.961389656,7e-7,3.62e-5,4.441556482,TRUE,IL2RB,ENSG00000100385
ENSG00000107165.13,175.0515716,6.18224853,1.247607331,4.955283908,7.22e-7,3.71e-5,4.430545067,TRUE,TYRP1,ENSG00000107165
ENSG00000180044.6,141.7991888,3.399411625,0.688668069,4.936212059,7.97e-7,4.04e-5,4.394107136,TRUE,C3orf80,ENSG00000180044
ENSG00000109705.8,21.18542477,4.672269161,0.949033315,4.923187716,8.51e-7,4.3e-5,4.366878079,TRUE,NKX3-2,ENSG00000109705
ENSG00000124813.23,1360.866648,1.634641851,0.332333049,4.918685812,8.71e-7,4.39e-5,4.357746274,TRUE,RUNX2,ENSG00000124813
ENSG00000270882.3,1288.428168,1.953709672,0.397233974,4.918284438,8.73e-7,4.39e-5,4.357713371,TRUE,H4C14,ENSG00000270882
ENSG00000153898.13,196.9630249,2.176507129,0.44304572,4.912601633,8.99e-7,4.51e-5,4.345970542,TRUE,MCOLN2,ENSG00000153898
ENSG00000277734.8,610.2448549,1.548444578,0.315447058,4.908730443,9.17e-7,4.59e-5,4.33825008,TRUE,TRAC,ENSG00000277734
ENSG00000196584.4,286.123888,1.883024464,0.384297351,4.899915279,9.59e-7,4.77e-5,4.321300486,TRUE,XRCC2,ENSG00000196584
ENSG00000119969.16,998.7290425,1.535246128,0.31339959,4.898685813,9.65e-7,4.79e-5,4.319430535,TRUE,HELLS,ENSG00000119969
ENSG00000137124.8,1022.342323,1.72864202,0.353393027,4.891556677,1e-6,4.95e-5,4.305115638,TRUE,ALDH1B1,ENSG00000137124
ENSG00000197472.15,53.35879359,2.778817885,0.568170074,4.890820569,1e-6,4.96e-5,4.304594187,TRUE,ZNF695,ENSG00000197472
ENSG00000198554.12,533.9733782,1.316506104,0.269409246,4.8866404,1.03e-6,5.06e-5,4.296214596,TRUE,WDHD1,ENSG00000198554
ENSG00000198286.11,335.5297376,2.114059593,0.433019075,4.882139647,1.05e-6,5.16e-5,4.287134446,TRUE,CARD11,ENSG00000198286
ENSG00000119699.8,4123.43264,1.16566139,0.238971811,4.877819629,1.07e-6,5.26e-5,4.279294985,TRUE,TGFB3,ENSG00000119699
ENSG00000175063.17,173.4695863,3.154207048,0.647739419,4.86956167,1.12e-6,5.43e-5,4.265288005,TRUE,UBE2C,ENSG00000175063
ENSG00000171310.11,1495.46599,1.763254942,0.36215715,4.868756397,1.12e-6,5.44e-5,4.264344822,TRUE,CHST11,ENSG00000171310
ENSG00000099985.4,52.86566376,3.896576483,0.800906428,4.86520815,1.14e-6,5.53e-5,4.257375498,TRUE,OSM,ENSG00000099985
ENSG00000132031.13,686.0496313,3.243065554,0.667022147,4.862005808,1.16e-6,5.61e-5,4.251168972,TRUE,MATN3,ENSG00000132031
ENSG00000198826.11,467.1210147,2.260210169,0.466036298,4.849858651,1.24e-6,5.9e-5,4.229449762,TRUE,ARHGAP11A,ENSG00000198826
ENSG00000198712.1,24514.3324,1.731545998,0.357122217,4.848609005,1.24e-6,5.92e-5,4.227526576,TRUE,MT-CO2,ENSG00000198712
ENSG00000169241.19,1296.800369,1.421141146,0.293409366,4.843543905,1.28e-6,6.05e-5,4.218065327,TRUE,SLC50A1,ENSG00000169241
ENSG00000136628.18,6435.701799,1.162532894,0.240158783,4.840684487,1.29e-6,6.13e-5,4.212622049,TRUE,EPRS1,ENSG00000136628
ENSG00000051825.15,1170.23387,1.36445243,0.282447715,4.830814191,1.36e-6,6.4e-5,4.193484907,TRUE,MPHOSPH9,ENSG00000051825
ENSG00000164889.15,2376.011182,1.309642262,0.271215266,4.828792576,1.37e-6,6.45e-5,4.190472774,TRUE,SLC4A2,ENSG00000164889
ENSG00000237649.8,337.1608976,2.197225855,0.455072569,4.828297737,1.38e-6,6.45e-5,4.190398314,TRUE,KIFC1,ENSG00000237649
ENSG00000104894.12,540.2866002,2.322384715,0.481303834,4.825194711,1.4e-6,6.53e-5,4.185228206,TRUE,CD37,ENSG00000104894
ENSG00000085514.16,246.7000856,2.237604165,0.464251851,4.819806666,1.44e-6,6.68e-5,4.175081069,TRUE,PILRA,ENSG00000085514
ENSG00000183813.7,227.4714266,2.364680253,0.490992371,4.816124225,1.46e-6,6.77e-5,4.169438828,TRUE,CCR4,ENSG00000183813
ENSG00000212907.2,8960.670787,1.265539463,0.262834632,4.814964652,1.47e-6,6.8e-5,4.167704162,TRUE,MT-ND4L,ENSG00000212907
ENSG00000183484.12,221.4535961,2.102208195,0.436709804,4.813741697,1.48e-6,6.83e-5,4.165830822,TRUE,GPR132,ENSG00000183484
ENSG00000179715.13,347.3526502,2.185152945,0.454280836,4.810136752,1.51e-6,6.93e-5,4.159563136,TRUE,PCED1B,ENSG00000179715
ENSG00000198938.2,88796.7527,1.202857396,0.250446862,4.802844743,1.56e-6,7.17e-5,4.144512034,TRUE,MT-CO3,ENSG00000198938
ENSG00000234883.7,76.08921657,1.773504374,0.369338647,4.801838061,1.57e-6,7.19e-5,4.143108411,TRUE,MIR155HG,ENSG00000234883
ENSG00000117122.14,782.4707729,2.201181837,0.458800334,4.797690132,1.61e-6,7.32e-5,4.135670449,TRUE,MFAP2,ENSG00000117122
ENSG00000177602.5,79.77071725,1.962741595,0.409774119,4.789813469,1.67e-6,7.58e-5,4.120161205,TRUE,HASPIN,ENSG00000177602
ENSG00000075218.19,136.1859874,2.710353172,0.566159889,4.787257496,1.69e-6,7.65e-5,4.116176268,TRUE,GTSE1,ENSG00000075218
ENSG00000179583.21,2439.020134,1.456856872,0.304559987,4.783480872,1.72e-6,7.78e-5,4.108780342,TRUE,CIITA,ENSG00000179583
ENSG00000123975.5,219.8052295,1.838184499,0.384329552,4.782834128,1.73e-6,7.8e-5,4.108151755,TRUE,CKS2,ENSG00000123975
ENSG00000160606.11,231.671396,2.869979859,0.600140523,4.782179751,1.73e-6,7.81e-5,4.107505489,TRUE,TLCD1,ENSG00000160606
ENSG00000213199.8,51.17182547,3.875995742,0.810593852,4.781674241,1.74e-6,7.81e-5,4.107233844,TRUE,ASIC3,ENSG00000213199
ENSG00000113368.12,800.834618,2.085058692,0.436377649,4.778106063,1.77e-6,7.91e-5,4.101763822,TRUE,LMNB1,ENSG00000113368
ENSG00000139572.4,80.16040656,4.348568714,0.910190266,4.777648013,1.77e-6,7.92e-5,4.101536016,TRUE,GPR84,ENSG00000139572
ENSG00000141668.10,53.96072672,4.699302873,0.984645,4.772585931,1.82e-6,8.09e-5,4.092129945,TRUE,CBLN2,ENSG00000141668
ENSG00000138964.18,671.6502102,1.719818922,0.360871035,4.765743861,1.88e-6,8.34e-5,4.078894214,TRUE,PARVG,ENSG00000138964
ENSG00000288825.1,2627.692042,2.362334773,0.496037453,4.762412108,1.91e-6,8.44e-5,4.073702264,TRUE,H2AC18,ENSG00000288825
ENSG00000101115.13,70.59412329,2.176073926,0.457223657,4.759320503,1.94e-6,8.52e-5,4.069573984,TRUE,SALL4,ENSG00000101115
ENSG00000111206.13,385.2133186,2.866539733,0.602827486,4.75515765,1.98e-6,8.6700000000000007e-05,4.062113643,TRUE,FOXM1,ENSG00000111206
ENSG00000160957.15,266.6738584,2.705344407,0.569866714,4.747328353,2.06e-6,8.95e-5,4.04826492,TRUE,RECQL4,ENSG00000160957
ENSG00000182162.11,218.5383317,1.672394384,0.352435784,4.745245682,2.08e-6,9.01e-5,4.04527261,TRUE,P2RY8,ENSG00000182162
ENSG00000064012.24,1231.938332,1.004700923,0.211959749,4.740055255,2.14e-6,9.23e-5,4.034878346,TRUE,CASP8,ENSG00000064012
ENSG00000180785.10,48.7495013,1.928034961,0.40723382,4.734466699,2.2e-6,9.45e-5,4.024375878,TRUE,OR51E1,ENSG00000180785
ENSG00000118503.18,2956.807316,1.670858261,0.35296526,4.733775388,2.2e-6,9.47e-5,4.023628803,TRUE,TNFAIP3,ENSG00000118503
ENSG00000127423.11,60.98588468,3.214530344,0.679166498,4.733051991,2.21e-6,9.49e-5,4.022812013,TRUE,AUNIP,ENSG00000127423
ENSG00000113140.11,98186.52181,2.598604772,0.550158177,4.723377535,2.32e-6,9.86e-5,4.005999497,TRUE,SPARC,ENSG00000113140
ENSG00000182481.10,2231.484024,1.968716191,0.416772783,4.723715822,2.32e-6,9.86e-5,4.005999497,TRUE,KPNA2,ENSG00000182481
ENSG00000276410.4,118.7618669,1.707744601,0.361876583,4.719135417,2.37e-6,9.98e-5,4.001033044,TRUE,H2BC3,ENSG00000276410
ENSG00000104549.12,2089.166486,2.434049787,0.515947739,4.717628553,2.39e-6,1.00338e-4,3.998534105,TRUE,SQLE,ENSG00000104549
ENSG00000141696.13,640.1642193,1.872517591,0.3970191,4.71644208,2.4e-6,1.00758e-4,3.996718481,TRUE,P3H4,ENSG00000141696
ENSG00000116852.15,503.8557652,1.766571698,0.37464082,4.715374305,2.41e-6,1.0079e-4,3.996581717,TRUE,KIF21B,ENSG00000116852
ENSG00000135074.16,1211.757124,2.055869667,0.436441552,4.710526895,2.47e-6,1.0288e-4,3.987668213,TRUE,ADAM19,ENSG00000135074
ENSG00000225783.9,554.5156037,1.777926873,0.378101284,4.702250286,2.57e-6,1.06273e-4,3.973578258,TRUE,MIAT,ENSG00000225783
ENSG00000144355.15,103.0680774,5.921480003,1.260226426,4.698742924,2.62e-6,1.07765e-4,3.967524034,TRUE,DLX1,ENSG00000144355
ENSG00000198814.14,494.6687831,1.231839243,0.26313481,4.681399788,2.85e-6,1.16544e-4,3.933510487,TRUE,GK,ENSG00000198814
ENSG00000138160.7,708.7460755,2.180498312,0.466268027,4.676491175,2.92e-6,1.18985e-4,3.924506742,TRUE,KIF11,ENSG00000138160
ENSG00000177494.6,19.78200175,5.914457929,1.265641067,4.673092618,2.97e-6,1.20203e-4,3.920085638,TRUE,ZBED2,ENSG00000177494
ENSG00000117009.12,280.8123526,2.216914365,0.47454526,4.671660539,2.99e-6,1.20763e-4,3.918067433,TRUE,KMO,ENSG00000117009
ENSG00000211751.9,203.6100756,1.771694944,0.38004153,4.661845623,3.13e-6,1.25962e-4,3.899758788,TRUE,TRBC1,ENSG00000211751
ENSG00000224271.8,329.9014697,2.668132257,0.572493854,4.660543055,3.15e-6,1.26563e-4,3.897694283,TRUE,EPIC1,ENSG00000224271
ENSG00000180549.8,28.2387062,5.131079474,1.102572128,4.653735883,3.26e-6,1.29794e-4,3.886746057,TRUE,FUT7,ENSG00000180549
ENSG00000251442.8,320.6955696,2.748987724,0.591527182,4.6472720259999996,3.36e-6,1.33509e-4,3.874488537,TRUE,LOC101928893,ENSG00000251442
ENSG00000267013.6,40.37413744,3.917699929,0.843112086,4.646713043,3.37e-6,1.33663e-4,3.873988111,TRUE,LINC01929,ENSG00000267013
ENSG00000133216.17,719.2795611,2.280603569,0.491043129,4.644405823,3.41e-6,1.34956e-4,3.869808881,TRUE,EPHB2,ENSG00000133216
ENSG00000134516.20,2555.811792,1.498564816,0.322809137,4.642262701,3.45e-6,1.35941e-4,3.866648648,TRUE,DOCK2,ENSG00000134516
ENSG00000293352.1,65.39896828,2.838850997,0.612562818,4.634383468,3.58e-6,1.40354e-4,3.85277634,TRUE,RPLP0P2,ENSG00000293352
ENSG00000153283.13,539.5829792,1.627828955,0.351326408,4.633380572,3.6e-6,1.40819e-4,3.851338892,TRUE,CD96,ENSG00000153283
ENSG00000167114.13,583.2237119,1.143805285,0.247134169,4.628276572,3.69e-6,1.43672e-4,3.842628873,TRUE,SLC27A4,ENSG00000167114
ENSG00000140937.14,9905.412736,1.63280484,0.353088761,4.624346676,3.76e-6,1.45976e-4,3.835718554,TRUE,CDH11,ENSG00000140937
ENSG00000152766.6,423.3139604,2.586691154,0.559642131,4.622045071,3.8e-6,1.47157e-4,3.832219825,TRUE,ANKRD22,ENSG00000152766
ENSG00000280721.1,23.98707293,4.293095227,0.929438258,4.619021425,3.86e-6,1.49091e-4,3.826549591,TRUE,LINC01943,ENSG00000280721
ENSG00000115415.21,16023.2713,1.907488578,0.413204045,4.616335679,3.91e-6,1.50585e-4,3.822218221,TRUE,STAT1,ENSG00000115415
ENSG00000160753.17,1097.43585,1.330926215,0.288510249,4.61309857,3.97e-6,1.52709e-4,3.816134234,TRUE,RUSC1,ENSG00000160753
ENSG00000225614.4,1385.604104,1.790402282,0.388364218,4.610111333,4.02e-6,1.54687e-4,3.810547389,TRUE,ZNF469,ENSG00000225614
ENSG00000196747.5,338.7807694,2.665932796,0.578423323,4.608964907,4.05e-6,1.54855e-4,3.810074122,TRUE,H2AC13,ENSG00000196747
ENSG00000175600.16,177.9042988,1.549184543,0.337218529,4.594007768,4.35e-6,1.64886e-4,3.782816018,TRUE,SUGCT,ENSG00000175600
ENSG00000101463.6,120.7966494,3.678171492,0.801103357,4.591381947,4.4e-6,1.66726e-4,3.777995428,TRUE,SYNDIG1,ENSG00000101463
ENSG00000216490.4,3004.7589,2.831480142,0.61690427,4.589820948,4.44e-6,1.67729e-4,3.77539197,TRUE,IFI30,ENSG00000216490
ENSG00000186818.13,799.2860426,2.872097341,0.625876606,4.5889194699999996,4.46e-6,1.68205e-4,3.77416042,TRUE,LILRB4,ENSG00000186818
ENSG00000149380.12,226.7271121,3.164256927,0.691210723,4.577846992,4.7e-6,1.77094e-4,3.751795972,TRUE,P4HA3,ENSG00000149380
ENSG00000136603.15,5730.89872,1.088600923,0.237850265,4.57683291,4.72e-6,1.77429e-4,3.750974384,TRUE,SKIL,ENSG00000136603
ENSG00000146410.12,58.94896808,2.736800554,0.59801032,4.576510576,4.73e-6,1.77441e-4,3.750945593,TRUE,MTFR2,ENSG00000146410
ENSG00000162739.14,288.7749398,1.261570387,0.275725325,4.575460688,4.75e-6,1.78071e-4,3.749406429,TRUE,SLAMF6,ENSG00000162739
ENSG00000115165.10,836.2679517,1.58081564,0.345702249,4.572766428,4.81e-6,1.80112e-4,3.744456694,TRUE,CYTIP,ENSG00000115165
ENSG00000149256.16,1982.073668,2.272355584,0.49754163,4.567166745,4.94e-6,1.83909e-4,3.735396035,TRUE,TENM4,ENSG00000149256
ENSG00000163808.17,252.1035726,2.659410036,0.582573679,4.564933384,5e-6,1.85337e-4,3.732037704,TRUE,KIF15,ENSG00000163808
ENSG00000100196.11,1223.454805,2.269270904,0.497328529,4.562921228,5.04e-6,1.8658e-4,3.729135513,TRUE,KDELR3,ENSG00000100196
ENSG00000127129.10,59.68992779,3.634469089,0.796480684,4.563160364,5.04e-6,1.8658e-4,3.729135513,TRUE,EDN2,ENSG00000127129
ENSG00000110448.11,220.3076837,2.385136673,0.523697643,4.554415522,5.25e-6,1.93448e-4,3.713436321,TRUE,CD5,ENSG00000110448
ENSG00000131389.18,2784.43663,1.33735472,0.293737747,4.552886837,5.29e-6,1.9438e-4,3.711347749,TRUE,SLC6A6,ENSG00000131389
ENSG00000143367.17,1178.067016,1.725950606,0.379270125,4.550715953,5.35e-6,1.96031e-4,3.707675379,TRUE,TUFT1,ENSG00000143367
ENSG00000115163.15,107.8480266,2.708704443,0.596584418,4.540353991,5.62e-6,2.04015e-4,3.690338494,TRUE,CENPA,ENSG00000115163
ENSG00000149554.15,307.6588563,2.171539573,0.478746713,4.53588404,5.74e-6,2.07344e-4,3.68330903,TRUE,CHEK1,ENSG00000149554
ENSG00000113088.6,267.7706762,1.825254923,0.403231855,4.526564314,6e-6,2.15779e-4,3.665990908,TRUE,GZMK,ENSG00000113088
ENSG00000025708.14,2097.876684,2.356945521,0.52100289,4.523862662,6.07e-6,2.17938e-4,3.661667922,TRUE,TYMP,ENSG00000025708
ENSG00000188404.10,619.1340085,1.778933121,0.393409428,4.521836527,6.13e-6,2.19416e-4,3.658730723,TRUE,SELL,ENSG00000188404
ENSG00000167702.13,578.3116768,1.640603087,0.363266314,4.516254396,6.29e-6,2.24962e-4,3.647891242,TRUE,KIFC2,ENSG00000167702
ENSG00000136250.12,612.2588965,1.214236568,0.269169241,4.511052462,6.45e-6,2.30228e-4,3.637842409,TRUE,AOAH,ENSG00000136250
ENSG00000020633.19,588.3469434,1.815200222,0.402719464,4.507356576,6.56e-6,2.33246e-4,3.632185276,TRUE,RUNX3,ENSG00000020633
ENSG00000167207.15,395.2619456,2.193573125,0.48672435,4.506807855,6.58e-6,2.33246e-4,3.632185276,TRUE,NOD2,ENSG00000167207
ENSG00000265206.6,54.76989939,1.991579658,0.442155361,4.504253103,6.66e-6,2.35415e-4,3.62816624,TRUE,MIR142HG,ENSG00000265206
ENSG00000147889.18,287.9029498,2.463200131,0.547511206,4.49890359,6.83e-6,2.40749e-4,3.618436372,TRUE,CDKN2A,ENSG00000147889
ENSG00000186074.19,75.93199408,2.726919957,0.607727471,4.487077,7.22e-6,2.538e-4,3.595508251,TRUE,CD300LF,ENSG00000186074
ENSG00000136492.10,580.8855709,1.341354702,0.299072491,4.485048748,7.29e-6,2.55521e-4,3.592572612,TRUE,BRIP1,ENSG00000136492
ENSG00000183918.18,115.2650206,1.714377772,0.382390242,4.483319871,7.35e-6,2.57248e-4,3.589648795,TRUE,SH2D1A,ENSG00000183918
ENSG00000101213.7,225.4243497,1.875389747,0.418698499,4.479093554,7.5e-6,2.61665e-4,3.582253665,TRUE,PTK6,ENSG00000101213
ENSG00000181847.12,211.9855539,2.872229589,0.643485434,4.463550278,8.06e-6,2.78735e-4,3.554807986,TRUE,TIGIT,ENSG00000181847
ENSG00000105967.16,1045.775887,2.040789143,0.457327493,4.46242392,8.1e-6,2.79822e-4,3.553118675,TRUE,TFEC,ENSG00000105967
ENSG00000205413.8,4845.703296,1.793188288,0.401885538,4.461937835,8.12e-6,2.80078e-4,3.552721322,TRUE,SAMD9,ENSG00000205413
ENSG00000073111.15,768.2999691,1.797109807,0.403144148,4.457735068,8.28e-6,2.84853e-4,3.545379029,TRUE,MCM2,ENSG00000073111
ENSG00000185862.7,710.0586407,1.893395188,0.424772138,4.457437343,8.29e-6,2.84864e-4,3.545361725,TRUE,EVI2B,ENSG00000185862
ENSG00000275713.3,581.5516126,2.220551179,0.498245553,4.456740591,8.32e-6,2.85407e-4,3.544535605,TRUE,H2BC9,ENSG00000275713
ENSG00000173821.20,28512.91695,1.760660221,0.395103214,4.456203233,8.34e-6,2.85738e-4,3.544031632,TRUE,RNF213,ENSG00000173821
ENSG00000147676.14,4293.609593,1.518978108,0.341141878,4.452628678,8.48e-6,2.89371e-4,3.538544264,TRUE,MAL2,ENSG00000147676
ENSG00000223485.5,63.15896749,6.181052512,1.39089909,4.443925916,8.83e-6,2.9933e-4,3.523849068,TRUE,LINC01615,ENSG00000223485
ENSG00000235173.7,453.2000837,1.247364245,0.280838215,4.441575899,8.93e-6,3.0175e-4,3.520353201,TRUE,HGH1,ENSG00000235173
ENSG00000203805.11,214.873964,4.439816481,1.00002595,4.439701273,9.01e-6,3.0285e-4,3.518771802,TRUE,PLPP4,ENSG00000203805
ENSG00000117399.14,269.8588915,3.013576984,0.680051751,4.431393613,9.36e-6,3.13518e-4,3.503737617,TRUE,CDC20,ENSG00000117399
ENSG00000211772.11,389.4558047,1.830691094,0.41380021,4.424094159,9.68e-6,3.22611e-4,3.491321226,TRUE,TRBC2,ENSG00000211772
ENSG00000119714.11,239.1256202,2.054935266,0.464715468,4.421921383,9.78e-6,3.25447e-4,3.48751924,TRUE,GPR68,ENSG00000119714
ENSG00000198901.14,617.4816646,2.182172656,0.493822117,4.418944761,9.92e-6,3.29531e-4,3.482103227,TRUE,PRC1,ENSG00000198901
ENSG00000124507.11,36.57114036,2.203962483,0.498948675,4.417212813,1e-5,3.31749e-4,3.479189801,TRUE,PACSIN1,ENSG00000124507
ENSG00000163507.15,378.4173713,1.743538363,0.394789314,4.416376789,1e-5,3.32601e-4,3.478075892,TRUE,CIP2A,ENSG00000163507
ENSG00000072274.14,4846.590164,1.218044753,0.275821781,4.41605717,1.01e-5,3.32661e-4,3.477998449,TRUE,TFRC,ENSG00000072274
ENSG00000293412.1,32.81393044,5.006703906,1.134394937,4.41354571,1.02e-5,3.35673e-4,3.474083226,TRUE,GUCY1B2,ENSG00000293412
ENSG00000184357.5,1591.266635,2.860480093,0.648514318,4.410820261,1.03e-5,3.38174e-4,3.470859235,TRUE,H1-5,ENSG00000184357
ENSG00000100625.9,1283.929559,2.400175121,0.544464937,4.408318991,1.04e-5,3.40992e-4,3.467255497,TRUE,SIX4,ENSG00000100625
ENSG00000205744.10,154.232098,1.671959807,0.379285092,4.408187511,1.04e-5,3.40992e-4,3.467255497,TRUE,DENND1C,ENSG00000205744
ENSG00000165480.16,132.709831,2.504172459,0.568817326,4.402419446,1.07e-5,3.48844e-4,3.457368141,TRUE,SKA3,ENSG00000165480
ENSG00000136286.16,454.0086737,1.994416064,0.453131148,4.401410217,1.08e-5,3.49577e-4,3.456456828,TRUE,MYO1G,ENSG00000136286
ENSG00000167286.11,208.3104308,1.819898336,0.413478293,4.401436219,1.08e-5,3.49577e-4,3.456456828,TRUE,CD3D,ENSG00000167286
ENSG00000153395.10,3108.725553,2.255756047,0.512600134,4.400615411,1.08e-5,3.50406e-4,3.455428305,TRUE,LPCAT1,ENSG00000153395
ENSG00000137571.11,86.45190638,2.424356517,0.551153967,4.398691949,1.09e-5,3.52634e-4,3.452675243,TRUE,SLCO5A1,ENSG00000137571
ENSG00000076003.5,1449.06583,1.100266768,0.250497269,4.392330384,1.12e-5,3.60823e-4,3.442705897,TRUE,MCM6,ENSG00000076003
ENSG00000166396.13,19.46286665,5.894867252,1.342051619,4.392429596,1.12e-5,3.60823e-4,3.442705897,TRUE,SERPINB7,ENSG00000166396
ENSG00000231389.8,11439.73954,1.506860225,0.343472895,4.387129954,1.15e-5,3.67237e-4,3.435053431,TRUE,HLA-DPA1,ENSG00000231389
ENSG00000093072.19,2300.775716,1.840981278,0.419756074,4.385835948,1.16e-5,3.68964e-4,3.433015536,TRUE,ADA2,ENSG00000093072
ENSG00000104524.14,257.2413122,1.337190594,0.304908652,4.385544942,1.16e-5,3.68996e-4,3.432978756,TRUE,PYCR3,ENSG00000104524
ENSG00000089639.11,683.4671022,1.639745539,0.374049461,4.383766615,1.17e-5,3.71557e-4,3.429974288,TRUE,GMIP,ENSG00000089639
ENSG00000152495.11,322.664003,1.656939761,0.378008439,4.383340659,1.17e-5,3.7182e-4,3.42966725,TRUE,CAMK4,ENSG00000152495
ENSG00000145681.11,76.43441574,5.047849275,1.152454169,4.380086785,1.19e-5,3.7554e-4,3.425343283,TRUE,HAPLN1,ENSG00000145681
ENSG00000186283.14,1010.041078,1.100991855,0.251454129,4.378499797,1.19e-5,3.77816e-4,3.422720027,TRUE,TOR3A,ENSG00000186283
ENSG00000164109.14,298.1910872,1.584689662,0.362286772,4.37413062,1.22e-5,3.84984e-4,3.414557407,TRUE,MAD2L1,ENSG00000164109
ENSG00000272398.6,28273.59591,2.307612127,0.527952499,4.370870736,1.24e-5,3.90294e-4,3.408608433,TRUE,CD24,ENSG00000272398
ENSG00000248527.1,6819.300933,1.415554747,0.324054786,4.368257496,1.25e-5,3.94426e-4,3.40403406,TRUE,MTATP6P1,ENSG00000248527
ENSG00000172156.4,18.03231958,3.720515975,0.851959911,4.367008268,1.26e-5,3.95788e-4,3.402537783,TRUE,CCL11,ENSG00000172156
ENSG00000125538.12,255.2185374,3.331759739,0.7637203,4.362539188,1.29e-5,4.02969e-4,3.394728896,TRUE,IL1B,ENSG00000125538
ENSG00000164694.17,3488.016255,3.38155569,0.777180585,4.351055283,1.35e-5,4.23105e-4,3.373551966,TRUE,FNDC1,ENSG00000164694
ENSG00000278588.2,487.3806077,2.542147175,0.585201679,4.344053113,1.4e-5,4.34695e-4,3.361814899,TRUE,H2BC10,ENSG00000278588
ENSG00000104972.16,356.6053866,2.338741892,0.538610633,4.342175493,1.41e-5,4.35397e-4,3.361114979,TRUE,LILRB1,ENSG00000104972
ENSG00000151725.12,297.7597817,1.870622403,0.430771932,4.342489064,1.41e-5,4.35397e-4,3.361114979,TRUE,CENPU,ENSG00000151725
ENSG00000198223.18,402.4928156,1.729815169,0.398331643,4.342650646,1.41e-5,4.35397e-4,3.361114979,TRUE,CSF2RA,ENSG00000198223
ENSG00000038427.16,43224.79675,1.642457706,0.380266038,4.319233225,1.57e-5,4.76694e-4,3.321760113,TRUE,VCAN,ENSG00000038427
ENSG00000138623.10,227.6214063,1.906809217,0.441692113,4.317055167,1.58e-5,4.80273e-4,3.318511833,TRUE,SEMA7A,ENSG00000138623
ENSG00000140030.6,470.8567271,1.978184151,0.458389598,4.315508383,1.59e-5,4.82498e-4,3.316504159,TRUE,GPR65,ENSG00000140030
ENSG00000184445.12,1920.986985,1.232534683,0.285789947,4.312729319,1.61e-5,4.87446e-4,3.312073284,TRUE,KNTC1,ENSG00000184445
ENSG00000203740.4,10.98704916,6.951913347,1.614037034,4.30715851,1.65e-5,4.98109e-4,3.302675921,TRUE,NTMT2,ENSG00000203740
ENSG00000197153.5,88.61592901,3.003904883,0.698770925,4.29884069,1.72e-5,5.14738e-4,3.288413695,TRUE,H3C12,ENSG00000197153
ENSG00000198851.10,574.6253172,1.48095778,0.345104879,4.291326697,1.78e-5,5.30598e-4,3.275234028,TRUE,CD3E,ENSG00000198851
ENSG00000000460.17,507.6261903,1.024449006,0.238809881,4.289809953,1.79e-5,5.32985e-4,3.273284707,TRUE,FIRRM,ENSG00000000460
ENSG00000291086.1,35.81234956,4.91363042,1.145542085,4.289349545,1.79e-5,5.33467e-4,3.272892094,TRUE,LGALS17A,ENSG00000291086
ENSG00000182866.18,239.232205,1.728934979,0.403286003,4.287118735,1.81e-5,5.37971e-4,3.269240853,TRUE,LCK,ENSG00000182866
ENSG00000168685.15,2534.80565,1.32597896,0.309324205,4.286696409,1.81e-5,5.37991e-4,3.269225375,TRUE,IL7R,ENSG00000168685
ENSG00000196126.12,17435.58586,1.975737243,0.461216851,4.283749039,1.84e-5,5.43904e-4,3.264477536,TRUE,HLA-DRB1,ENSG00000196126
ENSG00000135127.12,272.9920121,1.971306791,0.46033069,4.282370983,1.85e-5,5.46415e-4,3.262476994,TRUE,BICDL1,ENSG00000135127
ENSG00000275302.2,337.605099,2.366726319,0.552953924,4.280151052,1.87e-5,5.50853e-4,3.258964189,TRUE,CCL4,ENSG00000275302
ENSG00000078589.13,272.0221469,2.214404319,0.517528699,4.278804875,1.88e-5,5.53554e-4,3.256839951,TRUE,P2RY10,ENSG00000078589
ENSG00000162511.8,7644.552746,2.494755717,0.583510812,4.275423293,1.91e-5,5.61375e-4,3.250747063,TRUE,LAPTM5,ENSG00000162511
ENSG00000160255.19,3311.143263,2.072141486,0.484797519,4.274241113,1.92e-5,5.6371e-4,3.248943934,TRUE,ITGB2,ENSG00000160255
ENSG00000079263.19,196.5449807,1.828143409,0.428530458,4.266075783,1.99e-5,5.83385e-4,3.234044427,TRUE,SP140,ENSG00000079263
ENSG00000211799.3,16.28893196,3.184600014,0.746693837,4.264934107,2e-5,5.85702e-4,3.232322952,TRUE,TRAV19,ENSG00000211799
ENSG00000197471.12,713.777707,1.798341605,0.422294572,4.2585004,2.06e-5,6.02121e-4,3.220316213,TRUE,SPN,ENSG00000197471
ENSG00000160949.18,282.6354851,1.430239325,0.336026431,4.256329836,2.08e-5,6.05907e-4,3.217594299,TRUE,TONSL,ENSG00000160949
ENSG00000160688.19,902.1808759,1.252117269,0.294221422,4.255697163,2.08e-5,6.06136e-4,3.217429842,TRUE,FLAD1,ENSG00000160688
ENSG00000227507.3,76.91413628,2.370134487,0.556960739,4.255478564,2.09e-5,6.06136e-4,3.217429842,TRUE,LTB,ENSG00000227507
ENSG00000196562.16,3887.545931,1.200503835,0.282181729,4.254364159,2.1e-5,6.07776e-4,3.216256128,TRUE,SULF2,ENSG00000196562
ENSG00000056558.11,541.0660427,1.545405074,0.363482358,4.251664593,2.12e-5,6.13754e-4,3.212005598,TRUE,TRAF1,ENSG00000056558
ENSG00000076716.9,1733.406874,1.664340676,0.391543775,4.250714179,2.13e-5,6.14968e-4,3.211147169,TRUE,GPC4,ENSG00000076716
ENSG00000130675.15,82.16384754,5.412538565,1.273267744,4.250903701,2.13e-5,6.14968e-4,3.211147169,TRUE,MNX1,ENSG00000130675
ENSG00000086991.13,503.0019447,2.132841165,0.501856601,4.249901584,2.14e-5,6.16505e-4,3.21006309,TRUE,NOX4,ENSG00000086991
ENSG00000261150.3,5729.977295,2.172995159,0.511886014,4.245076248,2.19e-5,6.29212e-4,3.201203309,TRUE,EPPK1,ENSG00000261150
ENSG00000123989.15,1920.168802,1.527907255,0.359978644,4.244438614,2.19e-5,6.30291e-4,3.200458844,TRUE,CHPF,ENSG00000123989
ENSG00000105880.7,121.5471183,4.724709527,1.113849447,4.241784685,2.22e-5,6.37073e-4,3.195810651,TRUE,DLX5,ENSG00000105880
ENSG00000162825.18,1384.003416,1.053245672,0.248417683,4.239817629,2.24e-5,6.41236e-4,3.192982399,TRUE,NBPF20,ENSG00000162825
ENSG00000161888.12,188.5479259,2.88847383,0.682174688,4.234214317,2.29e-5,6.54488e-4,3.184098569,TRUE,SPC24,ENSG00000161888
ENSG00000185803.12,716.1779537,1.499195867,0.354088088,4.233963008,2.3e-5,6.54488e-4,3.184098569,TRUE,SLC52A2,ENSG00000185803
ENSG00000188483.8,414.2728019,1.859064432,0.439048033,4.234307623,2.29e-5,6.54488e-4,3.184098569,TRUE,IER5L,ENSG00000188483
ENSG00000164620.9,83.23002495,1.580221763,0.374191553,4.2230289580000004,2.41e-5,6.83264e-4,3.165411312,TRUE,RELL2,ENSG00000164620
ENSG00000236532.6,78.72734529,2.364731901,0.56005748,4.222302149,2.42e-5,6.84699e-4,3.164500382,TRUE,LINC01695,ENSG00000236532
ENSG00000168071.22,319.4036925,1.46349572,0.346641588,4.221927697,2.42e-5,6.85076e-4,3.164260982,TRUE,CCDC88B,ENSG00000168071
ENSG00000153310.22,2277.909501,1.327437577,0.314793415,4.216853068,2.48e-5,6.99118e-4,3.155449341,TRUE,CYRIB,ENSG00000153310
ENSG00000114770.17,2322.060932,1.171952905,0.278092085,4.214261989,2.51e-5,7.0485e-4,3.151903056,TRUE,ABCC5,ENSG00000114770
ENSG00000155307.19,746.355022,2.346754603,0.557147236,4.212090542,2.53e-5,7.10878e-4,3.148205175,TRUE,SAMSN1,ENSG00000155307
ENSG00000137496.19,488.398741,1.441964064,0.342443537,4.210808234,2.54e-5,7.14138e-4,3.146218026,TRUE,IL18BP,ENSG00000137496
ENSG00000198899.2,38135.60741,1.351707873,0.321062331,4.210110439,2.55e-5,7.15559e-4,3.145354578,TRUE,MT-ATP6,ENSG00000198899
ENSG00000163508.13,150.2775926,1.498758584,0.356709022,4.201627918,2.65e-5,7.38039e-4,3.131920671,TRUE,EOMES,ENSG00000163508
ENSG00000152253.9,150.2580709,1.27464719,0.30339821300000003,4.201234993,2.65e-5,7.38514e-4,3.131641143,TRUE,SPC25,ENSG00000152253
ENSG00000172243.18,899.5066639,2.321037133,0.552548155,4.200606071,2.66e-5,7.39761e-4,3.130908421,TRUE,CLEC7A,ENSG00000172243
ENSG00000162745.11,5299.048307,3.728733858,0.887919891,4.199403454,2.68e-5,7.42891e-4,3.12907501,TRUE,OLFML2B,ENSG00000162745
ENSG00000116514.17,1164.270313,1.090136348,0.259884424,4.194696746,2.73e-5,7.55195e-4,3.121941022,TRUE,RNF19B,ENSG00000116514
ENSG00000162695.12,3435.292182,1.00583716,0.239807165,4.194358249,2.74e-5,7.55504e-4,3.121763297,TRUE,SLC30A7,ENSG00000162695
ENSG00000169783.13,378.6462989,2.547052362,0.607824666,4.19043929,2.78e-5,7.6701e-4,3.1151987,TRUE,LINGO1,ENSG00000169783
ENSG00000113532.13,1067.198229,1.686574457,0.4030287,4.184750266,2.85e-5,7.82245e-4,3.106657047,TRUE,ST8SIA4,ENSG00000113532
ENSG00000089685.15,327.4134274,1.792880143,0.428513005,4.183957362,2.86e-5,7.83296e-4,3.106074285,TRUE,BIRC5,ENSG00000089685
ENSG00000137745.13,837.2468818,3.765867587,0.900487004,4.182034355,2.89e-5,7.89105e-4,3.102865058,TRUE,MMP13,ENSG00000137745
ENSG00000197150.13,648.6467072,1.136086022,0.271695095,4.181474174,2.9e-5,7.90205e-4,3.102260046,TRUE,ABCB8,ENSG00000197150
ENSG00000167394.13,274.6833372,1.210994012,0.289993691,4.175932261,2.97e-5,8.05731e-4,3.093809939,TRUE,ZNF668,ENSG00000167394
ENSG00000140749.9,735.0075373,1.987615766,0.47783065,4.159665704,3.19e-5,8.58539e-4,3.066239813,TRUE,IGSF6,ENSG00000140749
ENSG00000123728.10,1376.401792,1.177222279,0.283553132,4.151681456,3.3e-5,8.84379e-4,3.053361501,TRUE,RAP2C,ENSG00000123728
ENSG00000188883.5,101.0841109,1.943082231,0.468543619,4.147067958,3.37e-5,9.01435e-4,3.045065725,TRUE,KLRG2,ENSG00000188883
ENSG00000064547.14,266.0104164,1.138508473,0.274718955,4.144266172,3.41e-5,9.10613e-4,3.040666232,TRUE,LPAR2,ENSG00000064547
ENSG00000278637.2,158.2732931,1.734613084,0.419009016,4.139798945,3.48e-5,9.27555e-4,3.032660126,TRUE,H4C1,ENSG00000278637
ENSG00000204267.19,2328.916694,1.665162116,0.402436323,4.137703332,3.51e-5,9.35086e-4,3.029148328,TRUE,TAP2,ENSG00000204267
ENSG00000144554.13,687.8239627,1.138190876,0.275103276,4.137322151,3.51e-5,9.35662e-4,3.028881116,TRUE,FANCD2,ENSG00000144554
ENSG00000185686.18,579.9110087,6.867423428,1.660160854,4.13660123,3.52e-5,9.37625e-4,3.027970753,TRUE,PRAME,ENSG00000185686
ENSG00000039560.14,3950.038991,1.909922236,0.461860739,4.135277312,3.55e-5,9.42064e-4,3.025919647,TRUE,RAI14,ENSG00000039560
ENSG00000277224.3,615.154458,1.795251389,0.434442832,4.132307535,3.59e-5,9.52336e-4,3.02120971,TRUE,H2BC7,ENSG00000277224
ENSG00000198734.12,231.1565908,3.463165545,0.838431925,4.13052681,3.62e-5,9.58746e-4,3.018296479,TRUE,F5,ENSG00000198734
ENSG00000234906.11,77.21408003,3.577041498,0.866431898,4.128473925,3.65e-5,9.65337e-4,3.015320873,TRUE,APOC2,ENSG00000234906
ENSG00000156970.13,346.1746453,2.424548923,0.587317676,4.128172918,3.66e-5,9.65383e-4,3.015300187,TRUE,BUB1B,ENSG00000156970
ENSG00000163599.18,161.5692862,1.953972377,0.473347592,4.127986305,3.66e-5,9.65383e-4,3.015300187,TRUE,CTLA4,ENSG00000163599
ENSG00000150551.11,110.9377346,3.694260832,0.895073534,4.12732663,3.67e-5,9.67155e-4,3.014504021,TRUE,LYPD1,ENSG00000150551
ENSG00000138795.10,501.8630731,1.852478704,0.449722925,4.119155594,3.8e-5,9.95915e-4,3.00177785,TRUE,LEF1,ENSG00000138795
ENSG00000162894.12,288.0061747,1.388246525,0.337187044,4.11714077,3.84e-5,0.00100157,2.999318641,TRUE,FCMR,ENSG00000162894
ENSG00000102879.17,1192.336489,1.712018247,0.416286258,4.112598513,3.91e-5,0.001017319,2.992542889,TRUE,CORO1A,ENSG00000102879
ENSG00000050344.9,731.4674587,1.63644633,0.398278079,4.108803416,3.98e-5,0.001033125,2.985847101,TRUE,NFE2L3,ENSG00000050344
ENSG00000066294.15,2684.872944,1.877105244,0.457736464,4.10084272,4.12e-5,0.001064978,2.972659368,TRUE,CD84,ENSG00000066294
ENSG00000183671.13,84.078499,2.605669678,0.635749669,4.098578108,4.16e-5,0.0010711,2.970169935,TRUE,CMKLR2,ENSG00000183671
ENSG00000185811.21,1475.524238,1.194158175,0.291427935,4.097610525,4.17e-5,0.001074499,2.968793838,TRUE,IKZF1,ENSG00000185811
ENSG00000163191.6,4457.059001,1.546399801,0.377727114,4.093960284,4.24e-5,0.001090464,2.96238864,TRUE,S100A11,ENSG00000163191
ENSG00000065600.13,305.2010284,1.752888316,0.428217473,4.093453503,4.25e-5,0.00109175,2.961876957,TRUE,PACC1,ENSG00000065600
ENSG00000131462.9,760.4751005,1.612475726,0.39415432,4.090975648,4.3e-5,0.001100154,2.958546428,TRUE,TUBG1,ENSG00000131462
ENSG00000173559.15,1819.712252,1.504481418,0.368147899,4.08662231,4.38e-5,0.001117623,2.951704645,TRUE,NABP1,ENSG00000173559
ENSG00000070669.17,726.9844232,1.716641933,0.420956753,4.077953184,4.54e-5,0.001153111,2.938128883,TRUE,ASNS,ENSG00000070669
ENSG00000165434.8,2257.119105,1.967072099,0.482402094,4.077660779,4.55e-5,0.001153111,2.938128883,TRUE,PGM2L1,ENSG00000165434
ENSG00000090382.7,3496.386183,1.580348817,0.387860443,4.074529502,4.61e-5,0.001165632,2.933438702,TRUE,LYZ,ENSG00000090382
ENSG00000171617.16,1943.24002,1.600813794,0.393117175,4.07210342,4.66e-5,0.001173187,2.930632745,TRUE,ENC1,ENSG00000171617
ENSG00000179918.19,1861.388639,1.024081537,0.251483496,4.072161998,4.66e-5,0.001173187,2.930632745,TRUE,SEPHS2,ENSG00000179918
ENSG00000142185.18,758.1116384,2.4606393030000002,0.604523512,4.070378167,4.69e-5,0.001180743,2.927844646,TRUE,TRPM2,ENSG00000142185
ENSG00000123329.20,402.9449929,1.790954877,0.4403272,4.067327378,4.76e-5,0.001191931,2.923749037,TRUE,ARHGAP9,ENSG00000123329
ENSG00000154978.13,3092.090042,1.275093032,0.313578472,4.066264572,4.78e-5,0.001194575,2.922786674,TRUE,VOPP1,ENSG00000154978
ENSG00000041982.17,15137.44379,2.151557588,0.529766221,4.061334039,4.88e-5,0.001211885,2.916538411,TRUE,TNC,ENSG00000041982
ENSG00000286522.2,1202.170415,2.666017471,0.657162955,4.056859033,4.97e-5,0.00123173,2.90948453,TRUE,H3C2,ENSG00000286522
ENSG00000182183.15,31.1087109,2.588449441,0.63816162,4.056103278,4.99e-5,0.00123452,2.908501769,TRUE,SHISAL2A,ENSG00000182183
ENSG00000154096.14,4660.515183,2.39859653,0.591418729,4.055665487,5e-5,0.001235302,2.90822703,TRUE,THY1,ENSG00000154096
ENSG00000124731.13,183.2374729,3.773101676,0.931771329,4.049385894,5.14e-5,0.001263135,2.898550076,TRUE,TREM1,ENSG00000124731
ENSG00000120337.10,31.13221807,2.967896361,0.732979822,4.049083305,5.14e-5,0.00126355,2.898407608,TRUE,TNFSF18,ENSG00000120337
ENSG00000178966.17,549.2802405,1.038089606,0.256453484,4.047867046,5.17e-5,0.001268908,2.896569756,TRUE,RMI1,ENSG00000178966
ENSG00000163013.12,353.3013613,1.240449809,0.30664678,4.04520735,5.23e-5,0.001282166,2.89205572,TRUE,FBXO41,ENSG00000163013
ENSG00000273703.2,167.250242,2.104560894,0.520473655,4.043549321,5.26e-5,0.00128879,2.88981768,TRUE,H2BC14,ENSG00000273703
ENSG00000164692.19,269321.8286,2.767736995,0.685744376,4.03610601,5.43e-5,0.001326524,2.877285015,TRUE,COL1A2,ENSG00000164692
ENSG00000261327.5,77.96987074,2.556908983,0.633627249,4.035351996,5.45e-5,0.001328247,2.876721309,TRUE,LOC105371401,ENSG00000261327
ENSG00000145386.11,315.4187269,2.038548161,0.505290517,4.034408116,5.47e-5,0.001332323,2.875390502,TRUE,CCNA2,ENSG00000145386
ENSG00000006534.17,415.8800859,1.167512856,0.289467234,4.033316095,5.5e-5,0.00133598,2.874199964,TRUE,ALDH3B1,ENSG00000006534
ENSG00000139734.19,227.860238,2.486451527,0.61665206400000006,4.032179037,5.53e-5,0.001341184,2.872511672,TRUE,DIAPH3,ENSG00000139734
ENSG00000213186.8,542.7537299,2.003165452,0.496924613,4.031125448,5.55e-5,0.001345929,2.870977776,TRUE,TRIM59,ENSG00000213186
ENSG00000123219.13,117.3382345,1.643062021,0.407706369,4.030013136,5.58e-5,0.001349965,2.869677413,TRUE,CENPK,ENSG00000123219
ENSG00000100292.18,1527.952557,3.064482144,0.760953469,4.027161012,5.65e-5,0.001364921,2.864892457,TRUE,HMOX1,ENSG00000100292
ENSG00000143320.9,5888.237802,1.924597122,0.477992778,4.02641465,5.66e-5,0.001367961,2.863926334,TRUE,CRABP2,ENSG00000143320
ENSG00000071553.18,4240.332266,1.115866089,0.277304504,4.023973906,5.72e-5,0.001380915,2.859833176,TRUE,ATP6AP1,ENSG00000071553
ENSG00000173546.7,1051.419853,1.09379332,0.27185507,4.023442784,5.74e-5,0.001382725,2.859264338,TRUE,CSPG4,ENSG00000173546
ENSG00000198959.12,2486.907924,1.850786262,0.460095638,4.022612062,5.76e-5,0.001386301,2.85814259,TRUE,TGM2,ENSG00000198959
ENSG00000100911.16,2273.045269,1.063319771,0.264673384,4.017479039,5.88e-5,0.001407525,2.851544014,TRUE,PSME2,ENSG00000100911
ENSG00000196976.8,218.774722,1.583458961,0.394282394,4.016052924,5.92e-5,0.001414736,2.849324564,TRUE,LAGE3,ENSG00000196976
ENSG00000059573.9,2923.114032,1.050261366,0.261595188,4.014834425,5.95e-5,0.001420732,2.847487848,TRUE,ALDH18A1,ENSG00000059573
ENSG00000019582.17,41499.51903,1.827321928,0.455543146,4.011303742,6.04e-5,0.001438107,2.842208739,TRUE,CD74,ENSG00000019582
ENSG00000170909.14,78.34072168,2.475972635,0.618732995,4.001681916,6.29e-5,0.001493684,2.825741246,TRUE,OSCAR,ENSG00000170909
ENSG00000117228.11,4034.679886,1.393431816,0.348826171,3.994630942,6.48e-5,0.001521819,2.817636994,TRUE,GBP1,ENSG00000117228
ENSG00000135362.14,431.2167582,1.501849426,0.375957689,3.994729909,6.48e-5,0.001521819,2.817636994,TRUE,PRR5L,ENSG00000135362
ENSG00000128815.20,1239.402412,1.322674795,0.3315546,3.989312156,6.63e-5,0.001553482,2.808693666,TRUE,WDFY4,ENSG00000128815
ENSG00000117593.12,1275.657176,1.298446999,0.325500962,3.989072696,6.63e-5,0.001553622,2.808654642,TRUE,DARS2,ENSG00000117593
ENSG00000072609.18,1043.511124,1.018401462,0.255428036,3.987038696,6.69e-5,0.001565558,2.805330972,TRUE,CHFR,ENSG00000072609
ENSG00000184661.14,210.4707176,2.551661524,0.640609881,3.983175406,6.8e-5,0.001589777,2.798663662,TRUE,CDCA2,ENSG00000184661
ENSG00000197093.11,762.4690081,2.068814248,0.519481874,3.982457041,6.82e-5,0.00159313,2.797748711,TRUE,GAL3ST4,ENSG00000197093
ENSG00000072571.20,274.3902919,2.481068104,0.623865818,3.976925857,6.98e-5,0.001626158,2.788837185,TRUE,HMMR,ENSG00000072571
ENSG00000008517.19,1504.334501,2.320554199,0.584202438,3.972174793,7.12e-5,0.001655917,2.780961514,TRUE,IL32,ENSG00000008517
ENSG00000165164.14,119.2805867,3.793048718,0.956475306,3.96565253,7.32e-5,0.00169106,2.771841011,TRUE,CFAP47,ENSG00000165164
ENSG00000136542.9,1385.768756,2.167846133,0.547448317,3.959910126,7.5e-5,0.001728215,2.762402192,TRUE,GALNT5,ENSG00000136542
ENSG00000197859.11,198.8350343,1.729040722,0.436695697,3.959372015,7.51e-5,0.001729877,2.761984826,TRUE,ADAMTSL2,ENSG00000197859
ENSG00000234745.14,40229.37194,1.331392692,0.336297917,3.958968,7.53e-5,0.001731241,2.761642362,TRUE,HLA-B,ENSG00000234745
ENSG00000150337.14,711.1508686,2.750293217,0.695080307,3.956799223,7.6e-5,0.00174388,2.758483334,TRUE,FCGR1A,ENSG00000150337
ENSG00000245080.7,42.69961457,5.411941058,1.369201135,3.952626768,7.73e-5,0.001768208,2.752466633,TRUE,MIR3150BHG,ENSG00000245080
ENSG00000136108.15,896.430759,1.383385164,0.350014566,3.952364556,7.74e-5,0.00176856,2.752380263,TRUE,CKAP2,ENSG00000136108
ENSG00000127564.17,84.05365016,2.614138619,0.661551596,3.951526435,7.77e-5,0.001771625,2.751628114,TRUE,PKMYT1,ENSG00000127564
ENSG00000149257.16,8072.72936,2.549922321,0.645301398,3.951521455,7.77e-5,0.001771625,2.751628114,TRUE,SERPINH1,ENSG00000149257
ENSG00000118257.17,3306.818753,1.567371061,0.396833358,3.94969584,7.83e-5,0.00178041,2.749479986,TRUE,NRP2,ENSG00000118257
ENSG00000130589.16,1783.906121,1.225679353,0.310437396,3.948233591,7.87e-5,0.00178972,2.747215001,TRUE,HELZ2,ENSG00000130589
ENSG00000161791.14,3795.486549,1.282900918,0.325031636,3.947003232,7.91e-5,0.001796469,2.745580246,TRUE,FMNL3,ENSG00000161791
ENSG00000135451.13,81.55284809,2.409274729,0.610994521,3.943201857,8.04e-5,0.001821206,2.739640911,TRUE,TROAP,ENSG00000135451
ENSG00000164932.13,2307.638571,2.646923295,0.671511635,3.941738544,8.09e-5,0.001827482,2.738146914,TRUE,CTHRC1,ENSG00000164932
ENSG00000141429.14,5209.14407,1.153779589,0.292831179,3.940084494,8.15e-5,0.001836871,2.735921256,TRUE,GALNT1,ENSG00000141429
ENSG00000105122.13,315.4307188,1.790188309,0.454387855,3.939780279,8.16e-5,0.001837576,2.735754696,TRUE,RASAL3,ENSG00000105122
ENSG00000164176.13,1160.897784,1.819777538,0.462119986,3.937889708,8.22e-5,0.001850282,2.732762155,TRUE,EDIL3,ENSG00000164176
ENSG00000273983.2,505.9280506,3.009852261,0.764452864,3.93726337,8.24e-5,0.001850406,2.732733054,TRUE,H3C8,ENSG00000273983
ENSG00000181544.16,263.3254579,1.210251128,0.307908978,3.93054836,8.48e-5,0.001897842,2.72173999,TRUE,FANCB,ENSG00000181544
ENSG00000146094.16,285.6449638,1.884664988,0.479682245,3.928986343,8.53e-5,0.001908533,2.719300294,TRUE,DOK3,ENSG00000146094
ENSG00000136295.16,2977.029215,1.850091749,0.4713863,3.924788967,8.68e-5,0.001934317,2.713472406,TRUE,TTYH3,ENSG00000136295
ENSG00000180198.17,1030.051349,1.097793222,0.279924506,3.921747463,8.79e-5,0.001951383,2.709657493,TRUE,RCC1,ENSG00000180198
ENSG00000259225.9,10.21479185,5.922343481,1.510761058,3.920105996,8.85e-5,0.001961305,2.707454792,TRUE,LINC02345,ENSG00000259225
ENSG00000158859.10,1246.337336,2.359411021,0.602641861,3.915113063,9.04e-5,0.0019954,2.699970124,TRUE,ADAMTS4,ENSG00000158859
ENSG00000224831.3,7.32565617,6.363382242,1.625497846,3.91472819,9.05e-5,0.001996855,2.699653544,TRUE,TMEM183BP,ENSG00000224831
ENSG00000274997.2,359.5344278,2.153553632,0.550152263,3.914468372,9.06e-5,0.001997277,2.699561767,TRUE,H2AC12,ENSG00000274997
ENSG00000176890.16,371.1383301,1.17640262,0.301018463,3.908074638,9.3e-5,0.002042033,2.689937321,TRUE,TYMS,ENSG00000176890
ENSG00000135596.18,961.9967801,1.455924665,0.372625196,3.907209397,9.34e-5,0.002047593,2.688756431,TRUE,MICAL1,ENSG00000135596
ENSG00000224209.8,11.3644476,6.990199019,1.789472558,3.906290147,9.37e-5,0.002053627,2.687478507,TRUE,LINC00466,ENSG00000224209
ENSG00000150782.12,414.8073996,1.881019893,0.48158885,3.905862634,9.39e-5,0.002055494,2.68708383,TRUE,IL18,ENSG00000150782
ENSG00000159147.18,331.1395725,1.546030363,0.3959432,3.904677144,9.44e-5,0.002062316,2.685644878,TRUE,DONSON,ENSG00000159147
ENSG00000147168.14,588.1842448,1.751145495,0.44877295,3.902074527,9.54e-5,0.002079007,2.68214406,TRUE,IL2RG,ENSG00000147168
ENSG00000101825.8,35205.10143,1.854439578,0.47553288,3.899708424,9.63e-5,0.002094055,2.679011987,TRUE,MXRA5,ENSG00000101825
ENSG00000179772.8,50.53508324,2.139115975,0.549362923,3.893812057,9.87e-5,0.002141985,2.669183493,TRUE,FOXS1,ENSG00000179772
ENSG00000156802.13,2128.530158,1.34224468,0.34477908,3.893057205,9.9e-5,0.002146835,2.66820126,TRUE,ATAD2,ENSG00000156802
ENSG00000115507.10,35.76058352,2.743424025,0.704875151,3.892070847,9.94e-5,0.002153751,2.666804422,TRUE,OTX1,ENSG00000115507
ENSG00000136010.14,1467.115863,1.228664652,0.315766772,3.891051119,9.98e-5,0.002160987,2.665347936,TRUE,ALDH1L2,ENSG00000136010
ENSG00000087116.17,3489.936519,1.644338805,0.422655933,3.89049029,1.00042e-4,0.002164045,2.664733703,TRUE,ADAMTS2,ENSG00000087116
ENSG00000006576.17,1927.498361,1.404592761,0.36128765,3.887740867,1.01182e-4,0.002179552,2.661632808,TRUE,PHTF2,ENSG00000006576
ENSG00000142347.20,978.0988773,1.446668422,0.372136385,3.887468364,1.01295e-4,0.002180156,2.661512346,TRUE,MYO1F,ENSG00000142347
ENSG00000100162.15,50.20928585,2.166517796,0.558087388,3.882040416,1.03584e-4,0.002225651,2.652542899,TRUE,CENPM,ENSG00000100162
ENSG00000213886.4,647.2851122,3.339390707,0.86053826,3.880583653,1.04206e-4,0.002235256,2.650672765,TRUE,UBD,ENSG00000213886
ENSG00000116985.12,280.0128694,2.729417966,0.703523126,3.879642138,1.0461e-4,0.002240154,2.649722137,TRUE,BMP8B,ENSG00000116985
ENSG00000112799.9,249.7461859,2.364398512,0.60976658,3.877546903,1.05515e-4,0.002255737,2.646711537,TRUE,LY86,ENSG00000112799
ENSG00000082196.21,946.3094054,1.919394041,0.495093339,3.87683269,1.05825e-4,0.002258577,2.646165187,TRUE,C1QTNF3,ENSG00000082196
ENSG00000106348.19,1465.11453,1.671175918,0.431051879,3.876971659,1.05765e-4,0.002258577,2.646165187,TRUE,IMPDH1,ENSG00000106348
ENSG00000005059.16,601.683641,1.004751546,0.259265341,3.875379334,1.06459e-4,0.002266406,2.644662334,TRUE,MCUB,ENSG00000005059
ENSG00000089820.17,801.3716077,1.074704425,0.277575986,3.871748568,1.08057e-4,0.002296602,2.63891417,TRUE,ARHGAP4,ENSG00000089820
ENSG00000126882.14,502.5172092,1.504752891,0.388741981,3.870826833,1.08467e-4,0.002301466,2.637995525,TRUE,FAM78A,ENSG00000126882
ENSG00000160654.11,235.9522941,1.535624588,0.396699278,3.871004239,1.08388e-4,0.002301466,2.637995525,TRUE,CD3G,ENSG00000160654
ENSG00000231925.14,8449.283933,1.099810767,0.284283039,3.868717502,1.09409e-4,0.002319532,2.634599618,TRUE,TAPBP,ENSG00000231925
ENSG00000130508.11,6236.054217,1.55830785,0.402978645,3.866973765,1.10194e-4,0.002334232,2.631856033,TRUE,PXDN,ENSG00000130508
ENSG00000123610.5,395.5117883,1.606189044,0.415391785,3.866684661,1.10325e-4,0.002335058,2.631702261,TRUE,TNFAIP6,ENSG00000123610
ENSG00000065911.13,2981.539411,1.22406597,0.316766049,3.864258731,1.11427e-4,0.002352524,2.628466024,TRUE,MTHFD2,ENSG00000065911
ENSG00000235123.5,56.3947728,5.771624578,1.493525482,3.864429931,1.11349e-4,0.002352524,2.628466024,TRUE,DSCAM-AS1,ENSG00000235123
ENSG00000131238.18,8819.363977,1.366306739,0.353864124,3.861105565,1.12875e-4,0.002375902,2.624171449,TRUE,PPT1,ENSG00000131238
ENSG00000138778.14,315.8741095,1.679268988,0.434927064,3.861035857,1.12907e-4,0.002375902,2.624171449,TRUE,CENPE,ENSG00000138778
ENSG00000080986.13,157.7405833,1.556560978,0.403355186,3.859033008,1.13837e-4,0.002391506,2.621328471,TRUE,NDC80,ENSG00000080986
ENSG00000197136.5,1966.045847,1.002537859,0.259918305,3.857126795,1.14728e-4,0.00240428,2.619014896,TRUE,PCNX3,ENSG00000197136
ENSG00000018280.18,333.1080139,2.82443849,0.732856943,3.854010685,1.16199e-4,0.002431106,2.614196134,TRUE,SLC11A1,ENSG00000018280
ENSG00000278023.7,44.499581740000004,1.8314706,0.475605769,3.850816619,1.17725e-4,0.002452965,2.610308582,TRUE,RDM1,ENSG00000278023
ENSG00000221955.11,683.893423,2.111640401,0.548562108,3.849409883,1.18403e-4,0.002464554,2.608261666,TRUE,SLC12A8,ENSG00000221955
ENSG00000278463.2,208.0825735,2.14133662,0.556334136,3.849011735,1.18595e-4,0.002465061,2.608172341,TRUE,H2AC4,ENSG00000278463
ENSG00000001617.12,1122.39446,1.10565167,0.287290136,3.848554241,1.18817e-4,0.002467656,2.60771546,TRUE,SEMA3F,ENSG00000001617
ENSG00000173762.8,98.85037999,1.650052615,0.429132909,3.845085242,1.20511e-4,0.002498755,2.602276301,TRUE,CD7,ENSG00000173762
ENSG00000277775.2,598.9474158,2.362461948,0.614475568,3.844680037,1.2071e-4,0.002500853,2.601911899,TRUE,H3C7,ENSG00000277775
ENSG00000227502.4,57.22161736,2.102089534,0.547120746,3.842094365,1.21989e-4,0.00252325,2.598039784,TRUE,MROCKI,ENSG00000227502
ENSG00000111981.5,41.08936531,4.176531859,1.088090036,3.838406491,1.23835e-4,0.002559364,2.591867864,TRUE,ULBP1,ENSG00000111981
ENSG00000172575.14,473.4364883,1.24324405,0.323945093,3.837823369,1.2413e-4,0.002562913,2.591266113,TRUE,RASGRP1,ENSG00000172575
ENSG00000187140.6,12.40446284,4.66218099,1.214847369,3.837668097,1.24208e-4,0.002562913,2.591266113,TRUE,FOXD3,ENSG00000187140
ENSG00000142512.15,348.2133438,2.083648878,0.543340558,3.834885591,1.25623e-4,0.00258791,2.587050831,TRUE,SIGLEC10,ENSG00000142512
ENSG00000105464.4,58.23879246,1.844569751,0.481239263,3.832957728,1.26612e-4,0.002604073,2.584346855,TRUE,GRIN2D,ENSG00000105464
ENSG00000261742.6,40.36166753,2.870066591,0.748835436,3.832706699,1.26741e-4,0.00260463,2.584253901,TRUE,LINC00922,ENSG00000261742
ENSG00000121690.11,67.39210514,1.605816723,0.419006426,3.832439371,1.26879e-4,0.002605362,2.58413191,TRUE,DEPDC7,ENSG00000121690
ENSG00000213967.12,253.1021633,1.541833465,0.402811697,3.827677981,1.29358e-4,0.002647732,2.577126038,TRUE,ZNF726,ENSG00000213967
ENSG00000012048.26,934.3935618,1.486913481,0.389191789,3.820516062,1.33173e-4,0.002721444,2.565200591,TRUE,BRCA1,ENSG00000012048
ENSG00000182379.10,113.9079362,3.251601871,0.851253537,3.819780748,1.3357e-4,0.002727382,2.564253965,TRUE,NXPH4,ENSG00000182379
ENSG00000228253.1,2484.544073,1.270806714,0.332953304,3.816771602,1.35209e-4,0.002756429,2.559653138,TRUE,MT-ATP8,ENSG00000228253
ENSG00000176058.13,420.341488,1.227500848,0.321731521,3.815295575,1.3602e-4,0.002768529,2.557750936,TRUE,TPRN,ENSG00000176058
ENSG00000184207.9,255.0289927,1.14573823,0.300345348,3.814736067,1.36329e-4,0.00277033,2.557468504,TRUE,PGP,ENSG00000184207
ENSG00000164283.13,243.2683928,3.288439867,0.862559415,3.812421279,1.37612e-4,0.002792013,2.554082574,TRUE,ESM1,ENSG00000164283
ENSG00000258910.3,54.95903225,5.390737932,1.414579745,3.810840604,1.38495e-4,0.002807692,2.551650476,TRUE,LINC01956,ENSG00000258910
ENSG00000171631.16,360.6703503,2.075996486,0.544832636,3.810337977,1.38777e-4,0.002811171,2.551112782,TRUE,P2RY6,ENSG00000171631
ENSG00000283839.3,18.61299464,4.453245767,1.169545019,3.807673664,1.4028e-4,0.002834862,2.547468086,TRUE,LOC105373780,ENSG00000283839
ENSG00000099331.14,4055.783013,1.298208594,0.341092324,3.806032868,1.41214e-4,0.002849206,2.545276196,TRUE,MYO9B,ENSG00000099331
ENSG00000160710.19,17443.81391,1.022412771,0.268801405,3.803599062,1.42609e-4,0.002875082,2.541349808,TRUE,ADAR,ENSG00000160710
ENSG00000182010.11,248.1693947,1.194106183,0.314595025,3.795693155,1.47232e-4,0.002961248,2.528525292,TRUE,RTKN2,ENSG00000182010
ENSG00000185499.17,4986.667378,2.537808415,0.6687423,3.794897402,1.47705e-4,0.002968418,2.527474906,TRUE,MUC1,ENSG00000185499
ENSG00000110031.13,761.3992091,1.518551214,0.40025709,3.793939573,1.48276e-4,0.002974763,2.526547583,TRUE,LPXN,ENSG00000110031
ENSG00000164574.16,4150.958164,1.452501834,0.382863895,3.793781162,1.4837e-4,0.002974763,2.526547583,TRUE,GALNT10,ENSG00000164574
ENSG00000103257.9,895.4421184,1.94198493,0.512714134,3.787656319,1.52075e-4,0.003041858,2.516861028,TRUE,SLC7A5,ENSG00000103257
ENSG00000168496.4,395.4574664,1.48804491,0.393129179,3.785129643,1.53628e-4,0.003068849,2.513024428,TRUE,FEN1,ENSG00000168496
ENSG00000175315.3,34.47052865,2.340099525,0.6182447,3.785070098,1.53665e-4,0.003068849,2.513024428,TRUE,CST6,ENSG00000175315
ENSG00000258867.8,34.48422866,2.4201963,0.640075155,3.781112703,1.56129e-4,0.003108308,2.507475926,TRUE,HISLA,ENSG00000258867
ENSG00000106819.13,5035.892957,2.649209436,0.700958665,3.779408929,1.57201e-4,0.003122285,2.505527429,TRUE,ASPN,ENSG00000106819
ENSG00000159399.10,2357.996888,1.239452951,0.327956168,3.779325024,1.57254e-4,0.003122285,2.505527429,TRUE,HK2,ENSG00000159399
ENSG00000198108.4,315.4893478,1.608702558,0.425637866,3.779509964,1.57137e-4,0.003122285,2.505527429,TRUE,CHSY3,ENSG00000198108
ENSG00000048991.18,1179.526278,1.043972025,0.276267443,3.778845643,1.57557e-4,0.003124534,2.505214744,TRUE,R3HDM1,ENSG00000048991
ENSG00000239961.3,33.3917885,2.255613019,0.597016948,3.778139005,1.58005e-4,0.003128542,2.504658035,TRUE,LILRA4,ENSG00000239961
ENSG00000113302.6,11.93077983,5.182161256,1.37224767,3.776403757,1.59109e-4,0.003145519,2.502307621,TRUE,IL12B,ENSG00000113302
ENSG00000159263.16,65.32902635,4.373412785,1.158693706,3.774433885,1.60371e-4,0.003165566,2.499548681,TRUE,SIM2,ENSG00000159263
ENSG00000140379.9,141.1625603,2.372335749,0.628977678,3.771732818,1.62118e-4,0.003190153,2.496188524,TRUE,BCL2A1,ENSG00000140379
ENSG00000177788.7,606.4330448,1.304204024,0.346627886,3.762547893,1.68191e-4,0.003284302,2.483556981,TRUE,RAB4A-AS1,ENSG00000177788
ENSG00000080573.7,2962.652734,2.945491089,0.783362893,3.760059503,1.69873e-4,0.003312068,2.479900813,TRUE,COL5A3,ENSG00000080573
ENSG00000038945.15,4755.538896,2.650236253,0.704964255,3.759390968,1.70327e-4,0.003318391,2.47907245,TRUE,MSR1,ENSG00000038945
ENSG00000168542.18,274234.8578,2.521260333,0.67145272,3.754933533,1.73387e-4,0.003365143,2.472996425,TRUE,COL3A1,ENSG00000168542
ENSG00000145107.16,45.03333903,3.09083395,0.823234551,3.75449979,1.73688e-4,0.00336841,2.47257502,TRUE,TM4SF19,ENSG00000145107
ENSG00000204956.6,146.5178533,2.321650207,0.61856448,3.753287301,1.74531e-4,0.003382178,2.470803546,TRUE,PCDHGA1,ENSG00000204956
ENSG00000204252.14,1153.254709,1.432778797,0.381926813,3.751448574,1.75816e-4,0.003404494,2.467947389,TRUE,HLA-DOA,ENSG00000204252
ENSG00000129925.11,1193.702639,1.447735448,0.386141692,3.749233712,1.77376e-4,0.003424292,2.465429189,TRUE,PGAP6,ENSG00000129925
ENSG00000111679.17,1070.939528,1.278481704,0.341127918,3.747807307,1.78387e-4,0.003441212,2.463288545,TRUE,PTPN6,ENSG00000111679
ENSG00000149809.17,440.9834549,1.208209758,0.322429358,3.747207653,1.78814e-4,0.003444232,2.462907643,TRUE,TM7SF2,ENSG00000149809
ENSG00000179222.18,6175.982443,1.660207062,0.44325391,3.745498963,1.80036e-4,0.003457307,2.461262,TRUE,MAGED1,ENSG00000179222
ENSG00000090339.9,1674.776636,2.325683683,0.621011872,3.744990697,1.804e-4,0.003461706,2.46070988,TRUE,ICAM1,ENSG00000090339
ENSG00000230650.1,79.09306712,3.153845266,0.842333188,3.744177854,1.80985e-4,0.003470317,2.459630831,TRUE,LOC442041,ENSG00000230650
ENSG00000136153.21,1608.035639,1.071323896,0.286181098,3.743517315,1.81462e-4,0.003476841,2.458815175,TRUE,LMO7,ENSG00000136153
ENSG00000124635.9,403.0599319,1.3097323,0.350159942,3.74038302,1.8374e-4,0.003515201,2.45404985,TRUE,H2BC11,ENSG00000124635
ENSG00000127533.4,125.1713436,1.739645596,0.46534462,3.738402728,1.85193e-4,0.003532392,2.451931056,TRUE,F2RL3,ENSG00000127533
ENSG00000231131.10,22.98253725,2.755203386,0.737113622,3.737827254,1.85617e-4,0.003537837,2.451262156,TRUE,LOC105378305,ENSG00000231131
ENSG00000117632.23,2199.858768,1.243982671,0.332894588,3.736866615,1.86328e-4,0.003546071,2.450252598,TRUE,STMN1,ENSG00000117632
ENSG00000260428.3,30.49516106,2.801499897,0.749663055,3.737012088,1.8622e-4,0.003546071,2.450252598,TRUE,SCX,ENSG00000260428
ENSG00000110934.13,538.8956777,1.524473207,0.408002921,3.736427191,1.86653e-4,0.00354962,2.449818195,TRUE,BIN2,ENSG00000110934
ENSG00000167100.15,81.14639391,3.030222326,0.811539414,3.733918864,1.88523e-4,0.00357185,2.447106814,TRUE,SAMD14,ENSG00000167100
ENSG00000147570.10,36.32603947,3.235163195,0.867084942,3.731079896,1.90661e-4,0.003604308,2.443178062,TRUE,DNAJC5B,ENSG00000147570
ENSG00000068489.13,839.9468141,2.982878549,0.800236083,3.72749819,1.9339e-4,0.003650486,2.437649315,TRUE,PRR11,ENSG00000068489
ENSG00000181218.6,149.6434569,1.567272132,0.420507191,3.727099478,1.93696e-4,0.003653557,2.437284092,TRUE,H2AC25,ENSG00000181218
ENSG00000142731.11,247.8388389,1.281295616,0.343836006,3.726473074,1.94178e-4,0.003659936,2.43652655,TRUE,PLK4,ENSG00000142731
ENSG00000197409.8,964.9622295,1.858382471,0.498783127,3.725832671,1.94672e-4,0.003666529,2.435744828,TRUE,H3C4,ENSG00000197409
ENSG00000112149.10,673.9980099,2.122975491,0.570562333,3.7208476089999998,1.98555e-4,0.003728654,2.428447957,TRUE,CD83,ENSG00000112149
ENSG00000129038.16,953.4345871,1.349592623,0.362746813,3.720480994,1.98844e-4,0.003731321,2.428137366,TRUE,LOXL1,ENSG00000129038
ENSG00000006634.8,410.0012015,1.405546454,0.378292724,3.715499574,2.02803e-4,0.003793452,2.420965454,TRUE,DBF4,ENSG00000006634
ENSG00000196092.14,57.7619553,2.178444005,0.586421034,3.714812188,2.03355e-4,0.003799184,2.420309657,TRUE,PAX5,ENSG00000196092
ENSG00000144136.11,1835.792436,1.24038502,0.334213445,3.711355833,2.06152e-4,0.003842994,2.415330264,TRUE,SLC20A1,ENSG00000144136
ENSG00000135077.10,1148.130948,1.89723911,0.511772524,3.707192204,2.0957e-4,0.003898153,2.409141129,TRUE,HAVCR2,ENSG00000135077
ENSG00000005471.19,162.702368,2.669599671,0.720192754,3.706784961,2.09907e-4,0.003901576,2.408759922,TRUE,ABCB4,ENSG00000005471
ENSG00000162639.16,428.5705022,1.423718887,0.384324553,3.704470283,2.11833e-4,0.003928776,2.405742688,TRUE,HENMT1,ENSG00000162639
ENSG00000287080.2,487.6412194,1.942717839,0.524836834,3.701565351,2.14273e-4,0.003965382,2.401715023,TRUE,H3C3,ENSG00000287080
ENSG00000148680.16,66.15159131,1.804709381,0.487723913,3.700268398,2.15372e-4,0.003982811,2.39981031,TRUE,HTR7,ENSG00000148680
ENSG00000123684.13,4957.953943,1.284398412,0.347127384,3.700078041,2.15533e-4,0.003982909,2.399799584,TRUE,LPGAT1,ENSG00000123684
ENSG00000131584.19,707.4780573,1.1005267459999999,0.29752479,3.698941337,2.16501e-4,0.003997888,2.398169369,TRUE,ACAP3,ENSG00000131584
ENSG00000135899.20,1750.282196,1.217565887,0.329254937,3.697942689,2.17354e-4,0.004005575,2.397335092,TRUE,SP110,ENSG00000135899
ENSG00000140968.12,941.9550993,1.664846827,0.450686744,3.69402218,2.20735e-4,0.0040555,2.39195562,TRUE,IRF8,ENSG00000140968
ENSG00000169436.18,95.98098176,3.438833003,0.931271933,3.692619612,2.21956e-4,0.004075001,2.389872237,TRUE,COL22A1,ENSG00000169436
ENSG00000184574.10,287.5104852,1.892392832,0.513282359,3.68684565,2.27051e-4,0.004153582,2.38157719,TRUE,LPAR5,ENSG00000184574
ENSG00000010030.14,95.11091656,2.292734838,0.623548895,3.676912678,2.36074e-4,0.004293982,2.367139777,TRUE,ETV7,ENSG00000010030
ENSG00000136490.9,325.9537669,1.62804729,0.442963568,3.675352571,2.37521e-4,0.004308009,2.365723444,TRUE,LIMD2,ENSG00000136490
ENSG00000113273.17,1189.09801,1.442895907,0.392677252,3.674508523,2.38308e-4,0.00431613,2.364905486,TRUE,ARSB,ENSG00000113273
ENSG00000092470.12,387.673805,1.311649187,0.357219545,3.671829285,2.40821e-4,0.004358544,2.360658586,TRUE,WDR76,ENSG00000092470
ENSG00000232434.3,95.30647346,1.546946449,0.421599866,3.669228988,2.43283e-4,0.004393751,2.357164531,TRUE,AJM1,ENSG00000232434
ENSG00000122122.10,661.8052419,1.684321421,0.459745023,3.66359903,2.48696e-4,0.004480229,2.34869979,TRUE,SASH3,ENSG00000122122
ENSG00000150637.9,361.9738497,1.319306027,0.360146378,3.663249462,2.49036e-4,0.004481765,2.348550933,TRUE,CD226,ENSG00000150637
ENSG00000100298.16,22.93667153,2.467470754,0.674106824,3.660355696,2.51865e-4,0.004523104,2.344563385,TRUE,APOBEC3H,ENSG00000100298
ENSG00000132182.13,1931.205045,1.264392444,0.345412591,3.660527952,2.51696e-4,0.004523104,2.344563385,TRUE,NUP210,ENSG00000132182
ENSG00000134057.15,443.4330743,1.585516347,0.433558935,3.656979984,2.55204e-4,0.004576616,2.339455536,TRUE,CCNB1,ENSG00000134057
ENSG00000204287.14,27587.97301,1.770118652,0.484566461,3.652994569,2.592e-4,0.004631968,2.334234451,TRUE,HLA-DRA,ENSG00000204287
ENSG00000240065.8,763.9347884,1.575797068,0.431397085,3.652776344,2.5942e-4,0.004632659,2.334169674,TRUE,PSMB9,ENSG00000240065
ENSG00000130429.16,2868.055882,2.00275718,0.549150707,3.647008288,2.65311e-4,0.004720693,2.325994248,TRUE,ARPC1B,ENSG00000130429
ENSG00000198113.3,221.5047911,1.60232351,0.439370365,3.646862963,2.65461e-4,0.004720693,2.325994248,TRUE,TOR4A,ENSG00000198113
ENSG00000100453.14,62.27908945,2.583205384,0.709470286,3.641033932,2.71545e-4,0.004815774,2.317333887,TRUE,GZMB,ENSG00000100453
ENSG00000108639.8,3370.023869,1.199426995,0.329420947,3.641016167,2.71564e-4,0.004815774,2.317333887,TRUE,SYNGR2,ENSG00000108639
ENSG00000135905.21,3228.617431,1.184013913,0.325429637,3.638310028,2.74433e-4,0.00485651,2.313675689,TRUE,DOCK10,ENSG00000135905
ENSG00000095585.18,604.616823,1.134336296,0.311882501,3.637062972,2.75765e-4,0.004863189,2.313078887,TRUE,BLNK,ENSG00000095585
ENSG00000125347.15,1472.961988,1.700786813,0.46756886,3.637510877,2.75286e-4,0.004863189,2.313078887,TRUE,IRF1,ENSG00000125347
ENSG00000138092.11,451.9379808,1.267276874,0.348431698,3.637088361,2.75737e-4,0.004863189,2.313078887,TRUE,CENPO,ENSG00000138092
ENSG00000183196.10,119.4826808,1.746954124,0.480274562,3.637407144,2.75396e-4,0.004863189,2.313078887,TRUE,CHST6,ENSG00000183196
ENSG00000196735.13,6438.945819,2.023041292,0.556121242,3.637770216,2.75009e-4,0.004863189,2.313078887,TRUE,HLA-DQA1,ENSG00000196735
ENSG00000185697.17,430.9706534,1.87441675,0.51570064,3.634699291,2.78305e-4,0.004897823,2.30999691,TRUE,MYBL1,ENSG00000185697
ENSG00000242574.9,2271.083626,1.885099006,0.518933307,3.632642151,2.80534e-4,0.004930239,2.307132036,TRUE,HLA-DMB,ENSG00000242574
ENSG00000168487.20,1171.290614,1.602702931,0.441499194,3.630137839,2.8327e-4,0.004974891,2.303216419,TRUE,BMP1,ENSG00000168487
ENSG00000108106.14,453.8804965,1.697738173,0.46776728,3.629450468,2.84025e-4,0.004984721,2.302359153,TRUE,UBE2S,ENSG00000108106
ENSG00000128203.7,91.23545205,1.27588534,0.351885694,3.625851696,2.88011e-4,0.005047713,2.296905352,TRUE,ASPHD2,ENSG00000128203
ENSG00000143493.13,1184.377006,1.002739402,0.276797359,3.622648011,2.91603e-4,0.005106187,2.29190329,TRUE,INTS7,ENSG00000143493
ENSG00000176749.9,100.6451775,1.168748396,0.323065854,3.617678506,2.97257e-4,0.005181264,2.285564274,TRUE,CDK5R1,ENSG00000176749
ENSG00000173638.19,249.303584,1.291909369,0.358381385,3.604845069,3.12339e-4,0.005399824,2.267620434,TRUE,SLC19A1,ENSG00000173638
ENSG00000137309.21,1703.651771,1.439914839,0.399577142,3.603596626,3.13844e-4,0.005420446,2.26596497,TRUE,HMGA1,ENSG00000137309
ENSG00000163568.16,127.5829281,2.267318921,0.629198618,3.603502705,3.13957e-4,0.005420446,2.26596497,TRUE,AIM2,ENSG00000163568
ENSG00000182871.16,6032.126959,1.198290801,0.332652464,3.602230347,3.15499e-4,0.005443366,2.264132499,TRUE,COL18A1,ENSG00000182871
ENSG00000228630.7,70.12645018,3.371986258,0.936233252,3.601651886,3.16202e-4,0.005451803,2.263459822,TRUE,HOTAIR,ENSG00000228630
ENSG00000143702.17,4067.309516,1.022972198,0.284070377,3.601122398,3.16846e-4,0.005455538,2.263162444,TRUE,CEP170,ENSG00000143702
ENSG00000109674.4,69.56891746,2.414697809,0.671494102,3.596007471,3.23139e-4,0.005537686,2.256671679,TRUE,NEIL3,ENSG00000109674
ENSG00000124225.16,4448.817927,2.222432682,0.617997479,3.596184057,3.22919e-4,0.005537686,2.256671679,TRUE,PMEPA1,ENSG00000124225
ENSG00000105063.19,2121.202328,1.036505296,0.288297884,3.595258078,3.2407e-4,0.005549919,2.255713337,TRUE,PPP6R1,ENSG00000105063
ENSG00000183098.12,828.7344197,1.625456132,0.452252477,3.594134285,3.25472e-4,0.005564315,2.254588258,TRUE,GPC6,ENSG00000183098
ENSG00000182791.5,70.38603122,2.181182738,0.60731591,3.591512593,3.28764e-4,0.005615215,2.250633634,TRUE,CCDC87,ENSG00000182791
ENSG00000154380.19,8598.415227,1.283581839,0.357510369,3.590334581,3.30254e-4,0.005636877,2.248961473,TRUE,ENAH,ENSG00000154380
ENSG00000062716.13,18810.00211,1.028195061,0.286645498,3.586991838,3.34515e-4,0.005701967,2.243975315,TRUE,VMP1,ENSG00000062716
ENSG00000173110.8,187.9703179,1.665959379,0.464774985,3.584442869,3.37798e-4,0.005750246,2.240313538,TRUE,HSPA6,ENSG00000173110
ENSG00000139626.16,245.5550233,1.364345113,0.381134768,3.579692091,3.43999e-4,0.005841662,2.233463612,TRUE,ITGB7,ENSG00000139626
ENSG00000291230.1,39.75375394,2.899846481,0.810097495,3.579626523,3.44086e-4,0.005841662,2.233463612,TRUE,NAPSB,ENSG00000291230
ENSG00000115085.15,182.5681846,1.538252037,0.429938886,3.577838818,3.46447e-4,0.005877835,2.230782605,TRUE,ZAP70,ENSG00000115085
ENSG00000172183.16,488.572533,1.274639381,0.35692677,3.571150973,3.55416e-4,0.005998056,2.221989488,TRUE,ISG20,ENSG00000172183
ENSG00000129450.9,176.8080675,2.036197633,0.570320541,3.5702688,3.56615e-4,0.00601431,2.22081419,TRUE,SIGLEC9,ENSG00000129450
ENSG00000240498.9,266.8470911,1.184740632,0.332047104,3.567989651,3.59731e-4,0.006054833,2.217897807,TRUE,CDKN2B-AS1,ENSG00000240498
ENSG00000293488.1,30.93341209,2.203609188,0.618104654,3.565106931,3.63708e-4,0.006117734,2.213409377,TRUE,CLECL1,ENSG00000293488
ENSG00000213658.13,162.1949812,1.270568487,0.356629202,3.562715786,3.67038e-4,0.006160422,2.210389533,TRUE,LAT,ENSG00000213658
ENSG00000073969.19,3644.273039,1.704048703,0.478487109,3.561326252,3.68986e-4,0.006186103,2.208582854,TRUE,NSF,ENSG00000073969
ENSG00000117152.14,549.3282386,1.925378468,0.541241461,3.557337354,3.74633e-4,0.006268398,2.202843419,TRUE,RGS4,ENSG00000117152
ENSG00000105851.11,1236.331853,1.392677094,0.391937887,3.553310719,3.80415e-4,0.006348469,2.197331023,TRUE,PIK3CG,ENSG00000105851
ENSG00000165685.9,54.52544655,2.555983925,0.719825906,3.550836258,3.84009e-4,0.006399354,2.193863856,TRUE,TMEM52B,ENSG00000165685
ENSG00000270141.3,427.8573819,1.258456902,0.354452108,3.550428596,3.84604e-4,0.006401617,2.193710329,TRUE,TERC,ENSG00000270141
ENSG00000144285.24,52.61498422,5.445530515,1.534589874,3.548524988,3.87395e-4,0.006443588,2.190872241,TRUE,SCN1A,ENSG00000144285
ENSG00000147804.10,212.2666753,1.908487289,0.537849882,3.548364242,3.87632e-4,0.006443588,2.190872241,TRUE,SLC39A4,ENSG00000147804
ENSG00000133816.19,3670.55497,1.253369253,0.353285037,3.547756403,3.88527e-4,0.006454265,2.190153177,TRUE,MICAL2,ENSG00000133816
ENSG00000141524.19,1065.996401,1.05523699,0.297830611,3.543077675,3.95486e-4,0.006552779,2.18357445,TRUE,TMC6,ENSG00000141524
ENSG00000128595.17,13984.87471,2.328477601,0.657617606,3.540777469,3.9895e-4,0.006605874,2.1800697000000002,TRUE,CALU,ENSG00000128595
ENSG00000136541.15,38.41881381,2.156550734,0.609223378,3.539835816,4.00376e-4,0.006618491,2.179241041,TRUE,ERMN,ENSG00000136541
ENSG00000043355.12,29.4933933,2.7071411,0.765254467,3.537569812,4.03827e-4,0.006669303,2.175919574,TRUE,ZIC2,ENSG00000043355
ENSG00000185477.6,2969.042784,1.841179803,0.520633806,3.536420001,4.05589e-4,0.00668973,2.17459142,TRUE,GPRIN3,ENSG00000185477
ENSG00000271503.7,1164.197367,1.530857757,0.433029608,3.535226526,4.07426e-4,0.006712881,2.173091055,TRUE,CCL5,ENSG00000271503
ENSG00000059378.13,1466.965859,1.129100342,0.319555968,3.533341428,4.10342e-4,0.00674629,2.170934997,TRUE,PARP12,ENSG00000059378
ENSG00000143631.11,17.58959158,6.654250524,1.883381936,3.533139189,4.10656e-4,0.0067471,2.170882853,TRUE,FLG,ENSG00000143631
ENSG00000127586.17,234.9312971,1.157484027,0.327642344,3.532766898,4.11235e-4,0.00674996,2.170698818,TRUE,CHTF18,ENSG00000127586
ENSG00000129195.16,89.17543292,3.110885499,0.880642937,3.532516265,4.11625e-4,0.00674996,2.170698818,TRUE,PIMREG,ENSG00000129195
ENSG00000161405.17,1740.455521,1.325932877,0.375662375,3.529586578,4.16209e-4,0.006808665,2.166938016,TRUE,IKZF3,ENSG00000161405
ENSG00000169184.7,546.8272397,1.384920393,0.392398083,3.529376037,4.16541e-4,0.006808665,2.166938016,TRUE,MN1,ENSG00000169184
ENSG00000106366.9,2911.846688,2.296230963,0.65109191,3.526738586,4.20712e-4,0.006863638,2.163445654,TRUE,SERPINE1,ENSG00000106366
ENSG00000239672.8,1298.491062,1.339986237,0.380146611,3.524919596,4.23611e-4,0.006902102,2.161018611,TRUE,NME1,ENSG00000239672
ENSG00000184985.17,280.0944806,1.700112044,0.482533161,3.523306129,4.26199e-4,0.006935392,2.158929007,TRUE,SORCS2,ENSG00000184985
ENSG00000103260.9,460.3339785,1.682715776,0.477747462,3.522186744,4.28003e-4,0.00695586,2.157649163,TRUE,METRN,ENSG00000103260
ENSG00000103187.8,3125.570986,1.703993401,0.484249134,3.518836236,4.33444e-4,0.007026373,2.153268816,TRUE,COTL1,ENSG00000103187
ENSG00000106327.13,31.41758101,2.864344631,0.814519475,3.516606683,4.37101e-4,0.007072155,2.15044824,TRUE,TFR2,ENSG00000106327
ENSG00000135048.14,4377.421165,1.421276188,0.404233988,3.515973993,4.38144e-4,0.007084531,2.149688889,TRUE,CEMIP2,ENSG00000135048
ENSG00000198786.2,41485.30709,1.205330008,0.342885736,3.515252702,4.39336e-4,0.007095355,2.149025889,TRUE,MT-ND5,ENSG00000198786
ENSG00000107338.10,720.8100698,1.070884254,0.304715834,3.514370231,4.40798e-4,0.007100414,2.148716324,TRUE,SHB,ENSG00000107338
ENSG00000155393.14,1363.6928,2.053235664,0.584157263,3.514867985,4.39973e-4,0.007100414,2.148716324,TRUE,HEATR3,ENSG00000155393
ENSG00000143549.22,7875.973871,1.115050351,0.317443972,3.512589461,4.43763e-4,0.007134638,2.146628033,TRUE,TPM3,ENSG00000143549
ENSG00000117407.17,41.35429012,2.626752435,0.749495734,3.504692978,4.57134e-4,0.007317305,2.135648863,TRUE,ARTN,ENSG00000117407
ENSG00000116128.12,1582.478731,1.190821934,0.340234849,3.499999895,4.65258e-4,0.007437156,2.128593107,TRUE,BCL9,ENSG00000116128
ENSG00000164430.17,309.2356357,1.379094456,0.394208767,3.498386067,4.68083e-4,0.007469105,2.126731464,TRUE,CGAS,ENSG00000164430
ENSG00000137135.18,91.13215429,2.195692273,0.627876818,3.497011213,4.70502e-4,0.007498314,2.125036385,TRUE,ARHGEF39,ENSG00000137135
ENSG00000184156.18,372.3582935,1.457355546,0.416799478,3.496538796,4.71336e-4,0.00750222,2.124810211,TRUE,KCNQ3,ENSG00000184156
ENSG00000204866.9,70.14945669,3.49053806,1.000308164,3.489462734,4.83993e-4,0.00766061,2.115736656,TRUE,IGFL2,ENSG00000204866
ENSG00000204516.10,168.9201475,1.500519595,0.430459677,3.485854019,4.90569e-4,0.007740657,2.111222197,TRUE,MICB,ENSG00000204516
ENSG00000125454.12,240.1697055,1.838260777,0.527459271,3.485123648,4.9191e-4,0.007757014,2.110305439,TRUE,SLC25A19,ENSG00000125454
ENSG00000095970.17,449.4837099,2.350506849,0.674707656,3.483741183,4.94457e-4,0.007792367,2.108330593,TRUE,TREM2,ENSG00000095970
ENSG00000232679.3,15.4648668,3.37559843,0.969291209,3.482543119,4.96675e-4,0.00781765,2.106923795,TRUE,LINC02257,ENSG00000232679
ENSG00000042980.14,733.4934098,1.362498102,0.391336686,3.481651866,4.98331e-4,0.007838871,2.105746458,TRUE,ADAM28,ENSG00000042980
ENSG00000164885.13,273.7236827,1.598268726,0.459364026,3.479307554,5.02711e-4,0.007893156,2.102749329,TRUE,CDK5,ENSG00000164885
ENSG00000164398.15,173.5160651,1.78192251,0.51254314,3.476629319,5.07759e-4,0.007952587,2.099491583,TRUE,ACSL6,ENSG00000164398
ENSG00000277632.2,196.26573870000001,2.709800189,0.779468378,3.476472254,5.08057e-4,0.007952587,2.099491583,TRUE,CCL3,ENSG00000277632
ENSG00000187608.10,1332.477165,2.736317459,0.787344038,3.475377125,5.10136e-4,0.007960678,2.099049968,TRUE,ISG15,ENSG00000187608
ENSG00000079462.8,521.456157,1.075351671,0.309481644,3.474686442,5.11451e-4,0.007971438,2.098463334,TRUE,PAFAH1B3,ENSG00000079462
ENSG00000188486.4,553.2757597,1.846543103,0.532224598,3.469480946,5.21465e-4,0.008097803,2.091632817,TRUE,H2AX,ENSG00000188486
ENSG00000117091.10,565.0604039,1.482445052,0.427743105,3.465736877,5.2878e-4,0.008191437,2.08663992,TRUE,CD48,ENSG00000117091
ENSG00000101916.12,246.3602097,2.222643368,0.642025772,3.461922349,5.36332e-4,0.008278222,2.082062913,TRUE,TLR8,ENSG00000101916
ENSG00000135750.15,444.7670227,1.576243003,0.455492579,3.460524005,5.39125e-4,0.008310566,2.080369408,TRUE,KCNK1,ENSG00000135750
ENSG00000188624.3,10.86814622,5.951047599,1.719765123,3.460383932,5.39406e-4,0.008310566,2.080369408,TRUE,IGFL3,ENSG00000188624
ENSG00000131187.11,70.76855533,2.157235016,0.623479965,3.459990918,5.40194e-4,0.008317676,2.079998004,TRUE,F12,ENSG00000131187
ENSG00000185347.19,125.0869842,1.173933815,0.339490508,3.457928236,5.44346e-4,0.008366453,2.077458647,TRUE,TEDC1,ENSG00000185347
ENSG00000227964.1,15.44457142,2.688364787,0.778093852,3.45506494,5.5016e-4,0.008430388,2.074152452,TRUE,LINC01429,ENSG00000227964
ENSG00000117984.15,16538.00082,1.495254136,0.433060068,3.452763823,5.54875e-4,0.008487316,2.07122961,TRUE,CTSD,ENSG00000117984
ENSG00000235568.7,487.8920109,1.771766308,0.513188755,3.452465178,5.55489e-4,0.00849162,2.071009451,TRUE,NFAM1,ENSG00000235568
ENSG00000213085.10,45.40340858,2.531656448,0.73373442,3.450371659,5.59815e-4,0.008542379,2.068421173,TRUE,CFAP45,ENSG00000213085
ENSG00000244165.2,154.496555,1.189234017,0.344742478,3.449630063,5.61355e-4,0.008560751,2.067488114,TRUE,P2RY11,ENSG00000244165
ENSG00000275221.2,106.4583392,1.597456301,0.46322773,3.448533403,5.6364e-4,0.00859045,2.065984105,TRUE,H2AC15,ENSG00000275221
ENSG00000171223.6,2292.703808,1.481221227,0.430260731,3.442613097,5.76123e-4,0.008733694,2.058802014,TRUE,JUNB,ENSG00000171223
ENSG00000115267.10,2097.431317,1.24580013,0.362121006,3.440286831,5.81098e-4,0.008798645,2.055584188,TRUE,IFIH1,ENSG00000115267
ENSG00000087303.19,2832.495285,1.270057604,0.369293677,3.439153393,5.83536e-4,0.008830321,2.054023513,TRUE,NID2,ENSG00000087303
ENSG00000167880.8,628.3256263,1.375325922,0.400169376,3.436859505,5.88501e-4,0.008894879,2.050859972,TRUE,EVPL,ENSG00000167880
ENSG00000110876.10,731.4704575,1.564058706,0.455248957,3.435611842,5.91217e-4,0.008920067,2.049631906,TRUE,SELPLG,ENSG00000110876
ENSG00000011201.12,2821.599815,2.139430344,0.622851306,3.434897418,5.92778e-4,0.008922484,2.049514198,TRUE,ANOS1,ENSG00000011201
ENSG00000162374.18,19.0508079,2.842062455,0.827354431,3.435120848,5.9229e-4,0.008922484,2.049514198,TRUE,ELAVL4,ENSG00000162374
ENSG00000069399.15,579.6324641,1.519854213,0.442516578,3.434570113,5.93495e-4,0.008927993,2.04924614,TRUE,BCL3,ENSG00000069399
ENSG00000183171.5,28.42994186,2.738118024,0.797934986,3.431505163,6.00242e-4,0.008997623,2.0458722,TRUE,NOL11P1,ENSG00000183171
ENSG00000184922.15,1047.745866,1.511162254,0.440377413,3.431516258,6.00217e-4,0.008997623,2.0458722,TRUE,FMNL1,ENSG00000184922
ENSG00000145423.5,13077.75625,1.182702764,0.344712504,3.430983068,6.01398e-4,0.009004365,2.045546923,TRUE,SFRP2,ENSG00000145423
ENSG00000285492.2,14.97629558,4.664811959,1.359603884,3.431008114,6.01343e-4,0.009004365,2.045546923,TRUE,LOC112267968,ENSG00000285492
ENSG00000100889.12,665.1243013,1.066477448,0.310855612,3.43078074,6.01847e-4,0.009005792,2.045478104,TRUE,PCK2,ENSG00000100889
ENSG00000141756.20,4079.565365,1.511220639,0.440518517,3.430549641,6.0236e-4,0.009008177,2.045363094,TRUE,FKBP10,ENSG00000141756
ENSG00000101294.19,2505.038853,1.073512877,0.312971842,3.430062179,6.03443e-4,0.009013796,2.045092255,TRUE,HM13,ENSG00000101294
ENSG00000106236.4,36.31560731,1.826293765,0.532515853,3.429557553,6.04566e-4,0.009017993,2.044890117,TRUE,NPTX2,ENSG00000106236
ENSG00000110324.12,1351.38683,1.573455961,0.458827105,3.429300372,6.05139e-4,0.009017993,2.044890117,TRUE,IL10RA,ENSG00000110324
ENSG00000163618.18,73.00476831,2.653623465,0.773802507,3.429329111,6.05075e-4,0.009017993,2.044890117,TRUE,CADPS,ENSG00000163618
ENSG00000146918.20,998.4452839,1.742381182,0.508372762,3.42736927,6.0946e-4,0.009066469,2.042561832,TRUE,NCAPG2,ENSG00000146918
ENSG00000067715.15,1626.505355,3.51990847,1.027668609,3.425139622,6.14484e-4,0.009125224,2.039756472,TRUE,SYT1,ENSG00000067715
ENSG00000128604.21,393.1600336,1.382305024,0.403665457,3.424382738,6.16198e-4,0.009140027,2.039052527,TRUE,IRF5,ENSG00000128604
ENSG00000164924.18,25357.84676,1.269710021,0.371824294,3.414811892,6.38261e-4,0.009423406,2.025792108,TRUE,YWHAZ,ENSG00000164924
ENSG00000145416.14,1299.328284,1.900620848,0.55676675900000006,3.413675146,6.40929e-4,0.009446389,2.024734196,TRUE,MARCHF1,ENSG00000145416
ENSG00000196550.11,121.1286874,1.5286394,0.44784149,3.413349222,6.41697e-4,0.009452227,2.024465839,TRUE,FAM72A,ENSG00000196550
ENSG00000156427.8,26.7273713,2.276244773,0.66715838,3.411850682,6.45234e-4,0.009482416,2.023080978,TRUE,FGF18,ENSG00000156427
ENSG00000134013.16,2363.671635,2.12552108,0.623117882,3.411105894,6.47e-4,0.009502876,2.022144921,TRUE,LOXL2,ENSG00000134013
ENSG00000069424.16,738.8671297,1.298757897,0.380834034,3.410298931,6.48917e-4,0.009519066,2.021405685,TRUE,KCNAB2,ENSG00000069424
ENSG00000232810.5,77.32771393,3.066879794,0.900689568,3.405035323,6.61555e-4,0.00969431,2.013483097,TRUE,TNF,ENSG00000232810
ENSG00000213420.8,33.27162127,2.093489972,0.615275222,3.402526053,6.6766e-4,0.009772531,2.009992928,TRUE,GPC2,ENSG00000213420
ENSG00000178531.6,142.0296863,1.546324279,0.45455182,3.401865777,6.69275e-4,0.009790548,2.009192997,TRUE,CTXN1,ENSG00000178531
ENSG00000137841.12,815.4132945,1.436225755,0.422444183,3.399800054,6.74351e-4,0.00985915,2.006160535,TRUE,PLCB2,ENSG00000137841
ENSG00000143119.14,1837.404088,1.606340532,0.472638088,3.398669241,6.77146e-4,0.009894323,2.004613907,TRUE,CD53,ENSG00000143119
ENSG00000134321.13,1555.535666,2.123892232,0.625024598,3.398093831,6.78571e-4,0.009909476,2.003949313,TRUE,RSAD2,ENSG00000134321
ENSG00000157456.8,220.4543087,2.229768062,0.656572171,3.396074584,6.83597e-4,0.00996004,2.001738918,TRUE,CCNB2,ENSG00000157456
ENSG00000183242.13,22.18217419,4.007717005,1.180285759,3.395548047,6.84914e-4,0.009973515,2.001151758,TRUE,WT1-AS,ENSG00000183242
ENSG00000269720.3,100.0377508,3.212358868,0.947013261,3.392094915,6.93604e-4,0.010077031,1.996667392,TRUE,CCDC194,ENSG00000269720
ENSG00000086730.17,497.1921951,1.922807337,0.567177176,3.390135248,6.98581e-4,0.010137786,1.994056879,TRUE,LAT2,ENSG00000086730
ENSG00000157227.14,19167.37836,2.038663127,0.601603469,3.38871571,7.02208e-4,0.010178817,1.992302714,TRUE,MMP14,ENSG00000157227
ENSG00000166501.14,636.0412254,1.323550876,0.390892616,3.385970528,7.0927e-4,0.010269504,1.98845052,TRUE,PRKCB,ENSG00000166501
ENSG00000198821.12,165.5592997,1.466342467,0.433296249,3.384156841,7.13972e-4,0.010331715,1.985827587,TRUE,CD247,ENSG00000198821
ENSG00000184270.6,338.021367,1.569049933,0.46386601,3.382549913,7.18162e-4,0.010368798,1.984271576,TRUE,H2AC21,ENSG00000184270
ENSG00000089012.14,67.58031595,2.071213455,0.613536335,3.375861112,7.35851e-4,0.010572244,1.97583281,TRUE,SIRPG,ENSG00000089012
ENSG00000154839.10,284.7123988,1.532475803,0.453957951,3.37581003,7.35987e-4,0.010572244,1.97583281,TRUE,SKA1,ENSG00000154839
ENSG00000247774.9,242.9537853,1.454903896,0.431239602,3.37377154,7.41459e-4,0.010638848,1.9731054,TRUE,PCED1B-AS1,ENSG00000247774
ENSG00000029993.15,612.5384374,1.747551865,0.518060353,3.373259224,7.4284e-4,0.010646674,1.972786024,TRUE,HMGB3,ENSG00000029993
ENSG00000163689.21,83.54036326,1.571577764,0.466294755,3.370352649,7.5072e-4,0.010741498,1.968935128,TRUE,CFAP20DC,ENSG00000163689
ENSG00000182054.10,3208.279055,1.37361984,0.407725735,3.368979983,7.54469e-4,0.010776982,1.967502851,TRUE,IDH2,ENSG00000182054
ENSG00000120334.16,314.764924,1.142460326,0.339144336,3.368655186,7.55359e-4,0.010783643,1.967234482,TRUE,CENPL,ENSG00000120334
ENSG00000104147.9,41.5261663,2.021446491,0.600850646,3.36430776,7.67359e-4,0.010944286,1.96081255,TRUE,OIP5,ENSG00000104147
ENSG00000156509.14,54.81767027,1.337949968,0.397730922,3.363957628,7.68333e-4,0.01095047,1.960567256,TRUE,FBXO43,ENSG00000156509
ENSG00000164935.6,15.15034812,3.274256533,0.974137893,3.361183827,7.76092e-4,0.011033863,1.957272425,TRUE,DCSTAMP,ENSG00000164935
ENSG00000197275.14,303.9515396,1.496479252,0.445478841,3.359260004,7.81515e-4,0.011101085,1.954634564,TRUE,RAD54B,ENSG00000197275
ENSG00000172578.12,887.342959,1.242725007,0.370147204,3.357380505,7.86847e-4,0.011164384,1.952165228,TRUE,KLHL6,ENSG00000172578
ENSG00000064601.21,3456.4056650000002,1.476906599,0.44004276,3.356279741,7.89986e-4,0.011190227,1.951161113,TRUE,CTSA,ENSG00000064601
ENSG00000103175.11,138.2116614,2.838437023,0.846069579,3.354850588,7.94079e-4,0.011235705,1.94939966,TRUE,WFDC1,ENSG00000103175
ENSG00000204832.10,76.64593649,3.549315604,1.058028547,3.354650132,7.94654e-4,0.01123761,1.949326053,TRUE,ST8SIA6-AS1,ENSG00000204832
ENSG00000168078.10,133.1099608,2.334676592,0.696064356,3.354110249,7.96206e-4,0.011246365,1.948987833,TRUE,PBK,ENSG00000168078
ENSG00000256039.4,38.50590916,2.365344271,0.705435365,3.353027631,7.99327e-4,0.011272537,1.947978325,TRUE,LINC02446,ENSG00000256039
ENSG00000170369.4,30.29777256,3.771088388,1.125248824,3.351337329,8.04223e-4,0.011328915,1.945811671,TRUE,CST2,ENSG00000170369
ENSG00000142156.16,29300.18853,1.827463655,0.545367886,3.350882409,8.05545e-4,0.011341273,1.945338208,TRUE,COL6A1,ENSG00000142156
ENSG00000112242.16,897.9256843,1.287813029,0.384542911,3.348944923,8.11199e-4,0.011410785,1.942684474,TRUE,E2F3,ENSG00000112242
ENSG00000172375.14,387.5917619,1.109801834,0.331394538,3.348883898,8.11378e-4,0.011410785,1.942684474,TRUE,C2CD2L,ENSG00000172375
ENSG00000144867.13,1750.182476,1.198060181,0.357815947,3.348258211,8.13212e-4,0.011423971,1.942182919,TRUE,SRPRB,ENSG00000144867
ENSG00000120708.17,18623.47882,2.753266863,0.822427732,3.347731059,8.1476e-4,0.011439415,1.94159618,TRUE,TGFBI,ENSG00000120708
ENSG00000106305.10,380.024643,1.016838398,0.303803371,3.347028031,8.1683e-4,0.011461823,1.940746288,TRUE,AIMP2,ENSG00000106305
ENSG00000114013.16,932.881677,2.156311602,0.644412799,3.346165077,8.19376e-4,0.011485236,1.93986009,TRUE,CD86,ENSG00000114013
ENSG00000096996.16,171.9724771,1.441838445,0.430921651,3.34594106,8.20038e-4,0.011488199,1.939748036,TRUE,IL12RB1,ENSG00000096996
ENSG00000120436.4,8.619064449,4.671350729,1.397130258,3.343532718,8.27189e-4,0.011543958,1.937645263,TRUE,GPR31,ENSG00000120436
ENSG00000146826.17,367.7057461,1.117572221,0.334621593,3.339809038,8.3836e-4,0.011661535,1.933244284,TRUE,TRAPPC14,ENSG00000146826
ENSG00000138615.6,5342.497355,2.253082111,0.67521611,3.336831092,8.47394e-4,0.011774345,1.929063238,TRUE,CILP,ENSG00000138615
ENSG00000105329.11,1931.383154,1.740176407,0.521691557,3.335642264,8.51026e-4,0.011811925,1.927679305,TRUE,TGFB1,ENSG00000105329
ENSG00000196866.3,404.2718173,1.739236621,0.521629926,3.334234742,8.55344e-4,0.011858945,1.92595394,TRUE,H2AC7,ENSG00000196866
ENSG00000180448.11,1004.454799,1.36149066,0.408502614,3.332881144,8.59517e-4,0.011899704,1.924463848,TRUE,ARHGAP45,ENSG00000180448
ENSG00000211956.2,774.047303,2.609461286,0.783872445,3.328936109,8.71784e-4,0.012021467,1.920042516,TRUE,IGHV4-34,ENSG00000211956
ENSG00000082781.12,6605.815048,1.290027892,0.387564908,3.32854669,8.73004e-4,0.012031776,1.919670269,TRUE,ITGB5,ENSG00000082781
ENSG00000130270.16,117.5510102,2.031099537,0.610969084,3.324390041,8.86122e-4,0.012192786,1.913897059,TRUE,ATP8B3,ENSG00000130270
ENSG00000119408.17,2369.401354,1.076922652,0.324139999,3.322399747,8.92467e-4,0.012262668,1.911415018,TRUE,NEK6,ENSG00000119408
ENSG00000265107.3,547.1334833,1.123892722,0.338437811,3.320824939,8.97518e-4,0.012316346,1.909518114,TRUE,GJA5,ENSG00000265107
ENSG00000169682.18,781.6930953,1.042437082,0.313947153,3.320422151,8.98814e-4,0.012320862,1.909358897,TRUE,SPNS1,ENSG00000169682
ENSG00000158457.6,602.9125135,1.553119586,0.46801335,3.318536934,9.04904e-4,0.012391003,1.906893528,TRUE,TSPAN33,ENSG00000158457
ENSG00000250548.7,18.66624634,3.304730137,0.996049382,3.317837644,9.07172e-4,0.012415394,1.906039494,TRUE,LINC01303,ENSG00000250548
ENSG00000179403.12,1888.569865,1.41502513,0.426648789,3.31660412,9.11186e-4,0.012463639,1.904355128,TRUE,VWA1,ENSG00000179403
ENSG00000155629.15,2075.872309,1.720542526,0.519006038,3.315072272,9.16194e-4,0.012508733,1.902786673,TRUE,PIK3AP1,ENSG00000155629
ENSG00000089101.19,110.3708963,2.915364544,0.88003217,3.312793148,9.23693e-4,0.012573964,1.900527786,TRUE,CFAP61,ENSG00000089101
ENSG00000134668.13,79.73532866,2.375926782,0.717589368,3.310983813,9.29686e-4,0.012605189,1.899450622,TRUE,SPOCD1,ENSG00000134668
ENSG00000135114.14,374.9359286,1.855943279,0.560554472,3.310906204,9.29944e-4,0.012605189,1.899450622,TRUE,OASL,ENSG00000135114
ENSG00000130208.10,943.3852958,2.15972891,0.652471124,3.310075851,9.32707e-4,0.012629209,1.898623865,TRUE,APOC1,ENSG00000130208
ENSG00000074855.11,434.2559356,1.216427693,0.367897094,3.306434635,9.44914e-4,0.012774134,1.893668546,TRUE,ANO8,ENSG00000074855
ENSG00000141682.12,138.8838873,1.358139392,0.410914646,3.3051618,9.49216e-4,0.01281869,1.892156363,TRUE,PMAIP1,ENSG00000141682
ENSG00000075884.14,743.620128,1.240505639,0.375510173,3.303520725,9.54789e-4,0.012880302,1.890073944,TRUE,ARHGAP15,ENSG00000075884
ENSG00000169231.13,1336.367869,1.181084234,0.35756093,3.303169148,9.55987e-4,0.012882823,1.889988968,TRUE,THBS3,ENSG00000169231
ENSG00000163364.12,280.57229,1.463936945,0.443363342,3.301889908,9.60358e-4,0.012928046,1.888467102,TRUE,LINC01116,ENSG00000163364
ENSG00000146197.9,525.2158266,2.935459311,0.88915164,3.301415842,9.61982e-4,0.012943075,1.887962522,TRUE,SCUBE3,ENSG00000146197
ENSG00000110719.11,1388.83162,1.490550257,0.451523741,3.30115589,9.62874e-4,0.012946748,1.887839314,TRUE,TCIRG1,ENSG00000110719
ENSG00000160877.7,1470.059992,1.074285029,0.325591326,3.29948909,9.6861e-4,0.012984264,1.886582648,TRUE,NACC1,ENSG00000160877
ENSG00000164543.7,1228.267449,1.272395434,0.385624937,3.299567306,9.6834e-4,0.012984264,1.886582648,TRUE,STK17A,ENSG00000164543
ENSG00000017483.16,238.7673433,1.603305288,0.485955417,3.299284733,9.69315e-4,0.01298689,1.886494851,TRUE,SLC38A5,ENSG00000017483
ENSG00000102100.16,779.4425635,1.029244736,0.312451629,3.294093038,9.87398e-4,0.013194476,1.87960785,TRUE,SLC35A2,ENSG00000102100
ENSG00000166340.18,5571.45174,1.113313368,0.338009203,3.293736848,9.8865e-4,0.013204282,1.879285204,TRUE,TPP1,ENSG00000166340
ENSG00000171812.13,1589.258942,1.239606106,0.376420323,3.293143414,9.90739e-4,0.013225253,1.878596004,TRUE,COL8A2,ENSG00000171812
ENSG00000029153.15,505.6269128,1.884882732,0.572826797,3.290493289,0.001000119,0.013322545,1.875412793,TRUE,BMAL2,ENSG00000029153
ENSG00000164045.12,95.10623043,1.771889311,0.538560009,3.29004991,0.001001696,0.013336584,1.874955381,TRUE,CDC25A,ENSG00000164045
ENSG00000010610.10,2436.106377,1.82243745,0.55421568,3.288318096,0.001007879,0.013404895,1.872736589,TRUE,CD4,ENSG00000010610
ENSG00000152952.14,3202.724354,1.915114295,0.582991221,3.28497965,0.001019897,0.013543536,1.868267945,TRUE,PLOD2,ENSG00000152952
ENSG00000119547.6,78.3064934,3.571900451,1.087850911,3.283446669,0.00102546,0.013610317,1.866131759,TRUE,ONECUT2,ENSG00000119547
ENSG00000134369.16,4850.395903,1.547870668,0.471555381,3.282479069,0.001028986,0.013642901,1.865093259,TRUE,NAV1,ENSG00000134369
ENSG00000122952.17,324.3767467,1.965066022,0.599012988,3.280506537,0.001036209,0.013717249,1.862732973,TRUE,ZWINT,ENSG00000122952
ENSG00000103064.15,1477.133059,1.157152709,0.352793145,3.279975036,0.001038163,0.013735982,1.862140297,TRUE,SLC7A6,ENSG00000103064
ENSG00000111229.16,3219.393651,1.026529075,0.313089106,3.278712211,0.001042819,0.013776134,1.860872637,TRUE,ARPC3,ENSG00000111229
ENSG00000276231.5,125.6405037,1.679453141,0.51220727,3.278854558,0.001042293,0.013776134,1.860872637,TRUE,PIK3R6,ENSG00000276231
ENSG00000187688.15,399.7792958,1.322944949,0.403528871,3.278439396,0.001043828,0.013782312,1.860677916,TRUE,TRPV2,ENSG00000187688
ENSG00000178623.13,91.20910802,1.395121649,0.425770307,3.276700199,0.001050278,0.013852211,1.858480907,TRUE,GPR35,ENSG00000178623
ENSG00000180767.11,10.7913956,3.661614889,1.117464945,3.276715664,0.001050221,0.013852211,1.858480907,TRUE,CHST13,ENSG00000180767
ENSG00000156587.16,2529.888302,1.114196908,0.340356174,3.273620381,0.001061792,0.013983273,1.85439116,TRUE,UBE2L6,ENSG00000156587
ENSG00000136167.15,6503.297313,1.582442498,0.483673275,3.271717869,0.001068962,0.014070432,1.851692571,TRUE,LCP1,ENSG00000136167
ENSG00000112559.15,459.3680766,1.933061483,0.59098856,3.270894924,0.001072077,0.014096877,1.850877093,TRUE,MDFI,ENSG00000112559
ENSG00000086288.12,20.31631385,2.998424355,0.917777188,3.267050429,0.001086743,0.014252948,1.846095314,TRUE,NME8,ENSG00000086288
ENSG00000008513.17,3931.442109,1.104307724,0.33836562,3.263652274,0.001099861,0.014410153,1.841331396,TRUE,ST3GAL1,ENSG00000008513
ENSG00000163993.7,100.1505455,4.456945451,1.36572662,3.26342431,0.001100746,0.014412568,1.841258634,TRUE,S100P,ENSG00000163993
ENSG00000171320.15,232.5791139,2.354760022,0.721585582,3.263313572,0.001101176,0.014412568,1.841258634,TRUE,ESCO2,ENSG00000171320
ENSG00000278709.2,152.2588197,2.319501419,0.710839465,3.263045362,0.001102219,0.014418809,1.8410706,TRUE,NKILA,ENSG00000278709
ENSG00000144191.12,36.25001406,3.399483558,1.042368546,3.261306733,0.001109,0.014485212,1.839075155,TRUE,CNGA3,ENSG00000144191
ENSG00000103653.17,1290.685341,1.047657583,0.321379912,3.259872645,0.001114623,0.014528862,1.837768399,TRUE,CSK,ENSG00000103653
ENSG00000162004.19,27.44108561,2.784151974,0.854465233,3.258356063,0.001120597,0.014591812,1.835890788,TRUE,CCDC78,ENSG00000162004
ENSG00000151617.17,1788.32568,1.407950795,0.432150304,3.258011814,0.001121957,0.014602063,1.835585784,TRUE,EDNRA,ENSG00000151617
ENSG00000233461.6,103.3450743,1.631104346,0.50079204,3.257049263,0.001125769,0.014629255,1.83477778,TRUE,TSNAX-DT,ENSG00000233461
ENSG00000250151.9,95.54963691,1.126354891,0.345970563,3.255637938,0.001131379,0.014679703,1.833282721,TRUE,ARPC4-TTLL3,ENSG00000250151
ENSG00000176124.15,385.3004109,1.280538434,0.393609874,3.253318877,0.001140654,0.014777473,1.830399815,TRUE,DLEU1,ENSG00000176124
ENSG00000251365.6,22.46690756,2.610194629,0.802598056,3.2521816,0.001145228,0.014829193,1.828882483,TRUE,LINC02236,ENSG00000251365
ENSG00000185480.12,216.6629124,1.211219393,0.372644088,3.250338414,0.001152678,0.014910498,1.826507848,TRUE,PARPBP,ENSG00000185480
ENSG00000237181.2,19.12664479,2.566149685,0.790334838,3.246914549,0.001166634,0.015068088,1.821941861,TRUE,PRKAR1B-AS1,ENSG00000237181
ENSG00000182272.12,304.7734068,1.506276668,0.464323679,3.244022941,0.001178543,0.015198785,1.818191123,TRUE,B4GALNT4,ENSG00000182272
ENSG00000137142.5,20.6386462,2.465945604,0.760601514,3.242099259,0.001186527,0.015294014,1.81547853,TRUE,IGFBPL1,ENSG00000137142
ENSG00000177234.7,7.836316124,5.47391038,1.688745195,3.241406931,0.001189413,0.015323459,1.81464318,TRUE,LINC01561,ENSG00000177234
ENSG00000204642.14,1329.113943,1.164030278,0.359368443,3.239099869,0.001199076,0.015424558,1.811787284,TRUE,HLA-F,ENSG00000204642
ENSG00000070190.13,418.8965715,1.076799076,0.332527375,3.238226856,0.001202751,0.015448443,1.811115279,TRUE,DAPP1,ENSG00000070190
ENSG00000130816.17,2565.91376,1.164680406,0.359660928,3.238273367,0.001202555,0.015448443,1.811115279,TRUE,DNMT1,ENSG00000130816
ENSG00000164961.16,4515.273376,1.502882917,0.464191609,3.23763482,0.00120525,0.015472735,1.8104329,TRUE,WASHC5,ENSG00000164961
ENSG00000196876.19,1008.120791,3.035256457,0.937747954,3.236750819,0.001208989,0.015504503,1.809542146,TRUE,SCN8A,ENSG00000196876
ENSG00000196664.5,1016.975956,1.936942073,0.598745667,3.234999733,0.001216428,0.01558484,1.807297661,TRUE,TLR7,ENSG00000196664
ENSG00000172757.13,8380.485208,1.257037186,0.388625193,3.234574622,0.001218241,0.015600216,1.806869376,TRUE,CFL1,ENSG00000172757
ENSG00000178927.19,1696.768582,1.061169476,0.328167455,3.233621923,0.001222312,0.015636629,1.805856881,TRUE,CYBC1,ENSG00000178927
ENSG00000144959.11,1354.739925,1.841735046,0.570001929,3.23110318,0.001233134,0.015727707,1.803334597,TRUE,NCEH1,ENSG00000144959
ENSG00000173083.16,362.5288171,2.380780073,0.737203243,3.229475853,0.001240174,0.015785885,1.801731059,TRUE,HPSE,ENSG00000173083
ENSG00000174996.12,625.9154567,1.121779975,0.347486549,3.228268769,0.001245419,0.015828934,1.800548334,TRUE,KLC2,ENSG00000174996
ENSG00000161036.13,393.1216405,1.24011508,0.38435135,3.226514182,0.00125308,0.015910435,1.798317945,TRUE,LRWD1,ENSG00000161036
ENSG00000143153.14,8069.382618,1.138407605,0.353281422,3.222381742,0.001271296,0.016117634,1.792698711,TRUE,ATP1B1,ENSG00000143153
ENSG00000147649.10,6936.78536,1.267589809,0.393466614,3.221594323,0.001274795,0.016153953,1.791721186,TRUE,MTDH,ENSG00000147649
ENSG00000171840.13,155.2741393,1.574153306,0.48899966499999997,3.219129624,0.001285803,0.016269181,1.788634319,TRUE,NINJ2,ENSG00000171840
ENSG00000101203.17,61.41650376,5.195449486,1.614137718,3.218715125,0.001287663,0.016284629,1.788222139,TRUE,COL20A1,ENSG00000101203
ENSG00000136240.10,9446.550051,1.338234881,0.416001601,3.216898393,0.001295845,0.016355628,1.786332766,TRUE,KDELR2,ENSG00000136240
ENSG00000158869.11,896.3170799,2.003462449,0.623116763,3.215227974,0.00130341,0.016442964,1.784019886,TRUE,FCER1G,ENSG00000158869
ENSG00000260442.7,9.414277574,3.705991361,1.153101538,3.213933239,0.001309301,0.016500294,1.782508313,TRUE,ATP2A1-AS1,ENSG00000260442
ENSG00000162624.16,10.21739375,5.826539989,1.814855749,3.210470029,0.001325181,0.016676338,1.777899316,TRUE,LHX8,ENSG00000162624
ENSG00000225630.1,90.15025975,1.307828036,0.407395616,3.210216271,0.001326351,0.016682829,1.777730293,TRUE,MTND2P28,ENSG00000225630
ENSG00000111335.14,4459.625522,1.894931227,0.590356678,3.209807386,0.001328239,0.016695284,1.777406189,TRUE,OAS2,ENSG00000111335
ENSG00000165175.17,1038.849724,1.110992252,0.346144918,3.209615957,0.001329124,0.016695284,1.777406189,TRUE,MID1IP1,ENSG00000165175
ENSG00000282639.1,53.97557417,4.084437374,1.272875407,3.208827314,0.001332775,0.016730595,1.776488603,TRUE,IGHV3-64D,ENSG00000282639
ENSG00000206503.15,29877.54339,1.248986913,0.389303309,3.208261741,0.001335399,0.01675528,1.775848306,TRUE,HLA-A,ENSG00000206503
ENSG00000181634.8,292.1480894,1.021947313,0.318580585,3.207814164,0.001337479,0.016773118,1.775386205,TRUE,TNFSF15,ENSG00000181634
ENSG00000168961.17,1785.3652,1.586164968,0.494720438,3.206184437,0.001345077,0.016860112,1.773139532,TRUE,LGALS9,ENSG00000168961
ENSG00000127561.16,28.80638749,2.519818757,0.786426198,3.204138881,0.001354671,0.016947022,1.770906599,TRUE,SYNGR3,ENSG00000127561
ENSG00000223865.12,8948.542693,1.492634616,0.466219026,3.201573793,0.001366791,0.017051286,1.768242865,TRUE,HLA-DPB1,ENSG00000223865
ENSG00000079215.15,2262.539191,1.154522519,0.36065685200000003,3.201166186,0.001368726,0.017055861,1.76812635,TRUE,SLC1A3,ENSG00000079215
ENSG00000087088.21,610.3751866,1.128937819,0.352697943,3.200863063,0.001370166,0.017057132,1.768094002,TRUE,BAX,ENSG00000087088
ENSG00000070882.13,1064.976284,1.246606697,0.389488117,3.200628323,0.001371283,0.017057142,1.768093736,TRUE,OSBPL3,ENSG00000070882
ENSG00000153767.10,992.6426675,1.24703483,0.389712987,3.199880098,0.001374848,0.01708203,1.767460515,TRUE,GTF2E1,ENSG00000153767
ENSG00000140105.18,3292.857364,1.284399028,0.401509755,3.198923595,0.001379417,0.017125605,1.766354079,TRUE,WARS1,ENSG00000140105
ENSG00000203814.7,1176.799327,1.533529644,0.479504663,3.198153769,0.001383105,0.017159526,1.765494707,TRUE,H2BC18,ENSG00000203814
ENSG00000034677.13,4129.693477,1.013232257,0.31700583,3.196257482,0.001392228,0.017255909,1.76306216,TRUE,RNF19A,ENSG00000034677
ENSG00000211753.4,18.09219175,2.128780025,0.666349411,3.194690339,0.001399809,0.017324597,1.761336867,TRUE,TRBV28,ENSG00000211753
ENSG00000164379.7,61.57184188,2.415787379,0.756485189,3.193436451,0.001405903,0.017391563,1.759661376,TRUE,FOXQ1,ENSG00000164379
ENSG00000104889.7,389.3626732,1.378420191,0.431852714,3.191875713,0.001413521,0.017468849,1.757735714,TRUE,RNASEH2A,ENSG00000104889
ENSG00000125813.15,10.91407197,3.486803792,1.093692974,3.188101119,0.001432104,0.017681356,1.752484443,TRUE,PAX1,ENSG00000125813
ENSG00000030110.14,542.5063282,1.097697035,0.344372955,3.187523933,0.001434966,0.017708104,1.751827945,TRUE,BAK1,ENSG00000030110
ENSG00000197253.14,796.5357724,1.534312058,0.481432954,3.186969331,0.00143772,0.017724927,1.751415551,TRUE,TPSB2,ENSG00000197253
ENSG00000158488.16,171.2253996,2.874311433,0.901943945,3.186796084,0.001438582,0.01772697,1.751365479,TRUE,CD1E,ENSG00000158488
ENSG00000276168.1,1437758.939,1.034762545,0.325190922,3.182015475,0.00146254,0.017970062,1.745450434,TRUE,RN7SL1,ENSG00000276168
ENSG00000102524.12,615.5108178,2.066568252,0.649674459,3.180928883,0.001468037,0.018028905,1.744030656,TRUE,TNFSF13B,ENSG00000102524
ENSG00000006747.15,367.1817067,2.048938634,0.644176542,3.180709789,0.001469147,0.018033853,1.743911474,TRUE,SCIN,ENSG00000006747
ENSG00000106636.9,2281.990234,1.096316268,0.344733822,3.180181924,0.001471826,0.018049349,1.743538461,TRUE,YKT6,ENSG00000106636
ENSG00000214756.8,151.487349,1.107286366,0.348199391,3.180035331,0.001472571,0.018049796,1.7435277,TRUE,CSKMT,ENSG00000214756
ENSG00000140548.10,834.9805694,1.063566204,0.334511327,3.179462449,0.001475485,0.018076818,1.742878025,TRUE,ZNF710,ENSG00000140548
ENSG00000185482.8,80.0262121,2.111275638,0.664111686,3.179097255,0.001477345,0.018082222,1.742748205,TRUE,STAC3,ENSG00000185482
ENSG00000181789.14,6158.829248,1.123511558,0.353552908,3.177774902,0.001484099,0.018156169,1.740975776,TRUE,COPG1,ENSG00000181789
ENSG00000115677.18,22215.52124,1.034155307,0.325578225,3.176365083,0.001491331,0.018227145,1.739281343,TRUE,HDLBP,ENSG00000115677
ENSG00000102962.5,252.3514327,1.64054061,0.516884255,3.173903235,0.001504038,0.018347251,1.736429007,TRUE,CCL22,ENSG00000102962
ENSG00000186340.17,17815.85693,1.612690265,0.508519476,3.171344152,0.001517353,0.018483125,1.733224607,TRUE,THBS2,ENSG00000186340
ENSG00000277893.2,9.029123407,3.047890622,0.962355791,3.167114128,0.001539599,0.018745149,1.727111102,TRUE,SRD5A2,ENSG00000277893
ENSG00000204525.18,27351.34407,1.344964479,0.425229327,3.162915615,0.001561976,0.018954207,1.722294383,TRUE,HLA-C,ENSG00000204525
ENSG00000071859.15,819.6975682,1.127286414,0.356434544,3.162674421,0.001563271,0.018960887,1.722141347,TRUE,FAM50A,ENSG00000071859
ENSG00000180818.5,381.3149696,1.703748474,0.538756159,3.162374005,0.001564884,0.018971431,1.721899902,TRUE,HOXC10,ENSG00000180818
ENSG00000163909.8,668.9478609,1.472001788,0.465513635,3.162102414,0.001566345,0.018980105,1.721701387,TRUE,HEYL,ENSG00000163909
ENSG00000164733.23,25191.68545,1.674433382,0.529768671,3.160687812,0.001573971,0.019036418,1.720414774,TRUE,CTSB,ENSG00000164733
ENSG00000184557.4,1174.675747,1.604606277,0.507676563,3.160686142,0.00157398,0.019036418,1.720414774,TRUE,SOCS3,ENSG00000184557
ENSG00000175294.6,14.09520035,3.721588524,1.178380522,3.158223048,0.001587341,0.019161629,1.717567566,TRUE,CATSPER1,ENSG00000175294
ENSG00000197415.12,333.5895019,1.661042125,0.526201247,3.156667028,0.001595835,0.019236828,1.715866548,TRUE,VEPH1,ENSG00000197415
ENSG00000186517.14,1067.031152,1.470632419,0.466766023,3.150684384,0.001628884,0.019561193,1.708604653,TRUE,ARHGAP30,ENSG00000186517
ENSG00000133107.15,73.28180467,2.892788329,0.91823505,3.150378904,0.001630588,0.019565109,1.708517736,TRUE,TRPC4,ENSG00000133107
ENSG00000204482.11,334.610366,1.951599821,0.619505159,3.150255962,0.001631275,0.019565109,1.708517736,TRUE,LST1,ENSG00000204482
ENSG00000133195.12,1827.743018,1.41503005,0.449210595,3.150037124,0.001632497,0.019567698,1.708460269,TRUE,SLC39A11,ENSG00000133195
ENSG00000276180.2,181.5499956,1.713919532,0.544750662,3.146245893,0.001653809,0.019785922,1.703643696,TRUE,H4C9,ENSG00000276180
ENSG00000188389.11,37.22398158,1.925824244,0.612151394,3.145993397,0.001655237,0.019792529,1.703498703,TRUE,PDCD1,ENSG00000188389
ENSG00000213402.3,233.9608671,1.613801606,0.513088292,3.145270767,0.001659332,0.019814785,1.703010634,TRUE,PTPRCAP,ENSG00000213402
ENSG00000260852.1,190.0463609,1.5262077,0.485219272,3.145397944,0.001658611,0.019814785,1.703010634,TRUE,FBXL19-AS1,ENSG00000260852
ENSG00000095303.17,880.0463813,1.604857607,0.510687241,3.142544943,0.00167486,0.019962796,1.699778639,TRUE,PTGS1,ENSG00000095303
ENSG00000204941.14,16.80773448,4.782375403,1.522045844,3.142070538,0.001677576,0.019976483,1.699480976,TRUE,PSG5,ENSG00000204941
ENSG00000108829.10,3534.860688,1.402969587,0.446733154,3.140509213,0.001686544,0.02006452,1.697571229,TRUE,LRRC59,ENSG00000108829
ENSG00000260075.1,760.6919816,1.784835219,0.5687275,3.138295968,0.001699332,0.020169574,1.695303267,TRUE,LRRC37A2,ENSG00000260075
ENSG00000062822.16,469.9357995,1.005371107,0.320446473,3.137407312,0.001704492,0.020220986,1.694197675,TRUE,POLD1,ENSG00000062822
ENSG00000125319.15,75.12218408,1.604870378,0.51155221,3.137256269,0.00170537,0.020220986,1.694197675,TRUE,HROB,ENSG00000125319
ENSG00000071246.11,1813.658808,1.438004229,0.458737737,3.134697917,0.001720312,0.020353311,1.691364932,TRUE,VASH1,ENSG00000071246
ENSG00000284753.2,115.1712804,1.855129806,0.591807914,3.134682321,0.001720403,0.020353311,1.691364932,TRUE,EEF1AKMT4,ENSG00000284753
ENSG00000105048.18,87.01127952,3.250784449,1.037641303,3.132859534,0.001731123,0.020470626,1.688868878,TRUE,TNNT1,ENSG00000105048
ENSG00000183908.7,39.77804107,1.880653393,0.601217459,3.12807515,0.001759552,0.020758639,1.682801125,TRUE,LRRC55,ENSG00000183908
ENSG00000186047.11,75.09098344,1.96303635,0.627963114,3.126037668,0.001771789,0.020864366,1.68059481,TRUE,DLEU7,ENSG00000186047
ENSG00000163519.14,94.70245577,1.810543019,0.579322546,3.125276293,0.001776381,0.020889489,1.680072174,TRUE,TRAT1,ENSG00000163519
ENSG00000178685.14,1599.486488,1.097826989,0.351261662,3.125382326,0.001775741,0.020889489,1.680072174,TRUE,PARP10,ENSG00000178685
ENSG00000141858.12,783.7844845,1.003939934,0.321283332,3.124780635,0.001779377,0.02089579,1.679941205,TRUE,SAMD1,ENSG00000141858
ENSG00000134242.16,525.1291203,1.344501564,0.430485855,3.123218914,0.001788846,0.02097799,1.678236118,TRUE,PTPN22,ENSG00000134242
ENSG00000169403.12,806.1096211,1.278779901,0.409751895,3.120863912,0.001803213,0.021100014,1.675717258,TRUE,PTAFR,ENSG00000169403
ENSG00000126860.12,755.3169796,1.86613251,0.598132335,3.1199325,0.001808925,0.021145336,1.67478541,TRUE,EVI2A,ENSG00000126860
ENSG00000213347.11,115.4196278,1.170302132,0.375263216,3.118616698,0.001817022,0.021220515,1.673244076,TRUE,MXD3,ENSG00000213347
ENSG00000103253.19,72.7838943,2.052743916,0.658289075,3.118301659,0.001818965,0.021233482,1.67297878,TRUE,HAGHL,ENSG00000103253
ENSG00000211788.2,9.937084382,2.727126176,0.87525597,3.115804141,0.001834441,0.021365198,1.670293088,TRUE,TRAV13-1,ENSG00000211788
ENSG00000100558.9,245.8549087,2.192620857,0.70439002,3.112793759,0.001853255,0.021554765,1.666456698,TRUE,PLEK2,ENSG00000100558
ENSG00000136026.14,3763.204889,1.622486079,0.521541481,3.110943497,0.001864906,0.021650754,1.664526978,TRUE,CKAP4,ENSG00000136026
ENSG00000205634.7,5.483951211,5.006946715,1.609956857,3.109988129,0.001870949,0.021701131,1.66351764,TRUE,LINC00898,ENSG00000205634
ENSG00000102034.18,1199.77693,1.537496487,0.494891842,3.106732333,0.001891676,0.021881788,1.659917199,TRUE,ELF4,ENSG00000102034
ENSG00000286042.1,35.71296424,4.648176783,1.496785374,3.105439741,0.001899963,0.021957716,1.658412829,TRUE,LCAL1,ENSG00000286042
ENSG00000198829.6,184.3704835,1.969201471,0.634159853,3.10521308,0.00190142,0.021964589,1.658276909,TRUE,SUCNR1,ENSG00000198829
ENSG00000102924.13,83.17999329,2.858344276,0.921568291,3.101608753,0.001924722,0.022163434,1.654362942,TRUE,CBLN1,ENSG00000102924
ENSG00000115850.10,11.46280591,4.572257781,1.474922132,3.099999438,0.00193521,0.02226409,1.652395055,TRUE,LCT,ENSG00000115850
ENSG00000163563.8,693.0103925,1.972557072,0.636340266,3.099846384,0.00193621,0.022265545,1.652366667,TRUE,MNDA,ENSG00000163563
ENSG00000136040.9,4235.891722,1.021399619,0.329615689,3.098759111,0.00194333,0.022327262,1.651164531,TRUE,PLXNC1,ENSG00000136040
ENSG00000178295.15,787.8611829,1.266767627,0.409280794,3.095106455,0.001967423,0.022562333,1.646616,TRUE,GEN1,ENSG00000178295
ENSG00000187583.11,88.84692932,1.306777174,0.422569103,3.09245793,0.001985064,0.022684026,1.644279864,TRUE,PLEKHN1,ENSG00000187583
ENSG00000270550.1,7762.855571,2.786503429,0.901286434,3.091695741,0.001990167,0.022721967,1.643554067,TRUE,IGHV3-30,ENSG00000270550
ENSG00000173157.18,6.94595608,4.197349876,1.357960217,3.090922564,0.001995357,0.022760821,1.642812085,TRUE,ADAMTS20,ENSG00000173157
ENSG00000263528.8,351.5503358,1.135964857,0.367631268,3.089957132,0.002001854,0.02280431,1.64198306,TRUE,IKBKE,ENSG00000263528
ENSG00000142669.15,2482.221025,1.347297735,0.436443436,3.08699278,0.002021925,0.023012379,1.63803848,TRUE,SH3BGRL3,ENSG00000142669
ENSG00000146070.17,242.4636934,1.812453894,0.587225018,3.086472543,0.002025467,0.023038969,1.637536956,TRUE,PLA2G7,ENSG00000146070
ENSG00000137404.15,233.4870944,1.498461857,0.485548237,3.086123569,0.002027845,0.023048877,1.637350233,TRUE,NRM,ENSG00000137404
ENSG00000179051.14,5014.320617,1.004751659,0.32588767,3.083122654,0.002048407,0.023210348,1.634318357,TRUE,RCC2,ENSG00000179051
ENSG00000265531.3,97.70527549,2.335438745,0.757686552,3.082328358,0.002053881,0.023261804,1.633356601,TRUE,FCGR1CP,ENSG00000265531
ENSG00000106624.11,13564.66508,1.325823644,0.430272499,3.081358084,0.002060587,0.023324184,1.632193538,TRUE,AEBP1,ENSG00000106624
ENSG00000151014.6,471.4846614,1.472662241,0.477940539,3.081266642,0.00206122,0.023324184,1.632193538,TRUE,NOCT,ENSG00000151014
ENSG00000100985.7,1448.757866,3.386832267,1.099351062,3.080755897,0.002064758,0.023333144,1.632026738,TRUE,MMP9,ENSG00000100985
ENSG00000106799.15,6765.970628,1.436878651,0.466458922,3.080396973,0.002067249,0.023350929,1.631695832,TRUE,TGFBR1,ENSG00000106799
ENSG00000138448.13,12060.15396,1.182441907,0.384090692,3.078548713,0.002080115,0.023475454,1.629385998,TRUE,ITGAV,ENSG00000138448
ENSG00000136378.15,310.372944,1.34896474,0.438212089,3.078337573,0.00208159,0.023481696,1.629270547,TRUE,ADAMTS7,ENSG00000136378
ENSG00000167851.15,345.5711833,1.839548094,0.598116524,3.07556809,0.002101019,0.023638093,1.626387569,TRUE,CD300A,ENSG00000167851
ENSG00000126603.9,861.1743283,1.41611508,0.46103948,3.071570098,0.002129362,0.023925498,1.621139015,TRUE,GLIS2,ENSG00000126603
ENSG00000231806.4,103.5963585,2.856976421,0.930550942,3.070198837,0.002139163,0.023971983999999998,1.620296019,TRUE,PCAT7,ENSG00000231806
ENSG00000140743.8,1142.906879,1.155022737,0.37623812,3.069924804,0.002141127,0.023983443,1.620088477,TRUE,CDR2,ENSG00000140743
ENSG00000186577.14,339.6393355,1.104145034,0.359738005,3.069303267,0.002145587,0.02401229,1.619566414,TRUE,SMIM29,ENSG00000186577
ENSG00000173894.11,222.2889924,2.219862262,0.723693235,3.067407782,0.002159241,0.024143893,1.617192706,TRUE,CBX2,ENSG00000173894
ENSG00000011590.14,7.862897272,3.1126502,1.017071694,3.060403922,0.002210387,0.024607869,1.60892599,TRUE,ZBTB32,ENSG00000011590
ENSG00000163466.16,7186.589617,1.104400647,0.36086769,3.060403235,0.002210392,0.024607869,1.60892599,TRUE,ARPC2,ENSG00000163466
ENSG00000175946.9,45.62902396,1.798288616,0.587707486,3.059836159,0.002214581,0.024640532,1.608349928,TRUE,KLHL38,ENSG00000175946
ENSG00000007202.16,13084.13111,1.409292474,0.46068096,3.059150683,0.002219655,0.024652698,1.60813555,TRUE,BLTP2,ENSG00000007202
ENSG00000120457.12,422.680043,1.791227569,0.585545679,3.059074009,0.002220223,0.024652698,1.60813555,TRUE,KCNJ5,ENSG00000120457
ENSG00000123609.11,763.082157,1.049053729,0.342912377,3.059247202,0.00221894,0.024652698,1.60813555,TRUE,NMI,ENSG00000123609
ENSG00000146232.17,369.2661074,1.63266344,0.533740849,3.058906665,0.002221463,0.024655729,1.608082151,TRUE,NFKBIE,ENSG00000146232
ENSG00000186638.17,253.0790967,1.265968321,0.414582736,3.053596331,0.002261161,0.024998338,1.602088865,TRUE,KIF24,ENSG00000186638
ENSG00000187801.15,132.1037652,1.131685638,0.370838386,3.051694976,0.002275532,0.025146307,1.599525786,TRUE,ZFP69B,ENSG00000187801
ENSG00000185507.21,497.1031301,1.384371684,0.453941828,3.049667597,0.002290948,0.025294723,1.596970075,TRUE,IRF7,ENSG00000185507
ENSG00000135245.10,822.2836372,1.508628516,0.494864469,3.048569074,0.00229934,0.025363883,1.595784251,TRUE,HILPDA,ENSG00000135245
ENSG00000101665.10,813.2625918,1.211058754,0.397393756,3.047503227,0.00230751,0.025411534,1.594969118,TRUE,SMAD7,ENSG00000101665
ENSG00000110446.12,860.041603,1.500279762,0.492397509,3.046887393,0.002312243,0.025441335,1.594460105,TRUE,SLC15A3,ENSG00000110446
ENSG00000117600.14,721.8687319,3.078157435,1.010725037,3.045494396,0.002322981,0.025526747,1.593004523,TRUE,PLPPR4,ENSG00000117600
ENSG00000149781.14,902.0482245,1.545376557,0.507534854,3.044867846,0.002327826,0.02556536,1.592348094,TRUE,FERMT3,ENSG00000149781
ENSG00000112473.19,3448.451987,1.125141579,0.369896502,3.041774042,0.002351884,0.02579985,1.588382811,TRUE,SLC39A7,ENSG00000112473
ENSG00000187498.17,12153.11414,1.544770925,0.508090568,3.040345602,0.002363068,0.025889108,1.586882905,TRUE,COL4A1,ENSG00000187498
ENSG00000123136.15,1003.570689,1.406051998,0.462692788,3.038845721,0.002374864,0.025995992,1.585093604,TRUE,DDX39A,ENSG00000123136
ENSG00000236790.7,71.06906996,1.601700196,0.527729689,3.035076916,0.002404744,0.02628918,1.580222957,TRUE,LINC00298,ENSG00000236790
ENSG00000086300.17,731.5770961,1.140032286,0.375853584,3.033181898,0.002419897,0.026420836,1.578053438,TRUE,SNX10,ENSG00000086300
ENSG00000163545.11,213.1983794,1.084244327,0.357543588,3.03248153,0.002425519,0.026466068,1.577310573,TRUE,NUAK2,ENSG00000163545
ENSG00000122515.16,2057.719485,1.172114034,0.38661845,3.031707447,0.002431748,0.026504801,1.576675454,TRUE,ZMIZ2,ENSG00000122515
ENSG00000162063.13,450.2366286,1.46074292,0.482010545,3.03052067,0.002441325,0.026586444,1.575339748,TRUE,CCNF,ENSG00000162063
ENSG00000120280.6,229.2519683,1.841811409,0.607791274,3.030335392,0.0024428230000000002,0.026591397,1.575258852,TRUE,TASL,ENSG00000120280
ENSG00000128340.16,794.6198498,1.049522013,0.346359077,3.030155941,0.002444275,0.026595841,1.5751862700000001,TRUE,RAC2,ENSG00000128340
ENSG00000257702.5,268.4627122,1.006507051,0.332364688,3.028321261,0.002459165,0.026723626,1.573104617,TRUE,LBX2-AS1,ENSG00000257702
ENSG00000153563.17,496.9843244,1.303973434,0.430653918,3.027891721,0.002462663,0.026750232,1.57267245,TRUE,CD8A,ENSG00000153563
ENSG00000077984.6,140.0864179,1.845547199,0.60972635100000006,3.026845068,0.002471206,0.026820161,1.571538616,TRUE,CST7,ENSG00000077984
ENSG00000176619.13,1493.582455,1.741422321,0.575771614,3.024501864,0.002490429,0.026994305,1.568727846,TRUE,LMNB2,ENSG00000176619
ENSG00000204394.13,1766.703381,1.04264671,0.344801505,3.023904176,0.002495355,0.027036191,1.56805449,TRUE,VARS1,ENSG00000204394
ENSG00000030582.19,9925.648878,1.460692373,0.483145555,3.023296722,0.002500369,0.027067509,1.567551715,TRUE,GRN,ENSG00000030582
ENSG00000138684.9,5.051633665,5.790427873,1.915239388,3.023344188,0.002499977,0.027067509,1.567551715,TRUE,IL21,ENSG00000138684
ENSG00000178719.17,3390.341096,1.025921408,0.339642487,3.020592084,0.00252281,0.027264106,1.564408732,TRUE,GRINA,ENSG00000178719
ENSG00000170873.19,2028.800942,1.060161302,0.351136808,3.019225777,0.002534216,0.027352573,1.563001811,TRUE,MTSS1,ENSG00000170873
ENSG00000066336.13,519.6470712,1.954593826,0.647543761,3.018473721,0.002540514,0.027402101,1.562216132,TRUE,SPI1,ENSG00000066336
ENSG00000106268.16,109.2271025,1.379456923,0.457012745,3.018421125,0.002540955,0.027402101,1.562216132,TRUE,NUDT1,ENSG00000106268
ENSG00000188322.8,317.1847061,1.531643347,0.507541164,3.017771672,0.002546407,0.027449275,1.561469127,TRUE,SBK1,ENSG00000188322
ENSG00000028277.22,215.7774507,1.229477909,0.407546791,3.016777303,0.002554774,0.027482847,1.560938276,TRUE,POU2F2,ENSG00000028277
ENSG00000106105.15,3305.231487,1.294029133,0.429259735,3.014559784,0.002573525,0.027659694,1.558152632,TRUE,GARS1,ENSG00000106105
ENSG00000173193.15,9416.999059,1.10423069,0.366745838,3.01088813,0.002604848,0.02792568,1.553996238,TRUE,PARP14,ENSG00000173193
ENSG00000197930.13,2639.57434,1.047095758,0.347802367,3.010605614,0.002607273,0.027939919,1.55377486,TRUE,ERO1A,ENSG00000197930
ENSG00000163518.11,5.900812011,6.004015108,1.994839572,3.009773414,0.002614426,0.027975794,1.553217577,TRUE,FCRL4,ENSG00000163518
ENSG00000183876.9,81.40388675,1.73318466,0.575865212,3.009705438,0.002615012,0.027975794,1.553217577,TRUE,ARSI,ENSG00000183876
ENSG00000196074.13,1118.272539,1.514544003,0.503191431,3.009876382,0.00261354,0.027975794,1.553217577,TRUE,SYCP2,ENSG00000196074
ENSG00000268941.2,9.690095051,3.137261372,1.04282689,3.008420095,0.002626098,0.028070834,1.551744686,TRUE,LINC01711,ENSG00000268941
ENSG00000054277.14,606.155985,1.052909349,0.350014612,3.008186835,0.002628115,0.028080611,1.551593446,TRUE,OPN3,ENSG00000054277
ENSG00000103855.18,3042.685384,1.0387505,0.345416087,3.007244131,0.00263628,0.02815604,1.550428428,TRUE,CD276,ENSG00000103855
ENSG00000171476.23,330.9044027,1.359739483,0.452455194,3.005246712,0.002653655,0.028286353,1.548423049,TRUE,HOPX,ENSG00000171476
ENSG00000284194.3,150.4006954,1.1972908310000001,0.398405889,3.005203645,0.002654031,0.028286353,1.548423049,TRUE,SCO2,ENSG00000284194
ENSG00000126246.10,142.7598835,1.957259591,0.651320649,3.005063012,0.002655258,0.028287604,1.548403838,TRUE,IGFLR1,ENSG00000126246
ENSG00000135426.16,213.5053153,1.170783676,0.389912555,3.002682679,0.002676113,0.028477507,1.545498031,TRUE,TESPA1,ENSG00000135426
ENSG00000137261.15,25.2444329,3.181181466,1.059370558,3.002897751,0.002674223,0.028477507,1.545498031,TRUE,KIAA0319,ENSG00000137261
ENSG00000158402.21,60.81438247,1.904027093,0.634172171,3.002381972,0.002678758,0.02847843,1.545483956,TRUE,CDC25C,ENSG00000158402
ENSG00000182853.12,38.75809222,2.445806171,0.815073419,3.00071885,0.002693431,0.028614488,1.543414025,TRUE,VMO1,ENSG00000182853
ENSG00000160683.5,24.46369344,2.106407377,0.702198817,2.99973074,0.002702184,0.028667671,1.542607584,TRUE,CXCR5,ENSG00000160683
ENSG00000250067.12,66.75349115,1.95098223,0.650369255,2.999806979,0.002701507,0.028667671,1.542607584,TRUE,YJEFN3,ENSG00000250067
ENSG00000163359.17,87503.87331,1.760329141,0.587487534,2.996368499,0.00273216,0.028925486,1.538719329,TRUE,COL6A3,ENSG00000163359
ENSG00000293264.1,20.53788792,3.115204061,1.040423711,2.994168653,0.002751938,0.029086533,1.53630804,TRUE,ACTG1P25,ENSG00000293264
ENSG00000071073.13,5228.133511,1.353820121,0.452199,2.993859168,0.002754731,0.029098827,1.536124514,TRUE,MGAT4A,ENSG00000071073
ENSG00000109084.14,1156.994698,2.444317361,0.816812277,2.992508107,0.002766953,0.029172639,1.535024286,TRUE,TMEM97,ENSG00000109084
ENSG00000157193.18,305.6561056,1.741683532,0.582554927,2.98973273,0.002792216,0.029390356,1.531795151,TRUE,LRP8,ENSG00000157193
ENSG00000162769.13,608.2823765,1.308221899,0.437922777,2.987334683,0.002814215,0.029487923,1.530355818,TRUE,FLVCR1,ENSG00000162769
ENSG00000164897.14,501.2878012,1.241460156,0.415607477,2.987097742,0.002816397,0.029498658,1.53019774,TRUE,TMUB1,ENSG00000164897
ENSG00000111729.15,110.7057873,1.853544394,0.620947886,2.985024084,0.00283556,0.029662798,1.527787892,TRUE,CLEC4A,ENSG00000111729
ENSG00000224189.8,386.2272948,1.943839945,0.651763266,2.982432496,0.002859677,0.02982937,1.525355925,TRUE,HAGLR,ENSG00000224189
ENSG00000176383.9,19.71709111,3.219571825,1.080047501,2.980953913,0.00287352,0.029922587,1.524000858,TRUE,B3GNT4,ENSG00000176383
ENSG00000187730.9,58.10690709,1.671512716,0.560773675,2.980726075,0.002875659,0.029922587,1.524000858,TRUE,GABRD,ENSG00000187730
ENSG00000136928.7,23.64907367,4.274276374,1.434109365,2.980439623,0.00287835,0.029938362,1.52377197,TRUE,GABBR2,ENSG00000136928
ENSG00000116521.12,1264.973994,1.073653871,0.360918981,2.974778072,0.002932006,0.030405384,1.51704951,TRUE,SCAMP3,ENSG00000116521
ENSG00000253130.2,9.909842428,6.065622193,2.039073353,2.974695434,0.002932796,0.030405384,1.51704951,TRUE,LOC105379224,ENSG00000253130
ENSG00000113810.16,2352.552207,1.087040343,0.365636877,2.973005216,0.002948994,0.030560888,1.514834027,TRUE,SMC4,ENSG00000113810
ENSG00000119686.10,290.2033712,1.538413046,0.51775666,2.971305177,0.00296537,0.030680679,1.513135039,TRUE,FLVCR2,ENSG00000119686
ENSG00000185164.15,4999.376154,1.620097233,0.54524606900000006,2.971313918,0.002965285,0.030680679,1.513135039,TRUE,NOMO2,ENSG00000185164
ENSG00000123338.13,2960.022818,1.396423435,0.470127308,2.970309129,0.002975002,0.030730434,1.512431312,TRUE,NCKAP1L,ENSG00000123338
ENSG00000188157.15,7591.054181,1.424369034,0.479680801,2.969410143,0.002983721,0.030795526,1.51151238,TRUE,AGRN,ENSG00000188157
ENSG00000175482.9,398.2783329,1.031652373,0.347981252,2.964678031,0.003029999,0.031235217,1.505355477,TRUE,POLD4,ENSG00000175482
ENSG00000134256.13,116.6524858,1.471274897,0.496391447,2.96394087,0.003037266,0.031274057,1.504815783,TRUE,CD101,ENSG00000134256
ENSG00000141736.14,19512.50755,2.311020602,0.77972416,2.963895079,0.003037718,0.031274057,1.504815783,TRUE,ERBB2,ENSG00000141736
ENSG00000034510.6,13990.51118,1.154324305,0.389800917,2.961317576,0.003063259,0.031450858,1.502367505,TRUE,TMSB10,ENSG00000034510
ENSG00000171793.17,807.2113991,1.185971995,0.400777588,2.959177433,0.003084614,0.031657362,1.49952528,TRUE,CTPS1,ENSG00000171793
ENSG00000172478.18,97.0035364,3.721554317,1.258890935,2.95621663,0.003114383,0.031873017,1.496576823,TRUE,MAB21L4,ENSG00000172478
ENSG00000133805.16,583.5148791,1.100297351,0.372214859,2.956081214,0.00311575,0.031874214,1.496560518,TRUE,AMPD3,ENSG00000133805
ENSG00000183072.10,15.84229885,5.123789091,1.733722946,2.955367872,0.003122964,0.031935193,1.495730462,TRUE,NKX2-5,ENSG00000183072
ENSG00000229689.5,9.925591126,4.313444149,1.461860839,2.950653053,0.003171029,0.032258415,1.491356972,TRUE,ANKRD33BP1,ENSG00000229689
ENSG00000141367.14,25444.60984,1.067357091,0.361796125,2.95016176,0.003176076,0.032296865,1.490839633,TRUE,CLTC,ENSG00000141367
ENSG00000129521.15,817.4274216,1.704194336,0.578023647,2.948312489,0.003195139,0.032438936,1.488933399,TRUE,EGLN3,ENSG00000129521
ENSG00000108344.15,5772.994318,2.405406459,0.815990927,2.947834811,0.00320008,0.032450315,1.488781081,TRUE,PSMD3,ENSG00000108344
ENSG00000152977.10,100.6832718,3.644172917,1.236219466,2.947836543,0.003200062,0.032450315,1.488781081,TRUE,ZIC1,ENSG00000152977
ENSG00000168918.14,1615.169966,1.029293962,0.349141101,2.948074461,0.0031976,0.032450315,1.488781081,TRUE,INPP5D,ENSG00000168918
ENSG00000171729.14,445.0471526,1.363119741,0.462565201,2.946870489,0.003210076,0.032512866,1.487944743,TRUE,TMEM51,ENSG00000171729
ENSG00000123416.15,16573.98407,1.199598638,0.407733069,2.942117595,0.003259761,0.032937547,1.48230875,TRUE,TUBA1B,ENSG00000123416
ENSG00000159450.13,15.78493045,3.316674809,1.127618552,2.941309191,0.003268281,0.032991105,1.481603136,TRUE,TCHH,ENSG00000159450
ENSG00000227496.3,52.12343076,2.47191686,0.840858676,2.939753054,0.003284739,0.033098066,1.480197377,TRUE,LOC102723834,ENSG00000227496
ENSG00000211950.2,487.5014101,2.797784879,0.9517553,2.939605251,0.003286306,0.033100769,1.480161921,TRUE,IGHV1-24,ENSG00000211950
ENSG00000274752.1,10.06104506,3.471359979,1.181033993,2.939254923,0.003290023,0.033102738,1.480136088,TRUE,TRBV12-3,ENSG00000274752
ENSG00000169402.16,7.799130936,3.282495203,1.117225906,2.938076522,0.003302555,0.033211921,1.478706001,TRUE,RSPH10B,ENSG00000169402
ENSG00000104522.16,1019.694076,1.083486287,0.368797528,2.937889236,0.003304551,0.033218881,1.478614998,TRUE,GFUS,ENSG00000104522
ENSG00000183598.4,199.2395916,2.548879572,0.867906501,2.936813551,0.003316034,0.033308039,1.47745093,TRUE,H3C13,ENSG00000183598
ENSG00000172602.11,414.0396617,2.655946714,0.904479229,2.936437486,0.003320057,0.033324776,1.47723276,TRUE,RND1,ENSG00000172602
ENSG00000180096.13,179.1583159,1.274135176,0.434082931,2.935234457,0.003332957,0.033412177,1.47609522,TRUE,SEPTIN1,ENSG00000180096
ENSG00000145649.8,155.916876,1.527373316,0.520382616,2.935096731,0.003334437,0.033413867,1.47607326,TRUE,GZMA,ENSG00000145649
ENSG00000135454.14,139.4394536,1.662832327,0.567182777,2.931739809,0.00337069,0.033724106,1.472059557,TRUE,B4GALNT1,ENSG00000135454
ENSG00000100055.21,895.66503,1.493791301,0.509633925,2.931106482,0.00337757,0.033766423,1.47151494,TRUE,CYTH4,ENSG00000100055
ENSG00000122966.18,687.3532556,1.289471961,0.440116813,2.92984027,0.003391363,0.033877734,1.470085651,TRUE,CIT,ENSG00000122966
ENSG00000187840.5,588.8609247,1.516158255,0.517590817,2.929260347,0.003397697,0.033927709,1.469445461,TRUE,EIF4EBP1,ENSG00000187840
ENSG00000134326.12,661.8003168,1.826641869,0.623812143,2.928192226,0.003409392,0.034031153,1.468123338,TRUE,CMPK2,ENSG00000134326
ENSG00000160298.18,127.2686669,1.387027411,0.473731401,2.927877289,0.003412847,0.034038976,1.468023516,TRUE,C21orf58,ENSG00000160298
ENSG00000211897.9,4769.541453,2.824759986,0.964774941,2.927895269,0.00341265,0.034038976,1.468023516,TRUE,IGHG3,ENSG00000211897
ENSG00000122224.18,130.962858,1.16188076,0.397497951,2.922985536,0.003466926,0.034401924,1.46341727,TRUE,LY9,ENSG00000122224
ENSG00000128271.22,151.7762359,2.203937851,0.754030366,2.922876785,0.003468137,0.034401924,1.46341727,TRUE,ADORA2A,ENSG00000128271
ENSG00000130311.11,709.9576701,1.399043673,0.478605166,2.923168763,0.003464887,0.034401924,1.46341727,TRUE,DDA1,ENSG00000130311
ENSG00000146112.12,2692.924135,1.596989127,0.546337286,2.923082804,0.003465843,0.034401924,1.46341727,TRUE,PPP1R18,ENSG00000146112
ENSG00000211896.7,117435.462,3.119361145,1.067073697,2.923285573,0.003463587,0.034401924,1.46341727,TRUE,IGHG1,ENSG00000211896
ENSG00000291135.1,212.3218241,1.726208866,0.590491396,2.923342963,0.003462949,0.034401924,1.46341727,TRUE,FCGR1BP,ENSG00000291135
ENSG00000241560.7,8.890057212,3.083046155,1.055145156,2.921916607,0.003478847,0.034494728,1.462247273,TRUE,ZBTB20-AS1,ENSG00000241560
ENSG00000075624.17,108716.1006,1.306181919,0.447128337,2.921268481,0.003486093,0.034553131,1.461512594,TRUE,ACTB,ENSG00000075624
ENSG00000262406.3,37.51019571,2.832123469,0.969976986,2.91978419,0.003502739,0.034664189,1.460118952,TRUE,MMP12,ENSG00000262406
ENSG00000188620.11,28.93033796,3.649661145,1.250873258,2.9176906,0.003526341,0.034857152,1.457708101,TRUE,HMX3,ENSG00000188620
ENSG00000164691.19,683.3496614,1.179471868,0.404337514,2.917047827,0.003533616,0.034888467,1.457318116,TRUE,TAGAP,ENSG00000164691
ENSG00000106080.11,1578.805217,1.437786976,0.493007249,2.916360719,0.003541408,0.034951859,1.456529718,TRUE,FKBP14,ENSG00000106080
ENSG00000154252.12,8.048298764,5.514149857,1.891031047,2.915948877,0.003546086,0.034977712,1.456208608,TRUE,GAL3ST2,ENSG00000154252
ENSG00000254337.2,58.119149,2.187400484,0.75025761,2.915532552,0.003550821,0.034994535,1.455999779,TRUE,LOC107986951,ENSG00000254337
ENSG00000164896.21,1208.977092,1.083169382,0.372138958,2.910658391,0.003606681,0.035424342,1.450698205,TRUE,FASTK,ENSG00000164896
ENSG00000131748.16,1909.422032,2.101135854,0.722388063,2.908597139,0.003630544,0.035583517,1.448751128,TRUE,STARD3,ENSG00000131748
ENSG00000173457.11,789.2347724,1.691686623,0.581658765,2.908383276,0.003633028,0.035594174,1.448621086,TRUE,PPP1R14B,ENSG00000173457
ENSG00000137310.13,637.1024422,1.29072508,0.44394554,2.907395084,0.003644526,0.035679056,1.447586645,TRUE,TCF19,ENSG00000137310
ENSG00000086548.9,1582.321018,4.555137779,1.566927313,2.907051107,0.003648536,0.035691224,1.447438558,TRUE,CEACAM6,ENSG00000086548
ENSG00000172354.10,3965.884132,1.024988883,0.352720478,2.905952299,0.003661373,0.035761885,1.446579597,TRUE,GNB2,ENSG00000172354
ENSG00000167613.16,1537.596251,1.577449499,0.543209463,2.903943331,0.003684949,0.03595082,1.444291194,TRUE,LAIR1,ENSG00000167613
ENSG00000261236.8,605.1559693,1.3122617,0.451875654,2.904032756,0.003683896,0.03595082,1.444291194,TRUE,BOP1,ENSG00000261236
ENSG00000063438.20,101.8022624,2.5438862,0.876346918,2.902830088,0.003698072,0.036009925,1.443577788,TRUE,AHRR,ENSG00000063438
ENSG00000130203.10,5548.190595,1.470297146,0.506732537,2.901525042,0.003713511,0.036132646,1.442100232,TRUE,APOE,ENSG00000130203
ENSG00000116017.11,291.4229806,1.276496147,0.440026448,2.900953233,0.003720294,0.036184829,1.441473479,TRUE,ARID3A,ENSG00000116017
ENSG00000111665.12,89.38888251,1.786883963,0.616129329,2.900176764,0.003729523,0.036246922,1.440728872,TRUE,CDCA3,ENSG00000111665
ENSG00000149177.15,3371.276591,1.162382305,0.401038846,2.898428211,0.003750382,0.036380739,1.439128481,TRUE,PTPRJ,ENSG00000149177
ENSG00000157111.13,7.435452259,4.455668745,1.537336136,2.898304827,0.003751857,0.036380739,1.439128481,TRUE,TMEM171,ENSG00000157111
ENSG00000226660.2,9.690622218,2.937767456,1.013607531,2.898328362,0.003751576,0.036380739,1.439128481,TRUE,TRBV2,ENSG00000226660
ENSG00000115091.12,8355.182222,1.302950821,0.449589246,2.898091606,0.003754409,0.036391635,1.438998435,TRUE,ACTR3,ENSG00000115091
ENSG00000078124.13,1867.613279,1.219543786,0.420969583,2.896987892,0.003767643,0.036464431,1.438130564,TRUE,ACER3,ENSG00000078124
ENSG00000106089.12,87.51231733,1.34901953,0.466288563,2.893100191,0.003814596,0.036807071,1.434068735,TRUE,STX1A,ENSG00000106089
ENSG00000164465.19,941.7879419,1.878529695,0.649313829,2.893099779,0.003814601,0.036807071,1.434068735,TRUE,DCBLD1,ENSG00000164465
ENSG00000169508.7,834.3585356,1.656629705,0.572809223,2.892114228,0.003826588,0.036866896,1.433363424,TRUE,GPR183,ENSG00000169508
ENSG00000117385.16,1619.15467,1.741310035,0.602487785,2.890199732,0.003849971,0.037055539,1.431146863,TRUE,P3H1,ENSG00000117385
ENSG00000144045.14,44.88445193,3.206258428,1.109300716,2.890341981,0.003848229,0.037055539,1.431146863,TRUE,DQX1,ENSG00000144045
ENSG00000256870.3,729.4202252,6.741632273,2.3335583,2.888992434,0.003864784,0.037136608,1.430197769,TRUE,SLC5A8,ENSG00000256870
ENSG00000130821.17,1009.90367,1.499530491,0.519527834,2.886333306,0.003897592,0.037381379,1.427344678,TRUE,SLC6A8,ENSG00000130821
ENSG00000183023.19,2262.522071,1.150828316,0.399015411,2.884170098,0.003924467,0.03759669,1.424850388,TRUE,SLC8A1,ENSG00000183023
ENSG00000230479.1,11.72451454,2.695623288,0.934879313,2.883391739,0.003934179,0.037633135,1.424429603,TRUE,CLDN14-AS1,ENSG00000230479
ENSG00000186792.17,86.66111935,1.070123389,0.371271135,2.882323152,0.003947547,0.037718534,1.423445198,TRUE,HYAL3,ENSG00000186792
ENSG00000108518.8,8115.516658,1.255354269,0.436571335,2.875484872,0.004034075,0.038339714,1.416351131,TRUE,PFN1,ENSG00000108518
ENSG00000146386.8,480.4845072,1.240631473,0.431463567,2.875402624,0.004035126,0.038339714,1.416351131,TRUE,ABRACL,ENSG00000146386
ENSG00000072818.12,308.728071,1.277124217,0.444273225,2.874636927,0.004044923,0.038404166000000003,1.415621658,TRUE,ACAP1,ENSG00000072818
ENSG00000226979.9,12.77390759,2.821942262,0.982363844,2.872603953,0.004071041,0.038551595,1.413957647,TRUE,LTA,ENSG00000226979
ENSG00000130309.12,4199.078863,1.721411551,0.599369841,2.872035649,0.0040783700000000004,0.03859231,1.413499221,TRUE,COLGALT1,ENSG00000130309
ENSG00000125912.11,938.6459991,1.086699196,0.378595347,2.870344827,0.004100244,0.038747251,1.411759102,TRUE,NCLN,ENSG00000125912
ENSG00000136205.18,7563.546203,1.393528774,0.48549935,2.870299981,0.004100826,0.038747251,1.411759102,TRUE,TNS3,ENSG00000136205
ENSG00000113083.15,4026.1664,1.483012017,0.516891328,2.869098275,0.004116439,0.038868999,1.410396648,TRUE,LOX,ENSG00000113083
ENSG00000178199.14,298.3626009,1.072918797,0.373960025,2.869073496,0.004116761,0.038868999,1.410396648,TRUE,ZC3H12D,ENSG00000178199
ENSG00000109265.15,315.6375637,1.508848338,0.526310152,2.866842552,0.004145892,0.039086115,1.407977491,TRUE,CRACD,ENSG00000109265
ENSG00000123407.4,154.4080237,5.713670007,1.993758197,2.865778818,0.004159848,0.039167918,1.40706951,TRUE,HOXC12,ENSG00000123407
ENSG00000173404.5,17.41383242,2.783152986,0.971240692,2.865564642,0.004162663,0.039171763,1.407026877,TRUE,INSM1,ENSG00000173404
ENSG00000073861.3,61.39899528,1.208311499,0.421819619,2.864521815,0.004176394,0.03924658,1.406198179,TRUE,TBX21,ENSG00000073861
ENSG00000164532.11,15.76633903,3.901222311,1.362256318,2.863794617,0.004185993,0.03924658,1.406198179,TRUE,TBX20,ENSG00000164532
ENSG00000254119.5,7.03713339,4.660025294,1.626944832,2.864279847,0.004179586,0.03924658,1.406198179,TRUE,LINC02842,ENSG00000254119
ENSG00000198435.4,263.9435844,1.165652871,0.407093828,2.863351866,0.004191848,0.039286817,1.405753158,TRUE,NRARP,ENSG00000198435
ENSG00000130303.14,2898.85975,1.339434412,0.468138832,2.861190569,0.004220533,0.039512063,1.403270292,TRUE,BST2,ENSG00000130303
ENSG00000102854.16,97.13246497,3.886175924,1.35838776,2.860873778,0.004224752,0.03953704,1.402995851,TRUE,MSLN,ENSG00000102854
ENSG00000013306.16,1678.112987,1.155440366,0.403900841,2.860703046,0.004227028,0.039543814,1.402921448,TRUE,SLC25A39,ENSG00000013306
ENSG00000102144.15,7594.11142,1.26577527,0.442585836,2.859954314,0.00423702,0.039622749,1.402055395,TRUE,PGK1,ENSG00000102144
ENSG00000004468.13,380.3005579,1.362956836,0.476931984,2.85775935,0.004266438,0.039824778,1.399846632,TRUE,CD38,ENSG00000004468
ENSG00000084774.14,2515.30099,1.028759609,0.360114121,2.856759978,0.004279893,0.039921129,1.398797181,TRUE,CAD,ENSG00000084774
ENSG00000198951.12,1482.313653,1.195193824,0.418552637,2.855540068,0.00429637,0.040027122,1.397645638,TRUE,NAGA,ENSG00000198951
ENSG00000033100.17,2625.842386,1.600442808,0.560522455,2.855269745,0.004300029,0.040035674,1.397552856,TRUE,CHPF2,ENSG00000033100
ENSG00000118113.12,13.5929674,5.544372259,1.94209179,2.854845629,0.004305775,0.040042146,1.397482659,TRUE,MMP8,ENSG00000118113
ENSG00000165646.14,298.4482833,1.380209576,0.484021626,2.851545265,0.004350729,0.040374956,1.393887933,TRUE,SLC18A2,ENSG00000165646
ENSG00000239642.6,18.76170117,4.245521538,1.489903865,2.849527165,0.004378427,0.040528677,1.392237578,TRUE,MEIKIN,ENSG00000239642
ENSG00000214814.7,34.34328683,2.797518233,0.982151666,2.848356655,0.004394565,0.040663285,1.390797535,TRUE,FER1L6,ENSG00000214814
ENSG00000112394.18,164.1489685,2.250647612,0.790484258,2.847175752,0.0044109,0.04077003,1.389658969,TRUE,SLC16A10,ENSG00000112394
ENSG00000063660.9,1555.588013,1.649691723,0.579506243,2.846719502,0.004417226,0.040813699,1.389194041,TRUE,GPC1,ENSG00000063660
ENSG00000167524.17,539.185754,1.668536843,0.586360693,2.845580991,0.004433048,0.040930208,1.387956049,TRUE,RSKR,ENSG00000167524
ENSG00000097021.21,344.325941,1.247570819,0.438520803,2.844952414,0.004441806,0.04098237,1.387402926,TRUE,ACOT7,ENSG00000097021
ENSG00000123353.10,931.693378,1.084583053,0.381231692,2.844944621,0.004441914,0.04098237,1.387402926,TRUE,ORMDL2,ENSG00000123353
ENSG00000229051.2,4.761077134,4.694380097,1.650540901,2.844146482,0.004453057,0.041040598,1.386786322,TRUE,LINC01788,ENSG00000229051
ENSG00000118369.13,803.222623,2.092335022,0.735820235,2.843541021,0.004461527,0.04107409,1.386432046,TRUE,USP35,ENSG00000118369
ENSG00000110680.14,11.12619561,6.277825059,2.208419552,2.842677721,0.004473628,0.041155764,1.385569331,TRUE,CALCA,ENSG00000110680
ENSG00000148248.14,6604.079684,1.020021899,0.358878777,2.842246364,0.004479686,0.041196621,1.3851384,TRUE,SURF4,ENSG00000148248
ENSG00000151176.8,3196.731307,1.2423398939999999,0.437495828,2.839661124,0.004516148,0.041457134,1.382400728,TRUE,PLBD2,ENSG00000151176
ENSG00000082684.16,148.421409,2.283163254,0.804865299,2.836702311,0.004558209,0.041790862,1.378918668,TRUE,SEMA5B,ENSG00000082684
ENSG00000160991.17,1238.754038,1.373019292,0.484029725,2.836642505,0.004559063,0.041790862,1.378918668,TRUE,ORAI2,ENSG00000160991
ENSG00000104814.13,236.9098667,1.107170075,0.390399344,2.835993683,0.004568335,0.041845751,1.378348632,TRUE,MAP4K1,ENSG00000104814
ENSG00000211935.3,1111.369555,1.821693491,0.642614451,2.83481563,0.004585214,0.041955119,1.377215044,TRUE,IGHV1-3,ENSG00000211935
ENSG00000121797.10,124.2809374,1.756910888,0.619930536,2.83404476,0.004596289,0.042041365,1.376323195,TRUE,CCRL2,ENSG00000121797
ENSG00000111640.15,22714.70846,1.037951452,0.366283881,2.833734993,0.004600747,0.042067036,1.376058085,TRUE,GAPDH,ENSG00000111640
ENSG00000004777.19,139.2117297,1.3251232,0.467884535,2.83215858,0.004623491,0.042244685,1.37422792,TRUE,ARHGAP33,ENSG00000004777
ENSG00000240849.11,964.2836015,1.078662687,0.380985804,2.831241152,0.004636775,0.042306077,1.373597248,TRUE,PEDS1,ENSG00000240849
ENSG00000121933.19,145.0545095,2.224143797,0.785637265,2.831005984,0.004640185,0.042321346,1.373440524,TRUE,TMIGD3,ENSG00000121933
ENSG00000137462.10,1591.934423,1.219195408,0.430740905,2.830461176,0.004648095,0.042365563,1.372987018,TRUE,TLR2,ENSG00000137462
ENSG00000139618.19,726.9076222,1.165556158,0.411852865,2.830030474,0.004654357,0.042398964,1.372644758,TRUE,BRCA2,ENSG00000139618
ENSG00000253658.6,4.423390815,5.651077906,1.996874001,2.829962183,0.004655351,0.042398964,1.372644758,TRUE,LINC01592,ENSG00000253658
ENSG00000042832.12,113.3830099,2.413705818,0.853745358,2.827196417,0.004695752,0.042721113,1.36935744,TRUE,TG,ENSG00000042832
ENSG00000111331.14,6303.439886,1.688585587,0.59751868,2.825996311,0.004713381,0.042848566,1.368063709,TRUE,OAS3,ENSG00000111331
ENSG00000115956.10,1364.1545390000001,1.755658419,0.621514476,2.824806963,0.004730911,0.042967448,1.366860437,TRUE,PLEK,ENSG00000115956
ENSG00000204410.16,326.1672822,1.044418836,0.369764016,2.824555098,0.004734631,0.042967448,1.366860437,TRUE,MSH5,ENSG00000204410
ENSG00000240567.1,6.450574323,5.18297402,1.83511273,2.824335495,0.004737876,0.042981595,1.366717471,TRUE,LINC02067,ENSG00000240567
ENSG00000140451.13,52.2977482,1.546130348,0.547603088,2.823450747,0.004750973,0.043054421,1.365982245,TRUE,PIF1,ENSG00000140451
ENSG00000243290.3,4130.988243,3.168746138,1.122422922,2.823130278,0.004755724,0.043066575,1.365859664,TRUE,IGKV1-12,ENSG00000243290
ENSG00000160200.18,252.7805339,1.686464921,0.597425884,2.822885594,0.004759355,0.043069122,1.36583398,TRUE,CBS,ENSG00000160200
ENSG00000185624.16,17766.94314,1.367156511,0.484365089,2.822574423,0.004763976,0.043095637,1.365566696,TRUE,P4HB,ENSG00000185624
ENSG00000164877.19,452.8615751,1.219908772,0.432282845,2.822015228,0.004772291,0.043140225,1.365117593,TRUE,MICALL2,ENSG00000164877
ENSG00000116663.11,233.4009094,1.06739953,0.378473521,2.820275318,0.004798246,0.043256612,1.363947504,TRUE,FBXO6,ENSG00000116663
ENSG00000005238.20,446.3747725,1.040582895,0.369181607,2.818620635,0.004823048,0.043399089,1.362519386,TRUE,ATOSB,ENSG00000005238
ENSG00000166268.11,38.084305380000004,1.981346102,0.70309264,2.818044153,0.004831717,0.043446236,1.362047846,TRUE,MYRFL,ENSG00000166268
ENSG00000225768.1,32.43573254,4.69025702,1.664597826,2.817651775,0.004837624,0.043484016,1.361670357,TRUE,LINC02620,ENSG00000225768
ENSG00000160179.19,950.1254179,1.238206044,0.43948154,2.817424469,0.00484105,0.043499463,1.361516107,TRUE,ABCG1,ENSG00000160179
ENSG00000188827.12,530.351356,1.282023033,0.455317503,2.815668243,0.00486759,0.043691724,1.359600823,TRUE,SLX4,ENSG00000188827
ENSG00000158428.4,13.17745734,4.264839789,1.514962648,2.815145174,0.00487552,0.04373695,1.359151502,TRUE,CATIP,ENSG00000158428
ENSG00000164112.14,6.428075771,4.517119736,1.604721083,2.814893992,0.004879333,0.043750891,1.359013095,TRUE,SMIM43,ENSG00000164112
ENSG00000155926.14,1735.740325,1.060312632,0.37689767,2.813263962,0.004904138,0.043926938,1.357269073,TRUE,SLA,ENSG00000155926
ENSG00000125245.14,36.23751824,1.473388795,0.523770124,2.813044745,0.004907482,0.043941451,1.35712561,TRUE,GPR18,ENSG00000125245
ENSG00000169604.21,15387.46698,1.188873421,0.4227666,2.812127117,0.004921505,0.044044276,1.356110527,TRUE,ANTXR1,ENSG00000169604
ENSG00000167105.8,23.23060754,3.216944531,1.144802232,2.810043902,0.004953474,0.044275477,1.353836752,TRUE,TMEM92,ENSG00000167105
ENSG00000107551.21,1887.675518,1.624793984,0.578531762,2.808478448,0.004977621,0.044366816,1.35294174,TRUE,RASSF4,ENSG00000107551
ENSG00000155660.11,6190.101911,1.368187434,0.487149931,2.808555125,0.004976436,0.044366816,1.35294174,TRUE,PDIA4,ENSG00000155660
ENSG00000186827.12,94.87220588,1.455380314,0.518134174,2.808886937,0.00497131,0.044366816,1.35294174,TRUE,TNFRSF4,ENSG00000186827
ENSG00000229320.4,79.3681286,1.191004022,0.424017442,2.808856201,0.004971785,0.044366816,1.35294174,TRUE,KRT8P12,ENSG00000229320
ENSG00000187475.6,8.902303224,4.138836662,1.47465275,2.80665171,0.005005933,0.044572397,1.350934007,TRUE,H1-6,ENSG00000187475
ENSG00000167600.14,121.7393814,2.007243991,0.715246913,2.806365121,0.005010388,0.044596481,1.350699406,TRUE,CYP2S1,ENSG00000167600
ENSG00000105639.21,825.1637773,1.24957855,0.445652551,2.803929985,0.005048387,0.044840724,1.348327383,TRUE,JAK3,ENSG00000105639
ENSG00000152315.5,50.75331675,1.958446272,0.698603906,2.803371487,0.005057138,0.044887166,1.347877815,TRUE,KCNK13,ENSG00000152315
ENSG00000104774.13,3756.749962,1.463569345,0.522235931,2.802506027,0.005070727,0.044976447,1.347014851,TRUE,MAN2B1,ENSG00000104774
ENSG00000256940.4,8.738404316,3.019546311,1.078077229,2.800862711,0.00509662,0.045174664,1.345105071,TRUE,PPP1R14B-AS1,ENSG00000256940
ENSG00000169429.12,132.7514631,2.585678813,0.92360731,2.79954347,0.005117493,0.045296653,1.34393389,TRUE,CXCL8,ENSG00000169429
ENSG00000141506.15,570.2663142,1.195922728,0.427297769,2.798804055,0.005129225,0.045321792,1.343692927,TRUE,PIK3R5,ENSG00000141506
ENSG00000159314.13,1055.826056,1.105100149,0.394811379,2.799058506,0.005125185,0.045321792,1.343692927,TRUE,ARHGAP27,ENSG00000159314
ENSG00000211821.2,6.418392682,3.627017553,1.296244299,2.798097208,0.005140464,0.04538962,1.343043455,TRUE,TRDV2,ENSG00000211821
ENSG00000131015.5,58.39947575,2.693187613,0.962631132,2.797735835,0.005146218,0.045408961,1.342858433,TRUE,ULBP2,ENSG00000131015
ENSG00000241839.10,1540.145624,1.268310086,0.453500838,2.796709463,0.005162593,0.045523751,1.341761959,TRUE,PLEKHO2,ENSG00000241839
ENSG00000107593.17,10.20665843,4.609812152,1.648513807,2.796344279,0.005168431,0.045531278,1.341690159,TRUE,PKD2L1,ENSG00000107593
ENSG00000164466.13,1045.163684,1.005546077,0.359593564,2.796340587,0.00516849,0.045531278,1.341690159,TRUE,SFXN1,ENSG00000164466
ENSG00000250155.3,36.95219468,2.005971208,0.717795635,2.794627206,0.005195959,0.045681547,1.340259194,TRUE,SLC1A3-AS1,ENSG00000250155
ENSG00000146828.18,1009.992454,1.030212079,0.368847674,2.79305565,0.005221271,0.045880567,1.338371221,TRUE,SLC12A9,ENSG00000146828
ENSG00000103490.14,407.441736,1.339994136,0.480343039,2.789660775,0.005276329,0.04626865,1.334713169,TRUE,PYCARD,ENSG00000103490
ENSG00000113504.21,2921.079113,1.305239599,0.467867437,2.789763715,0.005274652,0.04626865,1.334713169,TRUE,SLC12A7,ENSG00000113504
ENSG00000198216.14,31.47487825,2.012822208,0.721953556,2.788021739,0.005303099,0.046391644,1.333560236,TRUE,CACNA1E,ENSG00000198216
ENSG00000231106.3,240.8504947,2.774444263,0.995125853,2.788033548,0.005302905,0.046391644,1.333560236,TRUE,LINC01436,ENSG00000231106
ENSG00000240204.3,30.88439732,1.490176012,0.534453914,2.788221723,0.005299826,0.046391644,1.333560236,TRUE,SMKR1,ENSG00000240204
ENSG00000172893.18,1087.723038,1.235402022,0.443210634,2.787392555,0.005313407,0.046449932,1.333014913,TRUE,DHCR7,ENSG00000172893
ENSG00000143226.16,3101.524884,1.73432288,0.622399027,2.78651284,0.005327851,0.046537995,1.332192333,TRUE,FCGR2A,ENSG00000143226
ENSG00000204386.12,1790.850387,1.012709816,0.36344147,2.786445412,0.005328959,0.046537995,1.332192333,TRUE,NEU1,ENSG00000204386
ENSG00000235086.1,6.334331301,3.588914204,1.288097275,2.786213644,0.005332771,0.04655533,1.332030593,TRUE,FNDC1-IT1,ENSG00000235086
ENSG00000255345.1,12.64883225,7.148145361,2.56706854,2.78455571,0.005360111,0.046736866,1.330340411,TRUE,TENM4-AS1,ENSG00000255345
ENSG00000285940.4,11.8367957,6.354069434,2.281770686,2.784709907,0.005357563,0.046736866,1.330340411,TRUE,LOC124904288,ENSG00000285940
ENSG00000213024.13,1765.479939,1.014635369,0.364510907,2.783552836,0.00537671,0.046810629,1.329655519,TRUE,NUP62,ENSG00000213024
ENSG00000205409.3,7.75491661,6.446196173,2.316331288,2.782933601,0.005386983,0.046868039,1.329123216,TRUE,OR52E6,ENSG00000205409
ENSG00000185245.9,8.743171658,2.510621554,0.902707255,2.781213445,0.005415612,0.047020795,1.327710029,TRUE,GP1BA,ENSG00000185245
ENSG00000185885.17,4360.411101,1.27208176,0.457372373,2.781282466,0.00541446,0.047020795,1.327710029,TRUE,IFITM1,ENSG00000185885
ENSG00000224668.1,8.366307642,6.556700797,2.359607344,2.778725373,0.005457264,0.047258731,1.325517948,TRUE,IPO8P1,ENSG00000224668
ENSG00000228742.11,29.61325676,3.038178962,1.093326675,2.778839145,0.005455353,0.047258731,1.325517948,TRUE,LINC02577,ENSG00000228742
ENSG00000115687.14,436.8140656,1.02576281,0.369402707,2.776814542,0.005489449,0.047461581,1.323657795,TRUE,PASK,ENSG00000115687
ENSG00000139410.15,213.4339499,1.22528962,0.441258279,2.776808231,0.005489556,0.047461581,1.323657795,TRUE,SDSL,ENSG00000139410
ENSG00000176170.14,452.0749377,1.357181042,0.489303955,2.773697264,0.005542323,0.047843838,1.320173987,TRUE,SPHK1,ENSG00000176170
ENSG00000143942.5,23.64475505,1.479698379,0.533852166,2.771738082,0.005575788,0.048037085,1.318423354,TRUE,CHAC2,ENSG00000143942
ENSG00000242082.2,49.67627888,1.744110888,0.630270566,2.767241533,0.005653285,0.048554995,1.313766084,TRUE,SLC5A4-AS1,ENSG00000242082
ENSG00000163328.14,643.1587118,1.107221445,0.400599186,2.763913367,0.00571127,0.048978272,1.309996539,TRUE,GPR155,ENSG00000163328
ENSG00000137331.12,1232.685215,1.543115462,0.558528391,2.762823674,0.005730371,0.049068405,1.30919806,TRUE,IER3,ENSG00000137331
ENSG00000157766.19,140.1168843,3.256627919,1.178781703,2.762706538,0.005732428,0.049068405,1.30919806,TRUE,ACAN,ENSG00000157766
ENSG00000006327.14,808.0328219,1.525573236,0.552301051,2.762213169,0.005741098,0.049077626,1.309116452,TRUE,TNFRSF12A,ENSG00000006327
ENSG00000170627.11,19.1696483,1.954203245,0.707754032,2.761133328,0.005760116,0.049190692,1.308117064,TRUE,GTSF1,ENSG00000170627
ENSG00000170961.7,523.2856911,1.952839511,0.707335238,2.760840131,0.005765289,0.049218379,1.307872697,TRUE,HAS2,ENSG00000170961
ENSG00000105612.10,1453.832542,1.166839956,0.422778896,2.75992952,0.005781383,0.049306222,1.307098277,TRUE,DNASE2,ENSG00000105612
ENSG00000258038.6,27.57956958,3.086516631,1.11850523,2.759501295,0.005788966,0.049337864,1.306819653,TRUE,LINC02327,ENSG00000258038
ENSG00000136875.13,1183.074209,1.00251391,0.363618724,2.757046996,0.005832597,0.0495975,1.304540215,TRUE,PRPF4,ENSG00000136875
ENSG00000110169.12,423.3809049,3.301349145,1.197519852,2.75682206,0.00583661,0.049609287,1.304437011,TRUE,HPX,ENSG00000110169
ENSG00000251201.8,421.0578563,1.385076327,0.502835558,2.754531388,0.005877625,0.049826852,1.302536552,TRUE,TMED7-TICAM2,ENSG00000251201
ENSG00000198727.2,44679.94264,1.032239242,0.374849759,2.753741242,0.005891833,0.049914089,1.301776848,TRUE,MT-CYB,ENSG00000198727
