ENSG,baseMean,log2FoldChange,lfcSE,pvalue,padj,Symbol,absLFC
ENSG00000163092.21,3.526374924,-16.20458282,0.998524679,6.25E-05,0.000268677,XIRP2,16.20458282
ENSG00000111245.17,3.668134134,-14.50555769,0.321949978,5.09E-06,2.71E-05,MYL2,14.50555769
ENSG00000125414.19,15.74012706,-14.08504263,0.373839151,1.41E-06,8.26E-06,MYH2,14.08504263
ENSG00000092054.13,2.184571949,-13.81456224,0.530004298,6.81E-06,3.54E-05,MYH7,13.81456224
ENSG00000177354.12,1.067323257,-13.69018863,0.877705165,0.002060226,0.006229998,C10orf71,13.69018863
ENSG00000104879.5,7.339587207,-13.20370082,0.248229909,2.29E-07,1.56E-06,CKM,13.20370082
ENSG00000081248.11,1.998538521,-12.39909923,0.620588293,0.001672877,0.005163206,CACNA1S,12.39909923
ENSG00000157119.12,0.616108754,-11.77779951,0.58520831,0.009251092,0.023245484,KLHL40,11.77779951
ENSG00000213401.10,1.831346035,11.72942553,1.769239629,0.000435637,0.001551827,MAGEA12,11.72942553
ENSG00000196228.3,86.23866611,-11.44449946,1.272500153,1.29E-16,3.37E-15,SULT1C3,11.44449946
ENSG00000135222.6,57.77530544,-11.42782562,1.017910808,3.69E-17,1.04E-15,CSN2,11.42782562
ENSG00000111046.4,2.685239735,-11.29269414,0.620369704,4.89E-10,5.13E-09,MYF6,11.29269414
ENSG00000168333.14,1.544086105,-11.09487515,0.712574178,0.000133396,0.000533639,PPDPFL,11.09487515
ENSG00000163833.8,5.713165424,-10.61501059,0.509494443,4.61E-12,6.57E-11,FBXO40,10.61501059
ENSG00000164122.9,4.314087773,-10.45604986,0.569497578,1.05E-06,6.34E-06,ASB5,10.45604986
ENSG00000174429.4,4.551502349,-10.20303331,0.526015597,5.09E-07,3.25E-06,ABRA,10.20303331
ENSG00000184544.12,0.877211805,-10.12327018,0.700422227,0.001814567,0.005555132,DHRS7C,10.12327018
ENSG00000186439.14,278.8576771,-9.953495307,0.522041913,7.89E-31,1.02E-28,TRDN,9.953495307
ENSG00000143632.14,111.026975,-9.915288929,0.404835594,0.004745457,0.012968864,ACTA1,9.915288929
ENSG00000086967.10,14.54802461,-9.786062084,0.402837796,0.0209048,0.046881553,MYBPC2,9.786062084
ENSG00000198930.13,1.865078826,9.760871755,1.162957801,8.59E-06,4.36E-05,CSAG1,9.760871755
ENSG00000180209.12,12.02674412,-9.753944065,0.234915881,0.000816626,0.002732566,MYLPF,9.753944065
ENSG00000170162.14,1.806356783,-9.749742911,0.669042496,1.12E-05,5.57E-05,VGLL2,9.749742911
ENSG00000120729.10,5.61332805,-9.726115742,0.243242889,0.02171034,0.048422699,MYOT,9.726115742
ENSG00000198788.9,83.18764186,9.694764647,0.771056261,2.78E-15,6.14E-14,MUC2,9.694764647
ENSG00000171209.3,269.4798852,-9.687254622,0.947170426,1.83E-25,1.24E-23,CSN3,9.687254622
ENSG00000203858.3,156.4310113,-9.647793889,1.140395625,4.26E-20,1.65E-18,HSD3BP2,9.647793889
ENSG00000165192.14,3.108055105,-9.583147945,0.59507175,4.88E-07,3.13E-06,ASB11,9.583147945
ENSG00000273540.4,0.73208644,-9.531608984,0.471424864,0.00029942,0.001106841,AGBL1,9.531608984
ENSG00000068976.14,282.2850867,-9.404625163,0.316661346,4.96E-26,3.67E-24,PYGM,9.404625163
ENSG00000164879.7,624.4298715,-9.389676572,0.451164036,1.75E-28,1.69E-26,CA3,9.389676572
ENSG00000101470.10,37.21021231,-9.18470215,0.274071012,2.71E-05,0.000125193,TNNC2,9.18470215
ENSG00000101441.4,99.54648369,9.183772178,0.877235563,1.19E-21,5.48E-20,CST4,9.183772178
ENSG00000261776.1,24.39594529,9.126357139,1.347771811,1.26E-09,1.24E-08,AC079414.2,9.126357139
ENSG00000169271.3,1.286064712,-9.041822606,0.846475931,0.010586221,0.026106033,HSPB3,9.041822606
ENSG00000253802.2,54.80157726,9.014072653,0.910554616,3.73E-14,7.07E-13,SIRLNT,9.014072653
ENSG00000175084.12,672.0635762,-8.979852527,0.446143572,7.42E-24,4.18E-22,DES,8.979852527
ENSG00000235123.5,512.1386709,8.931939102,0.846448866,2.52E-27,2.16E-25,DSCAM-AS1,8.931939102
ENSG00000287301.1,2.948175104,8.927822709,2.849843397,4.61E-08,3.52E-07,AC068075.2,8.927822709
ENSG00000187481.2,13.38042018,-8.909506485,1.768120631,3.15E-09,2.91E-08,HSD3BP1,8.909506485
ENSG00000130595.19,247.5045883,-8.846742025,0.35297743,8.78E-26,6.29E-24,TNNT3,8.846742025
ENSG00000223626.1,2.674143703,-8.816639721,2.974834755,4.36E-07,2.82E-06,LINC01044,8.816639721
ENSG00000077009.13,3.197391374,-8.812021217,0.65508379,3.84E-05,0.000171577,NMRK2,8.812021217
ENSG00000150361.12,1.760032883,8.758808547,1.374459789,0.008612139,0.021838321,KLHL1,8.758808547
ENSG00000124701.5,8.37179967,-8.74689239,0.230012928,0.005155164,0.013946385,APOBEC2,8.74689239
ENSG00000257046.5,14.39553427,-8.624529615,1.720352425,2.65E-08,2.10E-07,SLCO1B3-SLCO1B7,8.624529615
ENSG00000205754.12,13.82559041,-8.587026763,1.480051471,5.30E-09,4.71E-08,SLCO1B7,8.587026763
ENSG00000135346.9,153.9515221,8.572617071,1.009489537,6.70E-13,1.08E-11,CGA,8.572617071
ENSG00000196296.14,61.95376829,-8.481703336,0.22722048,5.54E-07,3.52E-06,ATP2A1,8.481703336
ENSG00000280323.1,1.402499106,-8.46291651,0.680504495,8.55E-08,6.25E-07,AC053503.5,8.46291651
ENSG00000091482.8,2.405954071,-8.454997113,0.540317987,0.000933463,0.003078681,SMPX,8.454997113
ENSG00000130598.16,60.70887184,-8.385041871,0.253275006,6.51E-11,7.84E-10,TNNI2,8.385041871
ENSG00000182533.7,6.512020713,-8.342600063,0.385527911,6.69E-14,1.22E-12,CAV3,8.342600063
ENSG00000126545.14,603.8395078,-8.3304549,0.806955632,2.47E-26,1.88E-24,CSN1S1,8.3304549
ENSG00000174343.6,12.64924447,8.300791209,0.525325291,1.01E-10,1.19E-09,CHRNA9,8.300791209
ENSG00000123500.10,6744.486036,8.123728954,0.326839076,1.11E-137,4.36E-133,COL10A1,8.123728954
ENSG00000156885.6,2.133703606,-8.084588318,0.612728052,4.00E-06,2.18E-05,COX6A2,8.084588318
ENSG00000077522.14,35.02505767,-7.963156708,0.37224224,3.01E-07,2.00E-06,ACTN2,7.963156708
ENSG00000122367.20,183.1584183,-7.954226116,0.260340512,9.67E-13,1.52E-11,LDB3,7.954226116
ENSG00000124237.6,3.718309404,7.890734044,1.219470064,0.003367891,0.00961723,C20orf85,7.890734044
ENSG00000109061.10,89.94425716,-7.865931629,0.390788534,1.78E-17,5.25E-16,MYH1,7.865931629
ENSG00000029559.7,139.2803514,7.834794948,0.550968271,1.99E-46,1.56E-43,IBSP,7.834794948
ENSG00000170807.12,4.007144694,-7.827314181,0.365915464,0.018955592,0.043173206,LMOD2,7.827314181
ENSG00000172399.6,25.04123151,-7.795747369,0.378013696,3.24E-16,8.07E-15,MYOZ2,7.795747369
ENSG00000167531.6,113.5884006,-7.789384138,0.858899072,1.18E-25,8.29E-24,LALBA,7.789384138
ENSG00000141161.12,12.14524912,-7.781352811,0.286277229,0.000501816,0.001762533,UNC45B,7.781352811
ENSG00000286151.1,2.79694367,7.762070618,1.054606061,0.003706764,0.010463212,AL732406.1,7.762070618
ENSG00000173991.6,25.89573811,-7.752001885,0.325320329,0.002801416,0.008170674,TCAP,7.752001885
ENSG00000144644.14,3.474197322,-7.733738843,0.462166349,3.87E-05,0.000173005,GADL1,7.733738843
ENSG00000225056.1,1.258594437,-7.682556574,2.682018855,6.05E-11,7.33E-10,AL121894.1,7.682556574
ENSG00000083782.8,226.235605,7.673388144,0.532173514,4.79E-48,4.59E-45,EPYC,7.673388144
ENSG00000176115.9,1.459232522,-7.660060652,2.91932794,0.000215555,0.000820846,AQP7P4,7.660060652
ENSG00000164756.12,930.293681,7.631506304,0.718731362,3.69E-16,9.14E-15,SLC30A8,7.631506304
ENSG00000170373.8,680.0984497,7.612882052,0.724534284,4.79E-27,3.94E-25,CST1,7.612882052
ENSG00000115593.15,540.6050623,-7.59434395,0.50316349,1.15E-28,1.13E-26,SMYD1,7.59434395
ENSG00000155657.28,696.3549439,-7.566292973,0.226789936,2.88E-07,1.92E-06,TTN,7.566292973
ENSG00000224679.1,1.400047345,7.525795391,0.867153791,0.000268981,0.001004404,MED15P4,7.525795391
ENSG00000196091.15,1881.698785,-7.499199404,0.537788889,4.65E-16,1.14E-14,MYBPC1,7.499199404
ENSG00000160808.11,65.84348094,-7.389510926,0.235757465,3.10E-06,1.72E-05,MYL3,7.389510926
ENSG00000164287.13,293.7621822,7.380014662,0.733981173,3.51E-25,2.31E-23,CDC20B,7.380014662
ENSG00000198681.7,31.54693391,7.359530693,1.106104399,8.65E-13,1.37E-11,MAGEA1,7.359530693
ENSG00000233533.1,26.54926646,7.347237508,1.376211694,9.33E-10,9.36E-09,MKNK2P1,7.347237508
ENSG00000116748.21,73.98475191,-7.327079399,0.355646158,7.75E-18,2.36E-16,AMPD1,7.327079399
ENSG00000137745.12,1293.0445,7.312682274,0.503100166,6.52E-49,7.32E-46,MMP13,7.312682274
ENSG00000159184.8,254.6750742,7.312572507,0.910479967,4.89E-17,1.36E-15,HOXB13,7.312572507
ENSG00000205592.15,333.5429522,7.282902235,0.63395068,1.83E-21,8.26E-20,MUC19,7.282902235
ENSG00000238176.1,12.43030138,7.277483229,1.873193677,2.98E-07,1.98E-06,AL390061.1,7.277483229
ENSG00000133878.9,12.43361501,-7.23152037,0.299702396,1.09E-06,6.53E-06,DUSP26,7.23152037
ENSG00000166509.12,7192.83383,7.222754694,0.888031229,7.06E-13,1.13E-11,CLEC3A,7.222754694
ENSG00000036448.10,365.4669757,-7.20077248,0.387312782,1.36E-18,4.56E-17,MYOM2,7.20077248
ENSG00000186335.9,6.397491265,-7.186291263,0.510184412,2.16E-07,1.48E-06,SLC36A2,7.186291263
ENSG00000231221.1,1.569847132,-7.182537164,1.331896414,6.26E-05,0.000268966,LINC01593,7.182537164
ENSG00000139352.4,159.7669723,7.149803126,0.797527903,2.33E-20,9.37E-19,ASCL1,7.149803126
ENSG00000280147.1,0.915424884,7.146660168,1.175610663,0.007900141,0.020251167,AC084026.3,7.146660168
ENSG00000260343.1,1.118146344,-7.141268319,1.717274196,0.0023211,0.006921893,LINC01043,7.141268319
ENSG00000273706.5,21.7684093,7.139645392,1.297385962,1.96E-10,2.19E-09,LHX1,7.139645392
ENSG00000170367.5,66.51172594,7.139386517,0.92404346,8.09E-16,1.90E-14,CST5,7.139386517
ENSG00000251325.1,3.296558252,-7.131877279,1.39770517,9.47E-14,1.69E-12,AC024132.3,7.131877279
ENSG00000237442.3,90.71052133,7.129246002,0.812753957,1.25E-19,4.65E-18,HNRNPA1P57,7.129246002
ENSG00000060718.22,9946.928423,7.12241505,0.350410335,5.47E-93,7.16E-89,COL11A1,7.12241505
ENSG00000286506.1,3.60421105,-7.114235908,1.48712783,3.17E-10,3.43E-09,FP325317.2,7.114235908
ENSG00000259910.1,0.821198957,7.108173813,1.618536652,0.003686494,0.010413477,AC120498.1,7.108173813
ENSG00000250418.1,4.860859838,7.103235936,1.002208938,4.58E-09,4.11E-08,AC093292.1,7.103235936
ENSG00000249332.2,3.205949896,7.091337866,1.249566721,2.60E-05,0.000120752,LINC02149,7.091337866
ENSG00000034971.17,451.0054266,-7.024842376,0.587023003,2.29E-34,4.47E-32,MYOC,7.024842376
ENSG00000181997.8,25.2267959,-6.996554008,0.737321533,4.18E-24,2.43E-22,AQP7P2,6.996554008
ENSG00000223808.1,398.1851065,6.981350265,0.712553678,6.78E-24,3.83E-22,AC044784.1,6.981350265
ENSG00000258133.1,0.921791532,-6.95566746,2.658494254,9.61E-06,4.84E-05,AC025578.1,6.95566746
ENSG00000167014.11,1.662638332,-6.954011985,1.240314805,0.000110723,0.000451159,TERB2,6.954011985
ENSG00000267603.1,14.80015789,-6.908009918,0.636073169,1.23E-39,4.75E-37,LINC01028,6.908009918
ENSG00000236311.6,6.807741277,6.879885664,1.167075204,3.41E-11,4.29E-10,TLX1NB,6.879885664
ENSG00000134548.11,1208.273144,-6.865838772,0.548498056,3.39E-37,1.03E-34,SPX,6.865838772
ENSG00000228159.2,1.033634243,6.842688119,2.883000529,0.004433155,0.012227205,LINC01674,6.842688119
ENSG00000010282.15,16.87111914,-6.830314152,0.520606746,2.19E-08,1.76E-07,HHATL,6.830314152
ENSG00000221867.9,28.43005707,6.812380697,2.318105583,0.008502921,0.021597618,MAGEA3,6.812380697
ENSG00000099953.10,17464.50209,6.794439156,0.28217283,2.66E-129,5.23E-125,MMP11,6.794439156
ENSG00000203837.5,82.30298114,-6.779401575,1.017130169,1.38E-12,2.13E-11,PNLIPRP3,6.779401575
ENSG00000096006.12,720.3713124,6.755032915,0.740041177,1.93E-09,1.85E-08,CRISP3,6.755032915
ENSG00000263639.7,303.3788468,6.721668556,0.536040492,2.45E-10,2.69E-09,MSMB,6.721668556
ENSG00000089250.19,17.15959506,-6.719109806,0.291623296,6.06E-12,8.43E-11,NOS1,6.719109806
ENSG00000260746.2,10.64023637,-6.715706596,1.233362889,5.04E-08,3.83E-07,KIF18BP1,6.715706596
ENSG00000185739.13,99.25533771,-6.700720191,0.23089237,1.77E-18,5.85E-17,SRL,6.700720191
ENSG00000158022.7,16.38776018,-6.687069684,0.376846999,0.003121011,0.008995288,TRIM63,6.687069684
ENSG00000149124.11,745.2233538,-6.628730374,0.599231457,1.06E-29,1.18E-27,GLYAT,6.628730374
ENSG00000250420.8,3.893732328,6.586708767,0.649491568,2.33E-05,0.000109063,AACSP1,6.586708767
ENSG00000286523.1,6.815659425,-6.562699671,0.812305447,2.00E-08,1.62E-07,AL022151.1,6.562699671
ENSG00000177752.14,2.137679422,-6.560934622,0.31731174,0.000420487,0.001504273,YIPF7,6.560934622
ENSG00000130957.5,5.533952519,-6.559276027,0.467983192,0.000521945,0.001825345,FBP2,6.559276027
ENSG00000226306.6,4.031440524,-6.548898218,0.329871473,0.000226241,0.000858128,NPY6R,6.548898218
ENSG00000174697.5,11788.91105,-6.498454483,0.654768703,1.64E-24,1.01E-22,LEP,6.498454483
ENSG00000101306.11,15.06316691,-6.490629603,0.382879945,9.28E-10,9.33E-09,MYLK2,6.490629603
ENSG00000253156.1,0.727542339,-6.481976664,2.689560975,0.000961985,0.0031616,H2AZP7,6.481976664
ENSG00000229637.4,5.933680663,6.481726563,1.376072698,2.75E-07,1.85E-06,PRAC2,6.481726563
ENSG00000215182.8,97.87935621,6.446066475,0.770943142,3.45E-18,1.10E-16,MUC5AC,6.446066475
ENSG00000133636.11,238.5175288,-6.443108389,0.654008028,2.84E-24,1.68E-22,NTS,6.443108389
ENSG00000101605.13,991.9118651,-6.4380283,0.300261472,1.15E-36,3.22E-34,MYOM1,6.4380283
ENSG00000114771.14,160.471477,-6.436174465,0.659153284,1.05E-23,5.82E-22,AADAC,6.436174465
ENSG00000230838.1,207.5415322,6.398322639,0.375363486,6.53E-66,2.57E-62,LINC01614,6.398322639
ENSG00000145681.11,127.1941055,6.397801504,0.506490083,1.82E-23,9.95E-22,HAPLN1,6.397801504
ENSG00000286598.1,0.690417469,-6.394926805,2.670079457,0.001045628,0.003404216,AC100756.3,6.394926805
ENSG00000018625.15,1635.979702,-6.390998882,0.391429874,9.17E-33,1.46E-30,ATP1A2,6.390998882
ENSG00000279688.1,2.3173242,-6.372958145,1.499373679,8.64E-08,6.31E-07,AQP7P3,6.372958145
ENSG00000267663.1,0.745632788,-6.366635985,2.805957838,0.005780888,0.015418317,PPIAP56,6.366635985
ENSG00000232679.2,30.29478135,6.362438665,0.512060983,1.20E-36,3.33E-34,LINC01705,6.362438665
ENSG00000084674.15,471.5047589,-6.357796191,0.53448865,7.87E-34,1.43E-31,APOB,6.357796191
ENSG00000167434.10,647.3211573,-6.31773674,0.565959444,3.33E-30,3.95E-28,CA4,6.31773674
ENSG00000236333.4,855.1726988,-6.278214546,0.573440561,3.47E-29,3.59E-27,TRHDE-AS1,6.278214546
ENSG00000163380.16,25.07884583,-6.275637626,0.163545526,0.00195036,0.005926052,LMOD3,6.275637626
ENSG00000237423.3,67.32605956,6.257744952,0.466728064,3.49E-27,2.93E-25,LINC01522,6.257744952
ENSG00000264663.1,0.77624178,6.244948269,1.145423524,0.021306793,0.047655207,KRT8P34,6.244948269
ENSG00000256513.1,5.119812916,-6.244173282,1.258532111,3.36E-08,2.63E-07,AC022081.1,6.244173282
ENSG00000233420.2,3.125034666,6.240814396,0.770743095,2.22E-05,0.000104554,AC002069.2,6.240814396
ENSG00000146147.15,21.39075512,-6.235017595,0.303520684,2.09E-07,1.43E-06,MLIP,6.235017595
ENSG00000288024.1,1.012048845,6.230299325,1.957468992,0.013630114,0.03249259,AC005301.2,6.230299325
ENSG00000165197.5,957.7155615,-6.215567887,0.331732679,1.28E-79,1.01E-75,VEGFD,6.215567887
ENSG00000188624.3,32.67030545,6.211549416,0.672129718,3.05E-21,1.36E-19,IGFL3,6.211549416
ENSG00000107807.13,40.29995088,6.175422198,0.799144775,7.67E-16,1.81E-14,TLX1,6.175422198
ENSG00000131914.11,26.65572111,6.149519242,0.791322535,4.49E-16,1.10E-14,LIN28A,6.149519242
ENSG00000259527.2,277.2781937,6.116680594,1.441682253,7.22E-07,4.48E-06,LINC00052,6.116680594
ENSG00000162006.9,5.85844344,6.115696861,0.658467248,1.66E-06,9.63E-06,MSLNL,6.115696861
ENSG00000249082.2,14.65838473,6.106132249,0.72411924,2.25E-19,8.11E-18,C5orf66-AS1,6.106132249
ENSG00000271239.1,33.03250552,-6.085724473,0.661170982,7.54E-22,3.53E-20,AC007423.1,6.085724473
ENSG00000203740.4,15.74697015,6.066178493,0.571202672,4.68E-30,5.43E-28,METTL11B,6.066178493
ENSG00000163827.13,136.5541037,-6.065662901,0.185220383,3.64E-78,2.04E-74,LRRC2,6.065662901
ENSG00000242440.2,2.09902446,6.05456677,1.055092173,7.75E-06,3.97E-05,LINC02046,6.05456677
ENSG00000198842.10,20.09686369,-6.051552334,0.305201521,0.000733131,0.002482573,STYXL2,6.051552334
ENSG00000205628.4,12.00179627,6.023116198,0.952295488,4.17E-06,2.26E-05,LINC01446,6.023116198
ENSG00000261540.1,3.618222105,6.010346962,1.419750181,0.000487047,0.001714439,AC079414.1,6.010346962
ENSG00000251604.1,5.04473304,6.005730527,1.162479601,1.68E-08,1.37E-07,LINC01385,6.005730527
ENSG00000105141.6,147.2445554,6.002731925,0.753104939,1.89E-09,1.81E-08,CASP14,6.002731925
ENSG00000250538.6,100.0328604,-5.997428183,0.574908117,3.22E-27,2.71E-25,AC104407.1,5.997428183
ENSG00000109158.11,13.17070767,-5.983381046,0.684798358,1.21E-19,4.49E-18,GABRA4,5.983381046
ENSG00000260469.3,15.7500789,5.972753176,1.00398004,4.86E-11,5.97E-10,INSYN1-AS1,5.972753176
ENSG00000173641.18,6589.010821,-5.968790463,0.487215132,8.12E-36,1.97E-33,HSPB7,5.968790463
ENSG00000228928.1,1.199407067,5.965147209,0.907091427,0.004758437,0.013001142,KPNA2P2,5.965147209
ENSG00000022267.19,29354.35218,-5.960348676,0.366089165,3.78E-40,1.49E-37,FHL1,5.960348676
ENSG00000154252.12,53.05897767,5.942958129,0.596258255,9.54E-25,5.99E-23,GAL3ST2,5.942958129
ENSG00000084453.16,162.2412544,-5.935958393,0.618161618,4.19E-23,2.20E-21,SLCO1A2,5.935958393
ENSG00000130287.14,9.958792021,5.934811849,0.612515715,2.52E-05,0.000117341,NCAN,5.934811849
ENSG00000267250.1,0.534402327,-5.917721009,2.638460762,0.005309892,0.014312735,AC011591.1,5.917721009
ENSG00000250244.5,6.365492324,5.913976218,0.74606712,1.00E-20,4.19E-19,AC010307.4,5.913976218
ENSG00000274701.1,0.672902023,5.911787858,2.800633446,0.017734718,0.04075883,Metazoa_SRP,5.911787858
ENSG00000105388.16,1152.454821,5.892492425,0.593348887,1.76E-24,1.08E-22,CEACAM5,5.892492425
ENSG00000186971.3,2.63165573,-5.892406598,1.164520186,5.29E-10,5.51E-09,KRTAP13-4,5.892406598
ENSG00000260289.2,23.84417739,5.859789204,0.796170197,5.52E-15,1.17E-13,AC093515.1,5.859789204
ENSG00000266767.1,2.461944591,-5.855139705,1.042092037,1.86E-15,4.20E-14,AP000897.2,5.855139705
ENSG00000253434.8,33.51457402,-5.844093858,0.603140274,2.59E-23,1.39E-21,LINC02237,5.844093858
ENSG00000196611.5,591.8509442,5.829517941,0.49447738,2.65E-33,4.61E-31,MMP1,5.829517941
ENSG00000100362.13,615.4385165,5.824175511,0.635867914,2.93E-21,1.31E-19,PVALB,5.824175511
ENSG00000287148.1,376.7323315,-5.823242467,0.623551783,4.87E-22,2.32E-20,LINCADL,5.823242467
ENSG00000162494.6,8.670259522,-5.822507016,0.45396836,1.17E-12,1.82E-11,LRRC38,5.822507016
ENSG00000287012.1,16.16811037,-5.820466143,0.913098904,2.36E-07,1.60E-06,AC108667.2,5.820466143
ENSG00000256115.6,1.719471013,5.81706675,1.645540199,0.001424434,0.004477314,LINC02443,5.81706675
ENSG00000168334.9,55.29139463,-5.812226431,0.389231872,2.27E-16,5.77E-15,XIRP1,5.812226431
ENSG00000269353.1,63.54028079,5.808288351,0.722320657,5.79E-17,1.58E-15,AC092071.1,5.808288351
ENSG00000234979.1,4.77047616,5.800761604,0.857877117,9.44E-08,6.85E-07,Z82185.1,5.800761604
ENSG00000125820.6,12.82394569,5.785987799,1.000916328,3.01E-10,3.27E-09,NKX2-2,5.785987799
ENSG00000224525.2,39.87183257,-5.781003372,0.512627358,9.63E-31,1.24E-28,AL591686.1,5.781003372
ENSG00000187715.13,21.48748747,-5.780599021,0.395167258,2.55E-13,4.34E-12,KBTBD12,5.780599021
ENSG00000205279.8,2.075486363,-5.771944206,0.584254647,2.14E-05,0.000101145,CTXN3,5.771944206
ENSG00000138039.15,43.08577027,-5.769214796,0.586489049,2.48E-24,1.49E-22,LHCGR,5.769214796
ENSG00000234638.1,0.549357821,-5.757337063,0.947091794,0.001261128,0.004025199,AC053503.3,5.757337063
ENSG00000185149.6,324.5703299,-5.736851962,0.662409029,2.16E-19,7.81E-18,NPY2R,5.736851962
ENSG00000286464.1,0.564478755,5.73567072,1.651954263,0.017965659,0.041234106,AL583809.1,5.73567072
ENSG00000243953.1,3.98425194,-5.72766961,0.757735252,1.14E-25,8.09E-24,AC073359.1,5.72766961
ENSG00000286322.1,93.70055006,-5.72086535,0.538080605,1.68E-27,1.46E-25,AL356218.2,5.72086535
ENSG00000288638.1,5.641907479,-5.713295621,1.088249799,4.82E-09,4.31E-08,LNCDAT,5.713295621
ENSG00000133800.9,2792.979744,-5.703700848,0.33350368,1.25E-66,5.44E-63,LYVE1,5.703700848
ENSG00000186466.5,69.40430067,-5.696935542,0.519999604,4.22E-29,4.34E-27,AQP7P1,5.696935542
ENSG00000180264.11,126.6289056,-5.691228714,0.594411375,3.72E-23,1.97E-21,ADGRD2,5.691228714
ENSG00000287942.1,0.505144333,-5.688845311,2.672888713,0.013935019,0.033124972,AC022360.1,5.688845311
ENSG00000249001.5,13.23598665,5.686164796,0.651053049,1.95E-20,7.87E-19,AC093895.1,5.686164796
ENSG00000224294.1,1.459755704,5.675763049,1.246100216,0.000155245,0.000611419,PINCR,5.675763049
ENSG00000277737.3,82.09470878,-5.659720313,0.631869512,2.04E-20,8.23E-19,FP325317.1,5.659720313
ENSG00000129654.8,424.7679007,5.65640575,0.527587591,4.56E-28,4.25E-26,FOXJ1,5.65640575
ENSG00000234438.5,3.099736249,-5.643995315,0.364919789,1.13E-07,8.13E-07,KBTBD13,5.643995315
ENSG00000197616.13,2.628377024,-5.638685895,0.585423931,8.16E-05,0.000342114,MYH6,5.638685895
ENSG00000231165.3,3.833764103,-5.629515173,0.797263159,1.87E-20,7.62E-19,TRBV26OR9-2,5.629515173
ENSG00000187288.12,7498.041954,-5.628017095,0.559265107,3.73E-25,2.43E-23,CIDEC,5.628017095
ENSG00000155886.11,235.0648146,5.624587711,0.406381556,1.03E-44,7.38E-42,SLC24A2,5.624587711
ENSG00000263331.1,0.453201654,-5.615890331,2.530316718,0.004222708,0.01172414,AC008551.1,5.615890331
ENSG00000286649.1,28.15796664,-5.60049494,0.722289166,1.59E-16,4.12E-15,AC006566.2,5.60049494
ENSG00000287139.1,1.402514973,5.599062952,1.656838193,0.000242977,0.000915949,AL513317.1,5.599062952
ENSG00000143028.9,81.13266554,-5.587389061,0.26124862,1.51E-07,1.06E-06,SYPL2,5.587389061
ENSG00000133454.16,26.04822354,-5.587214603,0.36694252,0.001422693,0.004472564,MYO18B,5.587214603
ENSG00000257035.1,3.366758855,5.584934785,1.626910301,0.000200936,0.000770782,AC025252.2,5.584934785
ENSG00000183566.10,3.496811491,5.580542566,1.315078387,1.82E-06,1.05E-05,BPIFA4P,5.580542566
ENSG00000234752.1,1.35958224,5.573759301,1.459058644,2.46E-06,1.39E-05,LINC02676,5.573759301
ENSG00000250572.1,3.219028771,-5.568872501,1.133828857,1.66E-08,1.36E-07,AC108516.1,5.568872501
ENSG00000226542.1,1.239683269,-5.561075349,1.344137002,4.39E-09,3.96E-08,AC114814.1,5.561075349
ENSG00000233854.2,1.375601284,5.558678336,1.068769294,0.003591023,0.010179661,POU6F2-AS2,5.558678336
ENSG00000161649.13,2330.012941,-5.551217803,0.46158788,1.42E-34,2.88E-32,CD300LG,5.551217803
ENSG00000281769.1,65.0319099,-5.549095426,0.446460253,6.58E-22,3.09E-20,LINC01230,5.549095426
ENSG00000149021.7,3.261786832,-5.546337875,0.90847176,4.45E-06,2.40E-05,SCGB1A1,5.546337875
ENSG00000270460.1,3.757023944,5.545362022,1.109716517,2.80E-08,2.22E-07,AC106900.1,5.545362022
ENSG00000184811.4,7953.757413,-5.542437949,0.624738582,4.01E-20,1.56E-18,TRARG1,5.542437949
ENSG00000170950.6,2.312029321,5.537934274,1.281483286,5.12E-07,3.27E-06,PGK2,5.537934274
ENSG00000181856.15,1319.433807,-5.534923169,0.422204493,1.66E-40,7.09E-38,SLC2A4,5.534923169
ENSG00000123612.16,1722.27941,-5.529709432,0.430423828,4.78E-39,1.71E-36,ACVR1C,5.529709432
ENSG00000249955.2,55.63350486,-5.525536214,0.840443402,2.10E-12,3.15E-11,AC084866.1,5.525536214
ENSG00000127928.13,20.64390259,5.524354,0.980502022,8.29E-10,8.41E-09,GNGT1,5.524354
ENSG00000267653.1,90.6896259,-5.517397875,0.584583441,1.59E-22,7.89E-21,AC002546.1,5.517397875
ENSG00000185271.9,50.39377831,-5.508088784,0.225021497,4.81E-42,2.74E-39,KLHL33,5.508088784
ENSG00000285778.2,2.901773057,-5.50097671,0.993278887,1.12E-11,1.51E-10,AL591463.1,5.50097671
ENSG00000166819.12,30593.06509,-5.500839866,0.535810926,5.13E-26,3.78E-24,PLIN1,5.500839866
ENSG00000235310.1,7.261069818,-5.494075707,0.867796167,6.62E-07,4.14E-06,GXYLT1P6,5.494075707
ENSG00000196218.13,416.0794197,-5.485880615,0.280433168,4.71E-06,2.52E-05,RYR1,5.485880615
ENSG00000167588.13,17931.13478,-5.485058583,0.513988845,7.60E-28,6.93E-26,GPD1,5.485058583
ENSG00000182459.5,4.329755717,5.43842054,0.851139674,3.26E-14,6.24E-13,TEX19,5.43842054
ENSG00000196616.14,26935.3249,-5.428684111,0.530371203,7.19E-26,5.19E-24,ADH1B,5.428684111
ENSG00000277268.2,7.480311779,5.425247351,1.208959246,3.70E-07,2.43E-06,LHX1-DT,5.425247351
ENSG00000004776.13,2203.813771,-5.423927164,0.447187377,4.13E-35,9.10E-33,HSPB6,5.423927164
ENSG00000188582.10,3.028558084,-5.423445661,0.61497665,2.46E-08,1.97E-07,PAQR9,5.423445661
ENSG00000231056.1,10.62103649,-5.419935826,1.206375548,6.36E-05,0.000273021,LINC02522,5.419935826
ENSG00000086548.9,5431.254458,5.41418003,0.524531017,3.42E-26,2.57E-24,CEACAM6,5.41418003
ENSG00000170323.9,39153.36883,-5.410202699,0.496246711,6.19E-29,6.29E-27,FABP4,5.410202699
ENSG00000232079.7,165.7707768,-5.408064748,0.369251644,1.23E-49,1.56E-46,LINC01697,5.408064748
ENSG00000246022.3,61.57690315,-5.405893208,0.519710864,1.76E-26,1.35E-24,ALDH1L1-AS2,5.405893208
ENSG00000133124.11,5.195265694,5.398480122,0.392383291,1.22E-06,7.25E-06,IRS4,5.398480122
ENSG00000187758.8,42.93981653,-5.37814103,0.460973663,2.04E-32,3.12E-30,ADH1A,5.37814103
ENSG00000131730.16,277.7925873,-5.377937353,0.293233541,7.40E-18,2.27E-16,CKMT2,5.377937353
ENSG00000108342.13,88.65721427,-5.373403179,0.609690991,3.98E-20,1.55E-18,CSF3,5.373403179
ENSG00000105664.11,6078.012206,5.367842315,0.415073856,1.85E-39,6.92E-37,COMP,5.367842315
ENSG00000119125.17,19.01713482,-5.354840995,0.515415571,1.22E-09,1.20E-08,GDA,5.354840995
ENSG00000005981.13,18.4922161,-5.348571245,0.36073692,8.51E-13,1.35E-11,ASB4,5.348571245
ENSG00000181092.10,20400.39935,-5.344973923,0.611528061,1.18E-19,4.40E-18,ADIPOQ,5.344973923
ENSG00000138207.14,5999.399904,-5.344620444,0.493804468,1.40E-28,1.37E-26,RBP4,5.344620444
ENSG00000252822.1,0.398095721,-5.343438856,2.563354459,0.016874516,0.039012388,Y_RNA,5.343438856
ENSG00000176194.18,1531.685917,-5.33787466,0.571310154,4.92E-22,2.33E-20,CIDEA,5.33787466
ENSG00000265331.1,0.393096353,-5.331674784,2.532514987,0.013360088,0.031951644,MIR4524B,5.331674784
ENSG00000224272.2,92.91280169,5.327231889,0.510315927,9.45E-27,7.50E-25,AC131097.2,5.327231889
ENSG00000287988.1,1.101253781,-5.32364576,1.377765843,4.20E-07,2.73E-06,FO082814.1,5.32364576
ENSG00000183206.17,39.49100362,5.32318605,1.308267382,1.85E-06,1.06E-05,POTEC,5.32318605
ENSG00000263655.1,3.735804016,5.317481517,0.806369554,3.30E-15,7.19E-14,AC090125.1,5.317481517
ENSG00000120049.20,2693.371543,-5.307905457,0.434767968,1.58E-35,3.68E-33,KCNIP2,5.307905457
ENSG00000141668.10,146.2972153,5.303014958,0.643319383,2.30E-10,2.54E-09,CBLN2,5.303014958
ENSG00000152611.12,38.39844857,5.295441527,0.550594369,1.12E-16,2.96E-15,CAPSL,5.295441527
ENSG00000250968.1,2.016524798,-5.290754245,1.261918051,1.04E-06,6.28E-06,LINC02382,5.290754245
ENSG00000287590.1,1.764549093,-5.285661771,1.11543314,3.00E-09,2.78E-08,AC090820.2,5.285661771
ENSG00000214872.8,20.82868305,-5.282518124,0.279076669,0.011254808,0.027535273,SMTNL1,5.282518124
ENSG00000011677.13,67.4615405,5.279175024,0.848359764,2.40E-11,3.08E-10,GABRA3,5.279175024
ENSG00000127241.18,292.9260475,-5.264906047,0.358521935,3.30E-50,4.63E-47,MASP1,5.264906047
ENSG00000124253.11,1512.818974,-5.253695051,0.560142734,3.53E-22,1.70E-20,PCK1,5.253695051
ENSG00000225166.2,1.619285434,5.247700021,1.032596161,1.33E-12,2.04E-11,AC012462.1,5.247700021
ENSG00000188816.3,4.996178481,5.246787792,0.910778151,1.81E-10,2.04E-09,HMX2,5.246787792
ENSG00000183709.8,1.72943687,5.244996097,1.32209762,1.34E-05,6.56E-05,IFNL2,5.244996097
ENSG00000198251.7,31.47306172,5.244505388,0.815124396,5.97E-12,8.32E-11,CYP2A7P2,5.244505388
ENSG00000173627.8,2.152625179,5.238706993,0.726057667,0.00014467,0.000574467,APOBEC4,5.238706993
ENSG00000285941.1,1.112662782,-5.23653829,1.483998391,3.61E-05,0.00016262,AL133257.1,5.23653829
ENSG00000166317.12,49.22952054,-5.227317497,0.390399251,0.000182248,0.000707243,SYNPO2L,5.227317497
ENSG00000235832.2,1.7463951,-5.218445747,1.04469254,0.0002674,0.000999196,CNN2P3,5.218445747
ENSG00000228522.2,11.5597006,-5.214877697,0.547382618,6.50E-23,3.34E-21,AL845321.1,5.214877697
ENSG00000166159.11,39.66213659,5.214159731,0.637246656,1.45E-17,4.32E-16,LRTM2,5.214159731
ENSG00000168079.17,3057.32838,-5.213270459,0.515838792,2.80E-25,1.87E-23,SCARA5,5.213270459
ENSG00000184937.16,149.4197064,5.213023596,0.566785001,2.25E-21,1.01E-19,WT1,5.213023596
ENSG00000183242.12,28.17828477,5.205545738,0.677231558,7.84E-16,1.85E-14,WT1-AS,5.205545738
ENSG00000249600.1,1.001371011,-5.20327378,1.404405279,4.01E-06,2.18E-05,AC106806.2,5.20327378
ENSG00000256612.7,7573.471585,5.193549859,0.561168172,1.30E-21,5.95E-20,CYP2B7P,5.193549859
ENSG00000196344.11,15.90228239,-5.187096422,1.366976412,5.96E-06,3.13E-05,ADH7,5.187096422
ENSG00000187516.7,1.121536594,5.187047772,1.697774694,0.001185001,0.003806655,H2AP,5.187047772
ENSG00000167676.4,59207.08475,-5.181670486,0.549351105,1.99E-22,9.81E-21,PLIN4,5.181670486
ENSG00000198881.10,11.24352922,-5.178234311,0.245411034,5.47E-14,1.01E-12,ASB12,5.178234311
ENSG00000198125.13,957.4738882,-5.176228991,0.263441539,1.50E-10,1.70E-09,MB,5.176228991
ENSG00000162456.10,2.408532129,5.174184342,1.988873846,0.0025881,0.007623223,KNCN,5.174184342
ENSG00000205835.9,4.94570919,-5.170675901,0.710051567,1.48E-17,4.39E-16,GMNC,5.170675901
ENSG00000170509.12,210.0629302,-5.165071489,0.467510935,1.15E-29,1.27E-27,HSD17B13,5.165071489
ENSG00000230157.1,0.850126612,5.163999768,1.101564284,0.002062185,0.006234003,ATP5MC1P1,5.163999768
ENSG00000165269.13,2873.40898,-5.160661312,0.48961641,3.12E-27,2.65E-25,AQP7,5.160661312
ENSG00000134538.3,1.388066899,-5.154601344,0.781387777,0.000359656,0.001307006,SLCO1B1,5.154601344
ENSG00000235343.2,4.992037398,5.147372415,1.110868141,9.59E-08,6.96E-07,LINC01665,5.147372415
ENSG00000223349.1,1.396777493,5.138914089,1.388237348,0.017240155,0.039766439,KLF2P3,5.138914089
ENSG00000153002.12,13406.14253,5.138061802,0.751899574,4.89E-07,3.13E-06,CPB1,5.138061802
ENSG00000259916.1,74.03087441,-5.137265425,0.587028855,1.31E-19,4.87E-18,AL845331.1,5.137265425
ENSG00000261742.6,40.26580444,5.133862274,0.440912767,1.89E-32,2.91E-30,LINC00922,5.133862274
ENSG00000134201.12,1187.353111,-5.125248641,0.380367831,2.26E-32,3.44E-30,GSTM5,5.125248641
ENSG00000268916.6,9.87614305,5.122943339,1.003099552,1.49E-08,1.23E-07,CSAG3,5.122943339
ENSG00000285637.2,46.69497513,5.119239881,0.521121082,7.87E-24,4.43E-22,AL161449.2,5.119239881
ENSG00000135917.16,3496.458729,-5.116816531,0.490037814,8.97E-27,7.13E-25,SLC19A3,5.116816531
ENSG00000165478.7,210.7780523,-5.115899616,0.560407572,4.02E-21,1.75E-19,HEPACAM,5.115899616
ENSG00000182601.7,143.03377,-5.114285292,0.532698261,4.38E-23,2.29E-21,HS3ST4,5.114285292
ENSG00000261713.6,6.1625727,5.112825637,0.832512052,7.21E-12,9.94E-11,SSTR5-AS1,5.112825637
ENSG00000101938.15,10468.75385,-5.111791046,0.389316504,1.07E-40,4.72E-38,CHRDL1,5.111791046
ENSG00000260403.1,0.539908951,5.110920889,0.751600747,0.018355333,0.041981306,AC120498.3,5.110920889
ENSG00000287956.1,3.047245757,-5.105423168,1.021409318,7.85E-09,6.79E-08,AC010872.2,5.105423168
ENSG00000135226.18,964.1993761,-5.105166777,0.926330057,1.56E-09,1.51E-08,UGT2B28,5.105166777
ENSG00000236961.1,2.876012834,-5.10303121,0.887161982,3.00E-12,4.41E-11,AL136131.2,5.10303121
ENSG00000285691.2,10.09816001,-5.094848707,0.56247388,5.59E-21,2.40E-19,AL445259.1,5.094848707
ENSG00000269186.3,1.599071683,-5.084241321,1.26239083,6.52E-06,3.40E-05,LINC01082,5.084241321
ENSG00000183971.10,65.38122949,5.081027654,0.553227324,2.61E-21,1.17E-19,NPW,5.081027654
ENSG00000170681.7,27.4010817,-5.078721713,0.193762572,5.61E-08,4.22E-07,CAVIN4,5.078721713
ENSG00000282933.2,191.0132489,5.078245553,0.592778287,6.15E-19,2.13E-17,RHOXF1P3,5.078245553
ENSG00000286647.1,46.85514409,-5.063133733,0.625958556,2.84E-17,8.10E-16,AC008459.1,5.063133733
ENSG00000226622.6,23.19528638,-5.05329029,0.457441087,1.92E-29,2.07E-27,AC092155.1,5.05329029
ENSG00000233766.7,11.10831252,-5.047086949,0.449175556,2.34E-30,2.82E-28,CAVIN2-AS1,5.047086949
ENSG00000226482.1,17.80315865,-5.042828552,0.671325081,5.47E-15,1.16E-13,ADIPOQ-AS1,5.042828552
ENSG00000225328.2,3.192319215,-5.042715434,0.73831151,4.49E-06,2.42E-05,LINC01594,5.042715434
ENSG00000274682.1,0.885268329,-5.032017124,1.315885599,7.73E-08,5.70E-07,AC015540.1,5.032017124
ENSG00000196747.4,98.74882898,5.028991258,0.580649853,2.98E-19,1.06E-17,H2AC13,5.028991258
ENSG00000235434.1,4.364772576,-5.022424797,0.755033028,3.13E-14,5.99E-13,AL391883.1,5.022424797
ENSG00000232930.2,2.113495978,-5.021554001,1.043107196,1.98E-08,1.60E-07,AC083864.2,5.021554001
ENSG00000172421.10,2.43165305,5.015736688,0.734136313,0.003255214,0.009332105,EFCAB3,5.015736688
ENSG00000146678.10,67.11478498,-5.01387466,0.606203804,8.01E-18,2.44E-16,IGFBP1,5.01387466
ENSG00000259791.1,4.713198528,-5.009867192,1.212257498,6.17E-05,0.000265323,AC092325.1,5.009867192
ENSG00000198099.9,44.20210406,-5.009168535,0.443411903,6.47E-32,9.14E-30,ADH4,5.009168535
ENSG00000132464.13,3.105019675,-5.006987748,0.410875944,0.000142099,0.000564944,ENAM,5.006987748
ENSG00000287158.1,4.440520654,5.004389578,0.753486021,0.007433925,0.019218409,AC117464.1,5.004389578
ENSG00000181234.9,1240.869614,-5.004069327,0.438132826,1.90E-31,2.59E-29,TMEM132C,5.004069327
ENSG00000115361.8,361.4141786,-5.00082271,0.419744287,6.74E-34,1.24E-31,ACADL,5.00082271
ENSG00000180440.4,21.12876025,-5.000744497,0.540270768,3.52E-22,1.70E-20,SERTM1,5.000744497
ENSG00000070808.16,24.76333791,-4.998041421,0.294483226,0.003807067,0.010711758,CAMK2A,4.998041421
ENSG00000227475.1,1.945088949,-4.993436069,1.067136763,1.28E-07,9.06E-07,AL355300.1,4.993436069
ENSG00000170965.10,49.14799731,4.991140377,0.451822664,1.31E-29,1.43E-27,PLAC1,4.991140377
ENSG00000286700.1,4.94557975,-4.989778205,0.829898001,2.82E-11,3.59E-10,AC108075.1,4.989778205
ENSG00000177234.7,15.92847872,4.98943382,0.504587538,2.54E-24,1.52E-22,LINC01561,4.98943382
ENSG00000286405.1,1.689937402,-4.977326338,1.344938497,3.17E-05,0.000144407,AL132799.1,4.977326338
ENSG00000151033.10,2.108741514,4.97686389,0.736461926,2.78E-05,0.000128175,LYZL2,4.97686389
ENSG00000128591.16,1369.132525,-4.974552184,0.234737701,7.02E-14,1.28E-12,FLNC,4.974552184
ENSG00000224223.1,38.12098855,4.970062661,1.211598502,1.53E-06,8.91E-06,VSTM2A-OT1,4.970062661
ENSG00000171885.18,78.30428406,-4.968131262,0.353726672,1.21E-18,4.07E-17,AQP4,4.968131262
ENSG00000104321.11,71.33647584,4.964682594,0.46670077,3.05E-13,5.11E-12,TRPA1,4.964682594
ENSG00000188536.13,818.2168163,-4.962557125,0.444047059,3.03E-30,3.61E-28,HBA2,4.962557125
ENSG00000244734.4,5091.789362,-4.957536752,0.455456361,7.88E-29,7.88E-27,HBB,4.957536752
ENSG00000163710.9,3615.211321,-4.944541434,0.502534396,4.32E-24,2.50E-22,PCOLCE2,4.944541434
ENSG00000228723.6,11.09018308,4.943656988,0.864424694,7.74E-10,7.89E-09,SRGAP3-AS2,4.943656988
ENSG00000166743.9,686.2326681,-4.928659788,0.522205883,7.51E-11,8.95E-10,ACSM1,4.928659788
ENSG00000164530.15,3276.333687,-4.92850056,0.482471471,9.42E-26,6.72E-24,PI16,4.92850056
ENSG00000120903.13,45.12252512,-4.928490262,0.654874422,3.50E-15,7.58E-14,CHRNA2,4.928490262
ENSG00000102854.16,142.5783564,4.927112647,0.574432826,8.93E-07,5.45E-06,MSLN,4.927112647
ENSG00000261409.1,9.609668089,4.924765844,0.393593951,3.33E-06,1.84E-05,AL035425.3,4.924765844
ENSG00000156269.5,1.497697912,4.923652706,0.635675281,4.88E-07,3.13E-06,NAA11,4.923652706
ENSG00000142661.19,140.7790036,-4.923155837,0.276401466,1.94E-06,1.11E-05,MYOM3,4.923155837
ENSG00000109208.5,0.865215287,-4.919959104,1.487212498,0.000190403,0.000735912,SMR3A,4.919959104
ENSG00000180914.10,6531.60349,-4.915552879,0.357661512,3.24E-44,2.27E-41,OXTR,4.915552879
ENSG00000172901.20,525.2304569,-4.912777616,0.448598564,3.89E-29,4.01E-27,LVRN,4.912777616
ENSG00000127588.5,28.42070498,4.909097759,0.691582152,5.43E-14,1.00E-12,GNG13,4.909097759
ENSG00000137392.10,11.95115697,4.902664527,0.639488078,1.51E-15,3.45E-14,CLPS,4.902664527
ENSG00000175766.13,14.84887469,4.898789476,0.850119213,4.94E-10,5.18E-09,EIF4E1B,4.898789476
ENSG00000144908.14,1511.520735,-4.895625988,0.440354541,6.05E-30,6.97E-28,ALDH1L1,4.895625988
ENSG00000203805.11,347.0504887,4.894173516,0.426800785,1.29E-31,1.80E-29,PLPP4,4.894173516
ENSG00000287391.1,2.330618588,4.889970214,1.86349243,0.006582391,0.017301129,AC103871.1,4.889970214
ENSG00000182352.8,12.22254329,-4.883143559,0.770726788,1.08E-11,1.45E-10,C17orf77,4.883143559
ENSG00000181577.16,86.15593418,-4.874072947,0.653384191,0.000435382,0.00155106,C6orf223,4.874072947
ENSG00000235643.2,0.958454788,4.872903236,1.592115351,0.000688239,0.002342268,LINC01647,4.872903236
ENSG00000266964.6,8.876616034,-4.870412883,0.518873662,3.07E-23,1.64E-21,FXYD1,4.870412883
ENSG00000253389.2,2.51618803,-4.869632356,0.668860075,1.77E-09,1.71E-08,AC113133.1,4.869632356
ENSG00000091704.10,67.82480594,-4.868047986,0.42538654,1.42E-31,1.96E-29,CPA1,4.868047986
ENSG00000234688.1,3.400083791,-4.863143385,0.905889645,2.36E-09,2.23E-08,AL049749.1,4.863143385
ENSG00000163993.7,1455.674911,4.862585815,0.490457846,2.25E-24,1.36E-22,S100P,4.862585815
ENSG00000145920.15,9.006370147,4.862325524,0.789577975,8.17E-07,5.02E-06,CPLX2,4.862325524
ENSG00000181195.11,214.717731,-4.861613459,0.457849493,1.53E-27,1.34E-25,PENK,4.861613459
ENSG00000107159.13,162.1655969,4.86033323,0.595346202,1.89E-17,5.55E-16,CA9,4.86033323
ENSG00000227591.5,177.449256,-4.858534186,0.460388202,3.14E-27,2.65E-25,HSD11B1-AS1,4.858534186
ENSG00000134339.9,1763.353983,-4.857117439,0.457285559,1.33E-27,1.17E-25,SAA2,4.857117439
ENSG00000269993.1,0.825668658,-4.857002671,1.385079598,1.43E-05,6.96E-05,KC877982.1,4.857002671
ENSG00000170419.11,1228.654962,4.852757258,0.981818141,3.65E-08,2.83E-07,VSTM2A,4.852757258
ENSG00000170091.11,17.70545509,4.848672062,0.454654095,4.20E-13,6.94E-12,NSG2,4.848672062
ENSG00000243064.8,69.81188491,4.847735356,0.646784409,3.78E-15,8.16E-14,ABCC13,4.847735356
ENSG00000124493.14,174.5389133,4.839248549,0.451707001,5.50E-28,5.05E-26,GRM4,4.839248549
ENSG00000134962.7,1356.300413,-4.838304958,0.448980329,2.62E-28,2.48E-26,KLB,4.838304958
ENSG00000175445.17,27426.06165,-4.837374954,0.40831874,1.31E-33,2.31E-31,LPL,4.837374954
ENSG00000198054.12,0.907034318,4.837351682,1.380958987,0.013831884,0.032907687,DSCR8,4.837351682
ENSG00000016602.9,122.261955,-4.836737323,0.494914596,1.07E-23,5.97E-22,CLCA4,4.836737323
ENSG00000248339.1,2.91161397,-4.83224307,0.869163801,1.08E-10,1.26E-09,LINC02504,4.83224307
ENSG00000172987.13,263.8848022,-4.830298546,0.31921252,8.09E-53,1.51E-49,HPSE2,4.830298546
ENSG00000165566.12,7.672517411,4.826827619,0.875324528,1.02E-05,5.12E-05,AMER2,4.826827619
ENSG00000256394.3,1.967901721,4.822395067,1.591919315,0.000340536,0.001243967,ASIC5,4.822395067
ENSG00000169297.8,9.518182557,-4.812661091,0.610274425,3.40E-17,9.61E-16,NR0B1,4.812661091
ENSG00000071909.19,78.27626743,4.810184881,0.447464981,0.001421409,0.004470466,MYO3B,4.810184881
ENSG00000204195.4,2.802420536,4.81001019,0.658720774,0.006920749,0.018064764,AWAT1,4.81001019
ENSG00000277987.2,13.84146721,-4.808055865,0.498895116,4.87E-23,2.54E-21,LINC02351,4.808055865
ENSG00000196811.13,0.842529175,-4.805570091,0.483792389,0.012532033,0.030230789,CHRNG,4.805570091
ENSG00000261472.1,5.057527924,-4.804747109,0.605426006,1.90E-18,6.24E-17,AC084064.1,4.804747109
ENSG00000230316.7,9.084195904,4.802025955,0.646293637,1.30E-06,7.68E-06,FEZF1-AS1,4.802025955
ENSG00000132026.14,15.76575881,4.801355871,0.723596575,1.93E-12,2.91E-11,RTBDN,4.801355871
ENSG00000204866.8,63.11230004,4.801040823,0.442344539,8.38E-18,2.54E-16,IGFL2,4.801040823
ENSG00000251138.7,9.833537525,4.796288513,0.876270328,2.82E-09,2.64E-08,LINC02882,4.796288513
ENSG00000065325.13,95.00853094,-4.794908711,0.411379678,1.93E-32,2.95E-30,GLP2R,4.794908711
ENSG00000124743.6,1570.107661,-4.788480356,0.435740565,2.46E-29,2.60E-27,KLHL31,4.788480356
ENSG00000286301.1,1.289323791,-4.784284997,1.147652116,7.83E-07,4.82E-06,AL662873.1,4.784284997
ENSG00000239402.3,30.00576754,4.783683848,1.150804625,1.39E-06,8.17E-06,CYP4F62P,4.783683848
ENSG00000140465.14,69.90885704,-4.781224846,0.653505426,1.50E-14,2.99E-13,CYP1A1,4.781224846
ENSG00000186471.13,5.549337782,4.772941301,0.783554445,1.18E-07,8.44E-07,AKAP14,4.772941301
ENSG00000101203.16,7.324693165,4.770081008,0.648334316,9.94E-06,4.98E-05,COL20A1,4.770081008
ENSG00000130427.3,11.51709265,4.768524262,0.483962827,2.24E-06,1.27E-05,EPO,4.768524262
ENSG00000136574.18,30.20498756,4.768145454,0.763679984,2.29E-11,2.95E-10,GATA4,4.768145454
ENSG00000111713.3,2.278257442,-4.767829972,0.960343854,1.11E-08,9.41E-08,GYS2,4.767829972
ENSG00000171564.12,81.13951828,4.767017943,0.86217273,0.009393413,0.023544366,FGB,4.767017943
ENSG00000255007.1,17.79387954,4.766614096,0.607543331,3.33E-16,8.28E-15,LINC02489,4.766614096
ENSG00000165474.8,1686.442804,4.765036851,0.34846955,9.68E-44,6.34E-41,GJB2,4.765036851
ENSG00000251273.4,4.37583851,4.763637668,0.753316329,0.004489801,0.012362591,LINC02228,4.763637668
ENSG00000152785.8,46.42561459,-4.760852103,0.504743066,1.08E-12,1.68E-11,BMP3,4.760852103
ENSG00000116690.13,860.9835532,-4.745139199,0.48970461,8.78E-10,8.85E-09,PRG4,4.745139199
ENSG00000246430.7,233.5600352,-4.742042609,0.415456766,2.29E-31,3.07E-29,LINC00968,4.742042609
ENSG00000248431.2,22.11307208,4.735493872,0.963302948,0.001518306,0.004739758,AC021134.1,4.735493872
ENSG00000129744.3,2.714173731,-4.725636875,0.637567389,9.43E-06,4.75E-05,ART1,4.725636875
ENSG00000183273.7,7.115218866,4.723354928,0.667305252,2.51E-06,1.42E-05,CCDC60,4.723354928
ENSG00000133317.16,1344.43113,-4.720908913,0.541643359,1.61E-19,5.89E-18,LGALS12,4.720908913
ENSG00000173432.12,17254.17212,-4.718631674,0.407460417,3.73E-32,5.45E-30,SAA1,4.718631674
ENSG00000278828.1,544.6791988,4.71680724,0.463507769,1.62E-25,1.11E-23,H3C10,4.71680724
ENSG00000241151.1,2.984377266,-4.713095845,0.678955042,1.83E-17,5.38E-16,LINC02066,4.713095845
ENSG00000229108.2,146.2390349,-4.712362114,0.340551619,9.58E-45,6.97E-42,LINC02587,4.712362114
ENSG00000188778.6,5.957361826,-4.709520894,0.528993258,3.58E-06,1.96E-05,ADRB3,4.709520894
ENSG00000248869.7,48.21294518,-4.706155505,0.35770617,1.89E-40,7.83E-38,LINC02511,4.706155505
ENSG00000019505.8,1656.523391,4.697938137,0.520168325,1.05E-20,4.40E-19,SYT13,4.697938137
ENSG00000187134.14,3089.1313,-4.696359625,0.391608753,2.25E-34,4.41E-32,AKR1C1,4.696359625
ENSG00000160349.10,2.704000674,4.689634876,0.860679077,1.06E-10,1.24E-09,LCN1,4.689634876
ENSG00000184601.11,298.3737782,-4.685842754,0.665573884,1.01E-13,1.81E-12,C14orf180,4.685842754
ENSG00000250874.1,3.397966648,4.683841779,2.275610608,0.003223242,0.009253276,AC010595.1,4.683841779
ENSG00000180269.8,59.1381059,4.683215651,0.914078445,1.45E-08,1.20E-07,GPR139,4.683215651
ENSG00000134640.3,1.098252903,4.681362121,1.336385853,0.004387064,0.012118798,MTNR1B,4.681362121
ENSG00000168497.5,3783.757908,-4.676822565,0.282618565,9.31E-63,3.32E-59,CAVIN2,4.676822565
ENSG00000168505.7,6.277039521,4.673547562,0.679464325,7.63E-14,1.38E-12,GBX2,4.673547562
ENSG00000122852.15,9.653960437,-4.670347095,1.024080761,8.71E-08,6.36E-07,SFTPA1,4.670347095
ENSG00000185915.5,3.304678008,-4.667136443,0.298902013,0.019415289,0.044056735,KLHL34,4.667136443
ENSG00000172156.4,56.12707449,4.662640794,0.397798647,1.15E-32,1.80E-30,CCL11,4.662640794
ENSG00000218772.2,0.733430785,-4.662055456,0.78841229,0.000848398,0.002826842,FAM8A6P,4.662055456
ENSG00000286684.1,6.657377562,-4.657906481,0.590432252,3.50E-17,9.87E-16,AL358976.1,4.657906481
ENSG00000036473.8,7.232829486,-4.652060443,0.572469628,1.52E-17,4.51E-16,OTC,4.652060443
ENSG00000159251.8,21.82427126,-4.65010699,0.535996672,0.001017781,0.003322463,ACTC1,4.65010699
ENSG00000258387.1,3.924135636,4.649563326,0.808521806,4.95E-10,5.18E-09,AL358913.1,4.649563326
ENSG00000285564.2,2.372897138,-4.64694013,0.398568864,8.09E-07,4.97E-06,AL031121.2,4.64694013
ENSG00000142224.17,11.20584353,4.64303432,0.407130674,3.37E-14,6.42E-13,IL19,4.64303432
ENSG00000258871.1,1.516472813,-4.640965016,0.900169791,4.29E-11,5.32E-10,AC004828.1,4.640965016
ENSG00000189367.15,16.02150923,-4.640216407,0.556551151,2.07E-18,6.77E-17,KIAA0408,4.640216407
ENSG00000182021.10,2.55877344,-4.637561153,0.761295655,5.44E-14,1.00E-12,AL591379.1,4.637561153
ENSG00000197891.12,28.54699272,-4.635224176,0.70960254,4.76E-12,6.77E-11,SLC22A12,4.635224176
ENSG00000287900.1,117.0538742,4.628332761,0.74694844,3.09E-11,3.91E-10,AC061961.1,4.628332761
ENSG00000057149.16,2.210969147,-4.623372079,1.115020535,3.64E-06,1.99E-05,SERPINB3,4.623372079
ENSG00000004799.8,18541.45919,-4.622766921,0.320365223,2.06E-48,2.02E-45,PDK4,4.622766921
ENSG00000130294.17,530.8269302,4.620996293,0.619506691,5.23E-15,1.11E-13,KIF1A,4.620996293
ENSG00000255021.1,15.98592695,-4.618299558,0.540908796,1.51E-18,5.03E-17,AC093496.1,4.618299558
ENSG00000285774.3,3.071168005,-4.617241424,0.480342288,3.40E-09,3.12E-08,AL133444.1,4.617241424
ENSG00000234586.2,1.989352864,4.614792502,0.93841092,1.17E-08,9.84E-08,AL161449.1,4.614792502
ENSG00000133055.9,10.5282936,-4.613893645,0.343152103,0.000244672,0.000921632,MYBPH,4.613893645
ENSG00000196132.14,123.4639372,4.611052422,0.503761915,3.17E-21,1.40E-19,MYT1,4.611052422
ENSG00000136842.14,313.3083196,-4.602066768,0.218544532,1.65E-49,1.96E-46,TMOD1,4.602066768
ENSG00000286625.1,5.262194212,-4.600134664,0.612027117,5.79E-17,1.58E-15,AC113370.1,4.600134664
ENSG00000196666.6,104.0944277,-4.598241079,0.409584232,2.01E-30,2.44E-28,FAM180B,4.598241079
ENSG00000170369.4,78.98295986,4.592358804,0.469905128,8.31E-24,4.67E-22,CST2,4.592358804
ENSG00000226005.5,43.88424553,-4.592003514,0.393294262,1.15E-32,1.80E-30,LINC02660,4.592003514
ENSG00000277631.5,20.80034887,-4.58917349,0.348731329,1.84E-40,7.71E-38,PGM5P3-AS1,4.58917349
ENSG00000287952.1,40.42042988,4.58789019,0.61409441,5.55E-15,1.18E-13,AC105328.1,4.58789019
ENSG00000079435.10,10541.65669,-4.586249111,0.440614444,1.34E-26,1.05E-24,LIPE,4.586249111
ENSG00000144045.14,96.79678259,4.580716709,0.455730369,6.36E-25,4.08E-23,DQX1,4.580716709
ENSG00000236318.2,3.745417679,4.578933107,0.833505918,0.000102726,0.00042146,AC019117.2,4.578933107
ENSG00000250563.1,1.050641369,4.571615065,1.40936461,0.004683554,0.012821514,KNOP1P5,4.571615065
ENSG00000007314.12,575.6244226,-4.565285425,0.340713987,2.40E-23,1.30E-21,SCN4A,4.565285425
ENSG00000079393.20,14.35415436,-4.553602712,0.520817309,5.90E-08,4.42E-07,DUSP13,4.553602712
ENSG00000223458.2,2.682517841,-4.551297167,0.649992477,1.62E-18,5.38E-17,LMO7DN-IT1,4.551297167
ENSG00000259508.1,0.791038024,4.550371165,1.748187113,0.006905941,0.018033301,AL132801.1,4.550371165
ENSG00000174403.16,4.085688469,-4.539287905,0.433192641,1.01E-07,7.32E-07,MIR1-1HG-AS1,4.539287905
ENSG00000157150.5,2266.492256,-4.531707075,0.489863658,1.32E-21,6.00E-20,TIMP4,4.531707075
ENSG00000165078.13,73.59797582,4.530857521,0.598922768,2.15E-07,1.47E-06,CPA6,4.530857521
ENSG00000141338.14,3314.535339,-4.524651743,0.318181491,4.33E-47,3.69E-44,ABCA8,4.524651743
ENSG00000183862.5,10.07236101,4.52023752,0.84515275,6.20E-09,5.48E-08,CNGA2,4.52023752
ENSG00000225768.1,52.23284362,4.517980749,0.541547071,4.74E-18,1.49E-16,LINC02620,4.517980749
ENSG00000240280.7,14.59228907,4.514073507,0.47902618,4.77E-06,2.55E-05,TCAM1P,4.514073507
ENSG00000260102.2,16.8681449,-4.513097094,0.594593743,1.59E-15,3.62E-14,LINC01070,4.513097094
ENSG00000143556.9,336.8487626,4.504437776,0.784726872,5.17E-10,5.40E-09,S100A7,4.504437776
ENSG00000128564.7,17.36952223,4.502392295,0.494512577,5.53E-21,2.38E-19,VGF,4.502392295
ENSG00000188176.12,24.17017291,-4.501712394,0.31237858,6.44E-06,3.36E-05,SMTNL2,4.501712394
ENSG00000122787.15,73.25120805,-4.49937353,0.703471528,3.97E-08,3.06E-07,AKR1D1,4.49937353
ENSG00000117650.13,872.3315903,4.498950726,0.284130349,1.33E-57,3.28E-54,NEK2,4.498950726
ENSG00000205186.4,2.333103193,-4.493881726,0.988061453,3.89E-07,2.54E-06,FABP9,4.493881726
ENSG00000287560.1,0.82765115,4.490103407,1.395661545,0.012036972,0.029181708,AL731533.3,4.490103407
ENSG00000135218.19,46386.7479,-4.48831086,0.428431995,6.66E-27,5.40E-25,CD36,4.48831086
ENSG00000228035.1,27.48980764,-4.488207718,0.525313282,8.27E-19,2.82E-17,NGF-AS1,4.488207718
ENSG00000124102.5,214.2781124,-4.486397086,0.443635005,2.83E-25,1.88E-23,PI3,4.486397086
ENSG00000249203.2,212.1296911,4.480255952,0.655447095,4.37E-13,7.19E-12,LINC02224,4.480255952
ENSG00000277912.1,0.72471087,-4.480106371,1.589802499,0.002907592,0.008447111,MIR8089,4.480106371
ENSG00000131650.14,109.9340982,4.472027608,0.414663616,2.55E-28,2.43E-26,KREMEN2,4.472027608
ENSG00000286805.1,25.61408096,-4.470905416,0.397687113,1.11E-30,1.40E-28,AL138716.1,4.470905416
ENSG00000262172.1,2.48855862,4.464521226,0.667108006,1.20E-16,3.16E-15,AC116025.2,4.464521226
ENSG00000158104.11,184.9889776,-4.460113296,0.452017193,3.01E-24,1.78E-22,HPD,4.460113296
ENSG00000283175.1,16.99447864,-4.452563782,0.514029734,1.50E-19,5.52E-18,AC007920.2,4.452563782
ENSG00000214942.6,7.178820126,-4.448902573,0.40001414,1.15E-17,3.45E-16,AC113167.1,4.448902573
ENSG00000253775.2,1.461893852,-4.444823266,1.01419827,2.80E-07,1.88E-06,AC100802.1,4.444823266
ENSG00000081041.9,885.807306,-4.444223341,0.377524544,3.20E-33,5.44E-31,CXCL2,4.444223341
ENSG00000231246.2,478.1634409,-4.442426179,0.358012809,1.49E-36,4.03E-34,LINC02884,4.442426179
ENSG00000168427.9,123.6526686,-4.438446549,0.375733168,8.57E-19,2.92E-17,KLHL30,4.438446549
ENSG00000265766.3,65.33930278,4.437775216,0.82849193,4.60E-09,4.14E-08,CXADRP3,4.437775216
ENSG00000162989.5,1045.480133,4.43748824,0.594627736,5.14E-15,1.10E-13,KCNJ3,4.43748824
ENSG00000267209.5,1.002399257,4.435496358,1.181256963,1.97E-05,9.36E-05,LINC01897,4.435496358
ENSG00000269416.6,56.34509769,4.434443998,0.497276227,3.08E-20,1.21E-18,LINC01224,4.434443998
ENSG00000163492.15,113.6331077,-4.43073228,0.327377538,5.37E-25,3.46E-23,CCDC141,4.43073228
ENSG00000119927.14,16933.39392,-4.427395104,0.366363514,7.86E-35,1.67E-32,GPAM,4.427395104
ENSG00000254707.1,1.752670888,-4.427211436,0.7916236,9.38E-13,1.48E-11,AC104237.1,4.427211436
ENSG00000259306.2,1.935883089,4.423366557,1.497872539,0.000506106,0.001775801,AC020891.2,4.423366557
ENSG00000108602.18,116.6099942,-4.419991199,0.40737747,1.16E-28,1.14E-26,ALDH3A1,4.419991199
ENSG00000151632.17,4109.836893,-4.419494251,0.461009188,5.48E-23,2.84E-21,AKR1C2,4.419494251
ENSG00000125740.14,20717.90978,-4.417153257,0.439873629,6.00E-25,3.85E-23,FOSB,4.417153257
ENSG00000143171.13,78.46048592,-4.416294188,0.385639749,6.50E-19,2.24E-17,RXRG,4.416294188
ENSG00000130528.12,109.6144551,-4.405938285,0.264116511,8.90E-07,5.44E-06,HRC,4.405938285
ENSG00000197254.4,12.25865502,-4.403892708,0.645628539,8.59E-13,1.36E-11,AP000445.1,4.403892708
ENSG00000204710.2,22.659383,4.403251959,0.699424418,1.76E-11,2.30E-10,SPDYC,4.403251959
ENSG00000223784.2,7.523040997,-4.402152211,0.546708866,9.13E-06,4.61E-05,LINP1,4.402152211
ENSG00000168477.19,8637.425365,-4.40145085,0.361574731,2.69E-35,6.10E-33,TNXB,4.40145085
ENSG00000286892.1,25.3667245,-4.400688286,0.506868978,2.50E-19,8.96E-18,AC084212.1,4.400688286
ENSG00000197769.6,164.9259612,-4.398675705,0.311377498,1.50E-46,1.21E-43,MAP1LC3C,4.398675705
ENSG00000242902.1,0.730554054,-4.396013253,1.624504017,0.004565593,0.012544046,FLNC-AS1,4.396013253
ENSG00000251081.1,1.039841923,4.395382281,1.935485947,0.006831862,0.017864799,AC104663.1,4.395382281
ENSG00000186458.5,403.3187202,-4.393483906,0.563667063,3.74E-16,9.25E-15,DEFB132,4.393483906
ENSG00000279511.1,3.457014979,4.392866248,0.714785136,8.98E-12,1.22E-10,AL356274.2,4.392866248
ENSG00000231532.6,5.001859161,-4.388314638,0.811088098,1.19E-09,1.18E-08,LINC01249,4.388314638
ENSG00000226516.7,0.649498666,-4.385458816,1.45533318,0.000783602,0.00263418,FAM138B,4.385458816
ENSG00000279994.1,3.100106563,4.384505061,1.061217495,2.56E-06,1.44E-05,AC017037.4,4.384505061
ENSG00000286214.1,1456.567196,-4.378868094,0.428723418,9.82E-26,6.99E-24,AUXG01000058.1,4.378868094
ENSG00000124657.1,18.29508169,4.377972912,0.532327793,1.37E-17,4.08E-16,OR2B6,4.377972912
ENSG00000279581.1,1.38805086,-4.375739574,0.929293539,4.07E-09,3.69E-08,AC073862.2,4.375739574
ENSG00000255595.5,5.022746195,-4.374843935,0.623053196,2.62E-14,5.06E-13,AC007368.1,4.374843935
ENSG00000123689.6,5612.585351,-4.373061604,0.43713586,1.14E-24,7.12E-23,G0S2,4.373061604
ENSG00000248144.6,386.7927855,-4.372519632,0.332399431,6.43E-41,3.01E-38,ADH1C,4.372519632
ENSG00000160097.20,133.8051157,-4.3672917,0.260380277,5.56E-06,2.94E-05,FNDC5,4.3672917
ENSG00000285094.1,80.92865446,4.351732751,0.569979702,1.42E-15,3.25E-14,LINC01488,4.351732751
ENSG00000185053.14,18.41121203,-4.351398344,0.519583481,3.71E-18,1.18E-16,SGCZ,4.351398344
ENSG00000234703.1,5.671834105,4.35137561,0.60963403,2.63E-14,5.08E-13,AF015262.1,4.35137561
ENSG00000099617.4,15.46600699,4.347179335,0.541963909,4.48E-17,1.25E-15,EFNA2,4.347179335
ENSG00000224374.1,2.774125183,4.341902035,0.608325212,0.000185106,0.000717415,AL023693.1,4.341902035
ENSG00000136244.12,574.5432975,-4.341290636,0.460406495,2.46E-22,1.20E-20,IL6,4.341290636
ENSG00000197153.5,9.227371281,4.340289542,0.549258179,1.97E-16,5.03E-15,H3C12,4.340289542
ENSG00000250266.2,15.13994845,-4.334949184,0.543371492,1.59E-16,4.12E-15,LINC01612,4.334949184
ENSG00000108688.11,19.38115658,4.331668158,0.735543095,2.46E-10,2.70E-09,CCL7,4.331668158
ENSG00000285218.1,0.946167396,-4.329915005,1.105903354,2.68E-06,1.50E-05,AC026316.4,4.329915005
ENSG00000130173.13,84.89404289,-4.322083128,0.477793092,8.84E-21,3.71E-19,ANGPTL8,4.322083128
ENSG00000186297.12,1.897473278,4.316883666,0.717326096,8.67E-05,0.000361823,GABRA5,4.316883666
ENSG00000197953.6,4.277875221,-4.316779778,0.586091524,2.82E-15,6.20E-14,AADACL2,4.316779778
ENSG00000287971.1,8.47283248,4.316134147,0.629592619,3.72E-08,2.88E-07,AC093642.6,4.316134147
ENSG00000273551.1,3.679721157,4.31170024,0.699380028,7.88E-12,1.08E-10,AC120498.8,4.31170024
ENSG00000231943.9,12.12626017,-4.311189582,0.413290082,1.33E-26,1.05E-24,PGM5P4-AS1,4.311189582
ENSG00000130876.11,534.9830154,-4.307277894,0.579078457,5.96E-15,1.26E-13,SLC7A10,4.307277894
ENSG00000283247.2,13.93943478,-4.29308545,0.65605781,3.45E-12,5.02E-11,CCDC201,4.29308545
ENSG00000279940.1,1.708704404,-4.291553288,0.959604984,2.57E-07,1.74E-06,AC073862.3,4.291553288
ENSG00000250934.2,28.03965925,-4.290026612,0.40438191,3.86E-27,3.22E-25,AC016924.1,4.290026612
ENSG00000171450.6,6.484680753,4.289879018,0.775753772,1.55E-09,1.50E-08,CDK5R2,4.289879018
ENSG00000118729.12,441.4647334,-4.289161121,0.367590969,1.97E-15,4.43E-14,CASQ2,4.289161121
ENSG00000277199.1,1.379249001,-4.287383815,1.028302799,9.60E-07,5.83E-06,LINC01632,4.287383815
ENSG00000106689.11,22.1918544,4.284497602,0.573235618,5.50E-15,1.17E-13,LHX2,4.284497602
ENSG00000226846.2,1.591859299,-4.284355385,0.822781995,1.32E-10,1.51E-09,LINC00348,4.284355385
ENSG00000268089.3,39.17154914,4.281041909,0.571498403,3.75E-15,8.09E-14,GABRQ,4.281041909
ENSG00000235427.1,2.751804824,-4.278866036,0.701605232,7.02E-13,1.13E-11,AC006159.1,4.278866036
ENSG00000198848.13,5108.758866,-4.273013587,0.380355633,1.74E-30,2.14E-28,CES1,4.273013587
ENSG00000275816.1,0.652686054,-4.272218211,1.539018769,0.002769943,0.008092097,MIR6500,4.272218211
ENSG00000287666.1,15.77316887,-4.270094421,0.477003324,3.49E-21,1.53E-19,AP000821.2,4.270094421
ENSG00000224568.2,3.18761119,-4.26908203,0.748227266,7.11E-11,8.52E-10,LINC01886,4.26908203
ENSG00000240666.2,3.907107369,-4.264688525,0.546404038,5.73E-18,1.78E-16,MME-AS1,4.264688525
ENSG00000268964.3,2.538255546,4.258479127,0.939892218,1.36E-07,9.58E-07,ERVV-2,4.258479127
ENSG00000286374.1,1.056086592,4.257829421,1.142305086,0.012908806,0.031021566,AP001999.3,4.257829421
ENSG00000072657.9,187.3325859,-4.2536395,0.510195625,4.39E-18,1.38E-16,TRHDE,4.2536395
ENSG00000123243.15,10573.82201,-4.246783074,0.320819622,6.27E-41,2.97E-38,ITIH5,4.246783074
ENSG00000231496.2,0.905758993,-4.24641621,1.11390986,7.13E-06,3.69E-05,AL136369.2,4.24641621
ENSG00000223486.1,17.49360027,4.24309276,0.557896082,1.78E-15,4.02E-14,AC092198.1,4.24309276
ENSG00000188984.12,8.615656629,-4.242589571,0.78727581,2.87E-09,2.67E-08,AADACL3,4.242589571
ENSG00000236569.3,0.690571396,4.241747716,1.824528776,0.015251579,0.035767597,HNRNPA1P73,4.241747716
ENSG00000251448.2,6.505202651,-4.240961763,0.476854508,2.87E-20,1.14E-18,AC063919.1,4.240961763
ENSG00000123407.4,163.6153815,4.238229978,0.576724374,1.28E-14,2.57E-13,HOXC12,4.238229978
ENSG00000243910.8,10.64744551,4.237412427,0.594241649,6.54E-09,5.75E-08,TUBA4B,4.237412427
ENSG00000094804.12,2259.664662,4.232784101,0.397717475,1.26E-27,1.12E-25,CDC6,4.232784101
ENSG00000285934.1,2.932602582,4.229317169,0.844164213,0.000323613,0.001186559,AC091074.2,4.229317169
ENSG00000229019.1,3.236045325,-4.227062899,0.583736369,8.99E-17,2.41E-15,AL161457.1,4.227062899
ENSG00000101251.13,27.02846336,-4.21868837,0.517301918,1.81E-17,5.32E-16,SEL1L2,4.21868837
ENSG00000255216.2,25.31242434,-4.218115013,0.521252447,4.44E-17,1.24E-15,AP001360.1,4.218115013
ENSG00000272763.1,10.01911027,4.217716257,0.567623718,8.08E-15,1.67E-13,AC103702.2,4.217716257
ENSG00000279484.2,3.304243531,-4.216750724,0.464490783,2.84E-10,3.10E-09,KLHL30-AS1,4.216750724
ENSG00000228607.2,4.481362074,4.216235414,0.87051452,1.08E-07,7.79E-07,CLDN25,4.216235414
ENSG00000178690.3,2.854287009,4.214762204,1.160103085,0.001003973,0.003282857,DYNAP,4.214762204
ENSG00000232906.1,2.237423403,4.214006562,1.018100755,4.51E-06,2.43E-05,AC092685.1,4.214006562
ENSG00000232624.8,2.215858814,4.206989184,0.573000732,0.003401868,0.009705786,LINC01517,4.206989184
ENSG00000224204.1,5.380555692,-4.206339519,0.527598022,1.38E-16,3.61E-15,PHEX-AS1,4.206339519
ENSG00000168830.8,2.965985504,4.202708338,0.866413055,3.97E-08,3.06E-07,HTR1E,4.202708338
ENSG00000261327.5,54.63312542,4.196867323,0.289486585,8.06E-49,8.79E-46,AC134312.5,4.196867323
ENSG00000228705.2,6.034255499,4.194443357,0.750500039,3.02E-10,3.28E-09,LINC00659,4.194443357
ENSG00000253811.1,1.371667214,-4.194158146,1.08169308,6.02E-06,3.16E-05,AC136424.2,4.194158146
ENSG00000170231.16,30.82672399,4.191090399,0.663560808,1.52E-11,2.01E-10,FABP6,4.191090399
ENSG00000109846.9,21433.24738,-4.188828777,0.362016798,4.40E-32,6.40E-30,CRYAB,4.188828777
ENSG00000240521.1,19.38448423,4.188763073,0.919773573,1.91E-05,9.09E-05,AC092979.1,4.188763073
ENSG00000187151.7,40.71315516,-4.188507481,0.491979261,9.12E-19,3.10E-17,ANGPTL5,4.188507481
ENSG00000168126.3,1.820842065,4.187179171,0.869243383,2.74E-08,2.17E-07,OR2W6P,4.187179171
ENSG00000276409.5,88.83675169,-4.184372392,0.392115971,4.82E-28,4.46E-26,CCL14,4.184372392
ENSG00000183463.6,13.90267243,-4.183227348,0.959145801,5.87E-07,3.71E-06,URAD,4.183227348
ENSG00000287774.1,4.715607864,-4.178348472,0.49148127,8.04E-20,3.05E-18,AC025614.2,4.178348472
ENSG00000004846.16,170.1191333,-4.176784851,0.395185587,1.73E-27,1.51E-25,ABCB5,4.176784851
ENSG00000187855.5,6.914155198,4.17600281,0.578732091,2.31E-06,1.31E-05,ASCL4,4.17600281
ENSG00000206090.4,1.117092407,-4.175420678,1.122686859,0.005800793,0.015465107,AP000350.1,4.175420678
ENSG00000183230.17,47.3530875,-4.17299755,0.297513472,4.99E-11,6.11E-10,CTNNA3,4.17299755
ENSG00000244564.2,2.036912309,4.171554162,0.719120906,5.58E-12,7.82E-11,PRICKLE2-DT,4.171554162
ENSG00000286764.1,4.515684524,-4.167294885,0.524826517,3.86E-17,1.08E-15,AC188617.2,4.167294885
ENSG00000180176.15,38.57767693,4.164747589,0.617344767,9.99E-13,1.57E-11,TH,4.164747589
ENSG00000231824.4,4.323553649,-4.160321306,0.636790966,2.33E-12,3.48E-11,AKAIN1,4.160321306
ENSG00000238232.1,0.954578041,-4.159906881,1.212064614,9.26E-05,0.000384069,AL356364.1,4.159906881
ENSG00000224417.2,1.494583943,-4.157249295,0.864287694,9.03E-09,7.77E-08,AL606970.1,4.157249295
ENSG00000253139.1,1.896451224,-4.155757646,0.897872014,1.04E-07,7.48E-07,AC013644.1,4.155757646
ENSG00000091513.16,2950.226901,-4.155195237,0.421955604,4.82E-24,2.77E-22,TF,4.155195237
ENSG00000145708.11,202.1806441,-4.155063303,0.339596557,1.35E-35,3.22E-33,CRHBP,4.155063303
ENSG00000262995.1,2.64512464,-4.154234875,0.640715217,1.18E-13,2.09E-12,AC137056.1,4.154234875
ENSG00000237986.4,2.225167084,-4.15349424,0.789099428,7.54E-10,7.69E-09,CELF2-AS2,4.15349424
ENSG00000284196.3,1.88347039,-4.151126697,0.559518369,0.004515512,0.012422954,AL158064.1,4.151126697
ENSG00000227509.1,1.572247125,-4.148820341,0.905410696,5.46E-08,4.12E-07,LINC01839,4.148820341
ENSG00000229240.9,2.777837168,-4.1476851,0.643205218,7.03E-14,1.28E-12,LINC00710,4.1476851
ENSG00000282390.1,31.38582438,4.14606044,0.81725876,2.08E-08,1.67E-07,AL392083.1,4.14606044
ENSG00000163884.4,600.326136,-4.143408449,0.343561112,1.13E-34,2.35E-32,KLF15,4.143408449
ENSG00000184226.15,612.7579124,-4.139329279,0.343666282,1.34E-34,2.72E-32,PCDH9,4.139329279
ENSG00000231123.1,7.961914004,4.137693422,0.519688976,2.54E-16,6.43E-15,SPATA20P1,4.137693422
ENSG00000287852.1,5.738640965,4.13686779,0.710997805,4.73E-10,4.97E-09,AL450326.3,4.13686779
ENSG00000175063.17,1125.698113,4.132264761,0.307505165,2.52E-42,1.45E-39,UBE2C,4.132264761
ENSG00000268902.3,1.905873992,4.130613657,1.376448351,0.000344158,0.001255331,CSAG2,4.130613657
ENSG00000267014.6,3.732575187,-4.129006196,0.554178148,9.23E-17,2.47E-15,LINC01532,4.129006196
ENSG00000213791.4,16.96590974,-4.127285665,0.520378899,2.00E-16,5.12E-15,AC104212.2,4.127285665
ENSG00000211445.12,24665.69819,-4.124037411,0.335942077,7.84E-36,1.91E-33,GPX3,4.124037411
ENSG00000278928.1,11.92787955,-4.119598172,0.362028713,7.62E-31,9.88E-29,AC136621.1,4.119598172
ENSG00000268297.1,12.29041188,-4.119326186,0.544551322,1.59E-15,3.62E-14,CLEC4GP1,4.119326186
ENSG00000181449.4,132.9306024,4.118108831,0.690497403,1.43E-10,1.63E-09,SOX2,4.118108831
ENSG00000172061.9,5486.715151,4.116206166,0.349474899,3.17E-33,5.42E-31,LRRC15,4.116206166
ENSG00000258894.1,2.257628607,4.114864562,0.90508401,5.51E-07,3.50E-06,ARHGAP16P,4.114864562
ENSG00000244649.5,19.38133531,4.110708063,0.459847002,3.97E-20,1.55E-18,LINC02086,4.110708063
ENSG00000249145.3,0.491182748,-4.109091518,1.058436774,0.012170684,0.029465866,LINC02517,4.109091518
ENSG00000172478.18,699.3045666,4.108510204,0.552232674,6.25E-15,1.31E-13,MAB21L4,4.108510204
ENSG00000254302.2,1.258075273,-4.108194802,1.179575772,0.000112836,0.00045877,AC087855.2,4.108194802
ENSG00000287440.1,0.597150512,-4.107932921,1.484042646,0.002283898,0.00682442,AC063919.2,4.107932921
ENSG00000287492.1,0.596084554,-4.105240102,1.449689959,0.001303445,0.004145779,AL512358.2,4.105240102
ENSG00000224958.6,29.17197276,-4.101204359,0.362302152,1.37E-30,1.71E-28,PGM5-AS1,4.101204359
ENSG00000279847.3,1.408094178,4.098247138,1.048792682,0.010510703,0.025942601,C8orf87,4.098247138
ENSG00000053438.11,640.3495076,-4.097409782,0.425496146,3.68E-23,1.95E-21,NNAT,4.097409782
ENSG00000181867.3,2.909759078,-4.096515858,0.736803197,8.97E-10,9.03E-09,FTMT,4.096515858
ENSG00000173208.4,650.1175787,-4.095657318,0.380981098,3.86E-28,3.62E-26,ABCD2,4.095657318
ENSG00000267013.6,101.0703807,4.095635003,0.427857237,6.12E-23,3.16E-21,LINC01929,4.095635003
ENSG00000137766.17,18.24769208,-4.094154617,0.274470277,7.23E-30,8.23E-28,UNC13C,4.094154617
ENSG00000166947.15,44.0097474,-4.090469364,0.636829506,5.44E-12,7.64E-11,EPB42,4.090469364
ENSG00000269736.1,8.83037571,-4.089537401,0.480430195,2.36E-18,7.72E-17,AC010319.5,4.089537401
ENSG00000231405.1,0.48165499,4.088929709,1.375786344,0.00071688,0.002432155,AL008638.1,4.088929709
ENSG00000179546.4,50.77244316,4.087326636,0.392039489,1.44E-26,1.13E-24,HTR1D,4.087326636
ENSG00000287693.1,5.382843879,-4.086582948,0.699226073,3.42E-10,3.68E-09,AC091691.3,4.086582948
ENSG00000173572.11,11.09402974,-4.086302697,0.595191733,4.23E-13,6.98E-12,NLRP13,4.086302697
ENSG00000165810.17,3249.221568,-4.081031531,0.335698444,3.13E-35,7.07E-33,BTNL9,4.081031531
ENSG00000257766.1,0.864989687,-4.080550924,1.148760221,3.58E-05,0.000161224,AC025265.3,4.080550924
ENSG00000250921.2,2.011619597,-4.07971382,0.718776355,1.62E-11,2.12E-10,LINC02063,4.07971382
ENSG00000056998.20,6639.760943,-4.079218192,0.403222995,3.14E-25,2.08E-23,GYG2,4.079218192
ENSG00000100678.19,18.11157763,-4.077987518,0.307354238,3.54E-07,2.33E-06,SLC8A3,4.077987518
ENSG00000233622.3,3633.792703,4.076985628,0.482194491,1.81E-18,5.96E-17,CYP2T1P,4.076985628
ENSG00000284837.1,1.59676391,-4.071194036,1.015990836,3.46E-06,1.90E-05,AC007846.1,4.071194036
ENSG00000276397.2,3.709314401,4.068729944,0.81213166,3.43E-08,2.68E-07,LINC01879,4.068729944
ENSG00000164047.6,41.07491447,4.066087452,0.458358351,4.43E-20,1.71E-18,CAMP,4.066087452
ENSG00000163815.6,1443.194321,-4.063981283,0.300335672,1.07E-42,6.37E-40,CLEC3B,4.063981283
ENSG00000226012.1,5.025973057,4.062479532,0.585542301,2.83E-13,4.76E-12,AP001434.1,4.062479532
ENSG00000223829.6,1.677496188,-4.060960821,0.823610213,1.03E-08,8.78E-08,AC004870.2,4.060960821
ENSG00000227467.3,87.78923497,-4.060673993,0.305016346,1.54E-41,7.88E-39,LINC01537,4.060673993
ENSG00000285732.1,2.831569264,-4.055655725,0.682887454,4.05E-11,5.04E-10,AC121334.3,4.055655725
ENSG00000275379.2,0.523355793,4.055653484,1.496589303,0.004157703,0.011567365,H3C11,4.055653484
ENSG00000138722.10,1705.320535,-4.053045016,0.333125604,3.60E-35,8.09E-33,MMRN1,4.053045016
ENSG00000277270.2,15.24730791,-4.052573002,0.405485858,1.35E-24,8.38E-23,AL160412.1,4.052573002
ENSG00000236403.2,2.702675026,-4.051161234,0.611359316,3.50E-15,7.58E-14,AL353611.1,4.051161234
ENSG00000136918.8,23.91192204,4.04981234,0.550875555,1.03E-14,2.10E-13,WDR38,4.04981234
ENSG00000168874.13,836.5651928,-4.046433738,0.273376071,9.56E-51,1.57E-47,ATOH8,4.046433738
ENSG00000206172.8,20.25280485,-4.042103623,0.587660577,4.62E-13,7.59E-12,HBA1,4.042103623
ENSG00000285051.2,20.81598933,-4.04196419,0.336834318,3.19E-34,6.13E-32,SLC7A14-AS1,4.04196419
ENSG00000248529.5,0.499401847,-4.040234865,1.363116301,0.000642013,0.002200195,AC026746.1,4.040234865
ENSG00000153303.17,198.5774219,-4.027704191,0.476904785,1.87E-18,6.16E-17,FRMD1,4.027704191
ENSG00000233574.1,3.920967016,-4.027199805,0.631342658,2.03E-12,3.05E-11,AL020994.3,4.027199805
ENSG00000261410.1,1.685415371,-4.026507683,0.849460692,3.86E-08,2.98E-07,AC009142.1,4.026507683
ENSG00000117148.8,10.78761047,4.026489939,0.628985797,8.25E-12,1.13E-10,ACTL8,4.026489939
ENSG00000099812.9,1763.489845,4.025061371,0.378062873,1.24E-27,1.10E-25,MISP,4.025061371
ENSG00000029534.21,78.94660162,-4.024092682,0.249103623,1.37E-07,9.69E-07,ANK1,4.024092682
ENSG00000228162.1,29.44303446,-4.02242282,0.527846421,1.71E-15,3.88E-14,AC097713.1,4.02242282
ENSG00000131050.11,1.350858329,4.020944518,1.026585395,0.001387098,0.004377823,BPIFA2,4.020944518
ENSG00000230853.1,0.944928451,-4.017230909,1.217830462,0.000119173,0.000481694,RPL10P11,4.017230909
ENSG00000205038.12,253.2689245,-4.017055385,0.301916905,1.09E-41,5.71E-39,PKHD1L1,4.017055385
ENSG00000100628.12,104.6860315,-4.009406006,0.23946403,0.011897742,0.028899456,ASB2,4.009406006
ENSG00000182255.7,10.48986301,-4.008891513,0.604531317,3.02E-12,4.44E-11,KCNA4,4.008891513
ENSG00000135447.17,4783.35975,-4.006908554,0.457008112,1.13E-19,4.22E-18,PPP1R1A,4.006908554
ENSG00000152270.9,2638.62667,-4.002621051,0.410672353,1.29E-23,7.12E-22,PDE3B,4.002621051
ENSG00000163631.17,1102.538537,-4.002462723,0.533119888,3.94E-15,8.49E-14,ALB,4.002462723
ENSG00000099822.3,36.92635524,4.002260442,0.355718712,5.44E-17,1.50E-15,HCN2,4.002260442
ENSG00000132677.13,33.64704894,4.000280899,0.319181401,2.52E-21,1.13E-19,RHBG,4.000280899
ENSG00000284646.1,5.496470881,-3.997611734,0.6114,4.27E-12,6.11E-11,AL031291.1,3.997611734
ENSG00000222022.1,7.045674294,3.997309826,0.575500058,5.61E-13,9.11E-12,AC112721.1,3.997309826
ENSG00000229312.2,15.89890461,-3.996226812,0.498925625,1.11E-16,2.95E-15,AL353693.1,3.996226812
ENSG00000248779.1,191.3128812,3.991744152,0.732650061,2.94E-09,2.74E-08,AC093297.1,3.991744152
ENSG00000165349.12,133.2544697,-3.991705385,0.430760938,1.27E-21,5.80E-20,SLC7A3,3.991705385
ENSG00000131471.7,15108.74673,-3.988471283,0.339245328,4.27E-33,7.11E-31,AOC3,3.988471283
ENSG00000135638.14,84.1892142,3.984781784,0.491359849,3.27E-17,9.28E-16,EMX1,3.984781784
ENSG00000111404.7,334.1849498,-3.984270004,0.378677278,4.92E-27,4.04E-25,RERGL,3.984270004
ENSG00000101074.5,1.346013659,3.983485424,1.004848178,7.24E-06,3.74E-05,R3HDML,3.983485424
ENSG00000244738.1,1.784246726,-3.980256976,0.674157283,8.93E-13,1.41E-11,AC026316.3,3.980256976
ENSG00000206145.8,11.35784629,-3.97722153,0.676989639,3.10E-10,3.36E-09,P2RX6P,3.97722153
ENSG00000236751.2,23.63135807,-3.977157884,0.431212193,1.07E-21,4.93E-20,LINC01186,3.977157884
ENSG00000261340.1,1.69480669,-3.974558702,0.90177223,4.05E-07,2.64E-06,LINC01616,3.974558702
ENSG00000206043.7,2.96040015,-3.974308777,0.906680867,0.000710201,0.002412341,C18orf63,3.974308777
ENSG00000100427.16,80.07493966,3.973899217,0.501040496,9.85E-08,7.13E-07,MLC1,3.973899217
ENSG00000256508.2,8.504426516,-3.973299816,0.378430023,3.22E-27,2.71E-25,MRGPRF-AS1,3.973299816
ENSG00000218549.2,13.49998939,3.972660897,0.774129299,0.000156146,0.000614634,OR4K12P,3.972660897
ENSG00000230798.5,66.59260796,3.970715174,0.515647758,7.08E-16,1.68E-14,FOXD3-AS1,3.970715174
ENSG00000070182.21,170.4772786,-3.970620366,0.299456626,3.38E-08,2.64E-07,SPTB,3.970620366
ENSG00000241635.8,0.540193217,3.970284601,0.762590393,0.016589925,0.038458551,UGT1A1,3.970284601
ENSG00000108381.11,485.9534073,-3.96858153,0.299601964,3.72E-41,1.85E-38,ASPA,3.96858153
ENSG00000274641.2,15.67833715,3.968217,0.506053882,4.15E-16,1.02E-14,H2BC17,3.968217
ENSG00000174469.23,1695.029361,3.967501618,0.533504761,6.59E-15,1.38E-13,CNTNAP2,3.967501618
ENSG00000285536.1,1.047416634,-3.966125231,0.90255963,3.41E-08,2.66E-07,LINC02838,3.966125231
ENSG00000285556.1,0.538090635,-3.963700844,1.445055825,0.002485325,0.007353593,AL354897.1,3.963700844
ENSG00000261039.3,117.1965661,3.963332423,0.297410793,1.70E-41,8.57E-39,LINC02544,3.963332423
ENSG00000187730.9,140.9181501,3.962257145,0.255557039,2.19E-55,4.77E-52,GABRD,3.962257145
ENSG00000062282.15,8882.66457,-3.962176663,0.415135889,8.92E-23,4.53E-21,DGAT2,3.962176663
ENSG00000108576.10,98.24813195,3.959119543,0.416937622,8.95E-07,5.46E-06,SLC6A4,3.959119543
ENSG00000254135.3,13.0904344,-3.958666387,0.713756634,1.50E-09,1.46E-08,AC091939.1,3.958666387
ENSG00000109906.14,4711.380383,-3.957529899,0.432113576,3.30E-21,1.45E-19,ZBTB16,3.957529899
ENSG00000259023.3,2.883899865,3.952005443,0.940014264,6.22E-07,3.91E-06,LINC00524,3.952005443
ENSG00000224920.1,5.746672434,3.95042959,0.588379123,6.13E-06,3.22E-05,TACC1P1,3.95042959
ENSG00000254548.1,3.885653352,3.94727292,0.623301867,4.08E-12,5.86E-11,AC105219.1,3.94727292
ENSG00000259347.7,67.1884917,-3.942308248,0.414541424,1.32E-22,6.62E-21,AC087482.1,3.942308248
ENSG00000181355.21,6.153076693,3.941894083,0.774165526,1.63E-05,7.86E-05,OFCC1,3.941894083
ENSG00000137825.11,65.03507426,3.941036436,0.399218064,4.04E-24,2.35E-22,ITPKA,3.941036436
ENSG00000234593.3,9.021418972,-3.940681349,0.515471802,0.013531394,0.032290564,KAZN-AS1,3.940681349
ENSG00000237223.6,80.82618937,-3.940654017,0.790421571,3.36E-08,2.63E-07,SULT1C2P1,3.940654017
ENSG00000227260.2,5.343301576,-3.937308371,0.423444887,4.64E-22,2.21E-20,LINC01985,3.937308371
ENSG00000164283.13,567.2559123,3.928298525,0.334167983,4.74E-33,7.83E-31,ESM1,3.928298525
ENSG00000253364.2,26.28125262,3.92766239,0.747431,8.87E-09,7.64E-08,COPDA1,3.92766239
ENSG00000179292.5,9.890743424,3.925381485,0.517360747,6.40E-09,5.63E-08,TMEM151A,3.925381485
ENSG00000184672.12,2.979637474,3.923235629,0.610188935,0.001488011,0.004655173,RALYL,3.923235629
ENSG00000285576.1,15.7969741,-3.922802055,0.605145087,7.29E-20,2.78E-18,AL138686.2,3.922802055
ENSG00000260209.1,1.81959425,3.922181737,0.539022601,0.018800985,0.042868298,AP000842.3,3.922181737
ENSG00000125813.13,50.0888417,3.921688709,0.540579392,2.10E-14,4.12E-13,PAX1,3.921688709
ENSG00000278783.1,1.276151505,-3.921503798,0.873322679,1.35E-07,9.52E-07,MIR6071,3.921503798
ENSG00000287747.1,7.504407861,3.919664228,0.63456706,8.92E-12,1.22E-10,AF233439.2,3.919664228
ENSG00000287289.1,0.870569284,-3.916156637,1.261344025,0.000512761,0.001796904,AP000428.2,3.916156637
ENSG00000285831.1,4.871342333,-3.908175929,0.389988885,3.14E-25,2.09E-23,AC027329.1,3.908175929
ENSG00000101542.10,73.58610717,-3.903539185,0.395123094,4.15E-24,2.41E-22,CDH20,3.903539185
ENSG00000280339.1,844.2956909,-3.902767586,0.306734845,3.04E-38,1.03E-35,AP001528.2,3.902767586
ENSG00000124205.18,375.1600094,-3.901309687,0.531103209,1.29E-14,2.59E-13,EDN3,3.901309687
ENSG00000138696.11,7113.531704,3.899493943,0.571106779,5.75E-13,9.32E-12,BMPR1B,3.899493943
ENSG00000224209.8,9.973545428,3.897257481,0.473419898,9.82E-18,2.97E-16,LINC00466,3.897257481
ENSG00000124557.12,29.08866122,-3.896632786,0.465358501,8.05E-12,1.10E-10,BTN1A1,3.896632786
ENSG00000161896.12,15.37186515,-3.896386915,0.455490957,0.003363253,0.009605382,IP6K3,3.896386915
ENSG00000135437.10,248.401345,-3.894659709,0.41097862,1.67E-22,8.26E-21,RDH5,3.894659709
ENSG00000186369.10,4.724954682,-3.890170112,0.565683812,1.19E-13,2.10E-12,LINC00643,3.890170112
ENSG00000244125.1,20.78280824,3.888950823,0.880201525,5.30E-07,3.38E-06,AC078882.1,3.888950823
ENSG00000286982.1,1.476969191,-3.88852013,0.768409513,1.58E-09,1.53E-08,AC016931.1,3.88852013
ENSG00000286509.1,6.733650809,-3.88687493,0.630930813,4.82E-11,5.93E-10,AC026408.1,3.88687493
ENSG00000228222.1,1.243173623,-3.886816592,0.853920809,5.28E-08,4.00E-07,AC073050.1,3.886816592
ENSG00000204740.11,84.65150342,3.886422286,0.435246901,1.35E-05,6.60E-05,MALRD1,3.886422286
ENSG00000176654.12,16.34964853,-3.885618863,0.794003116,0.000132574,0.000530675,NANOGP1,3.885618863
ENSG00000174611.12,266.1111838,-3.884715023,0.44889469,3.20E-19,1.13E-17,KY,3.884715023
ENSG00000259828.1,1.15818845,-3.8843255,0.689435105,0.001029928,0.00335793,AL355596.1,3.8843255
ENSG00000285557.1,3.879698993,3.882602196,0.966467113,4.54E-06,2.44E-05,AC069410.1,3.882602196
ENSG00000272797.1,2.314365482,-3.88121915,0.63110229,8.63E-13,1.37E-11,AC092954.1,3.88121915
ENSG00000092009.10,114.402544,-3.8791508,0.350228182,1.28E-29,1.41E-27,CMA1,3.8791508
ENSG00000130700.7,39.2676466,3.87283595,0.747243517,1.31E-08,1.09E-07,GATA5,3.87283595
ENSG00000154263.17,642.510934,-3.871939496,0.279370112,7.52E-45,5.58E-42,ABCA10,3.871939496
ENSG00000259170.1,0.721458648,-3.870576544,1.118449144,6.33E-05,0.000271592,AC090985.2,3.870576544
ENSG00000224715.1,14.7503066,3.867088853,0.926670845,1.54E-06,8.97E-06,Z82186.1,3.867088853
ENSG00000166960.16,85.11956463,-3.865836063,0.299698403,2.82E-39,1.03E-36,CCDC178,3.865836063
ENSG00000135424.18,5330.833723,-3.864596871,0.356064958,1.54E-28,1.50E-26,ITGA7,3.864596871
ENSG00000255345.1,6.450030411,3.862937533,0.640867161,1.34E-10,1.54E-09,AP002957.1,3.862937533
ENSG00000124440.16,410.8996825,-3.862163213,0.44121145,1.50E-19,5.52E-18,HIF3A,3.862163213
ENSG00000101280.8,133.8613757,-3.859186518,0.33262177,2.92E-32,4.40E-30,ANGPT4,3.859186518
ENSG00000143228.13,559.3763901,3.858213378,0.261032421,1.52E-50,2.30E-47,NUF2,3.858213378
ENSG00000175877.4,12.94271858,3.853710057,0.462381739,7.28E-18,2.24E-16,TMEM270,3.853710057
ENSG00000267361.1,13.54091362,-3.852036342,0.426128233,2.57E-20,1.03E-18,SEC24AP1,3.852036342
ENSG00000138675.16,5.44020427,3.846206022,0.65531665,3.36E-10,3.62E-09,FGF5,3.846206022
ENSG00000287446.1,8.784848981,3.844560149,0.680232312,1.29E-09,1.27E-08,AC007731.5,3.844560149
ENSG00000162891.10,205.659263,3.84453374,0.541437323,7.97E-14,1.44E-12,IL20,3.84453374
ENSG00000253824.2,4.785681929,3.843731983,0.533097765,0.00028573,0.001060429,AP003472.1,3.843731983
ENSG00000185686.18,786.2382546,3.84164174,0.745381196,1.50E-08,1.24E-07,PRAME,3.84164174
ENSG00000127564.17,471.9491197,3.83532865,0.317800688,1.15E-34,2.36E-32,PKMYT1,3.83532865
ENSG00000200201.1,1.022445204,-3.835120954,0.794338911,0.002296437,0.006856151,Y_RNA,3.835120954
ENSG00000205636.3,0.489221144,-3.834987936,1.506216439,0.008241311,0.021014649,LINC00583,3.834987936
ENSG00000225974.1,0.98555083,-3.834694324,1.017418744,1.63E-05,7.88E-05,AC005550.1,3.834694324
ENSG00000224092.1,0.524448921,-3.834087528,1.663131352,0.019333696,0.04391217,AL591644.1,3.834087528
ENSG00000254654.2,2.325501514,3.832160499,0.724390871,8.24E-10,8.36E-09,LINC02685,3.832160499
ENSG00000166292.12,586.6760824,-3.830243483,0.331585481,6.14E-32,8.74E-30,TMEM100,3.830243483
ENSG00000149596.7,1120.150882,-3.826985125,0.243927701,3.74E-34,7.17E-32,JPH2,3.826985125
ENSG00000276289.4,20.35138378,-3.826592076,0.340120563,1.14E-30,1.44E-28,KCNE1B,3.826592076
ENSG00000147434.9,36.98597761,3.825693654,0.47457015,6.29E-17,1.71E-15,CHRNA6,3.825693654
ENSG00000253474.2,5.118317847,-3.824602279,0.561460186,3.62E-13,6.01E-12,AC044893.1,3.824602279
ENSG00000236081.1,26.76395722,3.822421168,0.630647492,9.34E-11,1.10E-09,ELFN1-AS1,3.822421168
ENSG00000171199.11,835.8540425,-3.821155518,0.912245201,1.36E-06,8.04E-06,OPRPN,3.821155518
ENSG00000131747.15,6004.064923,3.8204846,0.33093634,6.07E-32,8.68E-30,TOP2A,3.8204846
ENSG00000229970.3,3.288026015,3.818521627,0.552353151,7.58E-07,4.68E-06,AC007128.1,3.818521627
ENSG00000154258.17,1409.979426,-3.818108543,0.260476498,7.72E-50,1.01E-46,ABCA9,3.818108543
ENSG00000241684.6,173.4493046,-3.817840579,0.231371279,3.82E-62,1.25E-58,ADAMTS9-AS2,3.817840579
ENSG00000171695.10,7.731945585,3.816607249,0.624397298,5.42E-11,6.60E-10,LKAAEAR1,3.816607249
ENSG00000231898.9,1.901644686,3.815367157,0.941428875,0.003595844,0.010191856,MYO3B-AS1,3.815367157
ENSG00000181617.6,1408.852183,-3.81378072,0.617501869,4.28E-11,5.31E-10,FDCSP,3.81378072
ENSG00000090889.12,804.563709,3.813051344,0.259285577,4.57E-50,6.20E-47,KIF4A,3.813051344
ENSG00000249231.8,10.25268036,3.812095196,0.532571661,1.81E-08,1.47E-07,CASC16,3.812095196
ENSG00000174145.8,61.44937786,-3.811822151,0.539935707,1.03E-13,1.84E-12,NWD2,3.811822151
ENSG00000129151.9,869.7291855,-3.811668284,0.384472078,2.43E-24,1.46E-22,BBOX1,3.811668284
ENSG00000234602.9,109.243074,3.810517443,0.501977311,2.22E-15,4.96E-14,MCIDAS,3.810517443
ENSG00000234800.2,1.747581146,3.809559136,1.389709614,0.000508602,0.001783444,PCMTD1P3,3.809559136
ENSG00000181778.5,24.25147252,-3.807483913,0.343194173,2.22E-29,2.37E-27,TMEM252,3.807483913
ENSG00000223563.1,0.471515258,-3.800711594,1.475052937,0.006653549,0.017465963,AP001599.1,3.800711594
ENSG00000230836.1,8.356622994,3.795240501,0.555228755,4.44E-05,0.000196578,LINC01293,3.795240501
ENSG00000249312.1,0.991025282,3.793645544,1.113230946,0.000121189,0.000488938,ARL2BPP4,3.793645544
ENSG00000149090.12,2281.071264,-3.790526673,0.232111377,7.12E-61,2.00E-57,PAMR1,3.790526673
ENSG00000127561.15,162.5224149,3.787348732,0.392366481,3.53E-23,1.88E-21,SYNGR3,3.787348732
ENSG00000287417.1,10.51782077,-3.787299265,0.455978825,6.15E-18,1.91E-16,AC006059.4,3.787299265
ENSG00000153820.13,143.9224697,-3.785637182,0.593287098,1.09E-11,1.47E-10,SPHKAP,3.785637182
ENSG00000287740.1,2.735313837,-3.784587401,0.633712664,2.04E-11,2.64E-10,AC115485.1,3.784587401
ENSG00000158571.11,549.3909504,-3.781721242,0.400226486,2.27E-22,1.11E-20,PFKFB1,3.781721242
ENSG00000244062.1,2.498715633,-3.781634154,0.778246649,1.07E-08,9.09E-08,AC080128.1,3.781634154
ENSG00000279773.1,7.563182885,3.781400917,1.349959022,0.00020007,0.000767759,AL050303.3,3.781400917
ENSG00000251144.1,2.115754617,3.776127909,0.852671051,1.93E-07,1.33E-06,AC113346.1,3.776127909
ENSG00000259664.3,3.775557019,-3.775839464,0.642322522,6.00E-11,7.26E-10,LINC02254,3.775839464
ENSG00000237761.3,0.633098133,3.774861912,1.05607005,1.52E-05,7.36E-05,AL161646.1,3.774861912
ENSG00000231817.9,71.4261166,-3.773150956,0.58903648,4.31E-27,3.58E-25,LINC01198,3.773150956
ENSG00000250387.3,8.283602696,3.77235674,1.055384571,1.75E-05,8.41E-05,LINC02197,3.77235674
ENSG00000279036.1,10.91562002,-3.770544164,0.348922007,4.69E-28,4.34E-26,AC015656.1,3.770544164
ENSG00000204001.9,3.876100398,-3.769182956,0.846327662,2.17E-07,1.48E-06,LCN8,3.769182956
ENSG00000227300.12,2.414911438,-3.768924812,0.577724792,4.22E-14,7.93E-13,KRT16P2,3.768924812
ENSG00000169248.13,548.1882692,3.767895587,0.394327725,8.97E-23,4.55E-21,CXCL11,3.767895587
ENSG00000012504.15,3.503531557,-3.767753192,1.07182789,8.37E-06,4.26E-05,NR1H4,3.767753192
ENSG00000169418.10,3216.093167,-3.766340559,0.277545803,5.59E-43,3.38E-40,NPR1,3.766340559
ENSG00000249599.2,32.43133355,3.766333524,0.702100907,5.17E-09,4.61E-08,BMPR1B-DT,3.766333524
ENSG00000270977.2,35.77476201,3.761848336,0.393022343,1.05E-22,5.29E-21,AC015849.5,3.761848336
ENSG00000255774.2,335.2109172,3.759268498,0.439101813,7.90E-19,2.71E-17,LINC02747,3.759268498
ENSG00000178796.13,26.21778659,3.758686891,0.454098863,5.28E-11,6.45E-10,RIIAD1,3.758686891
ENSG00000250626.3,1.171152311,-3.75845143,0.803119048,4.55E-09,4.09E-08,AC093909.4,3.75845143
ENSG00000278902.1,1.530369838,3.75799488,0.894868699,7.10E-07,4.41E-06,AC010947.1,3.75799488
ENSG00000128918.15,605.2103888,-3.75693912,0.20128787,6.71E-79,4.39E-75,ALDH1A2,3.75693912
ENSG00000197766.8,7089.648999,-3.75594822,0.378857365,2.31E-24,1.39E-22,CFD,3.75594822
ENSG00000251061.2,0.612225639,-3.755555833,1.677245605,0.011798363,0.028686445,LINC02512,3.755555833
ENSG00000095637.22,21942.25658,-3.754025171,0.325817455,9.33E-32,1.30E-29,SORBS1,3.754025171
ENSG00000187608.10,5469.153679,3.750884834,0.418814777,2.22E-20,8.92E-19,ISG15,3.750884834
ENSG00000116996.9,0.65518346,3.750666374,0.910126634,0.008667333,0.021964101,ZP4,3.750666374
ENSG00000122180.5,2.673797753,-3.750097591,0.722922919,0.000784265,0.002636184,MYOG,3.750097591
ENSG00000277494.2,1157.525431,-3.748898826,0.302345829,1.75E-36,4.68E-34,GPIHBP1,3.748898826
ENSG00000266524.3,430.4818238,-3.746317151,0.362499437,3.49E-26,2.62E-24,GDF10,3.746317151
ENSG00000184906.11,2.250651916,-3.745834325,0.734824542,4.46E-09,4.02E-08,AMYH02020865.1,3.745834325
ENSG00000232746.1,2.183887556,-3.74405695,0.93362483,2.70E-06,1.51E-05,LINC02022,3.74405695
ENSG00000229436.1,32.10758118,-3.742063411,0.492636562,1.97E-15,4.43E-14,AC073850.1,3.742063411
ENSG00000116194.13,903.300173,-3.741078124,0.283150952,5.57E-41,2.67E-38,ANGPTL1,3.741078124
ENSG00000287692.1,37.08152882,-3.739377799,0.35328935,2.17E-27,1.87E-25,AC053545.1,3.739377799
ENSG00000238077.1,0.435904714,-3.736956338,1.423062838,0.004956545,0.013470816,NMNAT1P3,3.736956338
ENSG00000172318.5,95.66707032,-3.733663305,0.338617984,2.24E-29,2.38E-27,B3GALT1,3.733663305
ENSG00000284395.2,36.62474786,3.733046886,0.458616693,2.60E-17,7.46E-16,PERCC1,3.733046886
ENSG00000250048.2,4.153428599,-3.731171881,0.649747284,2.41E-10,2.66E-09,LINC00603,3.731171881
ENSG00000169900.8,213.5529899,3.730534069,0.747615445,3.58E-08,2.78E-07,PYDC1,3.730534069
ENSG00000177238.14,36.05282021,-3.7293761,0.469653557,0.00250625,0.007409357,TRIM72,3.7293761
ENSG00000254211.6,94.76352843,-3.728782604,0.497817881,3.90E-15,8.41E-14,LINC01485,3.728782604
ENSG00000287704.1,1.382570264,3.727111621,1.195584091,0.000256305,0.000961853,AC012405.1,3.727111621
ENSG00000279204.1,144.4129434,-3.727021238,0.332513194,2.53E-30,3.03E-28,AC134043.3,3.727021238
ENSG00000274312.1,11.43329341,-3.720932302,0.458688163,1.82E-17,5.33E-16,AC015722.2,3.720932302
ENSG00000204767.4,665.5238645,-3.720565033,0.419782567,5.19E-20,2.00E-18,INSYN2B,3.720565033
ENSG00000228983.9,3.227071749,-3.719677733,0.474823088,2.12E-17,6.17E-16,SLC47A1P1,3.719677733
ENSG00000143196.5,3179.178456,-3.718951763,0.316624125,5.20E-33,8.51E-31,DPT,3.718951763
ENSG00000229246.2,13.45149881,-3.718921446,0.39363486,4.20E-22,2.00E-20,LINC00377,3.718921446
ENSG00000105048.17,434.2932034,-3.718377818,0.531782875,1.24E-14,2.50E-13,TNNT1,3.718377818
ENSG00000229206.3,1.022025782,-3.715708528,0.966720359,2.48E-06,1.40E-05,AL162408.1,3.715708528
ENSG00000248822.1,1.407773712,-3.709099392,1.638321007,0.010792867,0.0265656,APOBEC3AP1,3.709099392
ENSG00000083067.23,44.68695738,-3.708248118,0.260066199,3.82E-47,3.34E-44,TRPM3,3.708248118
ENSG00000242268.3,11.19495596,-3.705529406,0.528079685,3.59E-14,6.83E-13,LINC02082,3.705529406
ENSG00000225398.3,11.37820347,-3.703306499,0.35537876,1.74E-26,1.34E-24,PGM5P4,3.703306499
ENSG00000188037.12,21.87831424,-3.7002357,0.267911317,0.000227556,0.000862369,CLCN1,3.7002357
ENSG00000241361.8,151.9110578,3.698953414,0.757077871,6.20E-08,4.62E-07,SLC25A24P1,3.698953414
ENSG00000162975.5,352.6638062,3.698516227,0.438203483,1.88E-18,6.17E-17,KCNF1,3.698516227
ENSG00000286500.1,1.654573253,-3.698489837,0.781707129,3.04E-08,2.39E-07,AL512643.2,3.698489837
ENSG00000197110.9,2.143675212,3.69708323,0.914818775,3.73E-06,2.04E-05,IFNL3,3.69708323
ENSG00000286250.1,26.86849741,-3.695004176,0.472617682,5.69E-16,1.38E-14,AL161945.1,3.695004176
ENSG00000228528.2,4.136584129,-3.689996647,0.576937013,1.86E-11,2.42E-10,AC068057.1,3.689996647
ENSG00000125879.5,18.9710047,3.688993772,0.618466646,1.67E-10,1.89E-09,OTOR,3.688993772
ENSG00000099957.16,94.52370886,-3.687033056,0.40132367,2.30E-21,1.03E-19,P2RX6,3.687033056
ENSG00000229221.1,6.995478935,-3.684427122,0.515082259,7.46E-14,1.35E-12,HNRNPA1P66,3.684427122
ENSG00000204936.10,31.19516336,3.682516462,0.463678185,4.94E-07,3.16E-06,CD177,3.682516462
ENSG00000260019.2,4.739613315,3.682471828,0.948020652,7.84E-06,4.02E-05,LINC01992,3.682471828
ENSG00000232451.2,1.031222335,-3.681848477,0.738843423,3.16E-06,1.75E-05,AC018467.1,3.681848477
ENSG00000283408.2,2.255218974,-3.680425621,0.610666323,6.26E-12,8.69E-11,MIR548A1HG,3.680425621
ENSG00000263709.1,1.865239785,-3.679792692,0.731559952,4.64E-09,4.17E-08,AC024619.3,3.679792692
ENSG00000268088.1,3.405810839,3.679598705,0.858314375,5.95E-07,3.76E-06,AC093063.1,3.679598705
ENSG00000164776.10,129.5479954,-3.67901246,0.224191957,6.50E-16,1.56E-14,PHKG1,3.67901246
ENSG00000185482.8,166.5491284,-3.678160558,0.20132174,1.05E-06,6.31E-06,STAC3,3.678160558
ENSG00000094963.14,4896.555187,-3.677431698,0.309228694,1.18E-33,2.10E-31,FMO2,3.677431698
ENSG00000206120.11,12.2278488,-3.677127012,0.419201025,1.42E-19,5.23E-18,EGFEM1P,3.677127012
ENSG00000123388.4,284.2531693,3.675669376,0.430516395,9.86E-19,3.34E-17,HOXC11,3.675669376
ENSG00000122641.11,3268.887604,3.675472305,0.28585225,5.57E-39,1.97E-36,INHBA,3.675472305
ENSG00000176204.13,12.41161789,-3.674806252,0.641211136,6.12E-10,6.32E-09,LRRTM4,3.674806252
ENSG00000174899.12,237.5755811,-3.671332792,0.309443342,1.18E-33,2.10E-31,SLC66A1L,3.671332792
ENSG00000279976.1,0.877533121,-3.670707177,1.040839288,7.90E-05,0.000332224,AC073862.4,3.670707177
ENSG00000263155.6,592.2810444,-3.66625039,0.321008254,2.38E-31,3.18E-29,MYZAP,3.66625039
ENSG00000278677.2,3.605622119,3.663635591,0.612436186,1.06E-10,1.24E-09,H2AC17,3.663635591
ENSG00000120907.18,221.7020667,-3.661552303,0.573229727,1.09E-11,1.47E-10,ADRA1A,3.661552303
ENSG00000265992.1,6.595416457,-3.66127993,0.885599934,1.44E-06,8.42E-06,ESRG,3.66127993
ENSG00000146054.18,44.86971844,-3.660681807,0.243609784,4.95E-05,0.000217209,TRIM7,3.660681807
ENSG00000160161.9,602.8007581,3.659746961,0.268724299,2.19E-43,1.41E-40,CILP2,3.659746961
ENSG00000260573.4,34.71776018,3.658779581,0.582905458,2.30E-11,2.96E-10,AC007493.1,3.658779581
ENSG00000186487.20,3.474743359,3.657339695,0.386957892,0.00071084,0.002413749,MYT1L,3.657339695
ENSG00000280229.1,0.729742355,3.656963823,1.325904848,0.002303165,0.006874669,AL161658.1,3.656963823
ENSG00000225606.1,1.399818319,3.656758545,1.141201733,0.000278114,0.001035095,AC005281.1,3.656758545
ENSG00000287115.1,41.59193532,-3.655623917,0.333144878,2.54E-29,2.67E-27,AC009951.6,3.655623917
ENSG00000138653.10,10.42059607,3.652467423,0.809312839,5.83E-06,3.07E-05,NDST4,3.652467423
ENSG00000286638.1,5.855380416,-3.651310872,0.358642269,3.31E-25,2.19E-23,AC123595.2,3.651310872
ENSG00000132170.23,2776.064093,-3.650040953,0.325162636,2.77E-30,3.30E-28,PPARG,3.650040953
ENSG00000197588.9,10.38327188,3.648569452,0.442291765,1.57E-17,4.64E-16,KLKP1,3.648569452
ENSG00000196364.9,5.589166191,3.646239176,0.577058531,2.26E-11,2.91E-10,PRSS29P,3.646239176
ENSG00000235263.1,5.389895193,-3.64414873,0.61561456,1.67E-10,1.89E-09,AL928921.1,3.64414873
ENSG00000215023.2,6.339336152,3.642780853,0.571729979,1.38E-11,1.83E-10,AC131097.1,3.642780853
ENSG00000103044.11,1607.247133,-3.642599207,0.278059591,2.87E-40,1.15E-37,HAS3,3.642599207
ENSG00000169605.7,1.419813534,-3.641875248,0.845927929,3.07E-07,2.04E-06,GKN1,3.641875248
ENSG00000224940.9,315.8150997,-3.641744956,0.502359676,2.70E-14,5.22E-13,PRRT4,3.641744956
ENSG00000146477.6,373.8708132,-3.640670267,0.273002581,1.12E-41,5.79E-39,SLC22A3,3.640670267
ENSG00000280429.1,20.09146417,-3.638196425,0.545411196,2.37E-12,3.53E-11,AF001548.3,3.638196425
ENSG00000240253.6,33.15604223,3.63173461,0.799990679,0.000126442,0.000508254,FAR2P3,3.63173461
ENSG00000264177.1,1.160653955,3.627882645,0.718344268,0.007170513,0.018625127,AL353997.2,3.627882645
ENSG00000122121.11,235.5355324,-3.625396836,0.321427714,1.04E-30,1.32E-28,XPNPEP2,3.625396836
ENSG00000196549.12,7341.075446,-3.624253846,0.221566071,1.74E-60,4.56E-57,MME,3.624253846
ENSG00000112782.19,844.2993632,-3.624248998,0.219424936,3.69E-21,1.61E-19,CLIC5,3.624248998
ENSG00000237560.7,18.91300056,-3.622922978,0.520676981,2.85E-13,4.79E-12,LINC01497,3.622922978
ENSG00000154553.16,3440.797348,-3.622876208,0.230047907,4.00E-18,1.26E-16,PDLIM3,3.622876208
ENSG00000166959.8,88.16990308,3.622601647,0.659328741,2.37E-09,2.24E-08,MS4A8,3.622601647
ENSG00000236849.6,6.283734256,-3.622361006,0.502362877,4.68E-14,8.75E-13,LINC01474,3.622361006
ENSG00000264319.1,1.125041984,-3.621755962,1.016097928,6.03E-05,0.000259872,MIR4801,3.621755962
ENSG00000250215.1,1.311712325,3.619651803,0.559320247,0.000191751,0.000740591,CIR1P2,3.619651803
ENSG00000170454.6,12.67419772,3.619312501,0.533249999,0.000901031,0.002981225,KRT75,3.619312501
ENSG00000163623.9,155.4181542,3.618858339,0.458360403,2.09E-16,5.32E-15,NKX6-1,3.618858339
ENSG00000215910.7,7.803029251,3.618477228,0.584803728,0.000134914,0.000539108,C1orf167,3.618477228
ENSG00000263745.7,6.96449574,3.618155586,0.570087565,1.93E-11,2.51E-10,AP005230.1,3.618155586
ENSG00000258987.2,3.820523121,-3.617950357,0.359454194,1.74E-06,1.01E-05,AL132642.1,3.617950357
ENSG00000273079.6,110.1964448,-3.614913221,0.414130735,2.12E-19,7.69E-18,GRIN2B,3.614913221
ENSG00000274730.1,0.483062381,-3.614136758,1.631518764,0.021197352,0.047453657,AC141273.2,3.614136758
ENSG00000188525.4,38.74488593,-3.614024299,0.623426025,4.38E-10,4.64E-09,AC010969.1,3.614024299
ENSG00000125999.11,896.3060846,3.612243425,0.476297104,2.30E-15,5.12E-14,BPIFB1,3.612243425
ENSG00000115414.21,201251.6933,3.611382769,0.305094322,4.50E-28,4.20E-26,FN1,3.611382769
ENSG00000132429.10,24.71684308,-3.609218459,0.31527133,1.14E-08,9.62E-08,POPDC3,3.609218459
ENSG00000179902.13,20.00479773,3.608565241,0.406957178,2.02E-07,1.39E-06,C1orf194,3.608565241
ENSG00000128610.12,1.693686671,3.60715035,0.857589369,0.006994642,0.018230992,FEZF1,3.60715035
ENSG00000171596.7,213.728206,-3.606677095,0.384119783,4.04E-22,1.93E-20,NMUR1,3.606677095
ENSG00000080166.16,76.69998231,-3.604331335,0.416082469,3.18E-19,1.13E-17,DCT,3.604331335
ENSG00000258548.6,10.1907629,-3.603741796,0.895086587,1.83E-06,1.05E-05,LINC00645,3.603741796
ENSG00000189129.14,1197.356825,-3.60352681,0.281357331,1.03E-38,3.62E-36,PLAC9,3.60352681
ENSG00000223656.1,19.5636163,-3.602695479,0.382838449,1.32E-22,6.62E-21,HMGB3P10,3.602695479
ENSG00000165643.11,6.234009398,3.602500148,1.012583685,1.64E-05,7.91E-05,SOHLH1,3.602500148
ENSG00000207611.1,0.788952471,3.60189249,1.031152819,0.015649869,0.036564141,MIR149,3.60189249
ENSG00000119547.6,135.6453016,3.598788532,0.403375559,3.47E-20,1.36E-18,ONECUT2,3.598788532
ENSG00000229558.2,10.05212665,-3.597329161,0.369652886,5.00E-23,2.60E-21,SACS-AS1,3.597329161
ENSG00000171401.15,213.2954995,-3.59697509,0.890289588,2.62E-06,1.47E-05,KRT13,3.59697509
ENSG00000074211.14,701.6679085,3.596728268,0.456841829,2.42E-16,6.12E-15,PPP2R2C,3.596728268
ENSG00000171819.5,225.6651309,-3.596567501,0.556338004,6.48E-12,8.99E-11,ANGPTL7,3.596567501
ENSG00000196990.9,1.770774604,3.592796124,0.454383561,6.94E-06,3.60E-05,FAM163B,3.592796124
ENSG00000237487.1,12.1601087,3.592514024,0.491298048,2.31E-14,4.49E-13,VN1R48P,3.592514024
ENSG00000222032.1,12.21217214,3.592453567,0.627846356,1.14E-09,1.13E-08,AC112721.2,3.592453567
ENSG00000267409.1,4.414767091,3.591925629,0.467355739,1.32E-15,3.03E-14,AC068473.4,3.591925629
ENSG00000137033.11,2403.622184,-3.591109278,0.246494077,3.28E-49,3.79E-46,IL33,3.591109278
ENSG00000171773.3,2.992151441,-3.589823546,0.563033569,4.74E-12,6.74E-11,NXNL1,3.589823546
ENSG00000240654.6,46.16614938,-3.589634985,0.386312197,1.06E-21,4.91E-20,C1QTNF9,3.589634985
ENSG00000269124.1,1.242207588,-3.588815276,0.764022381,2.01E-08,1.62E-07,AC007193.2,3.588815276
ENSG00000286463.1,3.132285547,-3.588202599,0.595684174,1.21E-10,1.40E-09,AP002755.1,3.588202599
ENSG00000108417.4,14.50059349,3.587340903,0.533739621,1.34E-12,2.07E-11,KRT37,3.587340903
ENSG00000285935.1,0.449145455,-3.587256583,1.560719461,0.018499362,0.042271344,AL159978.1,3.587256583
ENSG00000250584.3,13.51289844,-3.586132329,0.575583287,8.71E-07,5.32E-06,LINC01511,3.586132329
ENSG00000230498.3,21.39001143,3.582832246,0.629286284,0.000113249,0.000460306,AL035409.1,3.582832246
ENSG00000204065.3,76.91072139,-3.581307397,0.360734933,2.37E-24,1.42E-22,TCEAL5,3.581307397
ENSG00000237576.2,1.951196214,-3.574264678,0.789296412,3.08E-07,2.04E-06,LINC01888,3.574264678
ENSG00000271810.5,0.714724483,3.573825729,1.319103129,0.002832038,0.008250798,AL603832.3,3.573825729
ENSG00000179914.5,13.7929783,-3.570369788,0.743643122,7.44E-08,5.49E-07,ITLN1,3.570369788
ENSG00000101349.17,114.0331069,-3.569487968,0.498691957,5.54E-14,1.02E-12,PAK5,3.569487968
ENSG00000287120.1,1.67268026,3.569260092,0.830679199,9.31E-07,5.67E-06,AL138773.1,3.569260092
ENSG00000266995.1,10.9806118,3.568386795,0.42494745,3.49E-18,1.12E-16,AP001542.1,3.568386795
ENSG00000188729.6,4.326910998,-3.568114697,0.539748672,1.21E-13,2.15E-12,OSTN,3.568114697
ENSG00000148677.7,20.85084877,-3.56751379,0.381614435,0.004061661,0.011327438,ANKRD1,3.56751379
ENSG00000066813.14,5.270970416,-3.566123247,0.372598996,8.06E-23,4.11E-21,ACSM2B,3.566123247
ENSG00000105974.13,24739.79179,-3.565481341,0.246999755,9.03E-48,8.07E-45,CAV1,3.565481341
ENSG00000286570.1,4.347062508,3.562941384,0.829812469,9.49E-07,5.77E-06,AC104304.3,3.562941384
ENSG00000215483.11,125.6747835,-3.561078908,0.330171834,2.69E-28,2.54E-26,LINC00598,3.561078908
ENSG00000163687.14,238.349957,-3.560904187,0.321012854,8.59E-30,9.70E-28,DNASE1L3,3.560904187
ENSG00000162004.18,240.4082996,3.560568701,0.383549448,1.21E-21,5.55E-20,CCDC78,3.560568701
ENSG00000248975.2,0.845268428,-3.558919606,0.929099262,3.05E-06,1.69E-05,AL133372.2,3.558919606
ENSG00000071677.1,2.444402217,3.557703792,0.787612406,2.15E-07,1.47E-06,PRLH,3.557703792
ENSG00000159648.11,34.44499176,-3.556025945,0.376635967,1.96E-22,9.65E-21,TEPP,3.556025945
ENSG00000165309.14,116.7304096,3.555680324,0.433047936,1.63E-17,4.82E-16,ARMC3,3.555680324
ENSG00000259240.1,1.506794784,3.555604975,1.168949099,0.000258818,0.000970451,MIR4713HG,3.555604975
ENSG00000123838.11,160.5176789,-3.555157635,0.543601806,3.80E-12,5.50E-11,C4BPA,3.555157635
ENSG00000285624.2,9.942340203,-3.554997815,0.581761561,1.02E-07,7.39E-07,AC025062.3,3.554997815
ENSG00000135451.13,402.9219774,3.554865255,0.290561627,1.61E-35,3.73E-33,TROAP,3.554865255
ENSG00000170689.10,146.7111609,3.552266169,0.418706629,1.59E-18,5.28E-17,HOXB9,3.552266169
ENSG00000277241.1,1.813353677,3.551529328,0.892851614,0.008581055,0.021770742,AC026355.4,3.551529328
ENSG00000000005.6,420.2875064,-3.550454632,0.532355788,1.71E-12,2.60E-11,TNMD,3.550454632
ENSG00000252410.1,3.971816716,-3.549498623,0.636791977,1.84E-10,2.06E-09,RNU5B-3P,3.549498623
ENSG00000228971.3,490.4950188,-3.547159848,0.454663982,4.41E-16,1.08E-14,LINC02607,3.547159848
ENSG00000182747.5,8.455299055,3.544454245,0.617695922,6.38E-10,6.58E-09,SLC35D3,3.544454245
ENSG00000234115.2,16.13619108,3.544383606,0.514025375,4.00E-13,6.62E-12,AL138878.2,3.544383606
ENSG00000188817.8,23.78689824,3.54308797,0.533232495,2.15E-12,3.22E-11,SNTN,3.54308797
ENSG00000271070.1,0.745974229,-3.541595262,1.57104137,0.012746111,0.030679383,GMCL1P2,3.541595262
ENSG00000223979.2,2.249993776,3.540799407,0.710194203,2.58E-08,2.05E-07,SMCR2,3.540799407
ENSG00000258773.2,0.663157768,3.540766709,1.319804337,0.003303047,0.009453366,AC087636.1,3.540766709
ENSG00000237987.1,1.55405731,-3.538214587,0.696853108,3.79E-10,4.06E-09,AL606970.4,3.538214587
ENSG00000183549.10,487.1498158,-3.538099951,0.345999031,1.01E-25,7.14E-24,ACSM5,3.538099951
ENSG00000129596.5,1405.217342,-3.535506404,0.337348105,7.10E-27,5.74E-25,CDO1,3.535506404
ENSG00000196593.9,4.01972569,3.535203913,1.31013109,0.000376367,0.00136106,ANKRD20A19P,3.535203913
ENSG00000104415.14,1170.786667,3.533712025,0.283214994,8.05E-37,2.31E-34,CCN4,3.533712025
ENSG00000279587.1,11.30297997,-3.533069345,0.427660395,1.51E-17,4.47E-16,AC006963.1,3.533069345
ENSG00000250431.1,2.560354442,-3.532913283,1.188629509,8.10E-05,0.000339612,AC105914.2,3.532913283
ENSG00000154118.13,59.53201198,3.532411088,0.40898428,3.39E-13,5.65E-12,JPH3,3.532411088
ENSG00000225473.1,1.687077987,-3.531808437,0.88094237,0.000184797,0.000716287,ATP13A4-AS1,3.531808437
ENSG00000117594.10,642.0885346,-3.531548545,0.369075707,7.46E-23,3.81E-21,HSD11B1,3.531548545
ENSG00000183856.11,1126.429893,3.531100027,0.264594589,9.99E-42,5.30E-39,IQGAP3,3.531100027
ENSG00000226806.1,8.490663736,3.530736666,0.637196331,2.30E-09,2.18E-08,LCT-AS1,3.530736666
ENSG00000229498.1,4.083919403,-3.530454308,0.470431913,4.71E-15,1.01E-13,AC105053.1,3.530454308
ENSG00000207422.1,20.7221292,3.53010207,0.615451967,6.37E-10,6.57E-09,RNU6-813P,3.53010207
ENSG00000287335.1,27.90290364,3.527343236,0.490709295,5.49E-14,1.01E-12,AL139351.3,3.527343236
ENSG00000228221.6,228.3370084,3.523101697,0.437846286,1.39E-08,1.15E-07,LINC00578,3.523101697
ENSG00000212410.1,0.799448271,-3.521688381,1.081017052,0.000345023,0.001258252,RNU6-932P,3.521688381
ENSG00000131095.13,141.4966096,-3.51932518,0.318343646,1.67E-29,1.81E-27,GFAP,3.51932518
ENSG00000101057.16,1763.725111,3.518831473,0.348296339,4.12E-25,2.68E-23,MYBL2,3.518831473
ENSG00000221866.9,3341.641313,-3.518260175,0.351453507,1.28E-24,7.94E-23,PLXNA4,3.518260175
ENSG00000148053.17,12143.67456,-3.516289148,0.298619919,3.79E-33,6.39E-31,NTRK2,3.516289148
ENSG00000277478.1,0.610471762,-3.515132664,1.160069858,0.000709916,0.002411651,MIR6165,3.515132664
ENSG00000228868.3,5.166442022,-3.514687112,0.4552313,9.24E-16,2.16E-14,MYLKP1,3.514687112
ENSG00000279712.1,5.600609684,3.513183301,0.659449413,7.72E-09,6.69E-08,FP325330.3,3.513183301
ENSG00000167779.9,2625.670459,-3.512721494,0.262700104,6.29E-42,3.53E-39,IGFBP6,3.512721494
ENSG00000207870.1,5.70240329,-3.510420691,0.460106476,2.42E-15,5.39E-14,MIR221,3.510420691
ENSG00000143125.6,14.86256445,-3.509351607,0.563692491,3.26E-11,4.11E-10,PROK1,3.509351607
ENSG00000124003.13,5.900929241,-3.508536066,0.472635492,8.53E-15,1.76E-13,MOGAT1,3.508536066
ENSG00000276365.1,48.92996012,-3.508030165,0.371705609,2.44E-22,1.19E-20,MIR145,3.508030165
ENSG00000179603.18,32.94149704,3.505283748,0.370216677,2.60E-22,1.27E-20,GRM8,3.505283748
ENSG00000239265.5,7.207292572,3.504431178,0.590269335,2.20E-10,2.43E-09,CLRN1-AS1,3.504431178
ENSG00000170298.15,20.63483611,3.503477165,0.541933825,7.68E-12,1.06E-10,LGALS9B,3.503477165
ENSG00000287826.1,340.6111842,3.502458034,0.619936387,3.95E-05,0.000176342,AC090994.1,3.502458034
ENSG00000090659.18,559.9387157,-3.50138015,0.342371285,1.15E-25,8.13E-24,CD209,3.50138015
ENSG00000170788.14,3.051507538,3.498835217,0.735918955,1.41E-07,9.93E-07,DYDC1,3.498835217
ENSG00000244681.1,2.143204502,-3.497997746,0.795069079,5.62E-07,3.56E-06,MTHFD2P1,3.497997746
ENSG00000214081.8,5.534364734,3.49760384,1.377370401,0.000482317,0.001699552,CYP4F30P,3.49760384
ENSG00000255471.1,252.7881246,-3.496290549,0.310883628,1.80E-30,2.21E-28,AP001528.1,3.496290549
ENSG00000271013.1,18.46046925,3.496037489,0.473638453,1.25E-14,2.52E-13,LRRC37A9P,3.496037489
ENSG00000178734.5,5.523909408,-3.493806762,0.40168242,2.40E-19,8.62E-18,LMO7DN,3.493806762
ENSG00000267069.1,18.78013722,-3.493683805,0.330167421,4.03E-27,3.36E-25,AP005264.1,3.493683805
ENSG00000260947.1,61.07860319,-3.4910835,0.298069376,7.88E-33,1.27E-30,AL356489.2,3.4910835
ENSG00000116678.20,2743.337534,-3.488030669,0.253692155,3.78E-44,2.60E-41,LEPR,3.488030669
ENSG00000240298.3,0.386921844,-3.487752691,1.390095857,0.00728684,0.018883581,RPL36AP40,3.487752691
ENSG00000138316.11,281.9979961,3.486927475,0.330301956,3.59E-27,3.01E-25,ADAMTS14,3.486927475
ENSG00000282840.1,14.8055547,-3.486156796,0.280623135,3.01E-36,7.82E-34,AC004554.1,3.486156796
ENSG00000144339.12,10.53710446,-3.484618436,0.449412695,1.92E-16,4.93E-15,TMEFF2,3.484618436
ENSG00000225386.2,3.912768206,-3.483819789,0.645896293,3.72E-09,3.40E-08,AC099754.1,3.483819789
ENSG00000165304.8,633.9033823,3.483754657,0.284925867,1.69E-35,3.87E-33,MELK,3.483754657
ENSG00000255394.4,0.946501502,3.483601832,1.362774259,0.003025969,0.008757989,C8orf49,3.483601832
ENSG00000118193.12,384.4319925,3.483417049,0.310225659,2.34E-30,2.82E-28,KIF14,3.483417049
ENSG00000114113.6,41.62454307,3.483397593,0.494510266,1.43E-13,2.50E-12,RBP2,3.483397593
ENSG00000235990.2,0.765954481,3.481904531,1.066692697,0.000310661,0.001143984,RPL23AP20,3.481904531
ENSG00000166961.15,140.0316129,3.479178501,0.846870885,2.24E-06,1.27E-05,MS4A15,3.479178501
ENSG00000011426.11,1550.310041,3.476956311,0.282510866,6.17E-36,1.52E-33,ANLN,3.476956311
ENSG00000189056.14,684.7227153,-3.476741557,0.349449052,1.98E-24,1.21E-22,RELN,3.476741557
ENSG00000184330.12,29.75678372,3.474276167,1.200776151,0.000160157,0.000628658,S100A7A,3.474276167
ENSG00000196427.13,103.7490049,3.473299509,0.571015752,8.47E-11,1.00E-09,NBPF4,3.473299509
ENSG00000256916.1,118.6147843,-3.473055812,0.523630277,2.34E-12,3.49E-11,AP000851.1,3.473055812
ENSG00000135773.13,205.9134597,3.470654183,0.332942234,7.60E-14,1.38E-12,CAPN9,3.470654183
ENSG00000196890.4,107.9149418,3.470546099,0.372952167,1.02E-21,4.74E-20,H2BU1,3.470546099
ENSG00000179915.24,212.2680605,-3.470022688,0.359857083,3.75E-23,1.99E-21,NRXN1,3.470022688
ENSG00000119508.18,1219.366242,-3.469878574,0.343150076,3.84E-25,2.50E-23,NR4A3,3.469878574
ENSG00000162849.16,1682.853856,3.46955543,0.290686374,5.36E-34,1.00E-31,KIF26B,3.46955543
ENSG00000177938.5,14.16469698,-3.467277599,0.558334525,3.61E-11,4.52E-10,CAPZA3,3.467277599
ENSG00000225376.6,2.387856208,-3.467173992,0.729962564,5.31E-08,4.02E-07,TMEM246-AS1,3.467173992
ENSG00000287652.1,6.229238041,-3.466600611,0.486604195,1.04E-13,1.85E-12,AC000082.1,3.466600611
ENSG00000152578.13,391.418484,-3.466104506,0.460606332,3.60E-15,7.78E-14,GRIA4,3.466104506
ENSG00000156284.6,1580.611875,-3.466056396,0.415246221,4.80E-18,1.50E-16,CLDN8,3.466056396
ENSG00000237813.4,19.54367412,-3.465166819,0.432402377,1.02E-16,2.71E-15,AC002066.1,3.465166819
ENSG00000140015.20,7.538772093,-3.465018417,0.538615994,4.89E-12,6.92E-11,KCNH5,3.465018417
ENSG00000196805.7,0.786634391,-3.463731717,1.47189752,0.006451958,0.017007228,SPRR2B,3.463731717
ENSG00000228358.6,2.742248745,3.462868622,0.75453539,1.68E-07,1.17E-06,LINC02263,3.462868622
ENSG00000144583.5,15.88946434,3.461115198,0.505536621,7.20E-13,1.15E-11,MARCHF4,3.461115198
ENSG00000173404.5,41.41697032,3.461029141,0.574271071,1.14E-10,1.32E-09,INSM1,3.461029141
ENSG00000228561.2,20.59313161,3.460131734,0.655518196,8.59E-09,7.40E-08,AC026355.2,3.460131734
ENSG00000259175.1,1.318463241,3.459801257,0.917051629,7.81E-06,4.00E-05,AC108451.1,3.459801257
ENSG00000225731.1,31.26536547,-3.458389232,0.277697251,1.26E-36,3.47E-34,PDE9A-AS1,3.458389232
ENSG00000253686.2,166.335969,-3.454490238,0.430319001,6.62E-17,1.80E-15,LINC01484,3.454490238
ENSG00000005102.14,945.5093036,-3.451920179,0.289343698,6.38E-34,1.18E-31,MEOX1,3.451920179
ENSG00000148965.10,15.911684,-3.450998921,0.415501494,7.66E-18,2.34E-16,SAA4,3.450998921
ENSG00000165124.18,8113.033386,-3.450189081,0.304544756,9.97E-31,1.28E-28,SVEP1,3.450189081
ENSG00000137261.14,114.5188009,3.449087005,0.42470928,3.29E-17,9.32E-16,KIAA0319,3.449087005
ENSG00000130675.15,56.95905899,3.44741844,0.414224017,6.77E-18,2.09E-16,MNX1,3.44741844
ENSG00000124882.4,80.29564763,-3.447398481,0.481003206,5.29E-14,9.80E-13,EREG,3.447398481
ENSG00000286527.1,3.904404515,-3.44535583,0.422610393,7.50E-18,2.29E-16,AL161665.2,3.44535583
ENSG00000272167.2,0.53543572,-3.444839322,1.071621288,0.000214507,0.000817569,AL606537.1,3.444839322
ENSG00000174371.17,509.405294,3.444651242,0.30809916,3.93E-30,4.60E-28,EXO1,3.444651242
ENSG00000243967.4,3.176689424,3.443972559,0.985878071,5.31E-05,0.00023168,NBPF5P,3.443972559
ENSG00000265538.1,0.68760036,-3.44300489,1.295770266,0.00279543,0.008155033,MIR4421,3.44300489
ENSG00000157851.17,16.0628039,3.442875038,0.726739925,0.000324583,0.001189784,DPYSL5,3.442875038
ENSG00000101098.13,1255.735496,3.439665218,0.495734035,2.85E-13,4.80E-12,RIMS4,3.439665218
ENSG00000284640.1,11.30433879,-3.438347951,0.380942116,9.69E-21,4.05E-19,AL590434.1,3.438347951
ENSG00000084628.10,1776.322298,3.438267166,0.502922816,5.80E-13,9.40E-12,NKAIN1,3.438267166
ENSG00000167749.11,127.4593069,3.437469712,0.380624221,1.27E-20,5.26E-19,KLK4,3.437469712
ENSG00000253125.1,195.4711869,3.436007424,0.42658707,5.97E-17,1.63E-15,AC055854.1,3.436007424
ENSG00000236036.2,13.4848955,-3.434704215,0.458405066,6.61E-15,1.38E-13,LINC00445,3.434704215
ENSG00000182782.8,550.6988167,-3.433006743,0.408731324,3.18E-18,1.02E-16,HCAR2,3.433006743
ENSG00000260192.3,30.96249748,-3.430489595,0.496273573,2.87E-13,4.83E-12,LINC02240,3.430489595
ENSG00000145777.15,118.0381686,-3.429636465,0.285095534,2.32E-34,4.52E-32,TSLP,3.429636465
ENSG00000173702.7,53.77278954,3.428791656,0.59763126,6.63E-10,6.82E-09,MUC13,3.428791656
ENSG00000143452.16,16.66223415,3.428717473,0.530668418,5.97E-05,0.000257878,HORMAD1,3.428717473
ENSG00000188452.14,32.40385834,3.427988413,0.44266764,7.57E-16,1.79E-14,CERKL,3.427988413
ENSG00000112984.12,956.0807315,3.426247771,0.290052434,2.67E-33,4.62E-31,KIF20A,3.426247771
ENSG00000166926.8,5.950756239,-3.426225599,0.838242121,2.05E-06,1.17E-05,MS4A6E,3.426225599
ENSG00000148408.13,55.31260259,3.42536381,0.494512434,3.16E-13,5.28E-12,CACNA1B,3.42536381
ENSG00000287373.1,11.78218205,-3.424533047,0.558681622,5.79E-11,7.04E-10,AL122014.1,3.424533047
ENSG00000172551.11,18999.8809,-3.424131088,0.568588501,1.11E-10,1.29E-09,MUCL1,3.424131088
ENSG00000154358.22,1670.416623,-3.424026848,0.244550285,0.000287343,0.001065729,OBSCN,3.424026848
ENSG00000226812.2,0.782061744,3.423556234,1.075471409,0.009315068,0.023377827,AL117382.1,3.423556234
ENSG00000218416.4,295.1939898,3.420707643,0.433409484,2.19E-16,5.58E-15,AC110619.1,3.420707643
ENSG00000123485.12,495.9575815,3.419101366,0.283166047,1.18E-34,2.41E-32,HJURP,3.419101366
ENSG00000122711.9,19.29740406,3.417753557,0.54001613,2.09E-11,2.71E-10,SPINK4,3.417753557
ENSG00000144119.4,28.03038482,-3.416260377,0.59611246,6.94E-10,7.11E-09,C1QL2,3.416260377
ENSG00000161281.11,978.8358281,-3.415250519,0.282453606,4.00E-15,8.60E-14,COX7A1,3.415250519
ENSG00000235819.2,9.245020855,-3.41474163,0.479723509,1.25E-13,2.20E-12,AL158828.1,3.41474163
ENSG00000106178.7,35.54099754,-3.414423361,0.399141834,6.31E-19,2.18E-17,CCL24,3.414423361
ENSG00000227964.1,4.555955664,3.414251372,0.439412504,1.20E-15,2.77E-14,LINC01429,3.414251372
ENSG00000070985.13,3.672325404,3.414041399,0.577361622,1.25E-06,7.42E-06,TRPM5,3.414041399
ENSG00000147160.9,6.3402361,-3.410691772,0.725599412,0.000540662,0.001883759,AWAT2,3.410691772
ENSG00000168309.18,1893.973135,-3.409696336,0.341874677,1.51E-24,9.33E-23,FAM107A,3.409696336
ENSG00000245812.3,120.2720352,-3.409534145,0.260060186,2.62E-40,1.07E-37,LINC02202,3.409534145
ENSG00000169252.6,586.5816227,-3.408022604,0.222046917,2.52E-54,5.20E-51,ADRB2,3.408022604
ENSG00000183378.12,73.47637743,-3.407473721,0.430736774,1.86E-16,4.79E-15,OVCH2,3.407473721
ENSG00000269945.1,0.626312993,3.405334132,0.738284653,0.0195265,0.04425541,AC004817.4,3.405334132
ENSG00000108823.16,46.25543232,-3.405188018,0.302770949,7.07E-10,7.24E-09,SGCA,3.405188018
ENSG00000285588.1,0.728019847,-3.403399468,1.331381,0.003015604,0.008732493,AL160254.1,3.403399468
ENSG00000264269.1,11.26846336,3.403363989,0.342655484,3.93E-24,2.30E-22,AC016866.1,3.403363989
ENSG00000260903.3,13.07296809,3.403261059,0.618015149,2.45E-09,2.31E-08,XKR7,3.403261059
ENSG00000162461.8,67.61757929,-3.402793903,0.221674051,1.01E-07,7.30E-07,SLC25A34,3.402793903
ENSG00000170608.3,64.47603457,3.402273357,0.564915416,1.22E-10,1.41E-09,FOXA3,3.402273357
ENSG00000265554.2,3.123316326,-3.398936936,0.677938519,1.11E-08,9.39E-08,AP005271.1,3.398936936
ENSG00000260318.1,47.39334833,3.398902745,0.607300823,0.006530458,0.01718187,COX6CP1,3.398902745
ENSG00000169607.13,369.5133341,3.39798669,0.276107162,6.83E-36,1.68E-33,CKAP2L,3.39798669
ENSG00000287059.1,141.8585342,-3.397311823,0.271646063,6.57E-37,1.93E-34,AC090004.2,3.397311823
ENSG00000270212.1,1.564754885,-3.394468595,0.902091095,6.37E-06,3.33E-05,AC008738.6,3.394468595
ENSG00000262152.7,50.79920907,3.393962245,0.433935363,3.67E-16,9.09E-15,LINC00514,3.393962245
ENSG00000233101.10,129.232388,3.393682251,0.540598118,2.46E-11,3.15E-10,HOXB-AS3,3.393682251
ENSG00000188517.16,191.0481779,-3.393140085,0.292626986,3.54E-32,5.20E-30,COL25A1,3.393140085
ENSG00000243792.1,0.784761891,-3.392472498,1.104034876,0.000653961,0.002235679,OR7E89P,3.392472498
ENSG00000171428.15,4993.604025,3.392221921,0.412216152,1.41E-17,4.20E-16,NAT1,3.392221921
ENSG00000276778.1,6.875665436,-3.391161188,0.475591852,1.18E-13,2.10E-12,LINC02227,3.391161188
ENSG00000280302.1,15.3576737,-3.390658307,0.447352595,3.17E-15,6.93E-14,AP005264.6,3.390658307
ENSG00000287439.1,3.165922324,-3.389685004,0.720921095,0.000146843,0.000582275,AC092078.3,3.389685004
ENSG00000168131.4,0.913000861,3.387034478,1.951287986,0.021077968,0.047226766,OR2B2,3.387034478
ENSG00000226025.9,55.91857977,3.386220743,0.594485237,7.11E-10,7.28E-09,LGALS17A,3.386220743
ENSG00000075461.6,4197.081223,3.38568666,0.393976553,6.93E-19,2.39E-17,CACNG4,3.38568666
ENSG00000249307.7,130.6613449,-3.382827295,0.430465411,2.79E-16,7.02E-15,LINC01088,3.382827295
ENSG00000102794.10,1.619070212,3.382421322,0.938499394,2.36E-05,0.000110286,ACOD1,3.382421322
ENSG00000232164.1,0.766247617,3.379215332,1.724153005,0.018744627,0.042762133,LINC01873,3.379215332
ENSG00000170484.10,2.380708312,-3.378822846,0.583150426,4.93E-11,6.04E-10,KRT74,3.378822846
ENSG00000230831.1,0.609471601,-3.378488834,1.244005363,0.002678038,0.007856911,AC007349.2,3.378488834
ENSG00000169064.13,11.02769906,3.377967131,0.664000335,2.49E-08,1.98E-07,ZBBX,3.377967131
ENSG00000259345.7,75.82317434,3.377812294,0.375507697,1.85E-20,7.54E-19,AC013652.1,3.377812294
ENSG00000250475.1,1.68903642,3.372624085,1.113780757,0.000287349,0.001065729,AC017037.2,3.372624085
ENSG00000104921.15,94.57471383,-3.371146097,0.555460967,8.67E-11,1.02E-09,FCER2,3.371146097
ENSG00000280362.1,40.76325135,-3.370528272,0.55927501,1.10E-10,1.28E-09,AC084759.3,3.370528272
ENSG00000235904.3,47.27159926,-3.369895313,0.258438297,8.36E-40,3.25E-37,RBMS3-AS3,3.369895313
ENSG00000262179.3,145.7113429,-3.369526904,0.435158061,6.89E-16,1.64E-14,MYMX,3.369526904
ENSG00000172403.11,8580.235355,-3.368095586,0.207955781,2.28E-32,3.46E-30,SYNPO2,3.368095586
ENSG00000232780.2,1.683735807,-3.367718949,0.675083074,0.000122359,0.000493202,GAPDHP74,3.367718949
ENSG00000204099.12,47.23481077,3.367461737,0.588388492,6.03E-10,6.22E-09,NEU4,3.367461737
ENSG00000263257.3,19.45626972,-3.365413526,0.637166283,5.96E-09,5.28E-08,AC040173.1,3.365413526
ENSG00000157087.20,39.75183982,-3.364934148,0.290900233,7.50E-09,6.51E-08,ATP2B2,3.364934148
ENSG00000259309.2,3.33959471,3.364505648,0.706978925,1.38E-07,9.74E-07,AC021818.1,3.364505648
ENSG00000254254.6,11.29845999,-3.363835657,0.520529006,6.32E-12,8.78E-11,AC012349.1,3.363835657
ENSG00000233754.2,2.573913035,-3.363409687,0.548252164,2.40E-11,3.09E-10,AP001628.2,3.363409687
ENSG00000285719.2,5.025093486,-3.363296984,0.413182233,3.68E-17,1.03E-15,AL356275.1,3.363296984
ENSG00000248663.6,51.66256566,3.362903613,0.631188721,6.85E-09,5.99E-08,LINC00992,3.362903613
ENSG00000186642.16,1965.31888,-3.362255071,0.23648981,6.39E-47,5.23E-44,PDE2A,3.362255071
ENSG00000200991.1,2.130525874,-3.360802244,0.931621985,2.11E-05,9.98E-05,AC012291.1,3.360802244
ENSG00000287092.1,5.145846135,-3.360368545,0.373092302,1.21E-20,5.02E-19,AL589693.1,3.360368545
ENSG00000256654.4,14.07945515,-3.359396233,0.457099914,1.53E-14,3.05E-13,AC005906.2,3.359396233
ENSG00000282988.2,43.74598851,3.359333276,0.513172567,4.46E-12,6.37E-11,AL031777.2,3.359333276
ENSG00000244094.2,5.679922233,-3.359291885,0.78677042,9.59E-07,5.82E-06,SPRR2F,3.359291885
ENSG00000287435.1,0.688700736,3.358850092,0.738697186,0.002121943,0.006393496,AC069404.1,3.358850092
ENSG00000243694.3,1.918071747,-3.358419034,0.795682267,1.75E-06,1.01E-05,LINC02027,3.358419034
ENSG00000182393.3,5.012162995,3.356523436,0.636844706,1.18E-08,9.89E-08,IFNL1,3.356523436
ENSG00000286522.2,8.74928722,3.355245583,0.599022831,1.56E-09,1.51E-08,H3C2,3.355245583
ENSG00000122584.13,96.12873913,3.354205063,0.873865198,0.000100253,0.000412218,NXPH1,3.354205063
ENSG00000117399.14,1187.249094,3.354155131,0.30244276,1.17E-29,1.29E-27,CDC20,3.354155131
ENSG00000278041.1,7.061401051,3.352798948,0.881259396,8.92E-06,4.51E-05,AL133325.3,3.352798948
ENSG00000173826.15,5.775953243,3.351856122,0.559847809,1.07E-06,6.45E-06,KCNH6,3.351856122
ENSG00000105509.11,169.572025,-3.350687937,0.507271968,2.63E-12,3.90E-11,HAS1,3.350687937
ENSG00000076555.15,10246.47415,-3.349795457,0.336471143,1.92E-24,1.18E-22,ACACB,3.349795457
ENSG00000114487.10,1.038190927,3.349438802,0.483327009,0.006051203,0.016074888,MORC1,3.349438802
ENSG00000231013.2,12.13502512,-3.348609956,0.461652818,3.65E-14,6.92E-13,SCTR-AS1,3.348609956
ENSG00000136383.7,1195.986269,-3.348246619,0.326417189,9.46E-10,9.49E-09,ALPK3,3.348246619
ENSG00000260284.1,57.30580827,3.348163243,0.528907397,1.75E-11,2.29E-10,TPSP2,3.348163243
ENSG00000092529.25,171.1984028,-3.347702558,0.247794564,2.93E-11,3.72E-10,CAPN3,3.347702558
ENSG00000155495.9,2.331308501,3.346624095,0.780079717,0.00693931,0.0181084,MAGEC1,3.346624095
ENSG00000254814.1,15.84842382,-3.346150062,0.543457634,6.21E-11,7.50E-10,AP003031.1,3.346150062
ENSG00000260347.1,1.894535674,-3.345127864,0.612624198,2.76E-10,3.02E-09,MOCS1P1,3.345127864
ENSG00000226087.2,47.77902714,3.344749266,0.503239601,1.83E-12,2.77E-11,AC073283.2,3.344749266
ENSG00000088325.16,2237.348238,3.344043521,0.245906386,3.09E-43,1.96E-40,TPX2,3.344043521
ENSG00000101188.5,5.40519099,3.343950509,0.453232032,0.000132883,0.000531802,NTSR1,3.343950509
ENSG00000253821.2,1.260755959,3.343434823,1.038596648,0.000124053,0.000499311,AC090796.1,3.343434823
ENSG00000187634.12,312.9627705,3.34283973,0.402482781,7.48E-18,2.29E-16,SAMD11,3.34283973
ENSG00000270513.1,10.63108283,-3.34207251,0.434193104,1.38E-15,3.17E-14,AC113368.1,3.34207251
ENSG00000249487.7,4.335847845,-3.341118104,0.559983154,2.06E-10,2.30E-09,LINC01586,3.341118104
ENSG00000039537.14,279.1321824,-3.340821888,0.494599779,9.83E-13,1.54E-11,C6,3.340821888
ENSG00000271830.1,3.476217299,3.339918147,0.950192903,2.72E-05,0.000125452,AC012213.4,3.339918147
ENSG00000154736.6,3633.80744,-3.339544467,0.215088736,1.86E-55,4.30E-52,ADAMTS5,3.339544467
ENSG00000106511.6,889.8627782,-3.337226077,0.262496083,4.39E-38,1.46E-35,MEOX2,3.337226077
ENSG00000223715.3,46.93002646,3.336910597,0.537293468,2.19E-06,1.24E-05,LINC01208,3.336910597
ENSG00000151952.16,2.292463744,3.336632341,0.838121107,5.12E-06,2.72E-05,TMEM132D,3.336632341
ENSG00000189058.9,55481.83196,-3.336492946,0.390863992,9.96E-19,3.37E-17,APOD,3.336492946
ENSG00000251985.1,1.246779438,-3.336031953,0.769338629,5.17E-07,3.30E-06,RNU6-1161P,3.336031953
ENSG00000288037.1,0.709589602,3.334545645,1.068512003,0.000486303,0.001712138,AL118511.4,3.334545645
ENSG00000268529.1,20.89344154,3.333587238,0.674732418,5.40E-08,4.08E-07,CYP2T3P,3.333587238
ENSG00000254337.2,9.166822602,3.330865702,0.494710457,1.19E-12,1.85E-11,AC083967.1,3.330865702
ENSG00000134765.10,62.82135579,-3.329294801,0.383039812,3.02E-19,1.08E-17,DSC1,3.329294801
ENSG00000204610.13,2.47421045,3.328803548,1.033822703,0.000109175,0.000445641,TRIM15,3.328803548
ENSG00000230257.5,3.473490558,3.328520624,0.333247195,1.92E-07,1.32E-06,NFE4,3.328520624
ENSG00000111206.13,1119.788292,3.327444326,0.271679057,1.42E-35,3.34E-33,FOXM1,3.327444326
ENSG00000154839.10,267.9151595,3.327241561,0.266322853,6.80E-37,1.98E-34,SKA1,3.327241561
ENSG00000236449.2,28.43005972,3.32409268,0.550495367,1.07E-10,1.25E-09,AC010894.2,3.32409268
ENSG00000025423.11,196.443977,3.323925662,0.256339652,1.58E-39,6.01E-37,HSD17B6,3.323925662
ENSG00000139304.16,211.750085,-3.323850232,0.531604856,2.68E-11,3.43E-10,PTPRQ,3.323850232
ENSG00000274642.1,4.109940827,-3.323089006,0.39254043,0.011029615,0.027066928,AC244669.2,3.323089006
ENSG00000259587.3,2.139019398,-3.32178169,0.827841053,0.000226141,0.000857833,AC114546.2,3.32178169
ENSG00000105880.7,125.1854336,3.319091173,0.407377531,2.78E-17,7.96E-16,DLX5,3.319091173
ENSG00000259744.1,6.897130258,-3.31864978,0.436909613,2.47E-15,5.49E-14,AC009269.4,3.31864978
ENSG00000188133.6,15.77258806,3.317904949,0.652828118,1.85E-08,1.50E-07,TMEM215,3.317904949
ENSG00000226004.1,4.839624647,3.317431762,0.561771193,3.82E-10,4.09E-09,LINC02528,3.317431762
ENSG00000118596.12,1948.160561,-3.317357458,0.314342265,3.80E-27,3.18E-25,SLC16A7,3.317357458
ENSG00000232756.1,6.142124692,3.316961499,0.670352327,4.83E-08,3.68E-07,AC004990.1,3.316961499
ENSG00000101115.13,141.6070122,3.315502639,0.27072519,1.49E-35,3.48E-33,SALL4,3.315502639
ENSG00000275612.1,5.773497654,-3.315339243,0.489632333,1.38E-12,2.13E-11,AC104237.2,3.315339243
ENSG00000253456.1,0.777852165,-3.314696171,1.091487678,0.000559592,0.001943678,AC136424.1,3.314696171
ENSG00000280217.1,4.296360048,3.3140071,0.485247972,0.009539768,0.023856404,AC126564.1,3.3140071
ENSG00000138180.16,711.1022813,3.311986756,0.264136712,3.83E-37,1.16E-34,CEP55,3.311986756
ENSG00000276043.5,798.7359427,3.308930106,0.289045458,1.92E-31,2.61E-29,UHRF1,3.308930106
ENSG00000136011.15,145.5752113,-3.305209919,0.265741282,8.99E-37,2.56E-34,STAB2,3.305209919
ENSG00000120251.21,327.9695468,3.305186109,0.639386132,0.00466812,0.0127855,GRIA2,3.305186109
ENSG00000186086.18,72.87950142,3.304426447,0.609572124,4.22E-09,3.83E-08,NBPF6,3.304426447
ENSG00000286592.1,1.492656832,3.304336099,0.83914293,5.17E-06,2.75E-05,LINC02885,3.304336099
ENSG00000286746.1,5.473605912,-3.303412143,0.462818883,8.62E-14,1.55E-12,AL590807.1,3.303412143
ENSG00000116183.11,161.5758399,-3.303131929,0.313656079,5.54E-27,4.54E-25,PAPPA2,3.303131929
ENSG00000132840.10,1278.84521,-3.301272667,0.323696784,1.61E-25,1.11E-23,BHMT2,3.301272667
ENSG00000286695.1,2.273129322,-3.300686487,0.590013259,2.67E-10,2.92E-09,AC026316.5,3.300686487
ENSG00000213561.4,5.788025818,-3.300621605,0.341295161,6.90E-23,3.53E-21,AC103591.2,3.300621605
ENSG00000166592.12,154.3003183,-3.298459138,0.298468953,4.42E-07,2.85E-06,RRAD,3.298459138
ENSG00000214043.8,1.920950947,-3.295880115,0.651072931,1.65E-08,1.35E-07,LINC02347,3.295880115
ENSG00000177363.5,642.5771192,-3.29534336,0.292523709,1.45E-30,1.79E-28,LRRN4CL,3.29534336
ENSG00000153266.13,6.278059706,-3.294193054,0.700656094,1.50E-07,1.05E-06,FEZF2,3.294193054
ENSG00000280068.1,3.090777798,3.293242896,0.614349585,4.56E-09,4.10E-08,AC138965.2,3.293242896
ENSG00000234810.4,27.83111335,-3.293144111,0.391593266,3.82E-18,1.21E-16,AL603840.1,3.293144111
ENSG00000259058.1,0.576560126,-3.291016595,1.381801131,0.011442094,0.027934324,AF111169.2,3.291016595
ENSG00000265374.1,5.198916474,-3.290860703,0.526431912,5.15E-11,6.30E-10,LINC01908,3.290860703
ENSG00000176092.16,106.8110821,3.289168074,0.313558176,8.13E-27,6.51E-25,CRYBG2,3.289168074
ENSG00000182050.13,14.14196479,-3.287853035,0.452314576,4.74E-06,2.54E-05,MGAT4C,3.287853035
ENSG00000099260.11,6167.08722,-3.287798108,0.227342745,1.80E-48,1.81E-45,PALMD,3.287798108
ENSG00000198624.13,5392.138589,-3.286943428,0.283149642,2.98E-32,4.46E-30,CCDC69,3.286943428
ENSG00000164946.20,853.708186,-3.286637545,0.281816283,1.59E-32,2.46E-30,FREM1,3.286637545
ENSG00000267339.7,7.124619438,-3.282728147,0.484902953,5.63E-13,9.14E-12,LINC00906,3.282728147
ENSG00000285969.1,1.949470868,3.28248001,0.995313387,8.63E-05,0.000360314,AC087591.1,3.28248001
ENSG00000261522.5,6.10892977,-3.282143869,0.646481136,2.30E-08,1.84E-07,AL845331.2,3.282143869
ENSG00000256287.1,0.720404525,-3.27989988,0.998964266,0.00017408,0.000678225,LINC02398,3.27989988
ENSG00000283682.1,1.200491853,-3.278944921,0.76362181,6.38E-07,4.01E-06,MIR548AH,3.278944921
ENSG00000158516.12,16.34002188,-3.278210019,0.439918973,8.59E-15,1.77E-13,CPA2,3.278210019
ENSG00000226080.1,19.94854288,3.277133508,0.656031652,3.82E-08,2.95E-07,RPL6P4,3.277133508
ENSG00000134020.8,55.29515105,-3.275048587,0.30895199,1.72E-09,1.66E-08,PEBP4,3.275048587
ENSG00000286456.1,16.57062613,3.274866475,0.553035409,2.36E-10,2.60E-09,AC016769.5,3.274866475
ENSG00000229920.2,7.472801653,-3.274837717,0.420170474,4.84E-16,1.18E-14,RPS4XP5,3.274837717
ENSG00000286288.1,122.5509953,-3.274009876,0.349781063,6.68E-22,3.13E-20,AL109809.4,3.274009876
ENSG00000168078.10,416.2845836,3.269270968,0.296295588,2.23E-29,2.38E-27,PBK,3.269270968
ENSG00000258986.7,46.62924732,3.26900633,0.63209992,1.55E-08,1.27E-07,TMEM179,3.26900633
ENSG00000170345.10,42576.22238,-3.268364202,0.370496329,8.31E-20,3.14E-18,FOS,3.268364202
ENSG00000163735.7,64.8173664,-3.268110545,0.527482641,4.21E-11,5.23E-10,CXCL5,3.268110545
ENSG00000105609.17,726.8818349,-3.267440053,0.368443257,5.52E-20,2.12E-18,LILRB5,3.267440053
ENSG00000260731.1,2.271772793,3.266279338,0.628335712,6.44E-09,5.67E-08,KRT8P22,3.266279338
ENSG00000057593.14,349.3856617,3.263579127,0.412356327,1.92E-16,4.92E-15,F7,3.263579127
ENSG00000283162.1,44.84032032,3.261530915,0.403721923,5.58E-17,1.53E-15,AL390726.5,3.261530915
ENSG00000091138.13,450.1326535,-3.261513745,0.525749991,8.56E-20,3.24E-18,SLC26A3,3.261513745
ENSG00000279796.1,0.898805184,-3.260998905,0.904949983,2.75E-05,0.000126897,AL133384.2,3.260998905
ENSG00000276368.2,2.287744694,3.258861462,0.630461131,7.70E-09,6.68E-08,H2AC14,3.258861462
ENSG00000070886.12,43.1368351,3.257869717,0.670357986,7.88E-08,5.80E-07,EPHA8,3.257869717
ENSG00000179826.7,60.28546063,-3.255987943,0.489536236,2.26E-12,3.38E-11,MRGPRX3,3.255987943
ENSG00000170075.9,50.33310266,3.255751589,0.342230363,3.77E-12,5.46E-11,GPR37L1,3.255751589
ENSG00000169679.15,897.1297933,3.255204912,0.282590853,8.59E-32,1.21E-29,BUB1,3.255204912
ENSG00000278060.1,0.742853555,3.253069468,1.150391601,0.001360757,0.004305756,AC012366.1,3.253069468
ENSG00000284783.1,0.510023168,3.252227968,1.21782581,0.003908279,0.010954112,AC091057.4,3.252227968
ENSG00000282381.1,1.040365028,3.25222737,0.895035907,2.95E-05,0.000135449,AC104073.4,3.25222737
ENSG00000227471.9,509.2518563,-3.252141151,0.569965229,7.89E-10,8.03E-09,AKR1B15,3.252141151
ENSG00000103546.18,48.32214405,-3.251878473,0.41280355,3.09E-16,7.74E-15,SLC6A2,3.251878473
ENSG00000189325.7,2.370525448,3.250424101,0.588807723,1.37E-09,1.34E-08,BNIP5,3.250424101
ENSG00000066279.18,851.2665463,3.249943758,0.294869776,2.44E-29,2.57E-27,ASPM,3.249943758
ENSG00000261104.1,50.53498201,3.249461797,0.565972705,6.94E-10,7.12E-09,AC093904.4,3.249461797
ENSG00000256663.1,34.54567416,3.24863977,0.361671372,2.37E-20,9.48E-19,AC112777.1,3.24863977
ENSG00000213140.3,1.766929161,3.248353867,0.946248617,3.81E-05,0.000170469,ELK2AP,3.248353867
ENSG00000227705.1,1.916745405,-3.247999459,0.752980575,4.41E-07,2.85E-06,AL391097.2,3.247999459
ENSG00000283526.1,78.83466388,3.247270665,0.392536406,1.02E-17,3.07E-16,PRRT1B,3.247270665
ENSG00000189334.9,9215.571381,3.247210629,0.424162744,1.66E-15,3.77E-14,S100A14,3.247210629
ENSG00000101463.6,327.5263166,3.246535323,0.355679038,5.51E-21,2.37E-19,SYNDIG1,3.246535323
ENSG00000164330.17,3027.545481,-3.246121105,0.263456247,5.84E-36,1.45E-33,EBF1,3.246121105
ENSG00000189212.12,22.9493341,3.245319183,0.485634637,1.96E-12,2.95E-11,DPY19L2P1,3.245319183
ENSG00000166851.15,710.1436745,3.245319037,0.261928933,2.55E-36,6.67E-34,PLK1,3.245319037
ENSG00000230399.1,0.762675832,-3.243937977,1.012943263,0.000171489,0.000669194,RBBP8P1,3.243937977
ENSG00000231291.3,6.398769239,-3.24185989,0.540801471,1.68E-10,1.90E-09,AC106799.1,3.24185989
ENSG00000287278.1,4.570492485,-3.240631177,0.757308177,1.46E-06,8.58E-06,AL353600.2,3.240631177
ENSG00000231683.6,8.446742748,-3.239018932,0.91314532,2.06E-05,9.77E-05,AL033397.1,3.239018932
ENSG00000232606.2,2.813297436,-3.238945685,0.453962808,4.89E-14,9.12E-13,LINC01412,3.238945685
ENSG00000230910.4,10.85659938,-3.237503643,0.330151147,8.41E-24,4.72E-22,AL391807.1,3.237503643
ENSG00000232891.1,2.268324162,-3.237345116,0.558637048,1.44E-10,1.64E-09,AL450344.3,3.237345116
ENSG00000125823.12,2.51099971,3.236573977,0.758604324,1.44E-06,8.44E-06,CSTL1,3.236573977
ENSG00000013293.6,11.66476571,-3.235826656,0.359798421,2.01E-20,8.11E-19,SLC7A14,3.235826656
ENSG00000112214.10,364.9898762,-3.232818365,0.308104472,8.01E-27,6.43E-25,FHL5,3.232818365
ENSG00000019169.10,615.6297155,-3.230171626,0.484766041,1.91E-12,2.89E-11,MARCO,3.230171626
ENSG00000260105.6,35.76644705,-3.229435617,0.350624954,1.87E-21,8.43E-20,AOC4P,3.229435617
ENSG00000258873.3,0.914372281,-3.229267346,0.982766859,0.000157523,0.000619557,DUXA,3.229267346
ENSG00000239677.6,2.299219918,-3.228098743,0.578649046,5.69E-10,5.91E-09,PDZRN3-AS1,3.228098743
ENSG00000158402.20,180.9673776,3.227260826,0.277747806,3.02E-32,4.51E-30,CDC25C,3.227260826
ENSG00000256947.1,1.746604991,-3.226914434,0.751662095,1.14E-06,6.81E-06,AP002518.2,3.226914434
ENSG00000231133.8,5.640788579,3.226903739,0.44212505,8.70E-06,4.41E-05,HAR1B,3.226903739
ENSG00000255648.1,4.917079175,-3.22578766,0.590015243,3.29E-09,3.03E-08,AC087242.1,3.22578766
ENSG00000109674.4,110.4723253,3.223840815,0.317185468,2.61E-25,1.75E-23,NEIL3,3.223840815
ENSG00000288575.1,4.863942172,-3.223536179,0.473833082,6.03E-13,9.73E-12,AL159996.1,3.223536179
ENSG00000234509.1,7.194156902,-3.222852754,0.407874065,0.004569329,0.0125508,AP000253.1,3.222852754
ENSG00000232528.3,30.08423514,-3.22252281,0.426840745,3.47E-15,7.53E-14,AL109809.1,3.22252281
ENSG00000226031.5,30.16674843,-3.221617059,0.383864428,5.11E-18,1.60E-16,FGF13-AS1,3.221617059
ENSG00000264790.1,0.880878869,-3.221032781,0.977679569,0.000171892,0.000670432,AC021382.1,3.221032781
ENSG00000287970.1,1.438844341,-3.220541419,0.91695571,2.22E-05,0.000104554,AC245164.2,3.220541419
ENSG00000138685.17,1771.766415,-3.218041478,0.312062599,4.83E-26,3.58E-24,FGF2,3.218041478
ENSG00000286595.1,0.546179653,-3.217624078,1.233603868,0.004225274,0.011729607,AL512358.1,3.217624078
ENSG00000137960.6,326.838745,-3.217355936,0.165623696,4.31E-85,4.23E-81,GIPC2,3.217355936
ENSG00000204044.6,2.965618474,3.214283836,0.621448053,1.70E-08,1.39E-07,SLC12A5-AS1,3.214283836
ENSG00000286273.1,0.869797558,-3.211753253,0.904727252,3.38E-05,0.000153487,AC078816.1,3.211753253
ENSG00000249669.10,2282.154148,-3.211743086,0.278126869,6.37E-32,9.03E-30,CARMN,3.211743086
ENSG00000223672.2,0.49584407,-3.211643219,1.193506116,0.004287944,0.011877561,AL162386.1,3.211643219
ENSG00000136960.13,6957.328645,-3.211241746,0.234252208,7.71E-44,5.13E-41,ENPP2,3.211241746
ENSG00000174871.11,150.0841317,3.210764642,0.263923097,4.15E-35,9.10E-33,CNIH2,3.210764642
ENSG00000182836.10,197.7128755,-3.209941943,0.386037962,7.35E-18,2.26E-16,PLCXD3,3.209941943
ENSG00000261054.1,38.18520514,-3.208989195,0.482977071,2.59E-12,3.84E-11,AC036108.2,3.208989195
ENSG00000106004.5,494.1492959,-3.208307718,0.214034869,7.18E-52,1.28E-48,HOXA5,3.208307718
ENSG00000197658.9,0.884151778,3.208195292,0.960815913,9.73E-05,0.000401531,SLC22A24,3.208195292
ENSG00000182077.12,40.47625597,-3.20764337,0.502590709,1.23E-11,1.65E-10,PTCHD3,3.20764337
ENSG00000159625.15,13.22595732,3.206916328,0.489569911,3.74E-12,5.42E-11,DRC7,3.206916328
ENSG00000266602.2,6.567973382,3.206366202,0.864691643,1.35E-05,6.60E-05,AP005262.1,3.206366202
ENSG00000034239.11,138.323992,-3.205715834,0.371436561,4.58E-19,1.60E-17,EFCAB1,3.205715834
ENSG00000224739.2,11.45432452,-3.205653622,0.427745449,6.97E-15,1.46E-13,AC016735.1,3.205653622
ENSG00000169245.6,1516.474918,3.203098906,0.373752624,8.22E-19,2.81E-17,CXCL10,3.203098906
ENSG00000109705.8,46.28459742,3.202400472,0.369586792,3.31E-19,1.17E-17,NKX3-2,3.202400472
ENSG00000166257.9,207.1977327,-3.202362606,0.22254247,5.06E-48,4.73E-45,SCN3B,3.202362606
ENSG00000132031.13,954.4398398,3.201564393,0.348710582,3.55E-21,1.55E-19,MATN3,3.201564393
ENSG00000165084.16,115.3923466,-3.197055837,0.385238248,6.76E-18,2.09E-16,C8orf34,3.197055837
ENSG00000203585.4,8.548911577,3.195454339,0.41486083,5.75E-16,1.39E-14,LINC02408,3.195454339
ENSG00000138829.12,414.5280924,3.194671735,0.343241647,1.07E-21,4.96E-20,FBN2,3.194671735
ENSG00000101435.5,24.59044298,3.19434107,1.038195889,0.000104102,0.000426615,CST9L,3.19434107
ENSG00000165410.15,2009.231064,-3.193250398,0.165344922,1.40E-32,2.19E-30,CFL2,3.193250398
ENSG00000149451.18,946.8618418,-3.191467656,0.257219104,2.09E-36,5.52E-34,ADAM33,3.191467656
ENSG00000123364.5,412.5967135,3.19132528,0.3715099,6.99E-19,2.41E-17,HOXC13,3.19132528
ENSG00000230923.2,0.514968815,-3.190104935,1.157663155,0.002343991,0.006984326,LINC00309,3.190104935
ENSG00000126787.13,550.1602326,3.189823789,0.281815025,9.20E-31,1.19E-28,DLGAP5,3.189823789
ENSG00000109956.13,275.946916,-3.189448806,0.458583912,2.55E-13,4.34E-12,B3GAT1,3.189448806
ENSG00000185352.8,638.8274128,3.187846888,0.454355374,1.77E-13,3.06E-12,HS6ST3,3.187846888
ENSG00000168824.14,366.5328924,-3.185070873,0.3023257,4.76E-27,3.93E-25,NSG1,3.185070873
ENSG00000284692.2,3.366465253,-3.183955445,0.729220377,1.33E-06,7.88E-06,Z98259.3,3.183955445
ENSG00000182732.18,209.7391224,-3.183796274,0.305104133,1.51E-26,1.18E-24,RGS6,3.183796274
ENSG00000225670.4,101.5573584,-3.183203057,0.361625818,8.92E-20,3.37E-18,CADM3-AS1,3.183203057
ENSG00000096088.16,84.9981387,-3.183000668,0.77795839,2.56E-06,1.44E-05,PGC,3.183000668
ENSG00000154678.18,837.1371703,-3.180481115,0.307020254,3.11E-26,2.35E-24,PDE1C,3.180481115
ENSG00000130176.8,5812.445581,-3.179163968,0.263867763,1.67E-34,3.34E-32,CNN1,3.179163968
ENSG00000206187.4,5.73029096,-3.177993865,0.83362473,9.34E-06,4.71E-05,LINC02346,3.177993865
ENSG00000203506.5,2.473037245,-3.177357386,0.430693883,4.57E-07,2.95E-06,RBMS3-AS2,3.177357386
ENSG00000136267.14,13.16448108,-3.176875706,0.253516355,6.22E-10,6.42E-09,DGKB,3.176875706
ENSG00000287820.1,2.860409612,-3.175165395,0.524915238,7.13E-11,8.54E-10,AL050338.2,3.175165395
ENSG00000177301.16,195.0460196,-3.174835202,0.404463142,3.17E-16,7.91E-15,KCNA2,3.174835202
ENSG00000253240.1,0.902172154,-3.174081496,1.016147872,0.000308507,0.001136477,IGHV3-36,3.174081496
ENSG00000186417.14,499.6511371,-3.172735491,0.334383151,1.83E-22,9.06E-21,GLDN,3.172735491
ENSG00000260762.1,3.909740879,-3.170945514,0.526662017,2.05E-10,2.29E-09,ACSM5P1,3.170945514
ENSG00000178522.14,0.63203819,-3.170573576,1.475732505,0.014497301,0.034268727,AMBN,3.170573576
ENSG00000174672.16,108.1664528,3.167723384,0.446166317,9.39E-14,1.68E-12,BRSK2,3.167723384
ENSG00000158578.21,20.18758432,-3.167480303,0.48582937,3.97E-12,5.72E-11,ALAS2,3.167480303
ENSG00000144485.11,402.0943593,3.166142047,0.333260712,1.64E-22,8.15E-21,HES6,3.166142047
ENSG00000258947.7,18.06439589,3.165747749,0.445588022,7.73E-14,1.40E-12,TUBB3,3.165747749
ENSG00000254754.1,1.189077754,-3.165653041,0.937008993,0.00011401,0.000462968,AC013799.1,3.165653041
ENSG00000229740.3,1.364845211,-3.165283604,0.818687243,8.48E-06,4.31E-05,U91324.1,3.165283604
ENSG00000269466.4,0.925726517,3.164985866,1.172903598,0.00152747,0.00476496,H3Y1,3.164985866
ENSG00000115353.11,610.0781594,-3.164816577,0.35834208,7.97E-20,3.03E-18,TACR1,3.164816577
ENSG00000274330.1,1.3518928,-3.164654107,0.766796519,0.003160046,0.009091122,AL160191.3,3.164654107
ENSG00000257434.1,32.97286913,3.164177222,0.993718687,7.70E-05,0.00032459,AC073525.1,3.164177222
ENSG00000198947.16,4971.75524,-3.163664876,0.347649091,7.20E-21,3.05E-19,DMD,3.163664876
ENSG00000272788.1,2.786984328,3.162477545,0.719732676,1.03E-06,6.22E-06,AP000864.1,3.162477545
ENSG00000127831.11,18.65371,3.161915444,0.54760873,5.85E-10,6.06E-09,VIL1,3.161915444
ENSG00000213088.12,3458.383708,-3.16161765,0.354781211,4.05E-20,1.58E-18,ACKR1,3.16161765
ENSG00000274817.1,2.96941155,3.15800595,0.704527911,7.98E-07,4.90E-06,AC012531.4,3.15800595
ENSG00000123560.14,218.6991543,-3.157903944,0.329473758,7.61E-23,3.89E-21,PLP1,3.157903944
ENSG00000188626.6,16.85417695,-3.157511417,0.317444235,2.02E-24,1.23E-22,GOLGA8M,3.157511417
ENSG00000102010.15,257.51997,-3.155041617,0.248932376,7.83E-38,2.56E-35,BMX,3.155041617
ENSG00000132874.15,136.5288321,-3.154551874,0.435042363,3.27E-14,6.25E-13,SLC14A2,3.154551874
ENSG00000280435.1,4.671733616,-3.15302589,0.523688181,1.45E-10,1.65E-09,AC006058.4,3.15302589
ENSG00000226321.5,22.9705142,3.15133337,0.574338244,2.95E-09,2.74E-08,CROCC2,3.15133337
ENSG00000129810.15,137.3403169,3.150416776,0.268733124,9.17E-33,1.46E-30,SGO1,3.150416776
ENSG00000222038.4,3.746090994,3.150282319,0.456032072,0.005307442,0.014308096,POTEJ,3.150282319
ENSG00000218357.3,35.6549245,3.150003352,0.716725678,7.61E-07,4.70E-06,LINC01644,3.150003352
ENSG00000143476.18,1152.75286,3.149778924,0.240440344,2.66E-40,1.08E-37,DTL,3.149778924
ENSG00000151726.15,23970.34514,-3.144131447,0.323124678,1.73E-23,9.52E-22,ACSL1,3.144131447
ENSG00000256463.8,4.448562621,3.143329028,0.62364647,4.95E-08,3.77E-07,SALL3,3.143329028
ENSG00000237940.3,386.5431467,3.142344854,0.445959713,1.35E-07,9.55E-07,LINC01238,3.142344854
ENSG00000236319.2,6.987415299,-3.141450738,0.534130177,2.16E-10,2.40E-09,AC105021.1,3.141450738
ENSG00000240602.7,11.12997534,-3.140337892,0.350043083,3.00E-20,1.19E-18,AADACP1,3.140337892
ENSG00000188833.10,144.3266333,3.139173443,0.419993684,6.66E-15,1.39E-13,ENTPD8,3.139173443
ENSG00000184113.9,1883.688162,-3.139074284,0.271415405,5.55E-32,7.98E-30,CLDN5,3.139074284
ENSG00000275713.2,194.9194272,3.137902084,0.42132891,7.74E-15,1.61E-13,H2BC9,3.137902084
ENSG00000227863.3,13.93426405,3.13648689,1.092312908,0.000193837,0.000747197,AC002383.1,3.13648689
ENSG00000241280.1,6.647913177,3.135603687,0.706881733,7.13E-07,4.43E-06,AC106712.1,3.135603687
ENSG00000216998.1,1.279377269,-3.135223371,0.655536788,1.56E-08,1.28E-07,CYP2AC1P,3.135223371
ENSG00000232444.1,1.931819023,-3.135008345,0.619485622,1.45E-08,1.20E-07,AC010745.4,3.135008345
ENSG00000287457.1,3.233703732,3.134938244,0.655904061,1.58E-07,1.10E-06,AC005821.2,3.134938244
ENSG00000286333.1,1.397877024,-3.133406558,0.613643264,2.92E-09,2.72E-08,AC004828.2,3.133406558
ENSG00000165028.12,679.2541522,-3.132365442,0.280389272,4.54E-30,5.28E-28,NIPSNAP3B,3.132365442
ENSG00000226009.2,18.29965569,-3.132288974,0.390419601,9.86E-17,2.63E-15,KCNIP2-AS1,3.132288974
ENSG00000233644.1,1.30087896,-3.13111204,0.687602817,9.85E-08,7.13E-07,ARHGEF7-IT1,3.13111204
ENSG00000137441.8,237.8776853,-3.131107867,0.509162918,5.81E-11,7.06E-10,FGFBP2,3.131107867
ENSG00000126895.15,189.9869439,-3.131052461,0.289281033,2.15E-28,2.06E-26,AVPR2,3.131052461
ENSG00000166897.16,24.62931704,3.131033923,0.425980172,2.18E-05,0.000102816,ELFN2,3.131033923
ENSG00000258231.5,9.799203026,-3.130634628,0.57633646,3.14E-09,2.90E-08,AC020637.1,3.130634628
ENSG00000186847.6,20005.86539,-3.128353942,0.489284381,1.23E-11,1.64E-10,KRT14,3.128353942
ENSG00000170498.9,11.93053446,3.127993781,0.465037233,1.35E-12,2.08E-11,KISS1,3.127993781
ENSG00000185818.8,2304.481839,-3.126045683,0.401505864,4.85E-16,1.18E-14,NAT8L,3.126045683
ENSG00000243479.3,56.72860241,3.12553622,0.492344794,1.74E-11,2.28E-10,MNX1-AS1,3.12553622
ENSG00000239715.1,0.938275871,-3.125141443,1.044106168,0.00048114,0.00169623,AC093627.2,3.125141443
ENSG00000226592.1,1.386652744,-3.125036945,1.130827106,0.000676226,0.002304179,AC004911.1,3.125036945
ENSG00000286289.1,240.1851094,-3.12477928,0.272658116,1.81E-31,2.48E-29,AL133482.1,3.12477928
ENSG00000152669.9,691.171956,3.123398905,0.483762244,8.32E-12,1.14E-10,CCNO,3.123398905
ENSG00000274825.1,5.219474279,3.123336227,0.444769469,3.51E-13,5.83E-12,AL023803.2,3.123336227
ENSG00000232599.1,1.07376925,-3.123026951,0.837297752,7.73E-06,3.96E-05,AL008707.1,3.123026951
ENSG00000262769.1,1.250867101,-3.122988887,0.800198148,3.29E-06,1.81E-05,AC025627.1,3.122988887
ENSG00000260695.1,3.700795206,3.122332723,0.638680886,8.00E-08,5.88E-07,AC022164.1,3.122332723
ENSG00000116882.15,12.98361169,-3.121983403,0.497950874,0.000129187,0.000518227,HAO2,3.121983403
ENSG00000286559.1,6.315670005,-3.121227821,0.613229863,1.76E-08,1.43E-07,AC099845.1,3.121227821
ENSG00000030304.14,7.659626703,-3.120943499,0.417410719,6.69E-07,4.18E-06,MUSK,3.120943499
ENSG00000102287.19,1417.037985,-3.120187001,0.413560424,3.47E-15,7.53E-14,GABRE,3.120187001
ENSG00000159556.10,2.067127347,3.119592291,0.53963938,0.022087168,0.049154335,ISL2,3.119592291
ENSG00000237649.8,1153.203769,3.119384776,0.256583642,4.35E-35,9.45E-33,KIFC1,3.119384776
ENSG00000280200.1,2.066736577,-3.118299495,0.607466198,4.96E-09,4.43E-08,AC073862.5,3.118299495
ENSG00000165480.16,363.7851583,3.116909623,0.259104046,2.16E-34,4.26E-32,SKA3,3.116909623
ENSG00000258545.6,357.2535126,-3.116799045,0.459593216,8.98E-13,1.42E-11,RHOXF1-AS1,3.116799045
ENSG00000216331.2,4.262421024,3.116725574,0.578158713,6.03E-09,5.33E-08,H1-12P,3.116725574
ENSG00000105278.12,44.47480398,3.116385043,0.603825426,1.74E-08,1.42E-07,ZFR2,3.116385043
ENSG00000171848.16,1841.176581,3.116124415,0.329632165,2.68E-22,1.30E-20,RRM2,3.116124415
ENSG00000251151.2,36.54449478,3.11583989,0.496676858,2.81E-11,3.58E-10,HOXC-AS3,3.11583989
ENSG00000146197.9,945.357467,3.114170995,0.375807112,9.81E-18,2.97E-16,SCUBE3,3.114170995
ENSG00000286293.1,2.273535365,3.11365058,1.287955517,0.000775029,0.002607369,AP005901.5,3.11365058
ENSG00000153253.19,195.0162728,-3.111479394,0.319032927,1.04E-23,5.78E-22,SCN3A,3.111479394
ENSG00000138650.9,78.96316945,3.111167747,0.491054671,0.01213694,0.029396853,PCDH10,3.111167747
ENSG00000186185.14,324.408604,3.11102888,0.308286463,5.12E-25,3.30E-23,KIF18B,3.11102888
ENSG00000232721.2,14.12186527,-3.110858372,0.506314503,7.28E-11,8.70E-10,AC239800.2,3.110858372
ENSG00000164007.11,227.7361683,-3.110665606,0.51002514,7.89E-11,9.37E-10,CLDN19,3.110665606
ENSG00000263429.3,1.317113485,-3.110202547,1.009725577,0.000201646,0.000773126,TMEM238L,3.110202547
ENSG00000267122.1,7.504548421,-3.110171487,0.499537832,2.51E-11,3.22E-10,AC004490.1,3.110171487
ENSG00000162706.13,221.4577669,-3.109811325,0.307504441,3.70E-25,2.42E-23,CADM3,3.109811325
ENSG00000201440.1,1.69954174,-3.109548571,0.564659917,4.41E-10,4.67E-09,RNA5SP515,3.109548571
ENSG00000275152.5,14.77046333,-3.108571946,0.306058259,1.25E-25,8.73E-24,CCL16,3.108571946
ENSG00000288019.1,0.624910492,-3.10817319,1.013041732,0.000613544,0.002113509,AC093677.3,3.10817319
ENSG00000142945.13,707.5571937,3.106196094,0.263557054,4.23E-33,7.07E-31,KIF2C,3.106196094
ENSG00000078549.15,438.6014515,-3.1036934,0.264810386,9.49E-33,1.51E-30,ADCYAP1R1,3.1036934
ENSG00000079308.19,40324.23946,-3.100671389,0.245547602,1.20E-37,3.79E-35,TNS1,3.100671389
ENSG00000253931.1,8.607406997,3.099413163,0.63365809,4.45E-08,3.40E-07,AC105118.1,3.099413163
ENSG00000175302.5,22.60300841,3.098221463,0.590335561,1.15E-08,9.69E-08,ANKRD30BP1,3.098221463
ENSG00000117724.13,3279.980788,3.098174573,0.240224865,3.98E-39,1.43E-36,CENPF,3.098174573
ENSG00000105996.7,74.14130022,-3.095955347,0.233215768,4.15E-41,2.02E-38,HOXA2,3.095955347
ENSG00000235875.3,4.847550331,-3.095405136,0.446778842,2.42E-13,4.12E-12,ARHGEF7-AS2,3.095405136
ENSG00000233515.2,1.426846003,3.095377909,0.658547579,0.013970144,0.033196416,LINC01518,3.095377909
ENSG00000226871.1,3.752516006,-3.094653971,0.599468993,1.88E-08,1.52E-07,AC135178.2,3.094653971
ENSG00000287893.1,5.646068565,-3.09341001,0.567518643,4.32E-09,3.91E-08,AC083864.5,3.09341001
ENSG00000228016.1,3.252068219,-3.093337949,0.542651004,8.82E-10,8.89E-09,RAPGEF4-AS1,3.093337949
ENSG00000270882.2,25.62348868,3.092099451,0.334883465,2.91E-21,1.30E-19,H4C14,3.092099451
ENSG00000196748.10,41.45620325,3.089571075,0.443016721,2.59E-13,4.40E-12,CLPSL2,3.089571075
ENSG00000277531.2,51.70318726,-3.089218287,0.418486769,1.29E-14,2.59E-13,PNMA8C,3.089218287
ENSG00000010319.7,5360.601977,-3.088874367,0.284729857,1.67E-28,1.62E-26,SEMA3G,3.088874367
ENSG00000257743.8,371.7689898,-3.088590113,0.541197781,8.34E-10,8.46E-09,MGAM2,3.088590113
ENSG00000141052.18,140.8220718,-3.087542407,0.34093061,1.24E-20,5.15E-19,MYOCD,3.087542407
ENSG00000164588.8,35.55989119,-3.086609876,0.456559105,9.80E-13,1.54E-11,HCN1,3.086609876
ENSG00000228918.4,16.55790041,3.086167549,0.388550715,2.05E-16,5.24E-15,LINC01344,3.086167549
ENSG00000254743.1,0.903876939,-3.084887289,0.864526811,5.47E-05,0.000237665,OR10V3P,3.084887289
ENSG00000221571.3,2.441845545,-3.084282437,0.602067712,1.55E-08,1.28E-07,RNU6ATAC35P,3.084282437
ENSG00000180509.12,47.4714885,-3.083645507,0.392513484,2.39E-16,6.05E-15,KCNE1,3.083645507
ENSG00000234418.2,3.236533051,-3.083439062,0.426338878,7.31E-14,1.33E-12,AC015983.2,3.083439062
ENSG00000106327.13,105.5466653,3.083076975,0.376473388,2.20E-17,6.39E-16,TFR2,3.083076975
ENSG00000052850.8,437.9651087,-3.08290052,0.374101833,1.31E-17,3.92E-16,ALX4,3.08290052
ENSG00000279623.1,22.7631831,3.081644018,0.38220124,5.93E-17,1.62E-15,AL359697.1,3.081644018
ENSG00000156395.13,18.64342694,3.081138534,0.714336764,1.08E-06,6.50E-06,SORCS3,3.081138534
ENSG00000183145.9,102.2234592,3.080734343,0.340468187,1.32E-20,5.43E-19,RIPPLY3,3.080734343
ENSG00000170262.13,10.53931476,-3.079737484,0.45137446,7.32E-13,1.17E-11,MRAP,3.079737484
ENSG00000178999.13,389.3679802,3.079699588,0.299592296,7.37E-26,5.32E-24,AURKB,3.079699588
ENSG00000266288.1,0.60928808,-3.078637007,0.956921143,0.000234158,0.000885422,AP005671.1,3.078637007
ENSG00000281974.1,12.78853229,-3.0766111,0.412322937,5.58E-15,1.18E-13,AC025268.1,3.0766111
ENSG00000249125.2,1.61423,-3.076338246,0.472455309,6.85E-06,3.56E-05,AC093821.1,3.076338246
ENSG00000164532.11,13.50286294,3.075991979,0.838313286,1.49E-05,7.26E-05,TBX20,3.075991979
ENSG00000140675.13,5.188450179,3.074655969,0.325670812,0.00248553,0.007353593,SLC5A2,3.074655969
ENSG00000151365.2,2754.168951,-3.074251052,0.517736366,2.11E-10,2.35E-09,THRSP,3.074251052
ENSG00000170312.16,1484.748603,3.072369351,0.233872781,1.50E-40,6.46E-38,CDK1,3.072369351
ENSG00000164591.14,100.5500631,-3.071506441,0.326113078,0.00793873,0.020335491,MYOZ3,3.071506441
ENSG00000069011.16,1035.938829,3.071029001,0.447296033,5.15E-13,8.41E-12,PITX1,3.071029001
ENSG00000257662.1,0.707909035,-3.070856283,1.152280028,0.002174757,0.006541088,EIF4A1P12,3.070856283
ENSG00000111452.13,591.8569155,-3.070127579,0.309953889,3.21E-24,1.89E-22,ADGRD1,3.070127579
ENSG00000228184.1,3.745114639,3.068539469,0.94022318,6.85E-05,0.00029189,SNX19P1,3.068539469
ENSG00000151320.11,460.9196611,-3.066203458,0.260400981,2.18E-10,2.42E-09,AKAP6,3.066203458
ENSG00000283945.1,5.460535885,-3.065792644,0.367899912,1.17E-17,3.53E-16,LINC00032,3.065792644
ENSG00000108511.10,212.9496963,3.06500779,0.440093624,2.59E-13,4.40E-12,HOXB6,3.06500779
ENSG00000286662.2,1.849604844,3.064795108,0.687358742,0.008642322,0.0219092,AC087894.3,3.064795108
ENSG00000151468.11,4512.651994,-3.063270585,0.316171191,2.75E-23,1.48E-21,CCDC3,3.063270585
ENSG00000213085.10,219.8885663,3.062881482,0.296155347,3.88E-26,2.90E-24,CFAP45,3.062881482
ENSG00000188257.12,1330.776584,-3.062745457,0.550303133,1.85E-09,1.78E-08,PLA2G2A,3.062745457
ENSG00000103253.19,295.5007097,3.062737259,0.291103039,5.81E-27,4.75E-25,HAGHL,3.062737259
ENSG00000077616.11,232.5121351,-3.06264486,0.24564147,9.41E-37,2.66E-34,NAALAD2,3.06264486
ENSG00000165731.20,2424.99882,3.06169197,0.354436004,5.14E-19,1.79E-17,RET,3.06169197
ENSG00000105011.9,932.3286561,3.057040837,0.231679078,8.92E-41,4.03E-38,ASF1B,3.057040837
ENSG00000156298.13,1391.514336,-3.056697526,0.260023859,5.23E-33,8.52E-31,TSPAN7,3.056697526
ENSG00000174015.10,9.160996009,3.054677723,0.732571101,2.15E-06,1.22E-05,CBY2,3.054677723
ENSG00000258675.2,6.898794766,-3.054545275,0.344094131,1.06E-09,1.05E-08,LINC02308,3.054545275
ENSG00000226835.3,26.55473406,3.054262281,0.424456285,4.91E-14,9.15E-13,ARHGAP29-AS1,3.054262281
ENSG00000283647.1,2.301933158,-3.053670101,0.689490488,1.97E-07,1.35E-06,AL512643.1,3.053670101
ENSG00000254862.5,22.78125795,-3.053545965,0.314745313,1.89E-23,1.03E-21,LGR4-AS1,3.053545965
ENSG00000171540.8,1.978972537,3.052823603,0.833968139,3.10E-06,1.72E-05,OTP,3.052823603
ENSG00000229314.5,30.79371823,3.052157565,0.63574501,1.19E-07,8.52E-07,ORM1,3.052157565
ENSG00000279930.1,39.93200525,3.050417905,0.385377536,2.02E-16,5.17E-15,AL032819.2,3.050417905
ENSG00000152779.14,97.26553957,-3.047143293,0.346507231,1.17E-19,4.37E-18,SLC16A12,3.047143293
ENSG00000246016.2,3.88070088,3.046402174,0.674163427,4.75E-07,3.05E-06,LINC01513,3.046402174
ENSG00000167964.13,323.095296,3.046334519,0.318983983,1.07E-22,5.38E-21,RAB26,3.046334519
ENSG00000173157.17,4.628034141,3.046125454,0.793580102,8.71E-06,4.42E-05,ADAMTS20,3.046125454
ENSG00000287136.1,2.600027659,3.045381037,0.840345478,1.96E-05,9.30E-05,AC073578.5,3.045381037
ENSG00000137142.5,131.1889546,3.04489544,0.342939226,5.53E-20,2.12E-18,IGFBPL1,3.04489544
ENSG00000146374.14,636.0264313,-3.04464761,0.276640795,3.01E-29,3.13E-27,RSPO3,3.04464761
ENSG00000178343.5,44.45903806,-3.043898983,0.425722665,7.48E-14,1.36E-12,SHISA3,3.043898983
ENSG00000251026.2,4.087964474,3.043684296,1.042010677,0.000205871,0.000787712,LINC02163,3.043684296
ENSG00000130643.9,8.432819411,3.042673908,0.663494376,0.000295617,0.001093609,CALY,3.042673908
ENSG00000262097.2,110.5637022,-3.042352273,0.258909029,3.65E-33,6.19E-31,LINC02185,3.042352273
ENSG00000261045.2,1.535782017,3.042349917,0.878415467,3.29E-05,0.000149577,LINC02129,3.042349917
ENSG00000226431.1,1.845799039,3.041854284,0.911472221,0.000107111,0.000437667,AL121929.1,3.041854284
ENSG00000148357.16,704.5263499,-3.041634763,0.402792239,3.27E-15,7.14E-14,HMCN2,3.041634763
ENSG00000178828.7,30.76226364,-3.041487035,0.676417322,4.61E-07,2.97E-06,RNF186,3.041487035
ENSG00000187546.14,62.45133984,-3.041183929,0.295758042,7.14E-26,5.17E-24,AGMO,3.041183929
ENSG00000229630.1,3.13391627,3.041182495,0.583896196,2.03E-08,1.64E-07,LINC01264,3.041182495
ENSG00000259423.3,1.090665466,3.041000479,1.049227557,0.00039665,0.001425094,AC113146.1,3.041000479
ENSG00000077152.11,759.8436388,3.040394779,0.235619883,3.35E-39,1.22E-36,UBE2T,3.040394779
ENSG00000228559.2,16.92751795,3.039910302,0.530968447,9.67E-10,9.68E-09,AL033519.4,3.039910302
ENSG00000137634.10,8.619628612,-3.038998143,0.394746759,2.10E-15,4.71E-14,NXPE4,3.038998143
ENSG00000273177.1,0.606838412,-3.038686775,0.926662415,0.000137707,0.00054893,AC092954.2,3.038686775
ENSG00000259977.1,6.444181143,3.037079764,0.632260102,1.31E-07,9.26E-07,AL121578.1,3.037079764
ENSG00000234233.1,4.131034723,3.036548089,0.632493371,1.15E-07,8.24E-07,KCNH1-IT1,3.036548089
ENSG00000287124.1,2.4858195,-3.034548794,0.327555882,0.020271882,0.045662879,AL512603.2,3.034548794
ENSG00000253774.1,1.394273472,3.034497318,0.797396382,8.28E-06,4.22E-05,AC114550.3,3.034497318
ENSG00000185960.14,5.706965704,-3.03362057,0.558650919,4.30E-09,3.89E-08,SHOX,3.03362057
ENSG00000263370.1,2.419984403,-3.033405518,0.462251689,0.010755917,0.02648793,AC104564.1,3.033405518
ENSG00000271880.1,14.40738647,-3.032902947,0.477603322,7.41E-12,1.02E-10,AGAP11,3.032902947
ENSG00000112936.19,2677.197337,-3.032244858,0.415395539,2.21E-14,4.32E-13,C7,3.032244858
ENSG00000253177.2,60.14959046,-3.032178097,0.340693926,5.40E-20,2.08E-18,AC104211.1,3.032178097
ENSG00000107105.15,149.1988822,3.031932456,0.412336449,1.57E-14,3.13E-13,ELAVL2,3.031932456
ENSG00000233589.1,1.02392963,3.031644332,0.729753171,7.27E-07,4.51E-06,AL138789.1,3.031644332
ENSG00000183682.8,500.6860347,3.031494761,0.242428008,5.59E-37,1.68E-34,BMP8A,3.031494761
ENSG00000075891.22,61.60178759,3.030228741,0.496419912,8.01E-11,9.50E-10,PAX2,3.030228741
ENSG00000236013.7,3.260483846,-3.029590703,0.491042875,4.06E-11,5.05E-10,AL357146.1,3.029590703
ENSG00000197587.11,31.86406649,3.029560779,0.451091182,1.63E-12,2.49E-11,DMBX1,3.029560779
ENSG00000185130.5,7.42077988,3.029340437,0.452763325,2.16E-12,3.24E-11,H2BC13,3.029340437
ENSG00000223042.1,1.022789098,-3.029217705,0.695882402,2.25E-07,1.53E-06,RN7SKP161,3.029217705
ENSG00000070031.4,30.50154292,3.029037735,0.491359985,3.33E-11,4.19E-10,SCT,3.029037735
ENSG00000237435.10,1.26104449,-3.028982499,0.93846558,8.59E-05,0.000358738,LINC02790,3.028982499
ENSG00000227348.1,0.694453576,-3.028771127,1.084003209,0.001166638,0.003756605,MTND5P25,3.028771127
ENSG00000180616.9,1091.253376,3.02817445,0.420593484,4.85E-14,9.06E-13,SSTR2,3.02817445
ENSG00000275026.1,2.221643698,-3.028011901,0.778662591,5.70E-06,3.01E-05,GXYLT1P4,3.028011901
ENSG00000150667.8,799.2724651,3.026367115,0.409981079,1.31E-14,2.63E-13,FSIP1,3.026367115
ENSG00000259439.2,100.8657795,3.026297652,0.626337565,9.71E-08,7.04E-07,LINC01833,3.026297652
ENSG00000254951.7,22.03974345,-3.021867979,0.520948248,5.33E-10,5.56E-09,AC044810.2,3.021867979
ENSG00000230710.2,1.694855413,-3.020433939,0.70983957,4.82E-07,3.09E-06,LINC00332,3.020433939
ENSG00000103888.17,735.9886826,3.020255635,0.289403833,1.46E-26,1.14E-24,CEMIP,3.020255635
ENSG00000173976.16,1.474562639,-3.020112354,0.587167513,2.94E-09,2.74E-08,RAX2,3.020112354
ENSG00000185860.13,6.878373817,-3.019849444,0.55834849,5.01E-09,4.47E-08,CCDC190,3.019849444
ENSG00000274290.3,95.78481145,3.019503132,0.353575425,1.13E-18,3.81E-17,H2BC6,3.019503132
ENSG00000159387.8,286.2671673,-3.018396438,0.410302065,1.54E-14,3.07E-13,IRX6,3.018396438
ENSG00000105894.12,5250.488065,-3.018310639,0.369940235,2.71E-17,7.77E-16,PTN,3.018310639
ENSG00000171916.17,24.43678756,3.017034267,0.479517381,2.75E-11,3.52E-10,LGALS9C,3.017034267
ENSG00000235978.6,101.2416543,3.017000006,0.446470993,1.11E-12,1.73E-11,AC018816.1,3.017000006
ENSG00000204677.13,76.69856493,3.016113474,0.343209341,1.34E-19,4.96E-18,FAM153CP,3.016113474
ENSG00000143278.5,0.511930654,3.014006855,1.297611173,0.011137142,0.027286532,F13B,3.014006855
ENSG00000131386.19,3035.631686,-3.013501567,0.328138979,3.49E-21,1.53E-19,GALNT15,3.013501567
ENSG00000287514.2,4.082024186,-3.013328746,0.590246432,1.52E-08,1.25E-07,AL450267.2,3.013328746
ENSG00000105971.15,6727.103547,-3.013281932,0.243974782,4.08E-36,1.04E-33,CAV2,3.013281932
ENSG00000265112.1,2.019628656,3.012862172,0.615325556,7.08E-08,5.24E-07,MIR3153,3.012862172
ENSG00000250546.6,7.637768111,3.011886059,0.807733881,1.22E-05,6.03E-05,AC079160.1,3.011886059
ENSG00000204403.9,19.71240456,-3.011827817,0.25024997,4.49E-34,8.52E-32,CASP12,3.011827817
ENSG00000256037.1,6.12761762,3.010928501,0.49322062,4.81E-11,5.92E-10,MRPL40P1,3.010928501
ENSG00000080986.13,494.8883089,3.010458545,0.257841792,1.48E-32,2.31E-30,NDC80,3.010458545
ENSG00000278023.7,34.9868135,3.010224177,0.344525808,2.34E-19,8.43E-18,RDM1,3.010224177
ENSG00000154928.18,622.968271,-3.009904449,0.271568572,1.32E-29,1.44E-27,EPHB1,3.009904449
ENSG00000277224.2,60.55235898,3.009616763,0.579317135,1.55E-08,1.28E-07,H2BC7,3.009616763
ENSG00000229052.2,6.52028514,-3.006150071,0.430605942,1.86E-13,3.20E-12,AL449283.1,3.006150071
ENSG00000233682.3,29.33552582,3.005041203,0.376778389,1.23E-16,3.23E-15,AL356417.2,3.005041203
ENSG00000266357.6,1.139235345,3.003151622,1.661986201,0.00963776,0.024069278,LINC02074,3.003151622
ENSG00000101447.15,475.8718274,3.002257858,0.262583955,2.49E-31,3.31E-29,FAM83D,3.002257858
ENSG00000242829.1,1.63467995,-3.002045959,0.563913886,1.50E-09,1.46E-08,RPS26P21,3.002045959
ENSG00000197177.15,2.783758722,-3.000427348,0.619722319,7.19E-08,5.32E-07,ADGRA1,3.000427348
ENSG00000249138.1,4.378503716,-3.000385729,0.576080997,1.07E-08,9.10E-08,SLED1,3.000385729
ENSG00000275896.6,43.15335644,3.000044708,0.68024083,7.53E-07,4.65E-06,PRSS2,3.000044708
ENSG00000120075.5,344.7693222,2.999859738,0.461500561,6.47E-12,8.97E-11,HOXB5,2.999859738
ENSG00000227188.1,4.687195731,-2.999409014,0.428575266,3.14E-13,5.26E-12,MGAT3-AS1,2.999409014
ENSG00000183783.7,5.001999047,-2.998938057,0.366521803,9.58E-09,8.20E-08,KCTD8,2.998938057
ENSG00000205502.4,234.3578111,-2.998127798,0.434111867,3.69E-13,6.11E-12,C2CD4B,2.998127798
ENSG00000161133.16,10.88486936,2.997718501,0.511900645,4.34E-10,4.60E-09,USP41,2.997718501
ENSG00000172137.19,1808.334447,-2.996404458,0.401554239,6.73E-15,1.41E-13,CALB2,2.996404458
ENSG00000119771.15,837.2836387,-2.995127352,0.182439823,1.26E-61,3.79E-58,KLHL29,2.995127352
ENSG00000112964.14,4378.656971,-2.994432635,0.292951938,1.28E-25,8.94E-24,GHR,2.994432635
ENSG00000006377.11,17.83372982,2.993984985,0.56274281,6.14E-05,0.000264373,DLX6,2.993984985
ENSG00000134760.6,267.6689262,-2.992543301,0.587431848,2.52E-08,2.01E-07,DSG1,2.992543301
ENSG00000122592.8,100.6358168,-2.991919872,0.251133579,9.41E-34,1.70E-31,HOXA7,2.991919872
ENSG00000087586.18,850.8586278,2.991433936,0.250414709,6.40E-34,1.18E-31,AURKA,2.991433936
ENSG00000231131.8,13.14462195,2.990878738,0.338231047,1.92E-08,1.56E-07,LNCAROD,2.990878738
ENSG00000170153.11,2471.710306,-2.990534714,0.309905377,4.09E-23,2.16E-21,RNF150,2.990534714
ENSG00000146670.10,895.1219974,2.989565536,0.234151948,2.39E-38,8.16E-36,CDCA5,2.989565536
ENSG00000163646.12,1.614266296,2.989357139,0.928900138,0.000109298,0.00044605,CLRN1,2.989357139
ENSG00000102195.10,1.608601964,-2.989322135,0.867053576,2.28E-05,0.000107033,GPR50,2.989322135
ENSG00000241158.7,155.3453449,-2.9886202,0.367503062,3.26E-17,9.26E-16,ADAMTS9-AS1,2.9886202
ENSG00000118733.17,0.970853727,2.987664092,0.891457916,0.007855657,0.020150285,OLFM3,2.987664092
ENSG00000076382.17,1148.106983,2.986701695,0.243529669,1.31E-35,3.13E-33,SPAG5,2.986701695
ENSG00000159409.15,21.70790715,2.986055514,0.436718704,6.60E-13,1.06E-11,CELF3,2.986055514
ENSG00000284708.1,14.02794125,-2.984393403,0.361192475,5.41E-18,1.69E-16,AL031731.1,2.984393403
ENSG00000043355.12,88.49879204,2.984322847,0.468498585,1.51E-11,2.00E-10,ZIC2,2.984322847
ENSG00000169258.7,343.8239824,2.984051251,0.23596157,1.04E-37,3.33E-35,GPRIN1,2.984051251
ENSG00000171855.7,1.471945483,2.982657406,1.056103264,0.000541691,0.001887009,IFNB1,2.982657406
ENSG00000259134.7,76.81264858,-2.981615501,0.254726084,1.05E-32,1.67E-30,LINC00924,2.981615501
ENSG00000242136.1,12.58842138,2.980813418,0.63218999,1.87E-07,1.29E-06,AC093904.2,2.980813418
ENSG00000049283.18,2082.726268,2.980469382,0.334828982,4.72E-20,1.82E-18,EPN3,2.980469382
ENSG00000159217.10,17.61347662,2.979633795,0.448135255,2.43E-12,3.62E-11,IGF2BP1,2.979633795
ENSG00000249679.2,131.0259946,-2.979508426,0.286040793,1.55E-26,1.21E-24,AC106897.1,2.979508426
ENSG00000261292.2,3.465692091,-2.975528025,0.53174941,1.59E-09,1.54E-08,AC110491.1,2.975528025
ENSG00000254675.1,6.163612793,-2.975158361,0.566114429,1.46E-08,1.20E-07,AP003032.1,2.975158361
ENSG00000166803.14,200.7566563,2.974278619,0.277756665,8.67E-28,7.86E-26,PCLAF,2.974278619
ENSG00000206177.7,0.932318348,-2.974100728,1.284134761,0.004577078,0.012570324,HBM,2.974100728
ENSG00000267365.1,58.98398653,-2.973294006,0.25705959,4.81E-32,6.94E-30,KCNJ2-AS1,2.973294006
ENSG00000154262.13,1204.487897,-2.972880129,0.206808368,6.51E-48,5.95E-45,ABCA6,2.972880129
ENSG00000287226.1,18.73167062,2.970339271,0.582138337,2.51E-08,2.00E-07,AC084740.1,2.970339271
ENSG00000245080.7,25.1323939,2.967937721,0.41193391,5.36E-14,9.91E-13,MIR3150BHG,2.967937721
ENSG00000141977.9,18.65867665,2.967747582,0.385464688,1.23E-15,2.84E-14,CIB3,2.967747582
ENSG00000221813.4,0.829065039,-2.967206831,0.989173415,0.000387574,0.001396446,OR6B1,2.967206831
ENSG00000166105.16,51.56571225,-2.967145815,0.35664841,7.36E-18,2.26E-16,GLB1L3,2.967145815
ENSG00000267683.1,0.792582767,-2.966518642,1.129917558,0.002952719,0.008569342,AC008991.1,2.966518642
ENSG00000251141.6,2572.916832,2.965242887,0.480009505,5.07E-11,6.21E-10,MRPS30-DT,2.965242887
ENSG00000260132.1,4.103566457,2.964790673,0.660595507,4.84E-07,3.11E-06,AL032819.1,2.964790673
ENSG00000113594.10,6665.127319,-2.964213307,0.204701968,1.57E-48,1.67E-45,LIFR,2.964213307
ENSG00000167619.13,74.16442922,2.964209463,0.30764948,4.73E-23,2.47E-21,TMEM145,2.964209463
ENSG00000171714.12,193.2629148,-2.963406864,0.374524529,0.002116786,0.006380895,ANO5,2.963406864
ENSG00000105219.10,211.5163016,2.962929157,0.375303932,2.41E-16,6.10E-15,CCNP,2.962929157
ENSG00000161888.11,333.6304927,2.961637372,0.226255345,3.31E-40,1.31E-37,SPC24,2.961637372
ENSG00000182118.8,837.2543076,-2.960910998,0.292383072,4.18E-25,2.71E-23,FAM89A,2.960910998
ENSG00000077264.15,497.9568814,-2.960159652,0.281517519,6.30E-27,5.11E-25,PAK3,2.960159652
ENSG00000231057.4,15.33190151,2.960102698,0.37840089,5.38E-16,1.30E-14,AC096637.2,2.960102698
ENSG00000133392.18,17625.05133,-2.95690967,0.325036922,7.67E-21,3.25E-19,MYH11,2.95690967
ENSG00000228692.2,4.739213669,-2.95689248,0.446969236,3.40E-12,4.96E-11,AL445307.1,2.95689248
ENSG00000111981.5,68.30838077,2.956540853,0.427361737,3.87E-13,6.40E-12,ULBP1,2.956540853
ENSG00000217275.2,56.80987666,2.955899647,0.489487244,1.26E-10,1.46E-09,AL031777.1,2.955899647
ENSG00000236466.2,4.610997742,-2.95536778,0.412122529,9.03E-14,1.62E-12,AL035670.1,2.95536778
ENSG00000188620.11,33.94845291,2.954388906,0.73986456,4.14E-06,2.24E-05,HMX3,2.954388906
ENSG00000145362.20,2496.672799,-2.954273971,0.273689102,3.02E-28,2.85E-26,ANK2,2.954273971
ENSG00000137727.12,676.0439398,-2.954104137,0.259868933,5.17E-31,6.82E-29,ARHGAP20,2.954104137
ENSG00000228714.4,2.581486932,2.953459542,0.661346791,7.03E-07,4.38E-06,AL691420.1,2.953459542
ENSG00000137675.5,41.38441552,-2.953422978,0.336854331,1.33E-19,4.94E-18,MMP27,2.953422978
ENSG00000173894.11,989.8573659,2.95284106,0.314330824,4.97E-22,2.35E-20,CBX2,2.95284106
ENSG00000224371.6,2.252290319,-2.950668552,0.684871976,7.94E-07,4.88E-06,AL391361.2,2.950668552
ENSG00000147257.15,4703.05052,-2.948357488,0.334540572,1.00E-19,3.77E-18,GPC3,2.948357488
ENSG00000226915.1,5.957402618,2.947721829,0.475924579,6.63E-11,7.97E-10,RPL19P4,2.947721829
ENSG00000184530.9,10.0911341,-2.946274354,0.267946803,8.49E-11,1.00E-09,C6orf58,2.946274354
ENSG00000274281.1,1.741462207,2.946073235,0.772149723,1.18E-05,5.86E-05,AC022929.2,2.946073235
ENSG00000287080.2,5.942929997,2.946009452,0.556692352,1.04E-08,8.81E-08,H3C3,2.946009452
ENSG00000180660.8,229.7705243,-2.945115864,0.233939185,2.18E-37,6.86E-35,MAB21L1,2.945115864
ENSG00000268100.1,4.959954956,2.943367387,0.729817921,4.42E-06,2.39E-05,ZNF725P,2.943367387
ENSG00000234860.2,0.762627886,-2.942561645,0.853972909,3.44E-05,0.000155762,AL162394.1,2.942561645
ENSG00000226363.3,47.57126872,2.941880835,0.390139678,3.58E-15,7.74E-14,HAGLROS,2.941880835
ENSG00000249176.1,1.523558907,2.94045285,0.82816682,2.93E-05,0.000134583,AC027801.3,2.94045285
ENSG00000064787.13,1740.317572,2.940287462,0.359029758,2.22E-17,6.43E-16,BCAS1,2.940287462
ENSG00000243635.1,2.308363956,2.939058137,0.646436113,3.97E-07,2.59E-06,AC091804.1,2.939058137
ENSG00000104888.10,192.9951634,-2.93810486,0.320507662,4.06E-21,1.76E-19,SLC17A7,2.93810486
ENSG00000109265.14,282.8766906,2.936011329,0.367349427,1.13E-16,2.99E-15,CRACD,2.936011329
ENSG00000277136.1,0.557587661,-2.934385556,0.950880965,0.000454316,0.001612079,Metazoa_SRP,2.934385556
ENSG00000284948.1,5.835127082,2.933036845,0.506068949,5.89E-10,6.09E-09,AC107959.4,2.933036845
ENSG00000279883.1,0.896351054,-2.931965652,0.771974185,4.79E-06,2.56E-05,AC010480.1,2.931965652
ENSG00000164611.13,658.3748759,2.9312679,0.236988112,3.38E-36,8.73E-34,PTTG1,2.9312679
ENSG00000180116.15,1.882081163,-2.92938819,0.701452961,1.33E-06,7.88E-06,C12orf40,2.92938819
ENSG00000008735.14,1150.498768,2.928054432,0.318537659,3.56E-21,1.56E-19,MAPK8IP2,2.928054432
ENSG00000217315.1,0.713943013,2.927788792,1.20561884,0.003924211,0.010994843,OR2W2P,2.927788792
ENSG00000204518.2,0.689797632,-2.926651973,1.156607552,0.00312855,0.009013051,AADACL4,2.926651973
ENSG00000261399.1,7.344608115,-2.925699969,0.619224101,8.63E-08,6.30E-07,AL031710.1,2.925699969
ENSG00000251445.1,1.013115734,2.925315112,1.134914185,0.001534742,0.004784038,AC021151.1,2.925315112
ENSG00000120094.9,9.34642984,2.924237272,0.565639465,2.08E-08,1.67E-07,HOXB1,2.924237272
ENSG00000130988.13,268.7433372,-2.923461668,0.29269727,1.49E-24,9.20E-23,RGN,2.923461668
ENSG00000230033.1,2.616651125,2.923318234,1.641475581,0.003272703,0.009375401,AC006357.1,2.923318234
ENSG00000235410.1,0.804417108,-2.923032306,1.002831344,0.000610713,0.002104681,AL157896.1,2.923032306
ENSG00000266174.1,1.686647117,2.922759354,0.733288392,5.79E-06,3.05E-05,MIR4666A,2.922759354
ENSG00000129195.16,212.3745737,2.920824513,0.296403772,5.92E-24,3.37E-22,PIMREG,2.920824513
ENSG00000230452.1,0.956875623,-2.920410467,0.892497581,9.80E-05,0.000404237,LINC01381,2.920410467
ENSG00000069702.11,8887.943228,-2.919833248,0.291778593,1.19E-24,7.44E-23,TGFBR3,2.919833248
ENSG00000178722.13,24.26416985,-2.918815308,0.348186893,3.75E-18,1.19E-16,C5orf64,2.918815308
ENSG00000269902.1,2.414053293,-2.918736268,0.61616493,9.72E-08,7.05E-07,AC234772.1,2.918736268
ENSG00000139547.7,134.1433803,2.917543821,0.343637992,1.82E-18,6.00E-17,RDH16,2.917543821
ENSG00000232821.1,32.21047148,-2.917525404,0.42682689,5.56E-13,9.03E-12,AC003986.2,2.917525404
ENSG00000260706.5,0.729558452,-2.91658576,1.022134663,0.001237951,0.003958622,AC022166.1,2.91658576
ENSG00000238001.2,0.727682448,2.915565286,1.464722647,0.014625546,0.034522017,SNRPCP1,2.915565286
ENSG00000179921.15,143.6273255,-2.915139154,0.335591066,3.13E-19,1.11E-17,GPBAR1,2.915139154
ENSG00000227589.1,2.137942688,2.914719042,0.620415481,1.46E-07,1.02E-06,TP73-AS3,2.914719042
ENSG00000171227.7,2301.303717,-2.9146948,0.321638921,1.07E-20,4.46E-19,TMEM37,2.9146948
ENSG00000252081.1,0.576393101,-2.914188196,1.103265027,0.00379657,0.010684466,RNU6-277P,2.914188196
ENSG00000073756.12,793.046542,-2.914138221,0.444928278,4.57E-12,6.52E-11,PTGS2,2.914138221
ENSG00000236700.6,29.5692961,-2.913596295,0.478652238,6.92E-06,3.59E-05,LINC01010,2.913596295
ENSG00000266242.1,21.05480274,2.913515195,0.797524072,1.73E-05,8.29E-05,GRAMD4P7,2.913515195
ENSG00000173452.14,3.182902738,-2.913444767,0.781609468,6.77E-06,3.52E-05,TMEM196,2.913444767
ENSG00000111665.12,411.1307431,2.913336989,0.259413889,2.67E-30,3.19E-28,CDCA3,2.913336989
ENSG00000255219.1,0.423417743,-2.912108944,1.217509941,0.013388399,0.032009607,AP000755.2,2.912108944
ENSG00000251459.2,8.412478033,2.91104289,0.74945507,6.71E-06,3.49E-05,AC013724.1,2.91104289
ENSG00000154529.15,121.5619474,-2.910721425,0.354571379,2.03E-17,5.92E-16,CNTNAP3B,2.910721425
ENSG00000009950.16,877.3046765,-2.910545842,0.464243199,2.78E-11,3.55E-10,MLXIPL,2.910545842
ENSG00000135248.15,10.80157681,2.91053043,0.441335097,3.51E-12,5.10E-11,FAM71F1,2.91053043
ENSG00000178403.4,42.15877546,-2.910442769,0.607771131,1.27E-07,9.02E-07,NEUROG2,2.910442769
ENSG00000227579.6,7.377503839,2.90988917,0.631578203,3.13E-07,2.08E-06,AL136114.1,2.90988917
ENSG00000275216.2,2.112734343,2.909634636,1.206234332,0.000868694,0.002886632,AL161431.1,2.909634636
ENSG00000105519.18,1150.089536,2.906072867,0.284272514,1.36E-25,9.46E-24,CAPS,2.906072867
ENSG00000271820.1,1.16976897,-2.905057127,0.705838913,1.21E-06,7.20E-06,AL109910.2,2.905057127
ENSG00000271945.2,0.584005026,-2.904626349,1.106011084,0.003707574,0.010463996,AL355612.1,2.904626349
ENSG00000272701.3,34.47298093,-2.90377087,0.328749975,9.41E-20,3.54E-18,MESTIT1,2.90377087
ENSG00000162062.15,256.2829255,2.90300684,0.240990832,1.82E-34,3.63E-32,TEDC2,2.90300684
ENSG00000160307.10,1788.108012,-2.902480676,0.465866362,3.64E-11,4.56E-10,S100B,2.902480676
ENSG00000132932.17,346.5046064,2.902187552,0.402919867,0.002268992,0.006787625,ATP8A2,2.902187552
ENSG00000225549.3,1.542656593,-2.900843535,0.497356374,0.000105731,0.000432705,SELENOKP3,2.900843535
ENSG00000202000.1,1.654879517,-2.900791174,0.566055493,8.52E-09,7.35E-08,RNU1-36P,2.900791174
ENSG00000176887.7,552.2024878,2.900725887,0.491536784,2.91E-10,3.17E-09,SOX11,2.900725887
ENSG00000179428.2,11.17053703,-2.899898506,0.441652454,4.37E-12,6.25E-11,IL6-AS1,2.899898506
ENSG00000281692.2,7.501157618,-2.898626517,0.330581919,3.41E-19,1.20E-17,PACRG-AS1,2.898626517
ENSG00000260677.1,1.042132334,-2.898453863,0.851520175,6.67E-05,0.000284703,AL445531.1,2.898453863
ENSG00000224318.6,12.29627489,-2.898381818,0.409728151,7.98E-14,1.44E-12,CHL1-AS2,2.898381818
ENSG00000189134.4,74.50571366,-2.897697028,0.228800559,8.02E-38,2.60E-35,NKAPL,2.897697028
ENSG00000232887.1,0.42164965,-2.897439887,1.183566684,0.009816453,0.024450263,AC006466.1,2.897439887
ENSG00000139151.16,20.09565304,-2.897398793,0.53366874,4.33E-09,3.91E-08,PLCZ1,2.897398793
ENSG00000260721.1,2.339584998,-2.894618247,0.5950023,7.28E-08,5.38E-07,AF067845.1,2.894618247
ENSG00000108821.14,276108.469,2.893191525,0.327811533,2.64E-17,7.58E-16,COL1A1,2.893191525
ENSG00000139874.6,82.65457805,-2.892607314,0.265191902,7.79E-29,7.81E-27,SSTR1,2.892607314
ENSG00000142619.4,92.59796468,2.892442964,0.550400018,1.02E-08,8.74E-08,PADI3,2.892442964
ENSG00000148123.15,74.44394522,-2.892414505,0.422193896,5.47E-13,8.90E-12,PLPPR1,2.892414505
ENSG00000274021.1,100.3597936,-2.891534945,0.302032661,8.03E-23,4.10E-21,AC024909.1,2.891534945
ENSG00000254248.1,5.566009562,2.890403343,0.483566555,2.13E-10,2.36E-09,AC068189.1,2.890403343
ENSG00000160539.6,207.4988243,-2.889637705,0.242542287,5.00E-09,4.46E-08,PLPP7,2.889637705
ENSG00000150471.16,390.1745777,-2.888809396,0.317848795,8.69E-21,3.66E-19,ADGRL3,2.888809396
ENSG00000180532.10,4.890320135,-2.887448892,0.437060789,6.28E-12,8.72E-11,ZSCAN4,2.887448892
ENSG00000118526.7,3.053645176,-2.887372818,0.493207123,4.66E-10,4.91E-09,TCF21,2.887372818
ENSG00000287986.1,7.376388669,-2.886636833,0.468574663,8.78E-11,1.03E-09,AL135841.1,2.886636833
ENSG00000130822.16,89.34932335,2.886593183,0.380145604,2.28E-15,5.09E-14,PNCK,2.886593183
ENSG00000115163.15,194.5486499,2.886294673,0.263894838,7.03E-29,7.11E-27,CENPA,2.886294673
ENSG00000106006.6,47.60467123,-2.886256576,0.286792212,8.19E-25,5.20E-23,HOXA6,2.886256576
ENSG00000116014.10,33.29417317,2.885966592,0.622074497,2.56E-07,1.73E-06,KISS1R,2.885966592
ENSG00000226329.2,76.38403906,-2.884781695,0.273063382,4.40E-27,3.65E-25,AC005682.1,2.884781695
ENSG00000187791.13,1.392864915,-2.884388892,0.625830307,1.02E-07,7.34E-07,FAM205C,2.884388892
ENSG00000236272.1,2.970959539,2.884360564,1.110833598,0.01833834,0.041954654,SCUBE1-AS2,2.884360564
ENSG00000271065.1,2.786480422,2.884016933,0.594065422,1.19E-07,8.52E-07,AC107031.1,2.884016933
ENSG00000183873.18,94.81739811,-2.883776486,0.294826932,1.30E-23,7.20E-22,SCN5A,2.883776486
ENSG00000180475.4,0.485057132,-2.88343729,1.255945082,0.011950773,0.028999578,OR10Q1,2.88343729
ENSG00000243742.5,161.8979212,2.882388446,0.224736238,1.18E-38,4.10E-36,RPLP0P2,2.882388446
ENSG00000154493.19,130.3437387,-2.88191028,0.479380486,1.49E-10,1.69E-09,C10orf90,2.88191028
ENSG00000243273.1,1.590259657,2.880125034,0.829242721,3.97E-05,0.000177281,AC020636.1,2.880125034
ENSG00000144230.16,63.2486876,-2.88000173,0.313139245,2.64E-21,1.18E-19,GPR17,2.88000173
ENSG00000175664.10,6.287988665,-2.879544701,0.53588691,7.42E-09,6.45E-08,TEX26,2.879544701
ENSG00000223764.2,256.4317256,2.87534147,0.426519523,1.30E-12,2.01E-11,LINC02593,2.87534147
ENSG00000227477.1,19.44040367,2.874634183,0.206203243,0.002461467,0.007292877,STK4-AS1,2.874634183
ENSG00000277723.1,0.419038588,-2.874225951,1.185312731,0.010559202,0.026049214,MIR6827,2.874225951
ENSG00000229754.1,95.15598959,2.874225314,0.529520186,5.04E-09,4.49E-08,CXCR2P1,2.874225314
ENSG00000188828.12,23.31883159,-2.872651331,0.411478275,2.79E-13,4.70E-12,GLRA4,2.872651331
ENSG00000134193.15,7.705596897,2.871438763,0.72396695,5.30E-06,2.81E-05,REG4,2.871438763
ENSG00000181552.4,4.863585604,2.870700693,0.641902094,0.001650482,0.005101301,EDDM3B,2.870700693
ENSG00000182545.6,6.018066378,2.870563962,0.508982988,1.49E-09,1.45E-08,RNASE10,2.870563962
ENSG00000265125.5,1.154374489,2.870377278,0.791481231,0.021607884,0.048224299,AC011824.2,2.870377278
ENSG00000277619.1,5.83941547,2.869824219,0.638018913,3.36E-07,2.22E-06,AC008406.3,2.869824219
ENSG00000258489.4,1.019603171,-2.867990434,0.728678174,2.05E-06,1.17E-05,AC027013.1,2.867990434
ENSG00000211891.6,50.46713999,2.867746098,0.631217887,4.14E-07,2.69E-06,IGHE,2.867746098
ENSG00000166670.10,358.5168912,2.867691569,0.53523824,2.21E-17,6.40E-16,MMP10,2.867691569
ENSG00000233290.3,3.433460997,-2.867687111,0.726746218,6.03E-06,3.16E-05,AL157944.1,2.867687111
ENSG00000170549.4,701.4047676,-2.867320759,0.364830826,3.23E-16,8.05E-15,IRX1,2.867320759
ENSG00000287018.1,2.250771491,-2.866992605,0.510840865,1.05E-09,1.04E-08,AL161717.1,2.866992605
ENSG00000286878.1,11.90923379,-2.866415631,0.463127216,5.62E-11,6.83E-10,AC100805.1,2.866415631
ENSG00000278484.1,75.68960544,2.865938822,0.619354121,2.81E-07,1.88E-06,AC010998.3,2.865938822
ENSG00000211890.4,18127.91741,-2.864776285,0.481051283,2.02E-10,2.25E-09,IGHA2,2.864776285
ENSG00000165799.5,77.19782742,-2.864489121,0.377349802,2.81E-15,6.20E-14,RNASE7,2.864489121
ENSG00000179593.16,7921.624393,-2.864240213,0.671505082,1.31E-06,7.76E-06,ALOX15B,2.864240213
ENSG00000117707.16,444.467234,-2.864182304,0.30728607,9.91E-22,4.62E-20,PROX1,2.864182304
ENSG00000285960.1,0.815796137,-2.863836788,1.195706488,0.004270016,0.011834578,AC005100.2,2.863836788
ENSG00000262668.2,1.292157642,2.863173224,1.114772815,0.000726765,0.002462926,AJ003147.2,2.863173224
ENSG00000242993.1,1.253991186,-2.862426023,0.662315462,3.91E-07,2.55E-06,AP000870.1,2.862426023
ENSG00000013297.12,1111.464283,-2.862088558,0.227553454,2.54E-37,7.92E-35,CLDN11,2.862088558
ENSG00000189057.11,1104.031051,2.861340533,0.346030281,1.26E-17,3.76E-16,FAM111B,2.861340533
ENSG00000147588.7,8.149539689,-2.860408108,0.496597915,7.79E-10,7.95E-09,PMP2,2.860408108
ENSG00000068489.13,943.4039256,2.85970319,0.304796343,5.69E-22,2.69E-20,PRR11,2.85970319
ENSG00000285773.1,0.703684181,-2.859268773,0.882195832,0.000156721,0.000616711,AL161893.1,2.859268773
ENSG00000115718.18,36.15624292,2.856948512,0.275030166,2.47E-26,1.88E-24,PROC,2.856948512
ENSG00000284649.1,4.733328755,2.856614352,0.380281536,7.70E-15,1.60E-13,AC009093.8,2.856614352
ENSG00000214720.4,0.614702962,2.855603048,1.121483622,0.003304891,0.009457955,KRT18P49,2.855603048
ENSG00000165891.16,201.2955489,2.855230229,0.271987021,8.51E-27,6.79E-25,E2F7,2.855230229
ENSG00000128016.7,23370.32232,-2.853614137,0.272444519,9.78E-27,7.75E-25,ZFP36,2.853614137
ENSG00000017427.17,385.1756831,-2.853048544,0.265692585,5.92E-28,5.42E-26,IGF1,2.853048544
ENSG00000040731.10,6.038475637,-2.852159464,0.562850168,2.78E-08,2.20E-07,CDH10,2.852159464
ENSG00000251491.2,1.70009973,-2.851296051,0.647301073,5.50E-07,3.50E-06,OR7E28P,2.851296051
ENSG00000100985.7,3696.145233,2.851067752,0.479621941,2.39E-10,2.63E-09,MMP9,2.851067752
ENSG00000099937.11,16.146037,-2.850947569,0.514489328,1.56E-09,1.51E-08,SERPIND1,2.850947569
ENSG00000157404.16,9578.786117,-2.850300461,0.40422121,1.40E-13,2.46E-12,KIT,2.850300461
ENSG00000122420.10,426.6231768,-2.849331129,0.319953411,4.67E-20,1.80E-18,PTGFR,2.849331129
ENSG00000234235.1,13.58811245,-2.848785041,0.500320485,9.31E-10,9.35E-09,BOK-AS1,2.848785041
ENSG00000184303.5,0.614470261,-2.848004358,1.139345037,0.004437335,0.012236156,DRD5P1,2.848004358
ENSG00000238018.2,102.6813974,-2.847996156,0.323078046,1.02E-19,3.85E-18,AC093110.1,2.847996156
ENSG00000134690.11,682.3949158,2.847131668,0.236378778,1.86E-34,3.69E-32,CDCA8,2.847131668
ENSG00000259483.1,1.960240232,-2.846105014,0.482596075,6.53E-11,7.85E-10,AL355073.1,2.846105014
ENSG00000132465.12,19503.89957,-2.846068848,0.395795558,5.13E-14,9.54E-13,JCHAIN,2.846068848
ENSG00000176438.12,3121.307616,-2.844732999,0.276238062,6.26E-26,4.55E-24,SYNE3,2.844732999
ENSG00000256357.1,8.080322827,2.844451729,0.654723825,1.09E-06,6.54E-06,AL132708.1,2.844451729
ENSG00000180988.2,2.454249128,-2.842476323,0.606181724,2.42E-07,1.64E-06,OR52N2,2.842476323
ENSG00000152253.9,265.8268168,2.842427635,0.201616573,4.18E-46,3.16E-43,SPC25,2.842427635
ENSG00000250343.1,5.188746833,-2.842369917,0.391914863,6.95E-14,1.27E-12,STK32A-AS1,2.842369917
ENSG00000264116.6,1.684556536,-2.841687072,0.536429849,4.98E-09,4.44E-08,AC116003.1,2.841687072
ENSG00000151790.9,128.9143291,2.841376073,0.396273561,5.72E-14,1.05E-12,TDO2,2.841376073
ENSG00000167656.5,53.82643641,-2.840274367,0.560333338,3.10E-08,2.44E-07,LY6D,2.840274367
ENSG00000284695.1,1.20008436,-2.838965769,1.390462755,0.004730855,0.012932848,AC108941.3,2.838965769
ENSG00000205634.7,10.30186087,2.837994239,0.754707286,1.14E-05,5.65E-05,LINC00898,2.837994239
ENSG00000242540.3,4.86833798,2.837831018,0.620681856,4.28E-07,2.78E-06,AC010729.2,2.837831018
ENSG00000233542.2,8.790563883,2.837224233,0.381827635,1.42E-14,2.84E-13,AL391845.2,2.837224233
ENSG00000258918.1,0.668246986,-2.836322824,0.934459411,0.000595661,0.002056236,AL355922.4,2.836322824
ENSG00000234884.2,9.766644136,-2.835732674,0.417876539,7.07E-13,1.13E-11,AL022329.1,2.835732674
ENSG00000250488.2,10.46248246,2.835176662,1.062041614,0.012867334,0.030937043,LINC02233,2.835176662
ENSG00000179136.7,2.664263897,-2.835046002,0.677303887,2.68E-06,1.50E-05,LINC00670,2.835046002
ENSG00000204385.13,4772.36218,2.834691931,0.354683843,1.25E-16,3.27E-15,SLC44A4,2.834691931
ENSG00000078399.19,249.3897185,-2.834581157,0.251675766,1.91E-30,2.34E-28,HOXA9,2.834581157
ENSG00000224613.7,10.75312774,-2.834117531,0.392781121,6.71E-14,1.23E-12,AC095032.1,2.834117531
ENSG00000167641.11,586.6179314,-2.83283207,0.236868314,4.88E-34,9.18E-32,PPP1R14A,2.83283207
ENSG00000213373.7,8.750563864,-2.830916079,0.347185807,2.66E-17,7.62E-16,LINC00671,2.830916079
ENSG00000130055.14,35.95722334,2.82870174,0.468523784,1.17E-10,1.36E-09,GDPD2,2.82870174
ENSG00000258010.4,3.705225908,2.828572804,0.599294673,2.07E-07,1.42E-06,AC016705.1,2.828572804
ENSG00000236915.2,7.970567789,-2.828572279,0.358555349,4.30E-16,1.05E-14,CLCA4-AS1,2.828572279
ENSG00000235407.1,0.484067373,-2.828004441,1.342858243,0.020210758,0.045564384,CYMP-AS1,2.828004441
ENSG00000286640.1,1.825145147,-2.82781056,0.631433025,1.45E-07,1.02E-06,AC093151.5,2.82781056
ENSG00000245293.3,45.37233343,-2.827283424,0.292549661,4.04E-23,2.13E-21,CYP2U1-AS1,2.827283424
ENSG00000141736.14,46621.2829,2.827058434,0.378692777,8.01E-15,1.66E-13,ERBB2,2.827058434
ENSG00000185985.11,28.33792887,-2.827011511,0.340595509,8.10E-18,2.46E-16,SLITRK2,2.827011511
ENSG00000236502.1,3.735438086,2.826908202,0.783151932,2.31E-05,0.000108371,SIX3-AS1,2.826908202
ENSG00000224763.1,1.638401082,2.82561315,0.587995778,9.12E-08,6.63E-07,FDPSP8,2.82561315
ENSG00000232021.7,15.82038543,2.825437321,0.27587515,2.36E-25,1.59E-23,LEF1-AS1,2.825437321
ENSG00000267665.2,6.599374033,-2.825145707,0.494931801,0.01757988,0.04045978,AC021683.3,2.825145707
ENSG00000276668.1,8.064044153,-2.824919971,0.49010607,7.47E-10,7.63E-09,AC104237.3,2.824919971
ENSG00000183072.10,32.08117746,2.824547097,0.941427037,0.000158974,0.000624762,NKX2-5,2.824547097
ENSG00000254661.3,0.638134405,-2.824317842,1.215374493,0.007428153,0.019209239,LINC02682,2.824317842
ENSG00000253678.3,1.542637516,-2.823462217,0.739127633,8.97E-06,4.54E-05,AC104964.1,2.823462217
ENSG00000147689.16,194.5874475,2.823001714,0.523663916,2.36E-06,1.34E-05,FAM83A,2.823001714
ENSG00000175643.10,679.5501487,2.822997592,0.255537395,2.12E-29,2.27E-27,RMI2,2.822997592
ENSG00000177590.7,2.397502061,-2.821453705,0.515254037,3.80E-09,3.47E-08,GIMAP3P,2.821453705
ENSG00000277526.5,2.017672616,-2.821235193,0.556056606,2.47E-08,1.97E-07,AC245123.1,2.821235193
ENSG00000102385.12,52.6868616,2.820253923,0.322436587,1.87E-19,6.79E-18,DRP2,2.820253923
ENSG00000287157.1,3.039971954,-2.818502554,0.542428439,1.70E-08,1.39E-07,AL034351.3,2.818502554
ENSG00000135127.11,949.5305104,2.818317886,0.288422369,1.25E-23,6.92E-22,BICDL1,2.818317886
ENSG00000227121.2,1.647228123,2.817705682,0.724954701,0.02239427,0.049770112,LINC02672,2.817705682
ENSG00000232889.2,0.717070015,2.81765957,1.090039866,0.002470241,0.007315563,AC087499.3,2.81765957
ENSG00000279317.2,4.626446519,-2.817534949,0.422396312,3.23E-12,4.72E-11,AC006994.1,2.817534949
ENSG00000258696.1,1.465879954,-2.815936477,0.563715343,1.14E-08,9.61E-08,AL359233.1,2.815936477
ENSG00000281128.2,8.150445296,-2.815666427,0.342309848,2.00E-17,5.84E-16,PTENP1-AS,2.815666427
ENSG00000234323.8,13.35684574,2.814921574,0.369595345,0.000438412,0.001560722,LINC01505,2.814921574
ENSG00000235721.1,4.14265514,2.8140994,0.527826339,1.15E-08,9.65E-08,AC013268.3,2.8140994
ENSG00000148773.14,3205.823285,2.813808749,0.312896295,2.54E-20,1.01E-18,MKI67,2.813808749
ENSG00000233760.2,39.93979338,-2.813529986,0.314087773,2.87E-20,1.14E-18,AC004947.1,2.813529986
ENSG00000104371.5,11.15247558,-2.812102017,0.404268429,3.22E-13,5.38E-12,DKK4,2.812102017
ENSG00000285336.1,26.03486206,-2.812048853,0.348231907,7.16E-17,1.94E-15,AC108734.4,2.812048853
ENSG00000184613.11,1361.594207,2.811914073,0.382887192,1.83E-14,3.62E-13,NELL2,2.811914073
ENSG00000125869.10,553.4971467,2.810118406,0.369707778,2.62E-15,5.79E-14,LAMP5,2.810118406
ENSG00000152154.11,288.2460773,-2.809875008,0.268129189,8.75E-27,6.98E-25,TMEM178A,2.809875008
ENSG00000241720.2,9.335695708,-2.809483034,0.389011764,0.00034501,0.001258252,AL158847.1,2.809483034
ENSG00000182463.16,2489.057771,-2.807114967,0.156181935,2.89E-73,1.42E-69,TSHZ2,2.807114967
ENSG00000180139.11,409.8187323,-2.806734187,0.34278436,2.22E-17,6.43E-16,ACTA2-AS1,2.806734187
ENSG00000253755.1,5194.574462,2.805588494,0.538340562,1.58E-08,1.30E-07,IGHGP,2.805588494
ENSG00000276386.1,37.8497349,-2.804369407,0.388426661,5.45E-14,1.01E-12,CNTNAP3P2,2.804369407
ENSG00000137077.8,1815.796494,-2.80414428,0.395760266,1.15E-13,2.04E-12,CCL21,2.80414428
ENSG00000269621.1,1.475597917,2.803255462,0.801754099,2.38E-05,0.000111312,AL589765.7,2.803255462
ENSG00000154330.13,1415.828192,-2.80184623,0.27380204,1.25E-25,8.73E-24,PGM5,2.80184623
ENSG00000146410.12,141.3986652,2.801817405,0.238874659,8.91E-33,1.43E-30,MTFR2,2.801817405
ENSG00000241359.1,15.85561119,2.800632043,0.415081597,1.32E-12,2.03E-11,SYNPR-AS1,2.800632043
ENSG00000287656.1,1.079753901,-2.800544816,0.82967739,4.13E-05,0.000183386,AL591069.1,2.800544816
ENSG00000224893.7,0.807798477,2.799329661,0.462935844,0.019537387,0.044272423,LINC02840,2.799329661
ENSG00000286492.1,7.624532697,-2.798929407,0.488259202,8.48E-10,8.58E-09,AC117509.1,2.798929407
ENSG00000264451.1,0.876533661,2.798822042,1.301388534,0.005827928,0.01553218,AC036222.1,2.798822042
ENSG00000286591.1,5.22349538,2.798364223,0.440821781,1.83E-11,2.39E-10,AC006197.2,2.798364223
ENSG00000186871.7,235.4899833,2.7975742,0.229966581,4.75E-35,1.03E-32,ERCC6L,2.7975742
ENSG00000138795.10,1352.752825,2.796813169,0.30446469,4.19E-21,1.82E-19,LEF1,2.796813169
ENSG00000171126.8,20.7927968,2.795820407,0.385485242,3.57E-14,6.79E-13,KCNG3,2.795820407
ENSG00000156970.13,523.7769481,2.794120903,0.270552248,4.87E-26,3.61E-24,BUB1B,2.794120903
ENSG00000283213.1,11.85000936,-2.79329051,0.343119069,5.31E-17,1.46E-15,AC130466.1,2.79329051
ENSG00000121152.10,624.8648653,2.791900437,0.255980102,9.77E-29,9.74E-27,NCAPH,2.791900437
ENSG00000260271.3,4.773171304,-2.791715017,0.383475405,3.58E-14,6.82E-13,AL132996.1,2.791715017
ENSG00000261786.1,24.03838703,-2.790338296,0.42185575,3.21E-12,4.70E-11,AC006058.1,2.790338296
ENSG00000218281.1,6.69915003,2.789914381,0.753929822,1.59E-05,7.69E-05,H2AC9P,2.789914381
ENSG00000286406.1,22.10603869,-2.788076708,0.460863609,1.22E-10,1.41E-09,AC138776.1,2.788076708
ENSG00000145832.14,262.9157583,2.788037737,0.539776506,1.96E-08,1.59E-07,SLC25A48,2.788037737
ENSG00000267097.1,10.47884503,-2.787543464,0.51368961,5.31E-09,4.72E-08,SLC14A2-AS1,2.787543464
ENSG00000162896.6,10842.95012,-2.786677377,0.598330646,2.37E-07,1.61E-06,PIGR,2.786677377
ENSG00000229028.2,14.21417798,2.786190144,0.625542328,0.004691136,0.012836009,KRT223P,2.786190144
ENSG00000268833.1,2.545031179,2.785914003,0.559208924,7.00E-08,5.18E-07,AC243967.2,2.785914003
ENSG00000203711.14,59.14411937,2.785876971,0.299003599,1.18E-21,5.43E-20,C6orf99,2.785876971
ENSG00000175985.10,228.9826846,2.785413034,0.40449458,5.03E-13,8.22E-12,PLEKHD1,2.785413034
ENSG00000230928.1,12.97482995,-2.784936859,0.439681377,1.73E-21,7.81E-20,AL139241.1,2.784936859
ENSG00000024526.17,307.6380305,2.783184479,0.269432532,5.09E-26,3.75E-24,DEPDC1,2.783184479
ENSG00000247775.2,0.450775287,-2.782763839,1.280790394,0.016877497,0.039016984,SNCA-AS1,2.782763839
ENSG00000153291.16,394.5056835,-2.780778271,0.249662806,7.20E-30,8.23E-28,SLC25A27,2.780778271
ENSG00000127129.10,297.157726,2.780480022,0.380329571,2.35E-14,4.57E-13,EDN2,2.780480022
ENSG00000273415.3,3.620859499,2.779987165,0.662850846,2.61E-06,1.47E-05,LINC02725,2.779987165
ENSG00000108932.12,2025.830781,2.778931971,0.434034617,1.41E-11,1.87E-10,SLC16A6,2.778931971
ENSG00000157613.11,3609.543955,2.778711016,0.294984614,4.90E-22,2.33E-20,CREB3L1,2.778711016
ENSG00000158373.8,1807.803171,2.778586944,0.287374687,4.28E-23,2.24E-21,H2BC5,2.778586944
ENSG00000203727.4,1235.545845,-2.7782435,0.381575288,2.75E-14,5.30E-13,SAMD5,2.7782435
ENSG00000251257.2,25.51978783,-2.777989082,0.395213058,1.40E-13,2.46E-12,AC010457.1,2.777989082
ENSG00000233307.1,0.596234088,-2.777389788,1.135435809,0.004788395,0.013076628,SRSF3P6,2.777389788
ENSG00000259447.1,1.674320336,2.776274535,0.742906237,1.09E-05,5.45E-05,AC013652.2,2.776274535
ENSG00000277157.2,10.57387551,2.775811852,0.497033917,2.08E-09,1.98E-08,H4C4,2.775811852
ENSG00000167858.13,25.35451828,2.775070596,0.571759942,9.54E-08,6.92E-07,TEKT1,2.775070596
ENSG00000275826.1,0.952858171,-2.774976916,0.834645102,9.15E-05,0.000379417,AC093909.5,2.774976916
ENSG00000180777.14,426.9086598,2.773865201,0.510126248,4.56E-09,4.10E-08,ANKRD30B,2.773865201
ENSG00000213244.3,0.702143371,-2.773855708,0.80976933,3.05E-05,0.000139691,H3P4,2.773855708
ENSG00000183150.8,85.25853951,2.773402651,0.338779556,2.47E-17,7.11E-16,GPR19,2.773402651
ENSG00000146006.8,88.2788884,-2.771994416,0.221607624,6.84E-37,1.98E-34,LRRTM2,2.771994416
ENSG00000287534.1,4.423903765,-2.771824693,0.37218814,7.76E-15,1.61E-13,AC110792.4,2.771824693
ENSG00000128383.13,55.2702756,2.771502882,0.420601807,7.70E-05,0.000324594,APOBEC3A,2.771502882
ENSG00000165507.9,11044.88233,-2.770248138,0.227514356,3.76E-35,8.39E-33,DEPP1,2.770248138
ENSG00000287923.1,0.828514016,-2.768572474,1.039519755,0.000883972,0.002932194,AL138701.2,2.768572474
ENSG00000272180.1,7.649643217,-2.768490958,0.415681546,2.99E-12,4.40E-11,AC011306.1,2.768490958
ENSG00000172458.4,144.4394163,-2.767676633,0.256008265,6.41E-09,5.64E-08,IL17D,2.767676633
ENSG00000281386.1,0.947685093,-2.766970724,0.847747893,0.000129248,0.000518364,AP003500.1,2.766970724
ENSG00000249797.2,4.658565811,-2.765081862,0.484270051,5.50E-10,5.72E-09,LINC02147,2.765081862
ENSG00000114248.10,407.6933688,2.764830444,0.680625884,3.56E-06,1.95E-05,LRRC31,2.764830444
ENSG00000110680.13,1.907440729,2.764766398,0.602224545,0.008508642,0.021607958,CALCA,2.764766398
ENSG00000158445.10,943.7640052,-2.764534294,0.440665805,2.92E-11,3.71E-10,KCNB1,2.764534294
ENSG00000064300.9,1765.156307,-2.763874124,0.270151486,1.44E-25,9.95E-24,NGFR,2.763874124
ENSG00000157456.8,724.0992956,2.763769835,0.249212163,1.32E-29,1.44E-27,CCNB2,2.763769835
ENSG00000261468.1,98.72892277,-2.763038209,0.201574421,6.24E-44,4.23E-41,AC096921.2,2.763038209
ENSG00000178531.6,762.1289223,2.762334909,0.258835179,1.31E-27,1.16E-25,CTXN1,2.762334909
ENSG00000162040.7,6.898746925,2.760031666,0.600869371,0.000214353,0.00081714,HS3ST6,2.760031666
ENSG00000108813.11,117.9565401,2.758841327,0.396867361,3.22E-13,5.38E-12,DLX4,2.758841327
ENSG00000163888.4,56.86827601,2.758368799,0.307380178,2.85E-20,1.13E-18,CAMK2N2,2.758368799
ENSG00000214282.3,2.906004118,2.758159016,0.553262312,5.57E-08,4.19E-07,KRT8P14,2.758159016
ENSG00000231431.7,28.18924323,2.757760742,0.829362211,5.93E-05,0.000256458,FAR2P4,2.757760742
ENSG00000106541.12,25132.45182,2.757205757,0.468326473,3.57E-10,3.84E-09,AGR2,2.757205757
ENSG00000119919.11,2.443103656,2.756801339,0.9687466,0.000228343,0.000864959,NKX2-3,2.756801339
ENSG00000214796.8,154.3764934,2.753288796,0.240928852,2.91E-31,3.87E-29,TUBA5P,2.753288796
ENSG00000145244.12,318.3223948,2.752584919,0.359082415,1.63E-15,3.71E-14,CORIN,2.752584919
ENSG00000267432.6,6.423330112,2.75123174,0.677750355,3.95E-06,2.15E-05,DNAH17-AS1,2.75123174
ENSG00000230943.3,66.4564926,-2.751085458,0.340372526,2.35E-10,2.60E-09,LINC02541,2.751085458
ENSG00000206384.10,746.8202723,-2.749631598,0.368451796,7.32E-15,1.52E-13,COL6A6,2.749631598
ENSG00000104332.12,32235.07162,-2.748835685,0.495035279,1.84E-09,1.77E-08,SFRP1,2.748835685
ENSG00000257191.1,2.499852631,2.74864026,0.858715085,8.48E-05,0.000354244,AC090709.1,2.74864026
ENSG00000253428.1,2.312661054,-2.748540878,0.681828503,3.58E-06,1.96E-05,LINC01942,2.748540878
ENSG00000198944.6,559.1955389,2.748106983,0.457188279,1.59E-10,1.80E-09,SOWAHA,2.748106983
ENSG00000204595.1,1.447793147,-2.747669358,0.654520053,4.50E-07,2.90E-06,DPRX,2.747669358
ENSG00000154175.18,3668.395735,-2.747570295,0.256717692,9.00E-28,8.14E-26,ABI3BP,2.747570295
ENSG00000173838.12,25.86829893,2.747128922,0.410227406,1.91E-12,2.89E-11,MARCHF10,2.747128922
ENSG00000285654.1,0.661615414,-2.746159393,0.848945786,0.000129205,0.000518244,AC090953.2,2.746159393
ENSG00000163736.4,8.835533587,-2.745440745,0.587190097,1.39E-07,9.75E-07,PPBP,2.745440745
ENSG00000197238.5,9.779335335,2.745255936,0.408788189,1.99E-12,3.01E-11,H4C11,2.745255936
ENSG00000287544.1,4.797347134,-2.744883146,0.501737184,3.52E-09,3.23E-08,AC097518.2,2.744883146
ENSG00000100526.20,331.9983105,2.743972678,0.233143617,4.91E-33,8.08E-31,CDKN3,2.743972678
ENSG00000176716.5,3.88003616,-2.743186203,0.477989514,6.88E-10,7.07E-09,OR10AB1P,2.743186203
ENSG00000181085.15,526.4223225,2.742050302,0.417616494,4.64E-12,6.60E-11,MAPK15,2.742050302
ENSG00000145358.6,173.0867504,-2.741618256,0.300909071,0.002252727,0.006747189,DDIT4L,2.741618256
ENSG00000158406.5,1330.24699,2.74049409,0.426067728,1.07E-11,1.45E-10,H4C8,2.74049409
ENSG00000140505.7,1.755698101,-2.740294815,0.652109399,1.60E-06,9.31E-06,CYP1A2,2.740294815
ENSG00000271334.6,19.74161595,-2.740115713,0.378030838,2.82E-14,5.43E-13,LINC02104,2.740115713
ENSG00000159516.9,0.627776473,-2.738936284,1.22041065,0.008436341,0.021450694,SPRR2G,2.738936284
ENSG00000233079.3,0.701283879,-2.738373057,1.008745199,0.001533653,0.004781467,LINC01755,2.738373057
ENSG00000162772.17,6413.526307,-2.736335485,0.289909354,3.19E-22,1.54E-20,ATF3,2.736335485
ENSG00000173954.8,0.691824624,-2.736230962,1.102608497,0.004530149,0.01245827,SNURFL,2.736230962
ENSG00000254965.1,5.639713324,-2.735370214,0.462979863,3.05E-10,3.32E-09,C1DP5,2.735370214
ENSG00000124249.7,622.3524139,2.735256481,0.38755371,1.47E-13,2.57E-12,KCNK15,2.735256481
ENSG00000136717.15,1692.540082,-2.735025475,0.199761274,5.81E-12,8.12E-11,BIN1,2.735025475
ENSG00000248568.1,19.49059224,2.733069388,0.530135584,2.17E-08,1.74E-07,KRT8P48,2.733069388
ENSG00000169313.10,277.680905,-2.732841971,0.32522246,4.05E-18,1.28E-16,P2RY12,2.732841971
ENSG00000156920.11,13.34092127,-2.731009718,0.649333426,1.95E-06,1.12E-05,ADGRG4,2.731009718
ENSG00000226197.3,79.62489938,-2.730431042,0.300601198,8.81E-21,3.70E-19,AL583785.1,2.730431042
ENSG00000211452.11,269.9398502,2.730425899,0.542133183,3.95E-08,3.05E-07,DIO1,2.730425899
ENSG00000178395.7,6.130058257,2.730410786,0.634946354,1.43E-06,8.37E-06,CCDC185,2.730410786
ENSG00000242795.2,1.452215372,-2.730236544,0.856815922,0.00010278,0.000421593,AC007849.1,2.730236544
ENSG00000259047.1,0.884571837,2.730040556,1.406030642,0.01319423,0.031601154,AL163153.1,2.730040556
ENSG00000122952.17,1489.99915,2.729807653,0.205758426,4.18E-41,2.02E-38,ZWINT,2.729807653
ENSG00000230461.9,11.38384341,-2.729614443,0.337208427,4.21E-17,1.18E-15,PROX1-AS1,2.729614443
ENSG00000116329.11,87.90802157,2.729497537,0.407085896,1.75E-12,2.66E-11,OPRD1,2.729497537
ENSG00000093009.11,332.9588581,2.728480935,0.287721848,2.42E-22,1.19E-20,CDC45,2.728480935
ENSG00000183643.4,0.776535635,-2.726535694,0.877129217,0.000303697,0.001119914,C15orf32,2.726535694
ENSG00000228792.3,1.910580513,2.725618391,0.643900673,1.02E-06,6.17E-06,AL356310.1,2.725618391
ENSG00000149380.12,408.7424273,2.723925568,0.292755271,1.26E-21,5.77E-20,P4HA3,2.723925568
ENSG00000277010.1,23.23615955,2.721854171,0.58611231,2.72E-07,1.83E-06,AC120498.10,2.721854171
ENSG00000231170.7,32.52515326,-2.720996436,0.273221556,3.86E-24,2.26E-22,AC002451.1,2.720996436
ENSG00000276966.2,65.03206404,2.719219551,0.437843778,4.71E-11,5.80E-10,H4C5,2.719219551
ENSG00000280304.1,24.53082114,-2.719218164,0.269845252,9.57E-25,6.00E-23,AC104260.2,2.719218164
ENSG00000126218.12,340.0042483,-2.718388378,0.274273264,3.17E-24,1.87E-22,F10,2.718388378
ENSG00000267206.6,3.578697587,-2.716433159,0.428129486,2.25E-11,2.90E-10,LCN6,2.716433159
ENSG00000145386.11,661.8026154,2.716162625,0.270114511,8.53E-25,5.39E-23,CCNA2,2.716162625
ENSG00000255084.1,5.284143568,-2.715077331,0.594719199,2.02E-07,1.39E-06,AP003110.1,2.715077331
ENSG00000224361.1,2.064643874,-2.714648653,0.539439881,0.000459765,0.001629062,AC011239.1,2.714648653
ENSG00000138640.15,2784.34803,-2.714548258,0.20609216,1.19E-40,5.20E-38,FAM13A,2.714548258
ENSG00000254499.1,1.045307745,-2.713768858,0.76237865,2.95E-05,0.000135188,AC002056.2,2.713768858
ENSG00000287085.1,1.14618574,-2.712824993,0.810611414,4.69E-05,0.000206363,AC012066.1,2.712824993
ENSG00000254338.1,4.705750088,2.712656068,0.731105768,1.01E-05,5.06E-05,MAFA-AS1,2.712656068
ENSG00000153132.13,577.4577226,2.71139097,0.330590598,2.33E-17,6.74E-16,CLGN,2.71139097
ENSG00000164932.13,3920.13426,2.711264593,0.255585944,2.94E-27,2.50E-25,CTHRC1,2.711264593
ENSG00000092853.14,383.7038531,2.710979523,0.257957722,8.11E-27,6.50E-25,CLSPN,2.710979523
ENSG00000284376.1,1.102456037,2.710222875,0.958000244,0.013441533,0.032121004,AC092017.3,2.710222875
ENSG00000136158.12,2049.263713,-2.709799561,0.201284916,2.18E-42,1.28E-39,SPRY2,2.709799561
ENSG00000153162.9,509.7694883,-2.709606858,0.239460314,1.04E-30,1.32E-28,BMP6,2.709606858
ENSG00000136492.9,588.3557636,2.708630164,0.286542873,3.25E-22,1.57E-20,BRIP1,2.708630164
ENSG00000089685.15,1218.099083,2.708208393,0.360673727,5.98E-15,1.26E-13,BIRC5,2.708208393
ENSG00000165092.13,4655.938257,-2.708191919,0.262745389,5.23E-26,3.83E-24,ALDH1A1,2.708191919
ENSG00000231768.2,77.71530922,-2.707916628,0.306781793,1.15E-19,4.30E-18,LINC01354,2.707916628
ENSG00000080293.10,28.17024801,-2.707582528,0.417613377,8.11E-12,1.11E-10,SCTR,2.707582528
ENSG00000132821.12,197.9086688,2.707248678,0.485034435,2.02E-09,1.93E-08,VSTM2L,2.707248678
ENSG00000154065.17,727.5381144,-2.707115929,0.202523758,8.94E-42,4.95E-39,ANKRD29,2.707115929
ENSG00000256810.2,0.721830425,-2.706961945,1.135709768,0.004903172,0.013351092,AC078925.1,2.706961945
ENSG00000287709.1,2.617631099,-2.706792101,0.618703518,1.05E-06,6.35E-06,AC008780.1,2.706792101
ENSG00000288009.1,19.12774078,-2.706652429,0.31527758,2.22E-09,2.11E-08,AL353135.2,2.706652429
ENSG00000129990.15,14.48568459,2.706439979,0.497849504,5.09E-09,4.53E-08,SYT5,2.706439979
ENSG00000286780.1,1.140867039,-2.704538788,0.641485892,7.22E-07,4.48E-06,AL139379.1,2.704538788
ENSG00000148204.12,105.9991633,-2.704449895,0.333573191,5.00E-17,1.38E-15,CRB2,2.704449895
ENSG00000214121.4,23.18047156,2.704073608,0.39974281,1.27E-12,1.96E-11,PRDX1P1,2.704073608
ENSG00000206658.1,1.042905569,-2.704073499,0.755136692,2.49E-05,0.000116133,RNU6-1039P,2.704073499
ENSG00000281961.1,0.653440239,-2.703328572,0.916875026,0.00061777,0.00212583,AF067845.4,2.703328572
ENSG00000196139.14,2996.789083,-2.70310336,0.322028708,4.19E-18,1.32E-16,AKR1C3,2.70310336
ENSG00000288005.1,2.622360208,-2.702273014,0.552718274,7.86E-08,5.78E-07,AC104211.3,2.702273014
ENSG00000154162.15,44.96775834,-2.70222949,0.399367021,1.31E-36,3.61E-34,CDH12,2.70222949
ENSG00000072571.20,393.0543162,2.701741767,0.266260406,3.49E-25,2.30E-23,HMMR,2.701741767
ENSG00000250692.1,1.664823036,-2.701053814,0.835413092,5.77E-05,0.000249603,AC008667.2,2.701053814
ENSG00000260963.2,3.735860713,2.700164253,0.709052135,1.15E-05,5.72E-05,AC026462.3,2.700164253
ENSG00000254228.2,0.858359565,-2.699580148,0.612289037,0.003065053,0.008854146,IGHV3-42,2.699580148
ENSG00000225602.5,2.73940512,-2.699371068,0.421576346,1.32E-11,1.76E-10,MTOR-AS1,2.699371068
ENSG00000243836.5,105.4313485,-2.699053987,0.253150237,1.21E-27,1.07E-25,WDR86-AS1,2.699053987
ENSG00000003096.14,1625.554167,-2.697428436,0.298315874,1.43E-20,5.88E-19,KLHL13,2.697428436
ENSG00000134121.10,1870.50346,-2.696694945,0.345711794,5.44E-16,1.32E-14,CHL1,2.696694945
ENSG00000138083.5,111.6738791,2.69669431,0.569072418,1.77E-07,1.23E-06,SIX3,2.69669431
ENSG00000287570.1,7.76391569,-2.696539234,0.572529141,2.02E-07,1.39E-06,AL035447.1,2.696539234
ENSG00000188916.9,420.169446,2.696324358,0.557648314,1.09E-07,7.85E-07,INSYN2A,2.696324358
ENSG00000223573.7,559.333807,2.695495163,0.370484999,3.27E-14,6.24E-13,TINCR,2.695495163
ENSG00000213100.2,1.130205339,2.695388491,0.687233324,2.90E-06,1.62E-05,KRT18P68,2.695388491
ENSG00000137812.20,486.8656973,2.694986349,0.258182372,1.58E-26,1.22E-24,KNL1,2.694986349
ENSG00000167105.8,42.20585969,2.694739367,0.380015094,1.32E-13,2.32E-12,TMEM92,2.694739367
ENSG00000101955.15,2860.828293,-2.693330768,0.212877089,9.67E-38,3.12E-35,SRPX,2.693330768
ENSG00000287958.1,4.116801744,-2.692721057,0.456711038,4.75E-10,4.99E-09,AC092053.5,2.692721057
ENSG00000267714.2,4.407959375,-2.692343622,0.528237537,2.84E-08,2.24E-07,AC008738.4,2.692343622
ENSG00000232044.7,41.12435434,2.690948319,0.594819969,4.88E-07,3.13E-06,SILC1,2.690948319
ENSG00000157766.19,252.5164035,2.690935617,0.433201957,4.61E-11,5.68E-10,ACAN,2.690935617
ENSG00000114374.13,0.686894311,-2.689274638,1.287310454,0.008733372,0.022114335,USP9Y,2.689274638
ENSG00000238117.1,122.5525256,2.688564392,0.600336672,6.07E-07,3.83E-06,AP000844.2,2.688564392
ENSG00000002726.21,51.16259246,2.687397978,0.428804317,3.15E-05,0.000143808,AOC1,2.687397978
ENSG00000254369.6,21.61263316,-2.686917162,0.217894032,1.07E-35,2.58E-33,HOXA-AS3,2.686917162
ENSG00000282527.1,0.56006762,-2.685762089,1.233808291,0.014733927,0.034732404,AC110491.3,2.685762089
ENSG00000248801.7,23.74681498,-2.685562321,0.423756709,1.41E-11,1.86E-10,C8orf34-AS1,2.685562321
ENSG00000285562.1,1.215709777,-2.685332971,0.879606044,0.000114949,0.000466301,AC090099.2,2.685332971
ENSG00000239533.6,0.832823021,-2.683965409,1.022252929,0.001720555,0.005293311,GOLGA2P2Y,2.683965409
ENSG00000245857.3,13.47964482,-2.682863486,0.408538806,4.48E-12,6.39E-11,GS1-24F4.2,2.682863486
ENSG00000287760.1,5.091842038,2.681704797,0.541778966,6.59E-08,4.90E-07,AC099521.3,2.681704797
ENSG00000229526.2,1.786426332,-2.681534057,0.608633126,1.17E-06,7.01E-06,KRT16P4,2.681534057
ENSG00000167104.11,1.467525236,2.681399612,1.041160833,0.001285533,0.004091792,BPIFB6,2.681399612
ENSG00000112293.15,491.5445894,-2.6813116,0.375045122,7.70E-14,1.39E-12,GPLD1,2.6813116
ENSG00000154920.15,136.1010669,2.679660539,0.242612548,2.37E-29,2.51E-27,EME1,2.679660539
ENSG00000270182.1,1.56574333,-2.67959328,0.635469672,1.07E-06,6.43E-06,AC004080.4,2.67959328
ENSG00000101049.17,378.0341019,-2.678047957,0.447841193,1.86E-10,2.09E-09,SGK2,2.678047957
ENSG00000184697.7,5.779209377,2.677469729,0.467839926,0.000124489,0.000500862,CLDN6,2.677469729
ENSG00000162073.14,656.2620514,2.675295436,0.22148576,1.45E-34,2.93E-32,PAQR4,2.675295436
ENSG00000197576.14,19.36734842,-2.673411257,0.246067282,1.57E-28,1.52E-26,HOXA4,2.673411257
ENSG00000253505.3,1.48342617,-2.673364063,0.629218155,1.27E-06,7.56E-06,AC103957.1,2.673364063
ENSG00000035499.13,191.3459998,2.672732594,0.290421953,3.42E-21,1.50E-19,DEPDC1B,2.672732594
ENSG00000228876.4,0.749996598,-2.671974548,1.091200929,0.002903014,0.008437555,AC010745.2,2.671974548
ENSG00000260314.3,1653.419028,-2.671946702,0.316569794,2.76E-18,8.95E-17,MRC1,2.671946702
ENSG00000231324.1,8.811686942,2.670746111,0.784651115,3.52E-05,0.000158919,AP000696.1,2.670746111
ENSG00000285731.1,1.537607946,-2.67054267,0.769303264,3.42E-05,0.000154876,AC090644.1,2.67054267
ENSG00000231852.9,103.161664,2.670024734,0.418803007,1.69E-11,2.21E-10,CYP21A2,2.670024734
ENSG00000128655.18,314.6458394,-2.669297501,0.314412052,1.88E-18,6.17E-17,PDE11A,2.669297501
ENSG00000266830.1,2.317534966,2.669083114,0.599409519,8.49E-07,5.20E-06,AC061975.6,2.669083114
ENSG00000228695.10,18.13602993,-2.668747236,0.514377663,1.85E-08,1.50E-07,CES1P1,2.668747236
ENSG00000267417.1,5.491438928,-2.66665992,0.488702089,4.28E-09,3.88E-08,AC138474.1,2.66665992
ENSG00000189221.10,7275.368085,-2.666323654,0.443859443,1.41E-10,1.62E-09,MAOA,2.666323654
ENSG00000135046.14,24235.76326,-2.665321675,0.175277033,4.08E-53,8.02E-50,ANXA1,2.665321675
ENSG00000163737.4,3.180792454,-2.665183328,0.580969236,1.72E-07,1.20E-06,PF4,2.665183328
ENSG00000196421.8,86.5250261,2.664980569,0.312916963,1.43E-18,4.77E-17,C20orf204,2.664980569
ENSG00000233080.3,2.568058949,2.664289834,0.675928672,5.43E-06,2.88E-05,LINC01399,2.664289834
ENSG00000263618.5,31.59537407,2.663307629,0.59938567,7.31E-07,4.53E-06,AP005121.1,2.663307629
ENSG00000132970.14,767.6378841,-2.662871102,0.244558248,1.23E-28,1.21E-26,WASF3,2.662871102
ENSG00000013588.9,13556.07475,2.662261361,0.24704021,5.27E-28,4.85E-26,GPRC5A,2.662261361
ENSG00000143473.13,57.53311346,2.662039076,0.368629712,4.69E-14,8.76E-13,KCNH1,2.662039076
ENSG00000221826.10,1.731909375,-2.661392249,0.590498139,4.81E-07,3.09E-06,PSG3,2.661392249
ENSG00000217612.2,0.59609623,-2.660881215,1.196578839,0.009879222,0.024592571,AL031119.1,2.660881215
ENSG00000240423.3,4.272623742,-2.660633767,0.421369993,3.14E-11,3.97E-10,LINC00636,2.660633767
ENSG00000243081.2,0.547617291,-2.659922389,1.081172453,0.004713361,0.012891435,AC092894.1,2.659922389
ENSG00000180818.5,1199.384327,2.659538542,0.345873739,1.49E-15,3.41E-14,HOXC10,2.659538542
ENSG00000250366.3,14.51601335,2.659469817,0.4229335,6.78E-09,5.94E-08,TUNAR,2.659469817
ENSG00000198092.6,2.727463667,-2.659103667,0.775583532,0.002155687,0.006488203,TMPRSS11F,2.659103667
ENSG00000139144.11,837.0145367,-2.65883322,0.472356025,1.53E-09,1.49E-08,PIK3C2G,2.65883322
ENSG00000230873.9,403.8508507,2.658713007,0.41357388,1.19E-11,1.60E-10,STMND1,2.658713007
ENSG00000234996.4,33.984585,2.658257494,0.239424893,9.95E-30,1.11E-27,ACTG1P25,2.658257494
ENSG00000187268.12,2.91249495,2.658209828,0.456804039,7.84E-05,0.000329826,FAM9C,2.658209828
ENSG00000225914.3,46.58238642,-2.657950981,0.267028291,2.62E-24,1.57E-22,TSBP1-AS1,2.657950981
ENSG00000253398.1,0.610062313,-2.657763872,1.266474734,0.012556286,0.030279997,AC021733.2,2.657763872
ENSG00000112742.10,511.7593841,2.657624892,0.26042299,1.75E-25,1.19E-23,TTK,2.657624892
ENSG00000163207.7,13.93597158,2.657409221,0.755097955,3.14E-05,0.000143203,IVL,2.657409221
ENSG00000267272.5,154.5207088,-2.655982153,0.225398181,4.48E-33,7.42E-31,LINC01140,2.655982153
ENSG00000285790.1,11.30282311,-2.655863527,0.476666422,2.47E-09,2.32E-08,AC021517.3,2.655863527
ENSG00000227352.1,0.885738291,-2.655629418,0.848714702,0.000265266,0.00099245,ARHGEF7-AS1,2.655629418
ENSG00000287797.1,5.7664117,-2.655329734,0.34863548,2.62E-15,5.78E-14,AC093577.1,2.655329734
ENSG00000287566.1,34.3927537,2.654617771,0.407207017,6.66E-12,9.21E-11,AL732437.3,2.654617771
ENSG00000235782.1,7.701916258,-2.654327546,0.54521156,8.94E-08,6.51E-07,AL031429.1,2.654327546
ENSG00000137674.4,13.00161084,-2.653612496,0.494031461,4.47E-09,4.03E-08,MMP20,2.653612496
ENSG00000152592.14,3.723434614,2.653504696,0.563599109,2.63E-07,1.77E-06,DMP1,2.653504696
ENSG00000167900.12,1942.384474,2.653493558,0.257919614,9.38E-26,6.70E-24,TK1,2.653493558
ENSG00000267594.5,10.51478221,-2.653043716,0.631695471,2.05E-06,1.17E-05,CYP4F24P,2.653043716
ENSG00000176601.13,26.18102117,2.652481049,0.492772355,6.31E-09,5.56E-08,MAP3K19,2.652481049
ENSG00000205106.4,23.19169274,-2.652204164,0.388817904,6.31E-13,1.02E-11,LINC02716,2.652204164
ENSG00000282943.1,1.067208293,-2.651965769,0.640960721,1.50E-06,8.76E-06,AC004784.1,2.651965769
ENSG00000231826.6,354.1865386,-2.651519115,0.439091053,1.33E-10,1.53E-09,LINC01819,2.651519115
ENSG00000089199.10,61.48558766,-2.651507222,0.515641834,2.22E-08,1.78E-07,CHGB,2.651507222
ENSG00000258227.7,140.9912002,2.650969962,0.289322912,5.10E-21,2.20E-19,CLEC5A,2.650969962
ENSG00000174804.4,8263.260643,-2.649479655,0.281220265,3.79E-22,1.82E-20,FZD4,2.649479655
ENSG00000134668.12,194.1461104,2.649060899,0.347399219,2.29E-15,5.11E-14,SPOCD1,2.649060899
ENSG00000242640.1,1.678272814,-2.648788309,0.593126183,7.20E-07,4.47E-06,RPS29P11,2.648788309
ENSG00000238118.1,20.24964433,2.647384259,1.232913763,0.001499875,0.004689302,SLC25A24P2,2.647384259
ENSG00000137975.8,974.3637769,-2.647252228,0.464249114,9.98E-10,9.97E-09,CLCA2,2.647252228
ENSG00000250280.2,3.366258451,-2.645955563,0.472897835,2.47E-09,2.33E-08,AC026124.1,2.645955563
ENSG00000117983.17,3040.603814,2.645872899,0.574526412,3.46E-07,2.28E-06,MUC5B,2.645872899
ENSG00000269067.2,36.62664586,-2.644797303,0.323209574,3.29E-17,9.31E-16,ZNF728,2.644797303
ENSG00000273597.1,2.007517535,-2.644721826,0.351472047,0.019582223,0.044361228,AL355377.1,2.644721826
ENSG00000258679.1,1.80070915,2.643664418,0.547853817,1.26E-07,8.97E-07,AC121758.2,2.643664418
ENSG00000131016.17,7083.785427,-2.643418393,0.26821038,5.33E-24,3.05E-22,AKAP12,2.643418393
ENSG00000228630.5,238.481848,2.643387598,0.49672476,8.98E-09,7.73E-08,HOTAIR,2.643387598
ENSG00000227117.6,6.833230253,-2.643348753,0.445672917,1.94E-10,2.17E-09,HORMAD2-AS1,2.643348753
ENSG00000176532.4,1387.754524,2.643255291,0.32735951,7.21E-17,1.95E-15,PRR15,2.643255291
ENSG00000104059.4,108.4527407,2.642372536,0.487776566,5.29E-09,4.70E-08,FAM189A1,2.642372536
ENSG00000197472.15,37.60101088,2.642047699,0.291445028,1.63E-20,6.69E-19,ZNF695,2.642047699
ENSG00000248210.2,0.758902644,-2.640981241,0.829630711,0.000168595,0.000658816,LINC02355,2.640981241
ENSG00000106809.11,4078.241174,-2.639569036,0.353492475,7.36E-15,1.53E-13,OGN,2.639569036
ENSG00000149488.13,39.82546286,-2.639280849,0.355616979,1.06E-14,2.15E-13,TMC2,2.639280849
ENSG00000124507.11,152.9018801,2.637460571,0.27503997,8.84E-23,4.50E-21,PACSIN1,2.637460571
ENSG00000221740.1,2.212097076,-2.637373253,0.475896686,3.26E-09,3.01E-08,SNORD93,2.637373253
ENSG00000186453.13,19.77633315,-2.634736554,0.364057663,3.40E-14,6.48E-13,FAM228A,2.634736554
ENSG00000104951.16,437.3909095,2.634589759,0.354640688,1.05E-14,2.13E-13,IL4I1,2.634589759
ENSG00000137807.16,952.5759845,2.63452946,0.217750306,1.03E-34,2.15E-32,KIF23,2.63452946
ENSG00000143768.13,58.53470318,-2.634206215,0.407301686,9.76E-12,1.32E-10,LEFTY2,2.634206215
ENSG00000230699.2,24.68419266,2.633869055,0.494597612,8.44E-09,7.28E-08,AL645608.2,2.633869055
ENSG00000250125.4,1.03766711,-2.633297181,1.311650723,0.00583555,0.015550343,LINC02232,2.633297181
ENSG00000250961.2,85.130062,-2.633122444,0.592318527,7.07E-07,4.40E-06,AC025470.2,2.633122444
ENSG00000264061.1,2.448054643,2.633001073,0.797242926,0.016598333,0.038475773,FGF7P1,2.633001073
ENSG00000253220.2,0.793624154,-2.632727138,0.822361135,0.000120078,0.000485055,AC084116.1,2.632727138
ENSG00000179796.12,69.89324386,-2.631096051,0.360662913,7.17E-34,1.31E-31,LRRC3B,2.631096051
ENSG00000228044.3,9.367040541,2.631002252,0.58586844,0.009040471,0.022780362,AL160408.1,2.631002252
ENSG00000125845.7,418.6078575,-2.63061591,0.34683424,3.03E-15,6.65E-14,BMP2,2.63061591
ENSG00000160606.11,473.1470951,2.627759986,0.242964319,3.26E-28,3.07E-26,TLCD1,2.627759986
ENSG00000197882.3,5.076850605,-2.627510847,0.434654434,2.23E-10,2.46E-09,OR7E13P,2.627510847
ENSG00000206685.1,2.027853248,-2.627508022,0.541344476,1.16E-07,8.30E-07,RNU6-1189P,2.627508022
ENSG00000226520.1,1.199719767,-2.627487103,0.637910376,1.92E-06,1.10E-05,KIRREL1-IT1,2.627487103
ENSG00000288022.1,8.627604989,-2.627423341,0.406882825,9.84E-12,1.33E-10,AC117488.1,2.627423341
ENSG00000250820.1,0.912558583,2.6269578,1.00577763,0.001459518,0.00457697,AC138965.1,2.6269578
ENSG00000169783.13,913.8883915,2.626630201,0.33324209,3.05E-16,7.64E-15,LINGO1,2.626630201
ENSG00000241644.2,707.4466458,-2.625977027,0.285263973,3.19E-21,1.41E-19,INMT,2.625977027
ENSG00000187475.6,3.37732743,2.625579173,0.604681767,1.29E-06,7.66E-06,H1-6,2.625579173
ENSG00000136826.15,5352.950514,-2.625024361,0.255793116,5.94E-26,4.33E-24,KLF4,2.625024361
ENSG00000239975.2,36.66158391,-2.624627757,0.467941,1.79E-09,1.72E-08,IGKV1D-33,2.624627757
ENSG00000277863.1,2.776829447,-2.623935181,0.559182407,3.04E-07,2.02E-06,AL162574.1,2.623935181
ENSG00000204049.1,192.8127759,2.623622679,0.604223881,1.16E-06,6.95E-06,AL391421.1,2.623622679
ENSG00000266200.6,9.158381274,2.62339729,0.540538447,1.06E-07,7.66E-07,PNLIPRP2,2.62339729
ENSG00000258168.6,43.20431354,-2.62332288,0.29067896,1.97E-20,7.97E-19,AC025569.1,2.62332288
ENSG00000102802.10,1440.060235,-2.62332021,0.272545205,5.79E-23,3.00E-21,MEDAG,2.62332021
ENSG00000187550.9,14.69346894,2.623011844,0.573894974,3.31E-07,2.19E-06,SBK2,2.623011844
ENSG00000227857.2,15.47812612,2.622366939,0.376077403,2.83E-13,4.76E-12,AL358075.2,2.622366939
ENSG00000167513.9,625.0530652,2.622101487,0.285941774,4.63E-21,2.00E-19,CDT1,2.622101487
ENSG00000236708.1,5.915247702,-2.621981451,0.37084074,2.27E-13,3.88E-12,SDK1-AS1,2.621981451
ENSG00000126709.15,14288.47795,2.621755072,0.396589979,3.66E-12,5.31E-11,IFI6,2.621755072
ENSG00000267795.6,591.4923089,2.62120686,0.379674991,4.93E-13,8.07E-12,SMIM22,2.62120686
ENSG00000248514.1,1.255097045,-2.619555511,0.537050363,0.020544789,0.046184922,AC008443.3,2.619555511
ENSG00000286750.1,2.124344728,-2.619155973,0.435098745,1.25E-10,1.44E-09,AC015802.7,2.619155973
ENSG00000271461.1,1.34810766,-2.617693116,0.700910558,1.31E-05,6.42E-05,CKAP2LP1,2.617693116
ENSG00000164919.11,14290.67052,2.61685476,0.3082488,2.50E-18,8.15E-17,COX6C,2.61685476
ENSG00000135476.12,596.3159499,2.615771278,0.251525254,2.46E-26,1.88E-24,ESPL1,2.615771278
ENSG00000152580.8,1322.873516,-2.61509648,0.343457737,2.46E-15,5.46E-14,IGSF10,2.61509648
ENSG00000273838.2,1.808621833,2.61474744,0.892533699,0.000210567,0.000804269,AL096677.1,2.61474744
ENSG00000283444.1,0.875402683,2.614416257,0.860833589,0.000274986,0.001024423,GPR141BP,2.614416257
ENSG00000249752.1,3.085354825,-2.613479502,0.424224827,1.05E-10,1.23E-09,AC108156.1,2.613479502
ENSG00000249736.1,1.829734854,-2.613244089,0.62980681,1.83E-06,1.05E-05,LINC02242,2.613244089
ENSG00000169031.20,118.0750275,-2.61316271,0.39902936,5.18E-12,7.30E-11,COL4A3,2.61316271
ENSG00000281655.1,56.06585137,-2.612923999,0.495189649,1.04E-08,8.82E-08,AP000851.2,2.612923999
ENSG00000067715.14,1013.424393,2.612174284,0.413065654,2.53E-11,3.24E-10,SYT1,2.612174284
ENSG00000177398.18,41.61478775,2.611885321,0.36036757,4.28E-14,8.04E-13,UMODL1,2.611885321
ENSG00000133665.13,50.08655109,2.611833284,0.408915141,1.57E-11,2.07E-10,DYDC2,2.611833284
ENSG00000258572.1,36.30729103,-2.610472036,0.344417525,3.32E-15,7.22E-14,AL133467.1,2.610472036
ENSG00000268510.1,1.836777184,2.610170296,0.75162715,2.69E-05,0.000124334,IFNL3P1,2.610170296
ENSG00000198523.6,573.352318,-2.608783231,0.357762789,0.000186673,0.000722987,PLN,2.608783231
ENSG00000137225.13,207.1387909,-2.608146157,0.207685948,3.30E-37,1.01E-34,CAPN11,2.608146157
ENSG00000175967.4,10.2060398,-2.606835649,0.468522613,2.70E-09,2.54E-08,LINC02880,2.606835649
ENSG00000256609.1,2.095943331,-2.60659748,0.548801953,0.000431746,0.001539504,AC084880.3,2.60659748
ENSG00000264714.1,13.06855153,2.606503858,0.509079098,2.87E-08,2.26E-07,KIAA0895LP1,2.606503858
ENSG00000138755.6,3552.556446,2.606233572,0.442581633,3.58E-10,3.85E-09,CXCL9,2.606233572
ENSG00000250504.2,0.517836362,2.605574939,1.105042335,0.00614244,0.016285322,KRT18P51,2.605574939
ENSG00000261158.1,2.838056708,-2.605154172,0.496036989,1.57E-08,1.29E-07,AC109597.2,2.605154172
ENSG00000250282.1,8.331327725,-2.605032239,0.62016739,2.16E-06,1.23E-05,AC002401.2,2.605032239
ENSG00000200472.1,1.439369626,-2.604995415,0.665626855,7.62E-06,3.91E-05,RN7SKP44,2.604995415
ENSG00000259458.1,2.776144258,-2.604718013,0.612470679,1.34E-06,7.89E-06,MGC15885,2.604718013
ENSG00000168878.19,39.25972335,-2.604338791,0.645334085,4.07E-06,2.21E-05,SFTPB,2.604338791
ENSG00000272143.1,158.5622989,-2.603994754,0.224158477,3.08E-32,4.58E-30,FGF14-AS2,2.603994754
ENSG00000175175.6,128.9969853,2.603927874,0.393433425,3.41E-12,4.97E-11,PPM1E,2.603927874
ENSG00000286563.1,8.234551527,2.603587621,0.435167321,1.42E-10,1.62E-09,AC078983.1,2.603587621
ENSG00000277288.5,4.057526834,-2.603405261,0.34654885,6.00E-15,1.26E-13,LINC02881,2.603405261
ENSG00000148541.13,318.8584612,-2.603311295,0.207937525,5.78E-37,1.72E-34,FAM13C,2.603311295
ENSG00000231682.1,2.403300003,-2.602873888,0.580534889,3.66E-07,2.41E-06,LINC01891,2.602873888
ENSG00000288580.1,4.599533524,-2.602457833,0.416577119,4.32E-11,5.35E-10,AC023296.1,2.602457833
ENSG00000008300.17,560.3843423,2.600552393,0.304912529,1.45E-18,4.86E-17,CELSR3,2.600552393
ENSG00000168490.14,242.4818396,-2.600283083,0.244884365,2.43E-27,2.09E-25,PHYHIP,2.600283083
ENSG00000257512.1,28.41019177,2.600257688,0.315517313,1.23E-17,3.69E-16,AC124947.2,2.600257688
ENSG00000204687.4,9.004580713,-2.60002513,0.392636461,4.91E-12,6.95E-11,MAS1L,2.60002513
ENSG00000124243.17,1548.508277,2.599858209,0.267301919,2.37E-23,1.29E-21,BCAS4,2.599858209
ENSG00000185008.17,425.2870082,2.599285739,0.453418084,9.23E-10,9.28E-09,ROBO2,2.599285739
ENSG00000217643.1,15.10616308,-2.59712213,0.321242269,5.15E-17,1.42E-15,PTGES3P2,2.59712213
ENSG00000185933.7,9.549432794,2.596850702,0.459144174,1.53E-09,1.49E-08,CALHM1,2.596850702
ENSG00000265178.1,4.290871419,2.596585463,0.728707324,2.73E-05,0.000126125,MIR4728,2.596585463
ENSG00000269901.1,5.499736931,-2.593994973,0.412859766,3.32E-11,4.18E-10,AC010531.5,2.593994973
ENSG00000223750.1,2.633947527,-2.593847756,0.541738296,1.87E-07,1.29E-06,SIRPB3P,2.593847756
ENSG00000152049.6,3294.138023,2.593469027,0.416982114,4.42E-11,5.46E-10,KCNE4,2.593469027
ENSG00000206579.9,24.47210863,-2.592679343,0.415777622,2.82E-11,3.59E-10,XKR4,2.592679343
ENSG00000227770.1,1.022121578,-2.591937272,0.642361342,2.42E-06,1.37E-05,RPL7P12,2.591937272
ENSG00000109805.10,452.9020848,2.591626917,0.257086143,7.35E-25,4.69E-23,NCAPG,2.591626917
ENSG00000177098.9,1550.62273,-2.591559918,0.205971836,2.80E-37,8.65E-35,SCN4B,2.591559918
ENSG00000228168.1,52.07843188,2.589826086,0.358498996,4.97E-14,9.26E-13,HNRNPA1P21,2.589826086
ENSG00000232286.1,0.768174471,-2.589037861,0.986963528,0.00177789,0.005453473,AL121902.1,2.589037861
ENSG00000243649.9,373.7367469,2.588257789,0.344345432,5.43E-15,1.15E-13,CFB,2.588257789
ENSG00000108960.9,4305.148499,-2.587880798,0.337685147,1.67E-15,3.79E-14,MMD,2.587880798
ENSG00000234948.2,13.05587706,-2.587783267,0.380974857,1.53E-12,2.34E-11,LINC01524,2.587783267
ENSG00000167772.12,2372.569837,-2.58721572,0.31485588,1.93E-17,5.65E-16,ANGPTL4,2.58721572
ENSG00000107165.13,36.23964018,2.587188273,0.624664782,2.46E-06,1.39E-05,TYRP1,2.587188273
ENSG00000253733.3,0.542894584,-2.586491425,1.187068647,0.011906739,0.028910583,LZTS1-AS1,2.586491425
ENSG00000154478.4,93.81189744,2.585470334,0.721208299,2.56E-05,0.000118855,GPR26,2.585470334
ENSG00000262188.2,9.594441511,2.585269098,0.439630361,3.70E-10,3.97E-09,LINC01978,2.585269098
ENSG00000286502.1,8.826523249,2.584567694,0.439144378,0.000348785,0.001270792,AL645768.1,2.584567694
ENSG00000234754.2,5.453005168,-2.583846858,0.376342353,9.39E-13,1.48E-11,LINC02817,2.583846858
ENSG00000146005.4,59.36940738,-2.583471617,0.242879884,1.61E-27,1.41E-25,PSD2,2.583471617
ENSG00000174945.13,155.7901865,2.582948555,0.393161278,4.78E-12,6.79E-11,AMZ1,2.582948555
ENSG00000225569.1,0.640753361,-2.581400145,1.017472639,0.003054375,0.008828494,CCT4P2,2.581400145
ENSG00000223722.3,74.1679562,2.581255798,0.689053594,1.39E-05,6.78E-05,IFITM3P2,2.581255798
ENSG00000256982.2,5.98896245,2.58082568,0.48308874,8.37E-09,7.22E-08,AC135782.1,2.58082568
ENSG00000223940.1,15.65397618,2.580524551,0.433206967,2.54E-10,2.78E-09,KRT8P8,2.580524551
ENSG00000166856.3,28.97197939,-2.580057463,0.3293373,4.55E-16,1.11E-14,GPR182,2.580057463
ENSG00000231007.5,44.88102603,-2.579289496,0.216011136,1.16E-33,2.08E-31,CDC20P1,2.579289496
ENSG00000255181.3,1.650152966,2.578836728,0.933475943,0.000269406,0.001005637,CCDC166,2.578836728
ENSG00000154165.5,75.10829192,-2.578425032,0.562434739,3.81E-07,2.49E-06,GPR15,2.578425032
ENSG00000248810.2,36.28910222,-2.576788811,0.467726336,3.20E-09,2.95E-08,LINC02432,2.576788811
ENSG00000286972.1,0.938033499,-2.575745012,0.879415034,0.000313561,0.001154013,AL035665.2,2.575745012
ENSG00000164849.10,134.4846426,-2.575661428,0.236232466,1.07E-28,1.06E-26,GPR146,2.575661428
ENSG00000133116.8,349.6853266,-2.575385154,0.233412227,2.70E-29,2.83E-27,KL,2.575385154
ENSG00000225269.3,3.575483025,-2.574782784,0.469330304,2.08E-09,1.98E-08,LINC00705,2.574782784
ENSG00000197561.7,15.95588619,-2.574375578,0.433212441,2.52E-10,2.77E-09,ELANE,2.574375578
ENSG00000123975.5,1048.360281,2.573545632,0.180386159,4.46E-47,3.73E-44,CKS2,2.573545632
ENSG00000254826.1,2.58799411,-2.572349489,0.814333419,0.000159617,0.000626851,AP001922.3,2.572349489
ENSG00000127955.17,2259.41417,-2.572324052,0.249039827,5.24E-26,3.83E-24,GNAI1,2.572324052
ENSG00000196104.11,37.84371774,-2.571897332,0.508299617,3.83E-08,2.96E-07,SPOCK3,2.571897332
ENSG00000029993.15,3195.728045,2.570237922,0.202056699,5.32E-38,1.76E-35,HMGB3,2.570237922
ENSG00000185306.13,6.595198837,2.568529443,0.563070545,0.009495284,0.02375726,C12orf56,2.568529443
ENSG00000162078.11,4587.447219,2.568515878,0.384065526,2.32E-12,3.47E-11,ZG16B,2.568515878
ENSG00000224271.7,93.97805112,2.568500916,0.453121105,1.32E-09,1.29E-08,AL117329.1,2.568500916
ENSG00000160182.3,6224.074156,2.56799366,0.64275656,5.15E-06,2.74E-05,TFF1,2.56799366
ENSG00000225077.3,14.60523303,2.56725266,0.301698795,1.82E-18,6.00E-17,LINC00337,2.56725266
ENSG00000227706.4,1.244550383,2.566654968,0.638252994,2.61E-06,1.47E-05,AL713998.1,2.566654968
ENSG00000204928.2,3.262734095,-2.566585503,0.43634848,6.89E-10,7.07E-09,GRXCR2,2.566585503
ENSG00000227914.3,2.160194245,-2.566171068,0.512432963,3.64E-08,2.83E-07,AL136979.1,2.566171068
ENSG00000168546.11,167.4634684,-2.56597968,0.314347497,3.12E-17,8.87E-16,GFRA2,2.56597968
ENSG00000151303.11,5.852788485,-2.565567233,0.365780133,1.63E-13,2.83E-12,AL136982.1,2.565567233
ENSG00000120738.8,56038.86816,-2.564839271,0.392909882,3.35E-12,4.89E-11,EGR1,2.564839271
ENSG00000143355.16,6.894137168,2.564770555,0.774062616,6.55E-05,0.000280549,LHX9,2.564770555
ENSG00000204983.14,12.17791042,2.564431921,0.735452228,3.94E-05,0.000176,PRSS1,2.564431921
ENSG00000263445.1,0.744905892,-2.564424721,1.162401496,0.005220315,0.014100307,MIR4450,2.564424721
ENSG00000180347.13,68.31062406,-2.563912094,0.543271364,2.04E-07,1.40E-06,ITPRID1,2.563912094
ENSG00000227455.3,0.944969776,2.563880965,0.979431259,0.000969393,0.00318355,AL450345.1,2.563880965
ENSG00000282419.3,1.230538532,2.562388902,0.705333718,0.003259689,0.009344251,TEX13D,2.562388902
ENSG00000205847.6,39.56336698,2.560617908,0.432848679,3.13E-10,3.39E-09,OR7E91P,2.560617908
ENSG00000237515.9,433.4599315,2.557891542,0.444428515,8.32E-10,8.44E-09,SHISA9,2.557891542
ENSG00000231203.1,4.053095969,2.555489717,0.406580662,5.24E-11,6.40E-10,KRT8P10,2.555489717
ENSG00000136160.17,1708.611624,-2.555442232,0.230244205,1.25E-29,1.38E-27,EDNRB,2.555442232
ENSG00000165953.10,33.96815004,2.554600106,0.520211332,8.17E-08,5.99E-07,SERPINA12,2.554600106
ENSG00000163239.12,100.3870223,-2.554595086,0.206921087,3.88E-36,9.96E-34,TDRD10,2.554595086
ENSG00000171241.9,441.8669749,2.553921485,0.238109328,8.28E-28,7.53E-26,SHCBP1,2.553921485
ENSG00000162009.8,3.370376402,2.553664224,0.797249469,9.95E-05,0.000409414,SSTR5,2.553664224
ENSG00000187533.14,1.797725745,-2.553641499,0.768173032,6.71E-05,0.000286227,PRR27,2.553641499
ENSG00000226409.3,21.24367082,-2.55353785,0.371470698,7.07E-13,1.13E-11,AL450332.1,2.55353785
ENSG00000215834.10,2.211410011,2.552247675,0.862813253,0.00021909,0.000833179,FMO9P,2.552247675
ENSG00000136531.18,292.5326273,-2.552066812,0.386028385,3.49E-12,5.08E-11,SCN2A,2.552066812
ENSG00000185345.23,386.229529,-2.551919372,0.253765097,7.94E-25,5.05E-23,PRKN,2.551919372
ENSG00000275344.1,3.275649567,-2.551326864,0.471265566,6.25E-09,5.52E-08,MIR6503,2.551326864
ENSG00000145491.12,72.62988922,2.549457493,0.422521454,1.48E-10,1.69E-09,ROPN1L,2.549457493
ENSG00000197584.12,10.65510929,-2.549419256,0.349941582,2.82E-14,5.42E-13,KCNMB2,2.549419256
ENSG00000226876.3,4.040073233,2.547962427,0.623045055,3.79E-06,2.07E-05,SMYD3-AS1,2.547962427
ENSG00000229224.2,4.889901567,-2.547366324,0.461800591,5.01E-09,4.47E-08,AC105398.1,2.547366324
ENSG00000284659.1,16.17800353,2.546565365,0.558025553,4.48E-07,2.89E-06,AC073869.6,2.546565365
ENSG00000111262.6,78.14931852,-2.546450849,0.361603081,1.86E-13,3.21E-12,KCNA1,2.546450849
ENSG00000225929.1,3.01193044,-2.546418337,0.448938418,1.88E-09,1.81E-08,AC000036.1,2.546418337
ENSG00000259353.1,9.504234962,-2.546402745,0.420256592,1.13E-10,1.31E-09,AC090515.4,2.546402745
ENSG00000004838.14,411.2202473,2.545815553,0.323870245,3.78E-16,9.33E-15,ZMYND10,2.545815553
ENSG00000149972.11,18.11205379,2.545228996,0.730782979,3.82E-05,0.000171008,CNTN5,2.545228996
ENSG00000272855.1,1.801766268,-2.544712935,0.5373999,1.91E-07,1.32E-06,AC104458.1,2.544712935
ENSG00000283423.1,2.48343739,-2.544541061,0.694667773,2.99E-05,0.000136903,AC109462.3,2.544541061
ENSG00000166573.6,10.12426625,-2.543498806,0.474723636,9.29E-09,7.98E-08,GALR1,2.543498806
ENSG00000276272.1,4.584698064,2.543239439,0.381804728,4.24E-12,6.08E-11,AC024884.2,2.543239439
ENSG00000148180.21,71708.6858,-2.543162655,0.190285519,9.65E-42,5.27E-39,GSN,2.543162655
ENSG00000153823.19,942.1658175,-2.543150282,0.269494506,3.89E-22,1.86E-20,PID1,2.543150282
ENSG00000164488.12,135.5862709,-2.542399951,0.368682796,6.08E-29,6.20E-27,DACT2,2.542399951
ENSG00000228127.3,4.437290836,2.542034267,0.475722969,1.04E-08,8.84E-08,LINC01649,2.542034267
ENSG00000283503.2,4.856672981,-2.541864336,0.466595735,7.47E-09,6.49E-08,LINC01902,2.541864336
ENSG00000065328.17,359.4544495,2.541066621,0.260703988,2.02E-23,1.10E-21,MCM10,2.541066621
ENSG00000129910.8,10.33810783,-2.539979552,0.308978419,9.58E-07,5.82E-06,CDH15,2.539979552
ENSG00000253477.5,2.427176077,2.539484993,1.017828536,0.000787741,0.002646057,AC012213.1,2.539484993
ENSG00000147256.12,356.8285958,-2.538901985,0.788204895,8.78E-05,0.00036556,ARHGAP36,2.538901985
ENSG00000167653.5,306.3732749,2.537660172,0.570554643,7.61E-07,4.70E-06,PSCA,2.537660172
ENSG00000134057.15,1703.914661,2.53760888,0.192855601,1.71E-40,7.23E-38,CCNB1,2.53760888
ENSG00000116741.8,4308.582065,-2.537216472,0.303303641,5.75E-18,1.79E-16,RGS2,2.537216472
ENSG00000164362.21,19.66003374,2.537073089,0.523632994,1.15E-07,8.26E-07,TERT,2.537073089
ENSG00000196542.8,1116.187998,2.536954936,0.422288786,1.87E-10,2.09E-09,SPTSSB,2.536954936
ENSG00000141744.4,284.017277,2.536447067,0.585086406,1.24E-06,7.39E-06,PNMT,2.536447067
ENSG00000254847.1,12.74809888,-2.535002168,0.253980692,2.31E-24,1.39E-22,AC009806.1,2.535002168
ENSG00000236385.1,2.766142006,2.534948525,0.554825065,3.96E-07,2.59E-06,AC026355.3,2.534948525
ENSG00000162733.19,10752.41066,-2.534899786,0.281240518,1.92E-20,7.79E-19,DDR2,2.534899786
ENSG00000108001.15,758.4823401,-2.534772602,0.28591789,7.38E-20,2.81E-18,EBF3,2.534772602
ENSG00000165949.12,16657.83477,2.534722853,0.386317794,4.96E-12,7.02E-11,IFI27,2.534722853
ENSG00000285686.1,0.809044323,-2.534523455,0.609966004,0.004305812,0.011919628,LINC02834,2.534523455
ENSG00000214237.11,0.996592751,2.534360141,1.076879784,0.001907242,0.005809419,MINDY4B,2.534360141
ENSG00000270076.1,14.66336015,-2.534266967,0.362445874,3.60E-13,5.97E-12,AF131215.7,2.534266967
ENSG00000248668.3,34.5537997,-2.532290022,0.246023948,6.71E-26,4.86E-24,OXCT1-AS1,2.532290022
ENSG00000284969.1,2.106438303,-2.532056981,0.518123609,1.24E-07,8.81E-07,AL049629.2,2.532056981
ENSG00000006118.15,4003.440229,2.530921629,0.253638679,1.99E-24,1.22E-22,TMEM132A,2.530921629
ENSG00000065618.21,8717.716345,-2.530704326,0.472895878,7.70E-09,6.67E-08,COL17A1,2.530704326
ENSG00000102468.11,77.30552429,-2.530689059,0.346485812,2.80E-14,5.39E-13,HTR2A,2.530689059
ENSG00000276542.1,1.75101023,-2.530687736,0.578701608,3.27E-07,2.16E-06,AC097478.2,2.530687736
ENSG00000237686.7,251.8986489,-2.53034635,0.557056412,0.00040737,0.001460672,AL109615.3,2.53034635
ENSG00000117122.14,1067.942249,2.529484114,0.194624433,1.65E-39,6.23E-37,MFAP2,2.529484114
ENSG00000123358.20,9021.752589,-2.529330125,0.351643544,4.35E-14,8.17E-13,NR4A1,2.529330125
ENSG00000182492.16,30590.58082,2.528568729,0.25423347,2.28E-24,1.38E-22,BGN,2.528568729
ENSG00000248222.5,2.549339258,-2.527525974,0.490788526,3.24E-08,2.54E-07,SLIT3-AS1,2.527525974
ENSG00000092607.15,1450.16423,-2.526640173,0.318115904,1.90E-16,4.87E-15,TBX15,2.526640173
ENSG00000078814.17,94.56137859,-2.526413451,0.212267777,2.47E-08,1.97E-07,MYH7B,2.526413451
ENSG00000105467.9,7.155193338,2.525318627,0.398125273,1.99E-11,2.58E-10,SYNGR4,2.525318627
ENSG00000272508.1,2.270121179,-2.525053636,0.557457526,4.45E-07,2.88E-06,AL136982.6,2.525053636
ENSG00000279444.1,5.873179093,-2.525038724,0.501244151,3.95E-08,3.05E-07,AC135584.1,2.525038724
ENSG00000214530.9,11028.38568,2.525031803,0.287177858,1.35E-19,5.00E-18,STARD10,2.525031803
ENSG00000189366.9,90.53753121,2.524918078,0.427975988,3.34E-10,3.60E-09,ALG1L,2.524918078
ENSG00000138356.14,1799.330554,-2.524792792,0.314851059,1.04E-16,2.76E-15,AOX1,2.524792792
ENSG00000075218.19,324.7882681,2.524649517,0.232349344,1.73E-28,1.67E-26,GTSE1,2.524649517
ENSG00000259285.1,1.677135332,-2.524261764,0.596626663,1.27E-06,7.54E-06,AC025431.1,2.524261764
ENSG00000079462.8,1592.961082,2.524064994,0.220023561,2.06E-31,2.78E-29,PAFAH1B3,2.524064994
ENSG00000226792.7,1.983032905,-2.522740709,0.60603192,2.64E-06,1.48E-05,C13orf42,2.522740709
ENSG00000104899.8,58.94026915,2.522521626,0.4013997,3.02E-11,3.83E-10,AMH,2.522521626
ENSG00000248399.1,5.602561371,2.521562924,0.453816424,3.35E-09,3.08E-08,AL645924.1,2.521562924
ENSG00000101883.5,27.41927591,-2.521316541,0.376727102,2.14E-12,3.21E-11,RHOXF1,2.521316541
ENSG00000175305.17,258.3600736,2.520770529,0.235316996,9.87E-28,8.90E-26,CCNE2,2.520770529
ENSG00000273983.1,50.28540761,2.520746348,0.486755896,1.81E-08,1.47E-07,H3C8,2.520746348
ENSG00000225889.9,98.02442684,-2.520002154,0.243819037,4.03E-26,3.01E-24,AC012368.1,2.520002154
ENSG00000147166.11,24.11426562,-2.519644713,0.226472108,5.46E-05,0.000237299,ITGB1BP2,2.519644713
ENSG00000162614.19,1286.013197,-2.51934922,0.208910588,2.02E-09,1.93E-08,NEXN,2.51934922
ENSG00000274824.1,2.205356837,-2.519302386,0.456405311,2.27E-09,2.14E-08,MIR7152,2.519302386
ENSG00000254519.5,2.626456137,-2.518894992,0.796316634,0.002019199,0.006113937,AC044839.1,2.518894992
ENSG00000229673.1,0.655068223,-2.517646114,1.022531905,0.003132628,0.009021492,Z73495.1,2.517646114
ENSG00000231764.10,6.253408863,2.517458425,0.255895022,1.48E-05,7.18E-05,DLX6-AS1,2.517458425
ENSG00000245864.3,4.659262587,-2.51744478,0.492832773,3.03E-08,2.38E-07,MEF2C-AS2,2.51744478
ENSG00000101003.10,705.5978744,2.517421148,0.190654073,8.46E-41,3.86E-38,GINS1,2.517421148
ENSG00000215784.6,16.89345477,2.517219791,0.320861639,5.15E-16,1.25E-14,FAM72D,2.517219791
ENSG00000213937.4,42.32582765,2.516790499,0.396273733,1.87E-11,2.44E-10,CLDN9,2.516790499
ENSG00000251209.9,13.94762707,-2.516737406,0.298168055,4.48E-18,1.41E-16,LINC00923,2.516737406
ENSG00000147251.15,3278.252939,-2.516610111,0.28272721,5.25E-20,2.02E-18,DOCK11,2.516610111
ENSG00000277639.2,453.7128167,-2.516492969,0.386140854,6.67E-12,9.23E-11,AC007906.2,2.516492969
ENSG00000287037.1,3.578069558,-2.515378671,0.945138178,0.000586397,0.002027639,AC097709.1,2.515378671
ENSG00000183734.4,179.0784864,2.51509147,0.388462991,9.46E-12,1.28E-10,ASCL2,2.51509147
ENSG00000279637.1,1.414354174,-2.514893201,0.564292275,6.12E-07,3.86E-06,AC018445.3,2.514893201
ENSG00000277851.2,19.71319079,-2.514550144,0.280861843,3.53E-20,1.38E-18,LINC02391,2.514550144
ENSG00000228031.4,2.513836356,-2.51428799,0.504251369,8.15E-08,5.97E-07,AC078842.1,2.51428799
ENSG00000135747.11,3.209729005,2.513735253,0.505553407,8.59E-08,6.27E-07,ZNF670-ZNF695,2.513735253
ENSG00000249790.3,14.07539134,-2.513103523,0.411108877,8.46E-11,1.00E-09,AC092490.1,2.513103523
ENSG00000199687.1,0.472610214,-2.512732006,1.029376056,0.006671854,0.017503481,RNU1-38P,2.512732006
ENSG00000158458.21,177.5916993,-2.510758828,0.241964058,1.53E-50,2.30E-47,NRG2,2.510758828
ENSG00000117472.10,3403.226923,2.510688569,0.363995899,5.54E-13,9.00E-12,TSPAN1,2.510688569
ENSG00000184661.14,260.4675226,2.510341507,0.268681979,9.79E-22,4.57E-20,CDCA2,2.510341507
ENSG00000220771.2,2.493126537,2.509979707,0.500044329,6.51E-08,4.85E-07,BOLA2P3,2.509979707
ENSG00000242317.1,6.464797751,-2.509927808,0.812726003,0.000159432,0.000626313,AC121764.1,2.509927808
ENSG00000188501.11,9.854627396,2.50978296,0.238918727,2.44E-05,0.0001139,LCTL,2.50978296
ENSG00000249464.6,54.38313782,-2.509684264,0.265836715,1.38E-07,9.73E-07,LINC01091,2.509684264
ENSG00000253576.1,0.773015053,-2.509527126,0.755003327,8.91E-05,0.000370455,AF181450.1,2.509527126
ENSG00000120645.12,217.8059865,-2.509439462,0.254281234,5.51E-24,3.14E-22,IQSEC3,2.509439462
ENSG00000145283.8,76.03405235,-2.508728866,0.246971536,2.80E-25,1.87E-23,SLC10A6,2.508728866
ENSG00000166920.13,376.9167514,2.508656369,0.392179781,1.56E-11,2.05E-10,C15orf48,2.508656369
ENSG00000205325.3,14.00250017,2.508007624,0.847069177,0.000218734,0.000831906,AC005863.1,2.508007624
ENSG00000163431.13,3686.663932,-2.507945904,0.171289512,1.57E-49,1.93E-46,LMOD1,2.507945904
ENSG00000153976.3,94.17194556,2.506728663,0.308609422,5.03E-17,1.39E-15,HS3ST3A1,2.506728663
ENSG00000171320.15,265.950184,2.506044498,0.286620922,2.39E-19,8.60E-18,ESCO2,2.506044498
ENSG00000264647.1,2.541656664,2.504876267,0.56478931,1.04E-06,6.27E-06,AC104564.4,2.504876267
ENSG00000286109.1,0.501556579,2.503909051,1.211888426,0.015646034,0.036557354,AL357972.1,2.503909051
ENSG00000231651.1,10.38836434,2.503812568,0.455500423,3.71E-09,3.39E-08,DLG3-AS1,2.503812568
ENSG00000117598.13,13.00270987,2.503802266,0.669369696,1.11E-05,5.54E-05,PLPPR5,2.503802266
ENSG00000276412.2,1.70041279,-2.503409115,0.598823965,1.40E-06,8.24E-06,AL591926.2,2.503409115
ENSG00000258808.1,0.709448215,-2.503374199,0.879925035,0.000726887,0.002463127,LINC02310,2.503374199
ENSG00000267577.1,1.151841754,2.503042497,0.790380829,0.00014662,0.000581447,AC010327.4,2.503042497
ENSG00000187942.12,103.6688107,-2.502496652,0.247313937,4.21E-25,2.73E-23,LDLRAD2,2.502496652
ENSG00000174156.15,6.16724782,2.502307314,0.703166578,0.009309551,0.023366967,GSTA3,2.502307314
ENSG00000164825.4,224.8238685,-2.502245105,0.383548218,6.60E-12,9.14E-11,DEFB1,2.502245105
ENSG00000272239.1,0.71904836,-2.501942806,0.880726005,0.000755995,0.002551857,AC011373.1,2.501942806
ENSG00000228649.9,204.6277108,-2.501468307,0.280908627,5.60E-20,2.15E-18,SNHG26,2.501468307
ENSG00000133466.14,1655.306275,2.499808926,0.200626345,1.64E-36,4.41E-34,C1QTNF6,2.499808926
ENSG00000283031.2,16.0722517,-2.498993302,0.29431741,8.02E-19,2.75E-17,AC009242.1,2.498993302
ENSG00000254157.1,2.256050154,-2.498899451,0.658172827,7.61E-06,3.91E-05,IGKV2-18,2.498899451
ENSG00000279430.1,2.643894269,-2.498459912,0.531811021,1.24E-07,8.84E-07,AL590560.4,2.498459912
ENSG00000127084.19,2915.289821,2.498203543,0.328572634,3.38E-15,7.36E-14,FGD3,2.498203543
ENSG00000169760.17,125.3078019,-2.498093433,0.332970889,2.04E-29,2.19E-27,NLGN1,2.498093433
ENSG00000249509.1,7.877953733,-2.497968783,0.553664402,6.21E-07,3.90E-06,NEUROG2-AS1,2.497968783
ENSG00000232192.1,1.223512281,2.49750551,0.811435347,0.000131585,0.000527039,KIF26B-AS1,2.49750551
ENSG00000106278.12,480.4502037,-2.496842106,0.506646152,7.03E-08,5.21E-07,PTPRZ1,2.496842106
ENSG00000226774.1,3.493792298,-2.495257126,0.513122404,1.62E-07,1.13E-06,HIKESHIP1,2.495257126
ENSG00000279778.1,27.59160067,-2.494708075,0.30802435,6.37E-17,1.73E-15,AL445437.1,2.494708075
ENSG00000250535.1,27.88748391,2.494559978,0.587359708,1.82E-06,1.05E-05,STK19B,2.494559978
ENSG00000073282.14,2812.166728,-2.494472234,0.390605489,1.62E-11,2.13E-10,TP63,2.494472234
ENSG00000262979.1,17.6653228,2.493613085,0.361698001,6.21E-13,1.00E-11,AC124319.1,2.493613085
ENSG00000124391.5,3.786559355,2.493434307,0.603594548,3.13E-06,1.73E-05,IL17C,2.493434307
ENSG00000278463.2,1.452478219,2.492950515,0.706069215,3.69E-05,0.000165916,H2AC4,2.492950515
ENSG00000213777.5,8.954926123,-2.491848878,0.36041663,4.57E-13,7.51E-12,AC011487.1,2.491848878
ENSG00000160957.14,703.2915685,2.491291479,0.244017285,1.85E-25,1.26E-23,RECQL4,2.491291479
ENSG00000235933.1,1.289204658,-2.49041132,0.583404836,1.63E-06,9.44E-06,LINC01779,2.49041132
ENSG00000283304.1,4.512404827,-2.490185823,0.46921791,1.13E-08,9.54E-08,LINC02183,2.490185823
ENSG00000196557.13,1866.470255,2.489992359,0.414984801,1.91E-10,2.14E-09,CACNA1H,2.489992359
ENSG00000233262.1,0.470849448,-2.489952347,1.198287347,0.021714539,0.048429314,AL356134.1,2.489952347
ENSG00000261625.1,37.77262755,-2.489922369,0.233829967,1.53E-27,1.35E-25,AP003071.4,2.489922369
ENSG00000173253.15,135.142143,-2.48935202,0.340113741,2.42E-14,4.70E-13,DMRT2,2.48935202
ENSG00000232328.3,4.236504836,-2.489080827,0.517471693,1.43E-07,1.01E-06,AC084030.1,2.489080827
ENSG00000272789.1,24.2669215,-2.488438023,0.377382362,3.99E-12,5.74E-11,AC010976.2,2.488438023
ENSG00000251493.5,20.62599733,2.488410701,0.45364635,3.81E-09,3.47E-08,FOXD1,2.488410701
ENSG00000203814.6,118.6935843,2.487235182,0.330645227,5.64E-15,1.19E-13,H2BC18,2.487235182
ENSG00000270187.1,2.719913098,-2.487032746,0.663128853,1.58E-05,7.65E-05,IGKV1OR2-11,2.487032746
ENSG00000213900.2,2.750411026,-2.486754812,0.495416628,5.92E-08,4.44E-07,RPS17P1,2.486754812
ENSG00000235029.1,6.908566002,2.486717685,0.496726942,5.10E-08,3.87E-07,MNX1-AS2,2.486717685
ENSG00000186105.8,44.92720489,-2.48666464,0.236598032,7.89E-27,6.35E-25,LRRC70,2.48666464
ENSG00000132837.15,297.7264456,-2.486340628,0.296873155,5.42E-18,1.69E-16,DMGDH,2.486340628
ENSG00000230749.5,5.922528382,-2.486310617,0.402724645,5.84E-11,7.10E-10,MEIS1-AS2,2.486310617
ENSG00000051180.17,340.5840822,2.485232478,0.207660198,5.90E-34,1.10E-31,RAD51,2.485232478
ENSG00000175315.3,133.4540908,2.484510686,0.408910565,1.21E-10,1.40E-09,CST6,2.484510686
ENSG00000117407.17,90.74404945,2.483903725,0.318519438,6.60E-16,1.58E-14,ARTN,2.483903725
ENSG00000227342.1,0.811423249,-2.483647136,0.796257767,0.000183858,0.000712856,LINC00307,2.483647136
ENSG00000252210.1,0.730851125,-2.482581682,0.969743025,0.002340614,0.006974792,Y_RNA,2.482581682
ENSG00000238145.2,4.845094395,2.482370887,0.542445209,0.002106564,0.006353005,TUBAP8,2.482370887
ENSG00000237943.7,97.78122473,-2.481712047,0.274433463,4.88E-09,4.36E-08,PRKCQ-AS1,2.481712047
ENSG00000113368.12,2322.288071,2.48116563,0.223855179,1.61E-29,1.75E-27,LMNB1,2.48116563
ENSG00000165379.13,131.8449055,-2.480939876,0.231889856,1.11E-27,9.96E-26,LRFN5,2.480939876
ENSG00000259604.5,0.583034436,-2.479777672,1.038805603,0.006113075,0.016217318,AC015712.4,2.479777672
ENSG00000154080.14,512.2194364,-2.478283883,0.52736517,2.29E-07,1.56E-06,CHST9,2.478283883
ENSG00000238122.1,1.914111643,2.476018565,0.859111537,0.000459591,0.001628594,AL359258.1,2.476018565
ENSG00000287750.1,43.97636093,2.475449646,0.290089877,1.76E-18,5.83E-17,AL353572.4,2.475449646
ENSG00000270919.1,1.49325032,2.47518519,0.684972612,3.18E-05,0.000144869,AC108451.2,2.47518519
ENSG00000228734.2,1.075763643,2.475074978,0.754250804,0.000105904,0.000433231,AC096543.2,2.475074978
ENSG00000118407.15,253.0032173,-2.475019808,0.232169743,1.48E-08,1.22E-07,FILIP1,2.475019808
ENSG00000198774.5,419.5286995,-2.474577676,0.215689012,1.91E-31,2.59E-29,RASSF9,2.474577676
ENSG00000153902.14,436.8581817,-2.474194094,0.21900529,1.37E-30,1.71E-28,LGI4,2.474194094
ENSG00000260788.6,5.396853581,2.474116566,0.423630997,0.002326236,0.006935944,AC009063.2,2.474116566
ENSG00000278995.1,7.940307818,2.472749999,0.43655066,1.69E-09,1.63E-08,Z69720.2,2.472749999
ENSG00000137440.5,145.8037123,-2.472443421,0.606932624,1.87E-12,2.83E-11,FGFBP1,2.472443421
ENSG00000260802.1,7.688952445,-2.471805576,0.457336138,4.80E-09,4.30E-08,SERTM2,2.471805576
ENSG00000184347.15,7944.082058,-2.471312022,0.25742677,1.19E-22,5.97E-21,SLIT3,2.471312022
ENSG00000149575.9,229.0273423,-2.47129329,0.416036717,2.72E-10,2.97E-09,SCN2B,2.47129329
ENSG00000140443.15,13307.47251,2.471037227,0.272050506,2.96E-05,0.000135872,IGF1R,2.471037227
ENSG00000177182.11,20.22600006,-2.470938608,0.325359059,3.33E-15,7.25E-14,CLVS1,2.470938608
ENSG00000166473.17,254.3099736,-2.470310303,0.369982236,2.28E-12,3.41E-11,PKD1L2,2.470310303
ENSG00000135144.7,999.0666876,-2.46996713,0.272676994,1.33E-20,5.46E-19,DTX1,2.46996713
ENSG00000287708.1,0.618069762,-2.469220793,0.984230979,0.003030847,0.008768876,AL137017.1,2.469220793
ENSG00000101412.13,755.5086681,2.469146304,0.230657945,9.22E-28,8.33E-26,E2F1,2.469146304
ENSG00000185518.12,349.9325072,-2.468785811,0.312298664,3.08E-16,7.71E-15,SV2B,2.468785811
ENSG00000206646.1,0.820511352,2.468298905,0.955327623,0.001814034,0.005553932,Y_RNA,2.468298905
ENSG00000112246.10,232.0167474,-2.466078648,0.49445923,5.42E-08,4.09E-07,SIM1,2.466078648
ENSG00000129455.15,50.46668914,-2.46567152,0.476252219,2.13E-08,1.71E-07,KLK8,2.46567152
ENSG00000181374.8,186.562299,-2.4651378,0.47349546,1.78E-08,1.45E-07,CCL13,2.4651378
ENSG00000231749.3,3.365113667,-2.465136738,0.485795581,4.12E-08,3.16E-07,ABCA9-AS1,2.465136738
ENSG00000256984.2,1.769419057,-2.464500485,0.560084496,5.36E-07,3.41E-06,AC008013.2,2.464500485
ENSG00000185467.7,20.92946461,2.46431943,0.43079468,1.10E-09,1.09E-08,KPNA7,2.46431943
ENSG00000269387.1,0.779018575,-2.464175137,0.736430743,6.63E-05,0.000283479,AL365205.4,2.464175137
ENSG00000099984.11,6.415210509,-2.463772045,0.499945469,0.004476562,0.012330477,GSTT2,2.463772045
ENSG00000091651.9,267.5636059,2.461901702,0.241373216,2.21E-25,1.49E-23,ORC6,2.461901702
ENSG00000225154.2,13.61043766,2.46188356,0.686059282,0.000630171,0.002164711,TUBAP9,2.46188356
ENSG00000221818.9,651.2361313,-2.461726155,0.283660791,3.90E-19,1.37E-17,EBF2,2.461726155
ENSG00000232715.1,0.708359862,2.46127978,1.091721741,0.006080242,0.016142205,LINC01022,2.46127978
ENSG00000186479.5,68.56841104,-2.461031385,0.363031774,1.30E-12,2.00E-11,RGS7BP,2.461031385
ENSG00000109255.11,22.67030511,2.460644041,0.427049227,8.41E-10,8.52E-09,NMU,2.460644041
ENSG00000224238.2,21.93502445,-2.460387737,0.247912484,3.94E-24,2.30E-22,WARS2-IT1,2.460387737
ENSG00000232057.1,3.302119893,-2.459738655,0.598027108,4.57E-06,2.46E-05,AC093390.1,2.459738655
ENSG00000131480.9,154.376778,-2.459125092,0.30813863,1.37E-16,3.59E-15,AOC2,2.459125092
ENSG00000255403.1,0.52365506,-2.458380571,1.123047704,0.009568787,0.02391527,HSPD1P13,2.458380571
ENSG00000248428.1,1.463511632,-2.458317466,0.633662112,7.42E-06,3.82E-05,AC010395.1,2.458317466
ENSG00000223561.7,17.06069534,-2.458270942,0.31360096,5.94E-16,1.43E-14,AC005165.1,2.458270942
ENSG00000287149.1,0.890602939,-2.456954223,1.082320178,0.002776014,0.00810682,AC092640.1,2.456954223
ENSG00000273802.2,647.3726738,2.456381908,0.436883025,1.78E-09,1.71E-08,H2BC8,2.456381908
ENSG00000188958.9,22.81546304,-2.45582603,0.337119399,4.03E-14,7.61E-13,UTS2B,2.45582603
ENSG00000248441.7,109.1119817,-2.455273348,0.220460084,8.85E-30,9.97E-28,LINC01197,2.455273348
ENSG00000151967.18,72.94616459,-2.454988828,0.327486021,6.70E-15,1.40E-13,SCHIP1,2.454988828
ENSG00000204624.8,54.58495731,2.453957111,0.373671137,5.31E-12,7.47E-11,DISP3,2.453957111
ENSG00000258179.1,0.874521013,-2.453919635,0.955243555,0.001494958,0.004675418,AC079598.3,2.453919635
ENSG00000120129.6,19524.82617,-2.452834719,0.261859523,6.35E-22,2.99E-20,DUSP1,2.452834719
ENSG00000236894.3,1.533275177,-2.452798598,0.494960981,6.42E-08,4.78E-07,AL160287.1,2.452798598
ENSG00000165072.10,1184.117072,-2.452174728,0.265914885,6.84E-35,1.46E-32,MAMDC2,2.452174728
ENSG00000116176.6,173.592376,2.451548184,0.559873453,1.08E-06,6.51E-06,TPSG1,2.451548184
ENSG00000233273.1,1.041035481,2.451092109,0.755621646,7.00E-05,0.000297665,AMMECR1LP1,2.451092109
ENSG00000236404.10,137.0611199,-2.451043587,0.358949987,8.61E-13,1.36E-11,VLDLR-AS1,2.451043587
ENSG00000271763.1,4.091140925,2.450722103,0.361481846,0.002254491,0.006751959,AC091544.5,2.450722103
ENSG00000286735.1,3.715664739,-2.449961005,0.430601961,1.73E-09,1.67E-08,AC126182.3,2.449961005
ENSG00000186564.6,94.32772146,2.449870727,0.299853518,3.30E-17,9.34E-16,FOXD2,2.449870727
ENSG00000187398.12,157.5100778,-2.449214186,0.33942117,5.47E-14,1.01E-12,LUZP2,2.449214186
ENSG00000264266.1,0.6846469,-2.448654778,0.816909178,0.000380504,0.001374755,MIR4322,2.448654778
ENSG00000152463.15,13.11735253,-2.447732015,0.40417042,1.64E-10,1.86E-09,OLAH,2.447732015
ENSG00000280143.1,0.514107574,-2.447520318,1.05667081,0.00749142,0.019346356,AP000892.4,2.447520318
ENSG00000046889.19,1541.138413,-2.447306279,0.25861173,3.04E-22,1.47E-20,PREX2,2.447306279
ENSG00000148482.12,6.75476515,-2.446867362,0.526100915,2.78E-07,1.86E-06,SLC39A12,2.446867362
ENSG00000283413.1,21.36211927,2.445940681,0.547227673,7.00E-07,4.36E-06,AC008703.1,2.445940681
ENSG00000117971.12,9.135150631,2.445470777,0.383303689,0.000995692,0.003259563,CHRNB4,2.445470777
ENSG00000285420.1,15.50749621,-2.444123274,0.364783793,1.75E-12,2.66E-11,PDGFRL2P,2.444123274
ENSG00000187185.4,9.980557161,-2.442134702,0.34031016,8.78E-14,1.58E-12,AC092118.1,2.442134702
ENSG00000162746.14,105.1914082,2.442115615,0.326191907,7.92E-11,9.39E-10,FCRLB,2.442115615
ENSG00000287063.1,6.110162139,-2.441976967,0.338277123,7.92E-14,1.43E-12,AL356489.3,2.441976967
ENSG00000235049.1,55.63114935,2.441758201,0.349010136,2.74E-13,4.63E-12,LINC00940,2.441758201
ENSG00000171759.10,75.68274424,2.441012354,0.516696733,2.16E-07,1.48E-06,PAH,2.441012354
ENSG00000261456.6,24.82383108,2.440982633,0.324155958,5.22E-15,1.11E-13,TUBB8,2.440982633
ENSG00000244176.1,4.185883018,2.440837828,0.543192297,7.30E-07,4.52E-06,AP003733.1,2.440837828
ENSG00000259390.4,2.411026953,2.440693861,0.533863,5.89E-07,3.72E-06,AC022196.1,2.440693861
ENSG00000120471.15,129.8605708,-2.440389979,0.362221419,1.49E-12,2.29E-11,TP53AIP1,2.440389979
ENSG00000221340.1,4.339977144,-2.439948864,0.389880241,6.11E-11,7.40E-10,RNU6ATAC18P,2.439948864
ENSG00000230787.1,10.92030845,-2.438819968,0.345512224,1.58E-13,2.74E-12,PSAT1P3,2.438819968
ENSG00000197506.8,801.2972587,-2.438775335,0.439525933,2.74E-09,2.57E-08,SLC28A3,2.438775335
ENSG00000164619.10,269.0958325,-2.438677087,0.368420203,3.57E-12,5.19E-11,BMPER,2.438677087
ENSG00000133110.15,48539.63627,2.437964309,0.276250023,1.18E-19,4.41E-18,POSTN,2.437964309
ENSG00000220586.2,1.695539524,-2.437955751,0.678429842,3.11E-05,0.000141966,TUBBP9,2.437955751
ENSG00000185640.6,29.11554468,-2.437768999,0.510684945,1.60E-07,1.12E-06,KRT79,2.437768999
ENSG00000165152.9,437.3970667,-2.43721862,0.243745671,1.58E-24,9.74E-23,PGAP4,2.43721862
ENSG00000253666.2,7.654571218,2.436929961,0.555150134,1.05E-06,6.35E-06,AP000424.1,2.436929961
ENSG00000211633.3,17.92986457,-2.436916124,0.572253949,1.65E-06,9.59E-06,IGKV1D-42,2.436916124
ENSG00000285700.1,1.710826242,-2.436688066,0.534561195,4.52E-07,2.92E-06,AC104260.3,2.436688066
ENSG00000152292.17,9.943273297,2.436293623,0.538088462,5.34E-07,3.40E-06,SH2D6,2.436293623
ENSG00000188089.13,23.58283013,-2.435216936,0.789789122,5.28E-08,4.00E-07,PLA2G4E,2.435216936
ENSG00000229167.2,17.62887542,-2.435187706,0.376301984,1.01E-11,1.37E-10,AC114488.1,2.435187706
ENSG00000278972.1,1.539556775,-2.434847484,0.583091665,1.88E-06,1.08E-05,AC015920.1,2.434847484
ENSG00000170558.10,374.7537209,2.434100339,0.370399847,5.03E-12,7.10E-11,CDH2,2.434100339
ENSG00000178662.16,508.3449196,-2.433698116,0.326215574,8.76E-15,1.80E-13,CSRNP3,2.433698116
ENSG00000259070.7,111.708215,-2.433396437,0.256915146,2.77E-22,1.34E-20,LINC00639,2.433396437
ENSG00000166482.12,8896.269858,-2.433393884,0.281026264,3.18E-19,1.13E-17,MFAP4,2.433393884
ENSG00000253406.1,6.904717492,-2.432149864,0.511572523,2.48E-07,1.68E-06,AC012613.2,2.432149864
ENSG00000166840.13,377.2875488,2.431481996,0.442729587,3.91E-09,3.56E-08,GLYATL1,2.431481996
ENSG00000103260.9,1872.159009,2.430871719,0.276288945,1.58E-19,5.78E-18,METRN,2.430871719
ENSG00000271252.1,1.194656071,-2.429479057,0.798495975,0.000193798,0.000747121,AL683887.1,2.429479057
ENSG00000234577.1,1.22855905,-2.429099332,0.648388876,1.32E-05,6.50E-05,SYNE1-AS1,2.429099332
ENSG00000244953.1,18.88132723,-2.429065258,0.416651395,5.34E-10,5.57E-09,AC087521.1,2.429065258
ENSG00000258604.1,11.08542394,-2.428795386,0.446207734,5.89E-09,5.22E-08,AL161668.4,2.428795386
ENSG00000112539.15,3.772863529,2.428661355,0.902119746,0.000509497,0.001786104,C6orf118,2.428661355
ENSG00000196834.13,34.60486569,2.428080581,0.512781461,2.12E-07,1.45E-06,POTEI,2.428080581
ENSG00000163739.5,101.2915799,-2.426285146,0.379653405,1.50E-11,1.98E-10,CXCL1,2.426285146
ENSG00000135063.19,2089.083139,-2.426097477,0.282155781,8.39E-19,2.86E-17,FAM189A2,2.426097477
ENSG00000261706.1,8.692457732,-2.425980719,0.386005295,4.54E-11,5.61E-10,LINC00165,2.425980719
ENSG00000234667.2,4.261392835,2.425274164,0.731782511,7.15E-05,0.00030331,ACTBP13,2.425274164
ENSG00000249926.2,0.978073732,-2.424682715,0.742659197,0.000127627,0.000512647,AC117500.1,2.424682715
ENSG00000115290.10,426.0687493,2.424365997,0.464026814,0.004139214,0.011520415,GRB14,2.424365997
ENSG00000218823.2,2.111068535,-2.424359425,0.499496866,1.02E-07,7.38E-07,PAPOLB,2.424359425
ENSG00000123201.14,45.98182086,2.424343446,0.478715415,4.71E-08,3.59E-07,GUCY1B2,2.424343446
ENSG00000233333.2,0.511968755,-2.424017226,1.170187914,0.015025987,0.035308104,RNFT1P2,2.424017226
ENSG00000215089.3,10.48153406,2.423725229,0.362270971,2.43E-12,3.61E-11,KRT18P11,2.423725229
ENSG00000263325.1,6.426241858,2.423721971,0.390420707,7.15E-11,8.56E-10,AC003965.2,2.423721971
ENSG00000113763.12,341.2871241,2.422366613,0.455750066,1.04E-08,8.83E-08,UNC5A,2.422366613
ENSG00000108176.15,1872.237436,2.422291514,0.402637833,1.80E-10,2.03E-09,DNAJC12,2.422291514
ENSG00000287022.1,1.427897045,2.421920918,0.667432722,2.13E-05,0.000100765,AC079841.2,2.421920918
ENSG00000231476.1,4.112298768,-2.421888869,0.683943998,4.03E-05,0.000179336,AC074389.2,2.421888869
ENSG00000186081.12,26076.61883,-2.420587445,0.524314258,3.47E-07,2.29E-06,KRT5,2.420587445
ENSG00000197308.9,251.1595932,2.419410991,0.422078772,1.00E-09,1.00E-08,GATA3-AS1,2.419410991
ENSG00000260089.2,0.548198142,-2.418344839,0.904464597,0.002205756,0.006621651,ADAM3B,2.418344839
ENSG00000143195.13,75.2457678,2.418265971,0.299955538,7.54E-17,2.03E-15,ILDR2,2.418265971
ENSG00000100253.13,4.072448434,2.41799919,0.433501598,0.0003027,0.001116969,MIOX,2.41799919
ENSG00000259666.3,5.716130244,2.417351717,0.707110867,4.79E-05,0.000210815,LINGO1-AS1,2.417351717
ENSG00000287052.1,3.02419825,-2.417198441,0.665052231,3.05E-05,0.000139295,AC016240.1,2.417198441
ENSG00000273703.2,1.110030781,2.416828721,0.751465525,9.91E-05,0.000408252,H2BC14,2.416828721
ENSG00000285600.1,3.306700157,2.41647711,0.447519066,9.46E-09,8.11E-08,AC023593.1,2.41647711
ENSG00000231868.1,12.34125708,2.416443273,0.507706429,1.94E-07,1.34E-06,AL031848.1,2.416443273
ENSG00000174876.16,0.675634808,-2.416411828,0.839052789,0.000592266,0.002045862,AMY1B,2.416411828
ENSG00000168484.12,1.565581142,-2.415861474,0.960533045,0.00057741,0.001999382,SFTPC,2.415861474
ENSG00000205002.4,2686.614463,2.415212626,0.460829274,1.66E-08,1.36E-07,AARD,2.415212626
ENSG00000151364.17,120.726262,-2.415199639,0.351552864,6.77E-13,1.09E-11,KCTD14,2.415199639
ENSG00000198128.4,2.416907673,-2.414971136,0.57993484,2.36E-06,1.34E-05,OR2L3,2.414971136
ENSG00000237238.3,54.34206187,-2.414134547,0.384723059,3.67E-11,4.59E-10,BMS1P10,2.414134547
ENSG00000196431.4,3.308527133,2.414108904,0.456828874,0.010192202,0.025250077,CRYBA4,2.414108904
ENSG00000197977.4,2541.398848,2.412994209,0.467319916,2.54E-08,2.02E-07,ELOVL2,2.412994209
ENSG00000116745.7,17.46670877,-2.412571995,0.510754327,2.36E-07,1.60E-06,RPE65,2.412571995
ENSG00000233198.4,23.40578417,2.412520912,0.329886103,2.44E-14,4.74E-13,RNF224,2.412520912
ENSG00000196071.5,14.888944,-2.41249269,0.42829384,1.93E-09,1.85E-08,OR2L13,2.41249269
ENSG00000164270.18,5.87268966,-2.412394673,0.393298004,8.55E-11,1.01E-09,HTR4,2.412394673
ENSG00000172201.12,4165.64733,-2.411998432,0.340798605,1.47E-13,2.57E-12,ID4,2.411998432
ENSG00000154027.19,2336.254239,-2.411121785,0.398584862,1.36E-10,1.56E-09,AK5,2.411121785
ENSG00000196167.10,184.8213339,-2.409605823,0.31734662,3.11E-15,6.80E-14,COLCA1,2.409605823
ENSG00000231402.1,10.50280273,2.40886436,0.65960973,2.29E-05,0.000107753,WASF5P,2.40886436
ENSG00000179381.8,2.521384769,2.408857331,1.185972518,0.002369269,0.00704842,OR4K11P,2.408857331
ENSG00000233608.4,594.2311095,-2.408634021,0.253920998,2.51E-22,1.22E-20,TWIST2,2.408634021
ENSG00000173467.9,4457.634261,2.40758659,0.481592651,6.12E-08,4.57E-07,AGR3,2.40758659
ENSG00000146648.19,6431.485394,-2.407579435,0.239824261,1.27E-33,2.25E-31,EGFR,2.407579435
ENSG00000101222.12,91.23671452,2.407288623,0.337207238,9.89E-14,1.77E-12,SPEF1,2.407288623
ENSG00000228937.1,1.235409978,-2.405566901,0.682490437,2.73E-05,0.000126053,MTA3P1,2.405566901
ENSG00000273006.1,1.490159257,-2.405357058,0.598765709,2.66E-06,1.49E-05,AC009229.3,2.405357058
ENSG00000176058.13,1786.962455,2.405250149,0.202945704,2.60E-33,4.53E-31,TPRN,2.405250149
ENSG00000069431.11,2054.847212,-2.405114411,0.314349481,2.06E-15,4.61E-14,ABCC9,2.405114411
ENSG00000186831.11,7.146347768,-2.40483989,0.477841667,5.76E-08,4.32E-07,KRT17P2,2.40483989
ENSG00000237555.1,2.158892429,2.403915267,0.852877195,0.000412044,0.001476489,AL031681.1,2.403915267
ENSG00000137731.14,11.9550846,-2.402202884,0.243915142,7.32E-24,4.13E-22,FXYD2,2.402202884
ENSG00000217236.2,3.623202182,-2.400987949,0.56881474,2.72E-06,1.52E-05,SP9,2.400987949
ENSG00000258053.1,1.228448314,2.400607269,1.240510503,0.00365603,0.010338576,AC025575.2,2.400607269
ENSG00000167646.14,64.67289116,2.399866802,0.331113552,4.42E-14,8.28E-13,DNAAF3,2.399866802
ENSG00000225243.5,2.421613833,-2.398356705,0.590418277,4.77E-06,2.55E-05,AL021026.1,2.398356705
ENSG00000237070.1,4.009044559,-2.397905641,0.446054688,6.94E-09,6.07E-08,AC005550.2,2.397905641
ENSG00000286848.1,8.527423615,-2.397394756,0.45829609,1.44E-08,1.19E-07,AC009570.2,2.397394756
ENSG00000111339.12,69.84598362,-2.397108755,0.373076247,1.28E-11,1.71E-10,ART4,2.397108755
ENSG00000244067.3,10.78747178,2.396815567,0.709956015,6.06E-05,0.000261291,GSTA2,2.396815567
ENSG00000165164.14,25.19147617,2.396696891,0.413410801,6.95E-10,7.12E-09,CFAP47,2.396696891
ENSG00000251504.1,0.642756606,-2.396001924,0.560311011,0.000860873,0.00286258,LINC01099,2.396001924
ENSG00000182631.7,2.917396008,2.3958103,0.494786606,1.64E-07,1.14E-06,RXFP3,2.3958103
ENSG00000275025.1,10.55085972,-2.395386247,0.544970671,9.63E-07,5.85E-06,AC002401.3,2.395386247
ENSG00000204140.10,65.76505505,2.395359053,0.503389006,1.89E-07,1.30E-06,CLPSL1,2.395359053
ENSG00000203930.12,203.831316,-2.395207493,0.376212091,1.89E-11,2.46E-10,LINC00632,2.395207493
ENSG00000280268.1,1.078060174,-2.394532527,0.746603809,0.000157461,0.000619374,AC025125.1,2.394532527
ENSG00000235027.1,10.15338968,2.394364688,0.413841117,0.019048701,0.043350086,AC068580.3,2.394364688
ENSG00000237612.1,0.787033528,-2.393746349,1.087804358,0.004665065,0.012778024,AP002856.4,2.393746349
ENSG00000248309.7,59.91325396,-2.393429568,0.265022712,1.83E-20,7.46E-19,MEF2C-AS1,2.393429568
ENSG00000151962.8,4.40003581,-2.393329757,0.492882138,1.38E-07,9.71E-07,RBM46,2.393329757
ENSG00000255542.1,0.76201247,-2.392994731,0.765470429,0.000183259,0.000710817,AC090625.2,2.392994731
ENSG00000133063.16,824.3143587,-2.391121104,0.536058355,7.07E-07,4.40E-06,CHIT1,2.391121104
ENSG00000260001.6,8.403119075,2.391118388,0.468247636,2.39E-08,1.91E-07,TGFBR3L,2.391118388
ENSG00000169618.7,44.13580985,-2.389994724,0.553155772,1.28E-06,7.60E-06,PROKR1,2.389994724
ENSG00000281097.1,3.165910845,-2.389116129,0.55501852,1.47E-06,8.59E-06,LINC01395,2.389116129
ENSG00000163545.11,422.9642867,2.388576811,0.202189757,3.97E-33,6.67E-31,NUAK2,2.388576811
ENSG00000120160.11,2.228170696,-2.388555072,0.496340982,2.08E-07,1.42E-06,EQTN,2.388555072
ENSG00000106823.12,4747.934384,-2.38854839,0.298501733,1.27E-16,3.33E-15,ECM2,2.38854839
ENSG00000163145.13,382.9654338,-2.388327965,0.378416681,2.77E-11,3.54E-10,C1QTNF7,2.388327965
ENSG00000225807.2,0.896579703,-2.38638599,0.794539126,0.000288776,0.001070216,AC069281.1,2.38638599
ENSG00000261701.7,2.869858186,-2.386230644,0.408900406,5.38E-10,5.60E-09,HPR,2.386230644
ENSG00000238099.3,40.33466083,-2.385979608,0.449586306,1.10E-08,9.31E-08,LINC01625,2.385979608
ENSG00000182334.3,0.588207893,-2.385716134,1.053882761,0.006994323,0.018230992,OR5P3,2.385716134
ENSG00000280119.1,167.2598921,2.384058137,0.385372976,6.34E-11,7.64E-10,AC093642.3,2.384058137
ENSG00000147573.17,24.47402959,-2.38403467,0.402053436,7.55E-11,8.99E-10,TRIM55,2.38403467
ENSG00000265480.5,3.829730856,2.384008465,0.411715586,1.04E-09,1.04E-08,KRT18P55,2.384008465
ENSG00000163808.17,402.9531233,2.383284018,0.230582372,5.24E-26,3.83E-24,KIF15,2.383284018
ENSG00000258425.1,1.42628307,-2.381591408,0.504568792,1.39E-07,9.81E-07,AC013451.1,2.381591408
ENSG00000275040.1,1.050669198,-2.381544206,0.631048297,1.01E-05,5.06E-05,AC009159.1,2.381544206
ENSG00000266559.1,1.147509251,-2.381064902,0.666154477,1.64E-05,7.90E-05,MIR4530,2.381064902
ENSG00000197903.8,1596.980166,2.380785758,0.287240416,1.38E-17,4.10E-16,H2BC12,2.380785758
ENSG00000051341.14,272.4090814,2.379901251,0.230355977,6.44E-26,4.68E-24,POLQ,2.379901251
ENSG00000287671.1,2.361711912,-2.378935141,0.587323589,2.97E-06,1.65E-05,AC068418.3,2.378935141
ENSG00000147647.13,18.18508602,-2.378750418,0.396654988,1.65E-10,1.86E-09,DPYS,2.378750418
ENSG00000225308.2,1.659853322,-2.378559773,0.703084193,0.001780963,0.005462048,ASS1P11,2.378559773
ENSG00000275830.2,9.234071108,-2.378559022,0.338059858,2.33E-13,3.98E-12,AL390755.1,2.378559022
ENSG00000141741.12,3075.734914,2.378345645,0.308787362,1.51E-15,3.46E-14,MIEN1,2.378345645
ENSG00000166917.11,1.921919547,-2.377875133,0.53203372,9.16E-07,5.58E-06,MIR202HG,2.377875133
ENSG00000230587.2,83.57528114,-2.377690638,0.281322072,3.12E-18,1.00E-16,LINC02580,2.377690638
ENSG00000238266.2,15.22553031,-2.376855019,0.390367658,1.10E-10,1.28E-09,LINC00707,2.376855019
ENSG00000213904.9,103.8559868,-2.376794615,0.26437798,2.68E-20,1.07E-18,LIPE-AS1,2.376794615
ENSG00000203785.9,5.291934763,-2.375071797,1.222399815,0.002772805,0.008098651,SPRR2E,2.375071797
ENSG00000125337.19,65.34733966,-2.374468277,0.385746194,7.40E-11,8.83E-10,KIF25,2.374468277
ENSG00000187492.9,28.93671058,2.373992054,0.580181126,3.79E-06,2.07E-05,CDHR4,2.373992054
ENSG00000019186.10,93.59376169,-2.373858856,0.599568097,6.50E-06,3.39E-05,CYP24A1,2.373858856
ENSG00000115380.20,13250.62336,-2.371966977,0.227808276,1.14E-26,9.01E-25,EFEMP1,2.371966977
ENSG00000253745.1,0.974467343,-2.371427227,0.712453578,7.84E-05,0.000329866,AC091163.1,2.371427227
ENSG00000256955.2,3.14716386,2.371005917,0.653074702,2.61E-05,0.00012076,AC131009.2,2.371005917
ENSG00000258498.8,128.9521788,-2.37083552,0.267951238,8.85E-20,3.34E-18,DIO3OS,2.37083552
ENSG00000259807.2,85.95829719,2.370782084,0.241946615,1.32E-23,7.32E-22,AC009093.1,2.370782084
ENSG00000286732.1,15.16837885,2.370156802,0.410762499,8.44E-10,8.54E-09,AC091181.2,2.370156802
ENSG00000134160.14,5.775507091,-2.370112475,0.460993896,2.01E-08,1.62E-07,TRPM1,2.370112475
ENSG00000162631.19,118.4750941,2.368869143,0.583835588,4.54E-06,2.44E-05,NTNG1,2.368869143
ENSG00000050438.17,1384.936313,2.368657168,0.33382874,1.55E-13,2.70E-12,SLC4A8,2.368657168
ENSG00000225708.6,11.21186062,2.368086423,0.959613481,0.000918162,0.00303229,AL354984.2,2.368086423
ENSG00000185294.7,3.037604709,2.367296887,0.688769624,5.91E-05,0.000255457,SPPL2C,2.367296887
ENSG00000278908.1,5.488420189,2.366648443,0.472790041,5.56E-08,4.19E-07,AC132154.1,2.366648443
ENSG00000249798.1,0.710033238,-2.366056842,0.799522498,0.000566702,0.001965422,HSD3BP3,2.366056842
ENSG00000260922.2,7.655703464,-2.364815051,0.486105784,1.28E-07,9.08E-07,AC009139.1,2.364815051
ENSG00000214866.9,5.069876892,-2.364316856,0.451355532,1.73E-08,1.41E-07,DCDC2C,2.364316856
ENSG00000184185.10,130.2383839,-2.363522422,0.305076271,0.001455459,0.004565336,KCNJ12,2.363522422
ENSG00000108924.14,1804.490736,-2.363366304,0.363306807,7.99E-12,1.10E-10,HLF,2.363366304
ENSG00000151725.12,950.3741905,2.363247934,0.230357194,1.17E-25,8.21E-24,CENPU,2.363247934
ENSG00000233055.1,1.228616949,-2.363247867,0.673460195,2.53E-05,0.00011758,AL353621.1,2.363247867
ENSG00000236651.1,3.21635538,2.363150737,0.728754409,0.000129711,0.000520063,DLX2-DT,2.363150737
ENSG00000204978.3,6.461125035,-2.363004996,0.421904324,2.07E-09,1.97E-08,ERICH4,2.363004996
ENSG00000155970.12,287.5689423,-2.362586928,0.222645882,2.85E-27,2.43E-25,MICU3,2.362586928
ENSG00000281880.2,0.681040926,2.362265593,1.25897584,0.012834008,0.030866363,PAUPAR,2.362265593
ENSG00000163263.7,16.63221095,2.362184482,0.416319277,1.23E-09,1.22E-08,C1orf189,2.362184482
ENSG00000143320.9,21182.63532,2.362160156,0.278308609,2.92E-18,9.44E-17,CRABP2,2.362160156
ENSG00000278192.1,15.37605571,-2.362078507,0.438094256,7.05E-09,6.15E-08,AL118505.1,2.362078507
ENSG00000258408.1,5.881909539,2.361682801,0.617768815,1.21E-05,5.97E-05,NT5CP2,2.361682801
ENSG00000167968.13,51.24531468,2.361577599,0.294486583,1.13E-16,2.98E-15,DNASE1L2,2.361577599
ENSG00000260062.3,0.940912816,-2.3614483,0.907744004,0.001180679,0.003794942,GOLGA2P11,2.3614483
ENSG00000186193.9,494.6135472,2.36139982,0.291663102,5.92E-17,1.62E-15,SAPCD2,2.36139982
ENSG00000284636.1,4.59586887,2.361103332,0.60952879,1.14E-05,5.64E-05,AC073648.6,2.361103332
ENSG00000086696.11,249.594961,-2.360918193,0.50991688,3.42E-07,2.25E-06,HSD17B2,2.360918193
ENSG00000217702.3,12.96118616,2.360594526,0.314256366,0.000412437,0.001477626,AC073263.1,2.360594526
ENSG00000172927.8,687.9481048,-2.360232027,0.463582407,3.39E-08,2.65E-07,MYEOV,2.360232027
ENSG00000230716.3,11.06904891,2.359825906,0.442720403,1.05E-08,8.95E-08,KRT8P7,2.359825906
ENSG00000204136.11,1068.111497,-2.359596134,0.192255896,1.40E-35,3.32E-33,GGTA1,2.359596134
ENSG00000257683.1,5.355981896,2.35953231,0.575653297,4.41E-06,2.38E-05,LINC02463,2.35953231
ENSG00000179094.16,5562.528871,-2.359241663,0.24458758,4.21E-23,2.21E-21,PER1,2.359241663
ENSG00000179934.7,29.72982085,2.359198193,0.534345033,9.89E-07,6.00E-06,CCR8,2.359198193
ENSG00000257008.6,4.178158499,-2.359100303,0.432209551,4.88E-09,4.37E-08,GPR142,2.359100303
ENSG00000262801.6,15.52041338,2.358937001,0.534427002,9.72E-07,5.89E-06,U91319.1,2.358937001
ENSG00000157152.17,573.5871017,-2.358895167,0.395385453,2.41E-10,2.65E-09,SYN2,2.358895167
ENSG00000259087.5,21.82019426,2.358528314,0.550158012,1.76E-06,1.01E-05,AL121790.2,2.358528314
ENSG00000264570.1,8.956131657,2.358479383,0.610402479,9.92E-06,4.97E-05,SNX19P3,2.358479383
ENSG00000255191.1,18.98699143,-2.358476313,0.334741098,2.41E-13,4.11E-12,AP003555.2,2.358476313
ENSG00000287657.1,5.571702533,-2.357816078,0.432677153,6.22E-09,5.49E-08,AC068228.3,2.357816078
ENSG00000225840.2,20.10926639,-2.357651714,0.661500607,0.018161626,0.041620658,AC010970.1,2.357651714
ENSG00000266968.2,59.67276206,-2.357497868,0.51132866,3.91E-07,2.55E-06,AC023421.1,2.357497868
ENSG00000182481.10,6538.085522,2.357408363,0.204464176,1.20E-31,1.68E-29,KPNA2,2.357408363
ENSG00000170145.5,7387.961837,-2.357253367,0.219936107,4.59E-28,4.26E-26,SIK2,2.357253367
ENSG00000233926.1,6.983753986,-2.357019651,0.280800796,5.97E-18,1.85E-16,AL591368.1,2.357019651
ENSG00000185499.16,15292.10446,2.356788552,0.332256257,1.73E-13,2.99E-12,MUC1,2.356788552
ENSG00000281969.1,9.533086563,-2.356646459,0.390623206,2.08E-10,2.32E-09,AL592158.1,2.356646459
ENSG00000182950.3,48.8496964,-2.356325056,0.287365966,2.04E-17,5.93E-16,ODF3L1,2.356325056
ENSG00000185742.7,12.05862395,-2.356249839,0.509819659,3.33E-07,2.20E-06,C11orf87,2.356249839
ENSG00000188306.6,16.80199715,2.354604127,0.498212816,2.42E-07,1.64E-06,LRRIQ4,2.354604127
ENSG00000248698.6,34.57382757,-2.354485929,0.439769743,9.00E-09,7.75E-08,LINC01085,2.354485929
ENSG00000075429.9,2.18882191,2.353335988,0.500255487,1.36E-06,8.00E-06,CACNG5,2.353335988
ENSG00000218186.2,2.796493134,2.353060619,0.558862874,3.03E-06,1.68E-05,KRT8P43,2.353060619
ENSG00000274997.2,2.538581422,2.352405235,0.534034413,0.001361685,0.004307998,H2AC12,2.352405235
ENSG00000273771.1,22.84483668,-2.351952733,0.278384996,3.52E-18,1.12E-16,AC024337.2,2.351952733
ENSG00000187824.9,455.8037106,-2.35144761,0.193315422,5.17E-35,1.11E-32,TMEM220,2.35144761
ENSG00000214856.11,0.943426698,-2.351064356,0.703767248,7.46E-05,0.000315595,KRT16P1,2.351064356
ENSG00000227019.2,0.717858619,-2.350566792,1.174045467,0.011542449,0.028151336,OR7E101P,2.350566792
ENSG00000227158.1,4.775338798,-2.350307236,0.398562021,5.68E-10,5.90E-09,AC073621.1,2.350307236
ENSG00000136155.17,19.22396492,-2.350252641,0.462881807,3.22E-08,2.52E-07,SCEL,2.350252641
ENSG00000204019.5,2.436951719,2.349758345,1.277353071,0.000117951,0.000477346,CT83,2.349758345
ENSG00000242611.2,36.91754841,-2.349137781,0.422815012,2.85E-09,2.66E-08,AC093627.6,2.349137781
ENSG00000235529.1,18.21720281,2.34813979,0.330569278,1.40E-13,2.45E-12,AGAP1-IT1,2.34813979
ENSG00000199753.1,42.14218278,2.347955108,0.417329798,1.91E-09,1.84E-08,SNORD104,2.347955108
ENSG00000286507.1,5.070186816,-2.346647669,0.290419557,6.40E-17,1.74E-15,AC004947.3,2.346647669
ENSG00000149243.16,371.1779829,2.345781415,0.330447095,1.32E-13,2.33E-12,KLHL35,2.345781415
ENSG00000261040.7,42.8924291,2.34513725,0.445092099,1.46E-08,1.20E-07,WFDC21P,2.34513725
ENSG00000287611.1,1.026843134,-2.34499854,0.826030037,0.000458564,0.001625686,AC007922.4,2.34499854
ENSG00000233681.1,0.782377182,-2.344438578,1.067536251,0.004408527,0.012166965,CEACAMP1,2.344438578
ENSG00000255815.3,69.39937297,2.344017168,0.428170224,4.60E-09,4.13E-08,KRT8P11,2.344017168
ENSG00000090534.20,171.1607409,2.343811196,0.355948237,4.67E-12,6.65E-11,THPO,2.343811196
ENSG00000249588.1,0.895703492,-2.34338442,0.729657298,7.47E-05,0.000315642,AC010280.3,2.34338442
ENSG00000099769.6,87.72398239,2.343122996,0.363452334,1.24E-11,1.66E-10,IGFALS,2.343122996
ENSG00000180596.7,308.1127694,2.34305409,0.365428345,1.54E-11,2.03E-10,H2BC4,2.34305409
ENSG00000233569.2,4.638888401,-2.342477881,0.53603376,1.59E-06,9.27E-06,AL161630.1,2.342477881
ENSG00000261480.1,0.696920569,-2.342317359,0.970050543,0.003281691,0.009399779,AC055876.5,2.342317359
ENSG00000225537.1,3.206864522,2.34182689,0.907932972,0.000797176,0.002674546,AC073325.1,2.34182689
ENSG00000166342.19,45.50054765,2.341510956,0.444944699,1.48E-08,1.22E-07,NETO1,2.341510956
ENSG00000248346.1,1.096177248,-2.34138006,0.832355039,0.000305983,0.001127921,AC092435.1,2.34138006
ENSG00000115295.20,2086.738567,-2.341371642,0.235342375,2.75E-24,1.63E-22,CLIP4,2.341371642
ENSG00000163792.6,19.63902487,-2.341357988,0.350134914,2.15E-12,3.22E-11,TCF23,2.341357988
ENSG00000247011.2,12.12024748,2.341187102,0.371536046,0.002729888,0.007990532,AC005920.1,2.341187102
ENSG00000178947.9,450.367524,-2.3408276,0.263784254,7.70E-20,2.92E-18,SMIM10L2A,2.3408276
ENSG00000224057.1,3.927339025,-2.340171669,0.472480863,7.21E-08,5.33E-07,EGFR-AS1,2.340171669
ENSG00000283891.1,0.587176448,-2.339679729,0.979715064,0.004314038,0.011938059,MIR628,2.339679729
ENSG00000121621.7,303.8002498,2.339510401,0.219116737,1.59E-27,1.39E-25,KIF18A,2.339510401
ENSG00000253182.1,7.81650789,2.339455661,0.727930183,0.00011897,0.000481066,AC084026.1,2.339455661
ENSG00000260220.7,14.291357,2.338889775,0.505779509,4.10E-07,2.67E-06,CCDC187,2.338889775
ENSG00000259496.2,1.01200376,2.338655392,0.732860574,0.0001352,0.000540194,GEMIN8P1,2.338655392
ENSG00000162761.14,34.48919994,-2.33788328,0.430281243,5.02E-09,4.47E-08,LMX1A,2.33788328
ENSG00000140067.6,4.479115078,-2.33719201,0.524148788,5.12E-07,3.27E-06,FAM181A,2.33719201
ENSG00000267696.6,0.647397656,-2.337086367,1.084789757,0.006922666,0.018068567,ERVK-28,2.337086367
ENSG00000138778.13,618.8925542,2.336135052,0.219134768,1.87E-27,1.63E-25,CENPE,2.336135052
ENSG00000109610.6,3028.152377,-2.334513271,0.344095783,1.08E-12,1.68E-11,SOD3,2.334513271
ENSG00000006747.15,1119.633296,2.334235374,0.456688407,0.00219506,0.006592564,SCIN,2.334235374
ENSG00000186891.14,229.6374037,2.333683069,0.318232721,2.46E-14,4.77E-13,TNFRSF18,2.333683069
ENSG00000214207.2,8.928790541,2.333472106,0.33797536,7.14E-13,1.14E-11,KRT18P10,2.333472106
ENSG00000229694.7,10.1920941,-2.332994455,0.340563276,1.12E-12,1.74E-11,LINC00484,2.332994455
ENSG00000243422.2,12.09358705,-2.332791246,0.279531056,1.28E-17,3.84E-16,RPL23AP49,2.332791246
ENSG00000140009.18,80.34290933,-2.332535327,0.276393531,3.12E-18,1.00E-16,ESR2,2.332535327
ENSG00000198807.13,419.6608024,2.332374457,0.273238983,1.62E-18,5.39E-17,PAX9,2.332374457
ENSG00000261294.1,2.241228611,2.332319563,0.938365033,0.004544902,0.012492439,AC120498.6,2.332319563
ENSG00000288010.1,1.290946022,-2.332158661,0.524876623,5.48E-07,3.48E-06,AL035587.3,2.332158661
ENSG00000234944.1,3.387899211,-2.332117147,0.526898418,1.02E-06,6.15E-06,LINC02623,2.332117147
ENSG00000109339.24,1179.045403,-2.331629015,0.359915336,9.69E-12,1.31E-10,MAPK10,2.331629015
ENSG00000136014.12,71.66273138,-2.331252423,0.243179233,1.26E-22,6.32E-21,USP44,2.331252423
ENSG00000243818.5,0.959625536,-2.331201599,1.351504745,0.012879989,0.030963679,AC021074.3,2.331201599
ENSG00000107731.12,3633.151861,2.330599544,0.196635839,2.81E-33,4.82E-31,UNC5B,2.330599544
ENSG00000005187.12,507.1148229,-2.330015363,0.369041125,2.86E-11,3.64E-10,ACSM3,2.330015363
ENSG00000240583.13,15364.23365,-2.330006675,0.183938373,4.09E-38,1.37E-35,AQP1,2.330006675
ENSG00000254006.5,2.937546234,-2.329091726,0.434400172,1.18E-08,9.90E-08,AC104232.1,2.329091726
ENSG00000263527.1,1.35410446,2.329056183,0.657470795,2.63E-05,0.000121764,MIR4526,2.329056183
ENSG00000170703.15,23.18504294,2.32852997,0.535176067,1.29E-06,7.65E-06,TTLL6,2.32852997
ENSG00000274698.1,5.05593363,2.328504282,0.566935121,3.95E-06,2.15E-05,AC099521.1,2.328504282
ENSG00000249942.1,4.329222291,2.328335109,0.727899449,0.000103306,0.00042353,AC239584.1,2.328335109
ENSG00000197696.10,667.4157151,-2.328141443,0.290761448,1.25E-16,3.29E-15,NMB,2.328141443
ENSG00000163395.17,50.20766558,-2.327965109,0.375797247,3.19E-09,2.95E-08,IGFN1,2.327965109
ENSG00000168350.8,2349.109129,2.327204711,0.345263801,1.74E-12,2.65E-11,DEGS2,2.327204711
ENSG00000204950.4,177.8214483,2.32686141,0.355253952,6.12E-12,8.52E-11,LRRC10B,2.32686141
ENSG00000236516.1,5.741187571,2.326586913,0.749092127,0.000166891,0.000652481,KLF2P4,2.326586913
ENSG00000279526.1,8.705881088,-2.325945475,0.312293998,1.24E-14,2.50E-13,AC011239.2,2.325945475
ENSG00000205704.7,7.246111803,2.325410061,0.395340278,5.23E-10,5.46E-09,LINC00634,2.325410061
ENSG00000178821.13,59.5653408,-2.32451664,0.226049618,0.00875419,0.022158479,TMEM52,2.32451664
ENSG00000183248.12,1135.729397,2.323553146,0.283466197,2.82E-17,8.06E-16,PRR36,2.323553146
ENSG00000130477.15,49.82629291,2.322861655,0.349009473,3.06E-12,4.49E-11,UNC13A,2.322861655
ENSG00000006128.12,59.72688696,-2.322706424,0.480998946,1.34E-07,9.49E-07,TAC1,2.322706424
ENSG00000269139.2,1.690966788,2.322616135,0.671489795,3.20E-05,0.000145713,AC010336.5,2.322616135
ENSG00000213771.3,3.576346453,2.322150584,0.457007223,6.05E-08,4.52E-07,KRT8P37,2.322150584
ENSG00000196684.12,718.9084046,2.322138361,0.345175893,2.03E-12,3.06E-11,HSH2D,2.322138361
ENSG00000231566.2,6.133995446,-2.321646885,0.493856434,2.64E-07,1.78E-06,LINC02595,2.321646885
ENSG00000267532.5,27.94052417,-2.320853855,0.242519288,1.36E-22,6.79E-21,MIR497HG,2.320853855
ENSG00000236581.9,16.34682662,-2.320646673,0.301315693,1.93E-15,4.36E-14,STARD13-AS,2.320646673
ENSG00000165553.4,3.353340963,2.320393201,0.759935107,0.000188373,0.000728854,NGB,2.320393201
ENSG00000218358.2,7.835702117,2.320203723,0.469925988,9.39E-08,6.82E-07,RAET1K,2.320203723
ENSG00000240409.1,8.86337081,2.319997371,0.335131084,0.000156656,0.000616516,MTATP8P1,2.319997371
ENSG00000212396.1,0.579136568,2.31998334,0.884739374,0.002420926,0.007185769,RNA5SP323,2.31998334
ENSG00000158106.14,1668.791476,2.31994834,0.274577209,3.28E-18,1.05E-16,RHPN1,2.31994834
ENSG00000178171.11,0.957145493,2.319122771,0.903362713,0.001421982,0.004471755,AMER3,2.319122771
ENSG00000277504.1,2.218450731,2.31862533,0.611479191,1.50E-05,7.27E-05,AC010536.3,2.31862533
ENSG00000238120.1,18.22069724,-2.318549224,0.311919847,1.07E-14,2.18E-13,LINC01589,2.318549224
ENSG00000170276.6,2.663363669,-2.31826074,0.544109111,1.28E-06,7.58E-06,HSPB2,2.31826074
ENSG00000255362.1,12.47646401,-2.318061173,0.286087855,1.75E-09,1.69E-08,LINC02761,2.318061173
ENSG00000246095.2,9.488381894,2.317885615,0.493087495,2.69E-07,1.81E-06,LINC01096,2.317885615
ENSG00000260792.1,11.8578877,2.317666436,0.424645614,4.96E-09,4.43E-08,LINC02280,2.317666436
ENSG00000179636.15,13.2012826,-2.317649157,0.490945419,2.50E-07,1.69E-06,TPPP2,2.317649157
ENSG00000234457.1,1.169863432,-2.317345079,0.562060656,2.86E-06,1.60E-05,AC006960.1,2.317345079
ENSG00000243243.5,9.926807209,-2.317026801,0.307411863,6.50E-15,1.36E-13,AC073130.2,2.317026801
ENSG00000274736.5,21.76481445,-2.31697468,0.32151836,5.84E-14,1.07E-12,CCL23,2.31697468
ENSG00000225647.2,1.633530773,2.316904291,0.662838517,4.77E-05,0.000209718,AC005487.1,2.316904291
ENSG00000138160.7,1259.210537,2.316197743,0.198075608,1.55E-32,2.40E-30,KIF11,2.316197743
ENSG00000174175.17,924.5873246,-2.315628116,0.316046842,2.54E-14,4.92E-13,SELP,2.315628116
ENSG00000283538.3,17.68612673,2.315087934,0.371852354,5.33E-11,6.51E-10,AC005972.3,2.315087934
ENSG00000170835.16,124.1669121,2.315019917,0.425123139,5.41E-09,4.81E-08,CEL,2.315019917
ENSG00000277775.2,4.067277422,2.315017202,0.662499893,4.48E-05,0.000198024,H3C7,2.315017202
ENSG00000130635.16,22243.29145,2.31461704,0.255682423,2.29E-20,9.20E-19,COL5A1,2.31461704
ENSG00000233377.1,1.00853273,-2.314477712,0.932719817,0.001128186,0.003645909,MTND4P20,2.314477712
ENSG00000264491.1,5.784414401,2.314053627,0.484847431,1.93E-07,1.33E-06,AC005544.1,2.314053627
ENSG00000164638.10,1402.13927,-2.314043279,0.38519016,1.66E-10,1.87E-09,SLC29A4,2.314043279
ENSG00000071539.14,616.5199036,2.313489714,0.212877163,1.92E-28,1.84E-26,TRIP13,2.313489714
ENSG00000145949.11,107.2721557,-2.313184216,0.194063714,6.90E-07,4.30E-06,MYLK4,2.313184216
ENSG00000288556.1,2.261380643,-2.312380772,0.761667046,0.000229796,0.000870103,AL158157.1,2.312380772
ENSG00000183090.5,5.524672764,-2.3123145,0.434194869,1.37E-08,1.14E-07,FREM3,2.3123145
ENSG00000234964.4,7.063121664,-2.310910315,0.352974025,8.92E-12,1.22E-10,FABP5P7,2.310910315
ENSG00000235142.10,22.06488895,2.310417788,0.481334966,0.00047705,0.001683171,LINC02532,2.310417788
ENSG00000205022.9,3.475420916,2.309235421,0.699650123,7.78E-05,0.000327601,PABPN1L,2.309235421
ENSG00000184995.7,6.018401529,-2.308824275,0.395812131,5.89E-10,6.09E-09,IFNE,2.308824275
ENSG00000006016.11,338.0768817,2.308439806,0.378422538,0.018506653,0.042279666,CRLF1,2.308439806
ENSG00000286855.1,0.525177476,-2.308355836,1.090055571,0.010528302,0.025982774,AC074024.1,2.308355836
ENSG00000170989.10,3312.644419,-2.308315757,0.2190008,5.51E-27,4.52E-25,S1PR1,2.308315757
ENSG00000170421.12,57664.33423,2.307753008,0.30637488,5.56E-15,1.18E-13,KRT8,2.307753008
ENSG00000162188.6,5.671945681,2.307647567,0.454921695,4.31E-08,3.31E-07,GNG3,2.307647567
ENSG00000124785.9,1937.474885,-2.307599053,0.247036295,1.05E-21,4.86E-20,NRN1,2.307599053
ENSG00000172935.9,467.9057088,-2.306207995,0.238372068,4.22E-23,2.22E-21,MRGPRF,2.306207995
ENSG00000196550.10,41.68035689,2.305597554,0.269981976,1.61E-18,5.36E-17,FAM72A,2.305597554
ENSG00000178055.13,3.786138353,-2.305264796,0.356456804,0.000464567,0.001644148,PRSS42P,2.305264796
ENSG00000260633.1,24.01760497,-2.304355541,0.281600839,2.13E-17,6.20E-16,AC010207.1,2.304355541
ENSG00000263207.2,1.584554465,-2.303878752,0.659508958,6.45E-05,0.000276341,AC109462.2,2.303878752
ENSG00000148798.11,22.72419052,2.302664731,0.650722408,3.66E-05,0.000164659,INA,2.302664731
ENSG00000272592.1,0.850735243,-2.302360105,0.716937396,0.000101455,0.000416723,AL451049.1,2.302360105
ENSG00000171236.10,2174.147463,2.302243066,0.39237121,4.90E-10,5.14E-09,LRG1,2.302243066
ENSG00000225007.1,1.248660355,2.301190771,0.575883604,4.63E-06,2.49E-05,AC000067.1,2.301190771
ENSG00000145721.12,5.403009661,2.300408537,0.560231407,4.29E-06,2.32E-05,LIX1,2.300408537
ENSG00000213013.4,14.83582998,2.300355436,0.349462467,6.17E-12,8.58E-11,RPS15AP36,2.300355436
ENSG00000108106.14,705.767023,2.300333116,0.206702691,1.14E-29,1.26E-27,UBE2S,2.300333116
ENSG00000250620.2,34.49467306,-2.300122221,0.486361899,2.15E-07,1.47E-06,LINC02515,2.300122221
ENSG00000197641.12,7.877418244,-2.299834925,0.661538347,4.52E-05,0.000199685,SERPINB13,2.299834925
ENSG00000145451.13,442.7944902,-2.299483627,0.75567593,0.000183588,0.000711954,GLRA3,2.299483627
ENSG00000250305.9,655.0857679,-2.298705493,0.291399566,3.37E-16,8.37E-15,TRMT9B,2.298705493
ENSG00000239622.1,5.737108426,-2.298479858,0.544711758,2.84E-06,1.58E-05,AC005165.2,2.298479858
ENSG00000272666.1,12.58437909,2.297637539,0.450185879,4.06E-08,3.12E-07,KLHDC7B-DT,2.297637539
ENSG00000131153.9,834.1349534,2.297397726,0.232218315,4.70E-24,2.70E-22,GINS2,2.297397726
ENSG00000182583.12,3.525682459,2.297147795,0.857318255,0.000566777,0.001965508,VCX,2.297147795
ENSG00000121853.4,0.949672952,2.296948349,1.108229249,0.004844261,0.013212661,GHSR,2.296948349
ENSG00000183807.8,99.50422116,-2.296877832,0.251176611,6.41E-21,2.73E-19,FAM162B,2.296877832
ENSG00000286733.1,48.32196581,2.296734773,0.431361856,1.06E-08,9.01E-08,LINC02348,2.296734773
ENSG00000274209.4,31.2063896,-2.296428867,0.554301459,3.21E-06,1.78E-05,ANTXRL,2.296428867
ENSG00000143512.13,60.76787177,2.296120392,0.430719148,1.05E-08,8.89E-08,HHIPL2,2.296120392
ENSG00000144031.12,126.9496272,-2.296066697,0.253306116,1.31E-20,5.41E-19,ANKRD53,2.296066697
ENSG00000100162.15,230.7294501,2.295860256,0.247902885,2.42E-21,1.09E-19,CENPM,2.295860256
ENSG00000151914.20,33697.07164,-2.295608935,0.206425641,3.76E-30,4.41E-28,DST,2.295608935
ENSG00000231916.1,2.60902216,-2.295236889,0.52028142,9.36E-07,5.70E-06,AC006033.1,2.295236889
ENSG00000179314.14,311.4297635,-2.295217094,0.298328407,1.52E-15,3.48E-14,WSCD1,2.295217094
ENSG00000167117.10,2.71581509,2.295175029,0.638601128,3.25E-05,0.000148043,ANKRD40CL,2.295175029
ENSG00000278931.1,9.668682485,-2.29486481,0.497220974,3.58E-07,2.35E-06,CR381670.1,2.29486481
ENSG00000251370.1,0.885265965,-2.294101604,0.683639384,7.15E-05,0.00030331,SEMA5A-AS1,2.294101604
ENSG00000141404.17,607.0886875,-2.293878728,0.230046684,2.35E-24,1.41E-22,GNAL,2.293878728
ENSG00000244414.7,3.475336264,-2.293641268,0.658798997,4.10E-05,0.000182243,CFHR1,2.293641268
ENSG00000159224.4,0.929458441,2.292985074,1.22740893,0.007800908,0.020036015,GIP,2.292985074
ENSG00000277235.1,3.879975404,2.292697387,0.510853589,7.19E-07,4.46E-06,AL035420.3,2.292697387
ENSG00000100448.4,214.2961287,-2.291176786,0.337030291,1.15E-12,1.79E-11,CTSG,2.291176786
ENSG00000226133.6,2.165746811,-2.290760953,0.418654682,6.71E-09,5.88E-08,LINC02794,2.290760953
ENSG00000224609.8,31.35855574,-2.290071631,0.251613047,7.86E-21,3.32E-19,HSD52,2.290071631
ENSG00000109794.13,435.9952926,-2.289886018,0.234178989,1.53E-23,8.41E-22,FAM149A,2.289886018
ENSG00000241679.2,4.330208688,-2.289251637,0.375138105,1.50E-10,1.71E-09,AC018450.1,2.289251637
ENSG00000105205.7,1.854363806,-2.28923589,1.008597539,0.001590578,0.004937515,CLC,2.28923589
ENSG00000276308.1,1.643560624,-2.28904905,0.75349454,0.000215917,0.000822065,AC078880.4,2.28904905
ENSG00000251218.1,0.704453159,-2.288950348,0.781017443,0.000494113,0.00173729,AC103764.1,2.288950348
ENSG00000214319.2,10.58213853,2.28883264,0.96929966,0.001253166,0.004001413,CXADRP1,2.28883264
ENSG00000007372.24,24.69405481,2.288807746,0.617876718,1.97E-05,9.38E-05,PAX6,2.288807746
ENSG00000085552.17,2100.593798,2.28875292,0.267448337,1.64E-18,5.42E-17,IGSF9,2.28875292
ENSG00000259430.2,16.49357252,-2.288710037,0.46368281,8.45E-08,6.18E-07,CERS3-AS1,2.288710037
ENSG00000239268.3,0.910504086,-2.28857448,0.891461825,0.001189314,0.003818947,AC092691.1,2.28857448
ENSG00000286734.1,1.945246927,2.288542493,0.785984743,0.000296979,0.001098337,AC133530.1,2.288542493
ENSG00000204052.4,109.7891524,2.28848936,0.241894173,3.58E-22,1.72E-20,LRRC73,2.28848936
ENSG00000114757.19,68.68082846,2.288430107,0.38693231,0.007633418,0.019658529,PEX5L,2.288430107
ENSG00000184557.4,8822.74693,-2.287873446,0.323442617,1.64E-13,2.84E-12,SOCS3,2.287873446
ENSG00000178878.13,4733.500907,-2.287208469,0.271509791,2.87E-18,9.29E-17,APOLD1,2.287208469
ENSG00000106034.18,3102.704156,-2.287157895,0.37078308,7.34E-11,8.76E-10,CPED1,2.287157895
ENSG00000237650.2,5.125042915,-2.287119108,0.976118758,0.001412903,0.004447476,OR11Q1P,2.287119108
ENSG00000215165.3,1.704882387,2.286064864,0.642442134,3.97E-05,0.000177281,TCEA1P3,2.286064864
ENSG00000267201.1,4.236753182,2.284772853,0.447880091,3.51E-08,2.73E-07,LINC01775,2.284772853
ENSG00000232949.2,14.96797682,-2.284410186,0.309248865,2.08E-14,4.08E-13,AC002480.2,2.284410186
ENSG00000259407.1,34.23157312,-2.283204977,0.238125217,8.87E-23,4.51E-21,AC021739.2,2.283204977
ENSG00000214077.4,62.74649371,2.282166613,0.346501161,5.11E-12,7.20E-11,GNAQP1,2.282166613
ENSG00000005249.13,9912.387869,-2.281833614,0.353885192,1.40E-11,1.86E-10,PRKAR2B,2.281833614
ENSG00000070371.16,271.2816623,-2.28146442,0.195845227,5.50E-05,0.000238637,CLTCL1,2.28146442
ENSG00000227954.7,3.109980314,-2.280550612,0.52034426,1.15E-06,6.87E-06,TARID,2.280550612
ENSG00000143590.14,562.5016533,2.280075293,0.324942647,2.52E-13,4.29E-12,EFNA3,2.280075293
ENSG00000185448.10,0.931370207,2.279308834,1.405176902,0.014712538,0.034691918,FAM47A,2.279308834
ENSG00000259120.3,7.395249985,2.279217304,0.400855806,0.00038656,0.001393176,SMIM6,2.279217304
ENSG00000149926.13,48.82441989,2.279119536,0.368036241,6.26E-11,7.55E-10,TLCD3B,2.279119536
ENSG00000166405.15,393.8035227,-2.27896051,0.353482914,1.22E-11,1.63E-10,RIC3,2.27896051
ENSG00000165863.17,200.379126,2.277881738,0.515498773,1.01E-06,6.13E-06,C10orf82,2.277881738
ENSG00000231924.10,1.31588628,-2.277844488,0.736325763,8.83E-05,0.000367628,PSG1,2.277844488
ENSG00000103647.13,565.4532789,-2.277695568,0.203713031,5.65E-30,6.53E-28,CORO2B,2.277695568
ENSG00000261296.1,0.885963594,-2.277506873,0.822166234,0.000590811,0.002042003,AC126323.6,2.277506873
ENSG00000224520.2,72.15798947,2.27707991,0.38292401,3.06E-10,3.32E-09,KRT8P45,2.27707991
ENSG00000163513.19,16681.27868,-2.276399364,0.184457195,5.39E-36,1.35E-33,TGFBR2,2.276399364
ENSG00000184005.11,311.7811064,-2.275730855,0.231363258,9.36E-24,5.23E-22,ST6GALNAC3,2.275730855
ENSG00000277022.1,12.85452015,2.275137628,0.413614143,4.31E-09,3.90E-08,AL031663.3,2.275137628
ENSG00000137648.19,203.2236049,2.275137004,0.626397396,2.60E-05,0.000120626,TMPRSS4,2.275137004
ENSG00000177133.11,49.80798027,-2.274967351,0.316945391,7.13E-14,1.30E-12,PRDM16-DT,2.274967351
ENSG00000235060.1,0.922667088,2.274151278,0.895337442,0.001381983,0.00436343,VDAC1P4,2.274151278
ENSG00000270930.1,23.66721944,2.274077792,0.574342914,7.44E-06,3.83E-05,GRAMD4P8,2.274077792
ENSG00000229720.1,3.199613246,2.273955755,0.462871191,1.19E-07,8.48E-07,AL109924.1,2.273955755
ENSG00000159433.12,1225.413053,-2.273770018,0.188103979,1.12E-34,2.34E-32,STARD9,2.273770018
ENSG00000250327.1,18.47203573,-2.27300568,0.258072874,1.59E-19,5.81E-18,RPSAP70,2.27300568
ENSG00000147869.5,1.390532742,-2.272827776,0.592294452,1.16E-05,5.73E-05,CER1,2.272827776
ENSG00000280265.1,0.908645177,2.27245871,0.824719971,0.000818734,0.002738686,AC130456.7,2.27245871
ENSG00000106714.17,195.4429774,-2.27219582,0.384643425,3.77E-10,4.03E-09,CNTNAP3,2.27219582
ENSG00000176635.18,3.375560778,-2.272112411,0.666869428,6.47E-05,0.000277035,HORMAD2,2.272112411
ENSG00000223657.2,1.168509392,2.271845335,0.618217789,1.52E-05,7.38E-05,KRT8P51,2.271845335
ENSG00000179388.9,4553.54109,-2.271835511,0.386348469,4.18E-10,4.45E-09,EGR3,2.271835511
ENSG00000167194.7,1.583232173,2.271827071,0.607443072,1.92E-05,9.12E-05,C16orf92,2.271827071
ENSG00000243806.1,5.662038878,-2.27140681,0.434745549,1.61E-08,1.32E-07,RPL7P18,2.27140681
ENSG00000270748.1,3.274962175,-2.268309229,0.49529515,4.66E-07,3.00E-06,IGKV2OR2-1,2.268309229
ENSG00000269097.1,1.348320249,-2.268154097,0.577839996,9.62E-06,4.84E-05,TPRG1LP1,2.268154097
ENSG00000157168.20,878.1509395,-2.268146958,0.37729897,1.97E-10,2.21E-09,NRG1,2.268146958
ENSG00000248954.1,4.719255995,2.26794039,0.548988975,4.28E-06,2.31E-05,AC027801.2,2.26794039
ENSG00000215807.4,1.201279788,2.267690024,0.56195084,3.76E-06,2.05E-05,KRT18P65,2.267690024
ENSG00000286124.1,3.104917265,-2.26761407,0.358840205,4.59E-19,1.60E-17,AC084277.1,2.26761407
ENSG00000266120.1,3.231450921,2.267071862,0.870285423,8.62E-06,4.37E-05,AC104984.4,2.267071862
ENSG00000258311.5,58.993104,-2.266938408,0.3027098,6.86E-15,1.43E-13,AC009779.3,2.266938408
ENSG00000160345.13,355.4379538,2.266457536,0.228661509,4.33E-24,2.50E-22,C9orf116,2.266457536
ENSG00000180354.16,7170.819085,-2.266071924,0.281834208,9.27E-17,2.48E-15,MTURN,2.266071924
ENSG00000287225.1,1.177345373,2.266009706,1.449731421,0.013396542,0.032027127,Z84468.2,2.266009706
ENSG00000236212.2,15.3104158,2.265950003,0.833704596,0.000514728,0.001803156,AC009262.1,2.265950003
ENSG00000255136.3,2.707173796,-2.265004235,0.359340939,4.90E-11,6.01E-10,AP001972.3,2.265004235
ENSG00000235563.1,2.081638116,-2.264263777,0.489352804,5.29E-07,3.37E-06,AL445183.2,2.264263777
ENSG00000172867.4,4.800029421,2.264088348,0.573687201,8.38E-06,4.26E-05,KRT2,2.264088348
ENSG00000250241.6,3.541971255,2.264042684,0.500794663,0.02163053,0.048272098,AC105383.1,2.264042684
ENSG00000256124.6,360.1883118,-2.263311959,0.587703241,1.09E-05,5.43E-05,LINC01152,2.263311959
ENSG00000117586.11,373.1511503,2.263253191,0.266106594,2.13E-18,6.95E-17,TNFSF4,2.263253191
ENSG00000254545.1,1.105126085,2.262678692,0.596903747,1.25E-05,6.18E-05,AL354919.2,2.262678692
ENSG00000165457.14,1298.905187,-2.262653149,0.311044613,3.85E-14,7.27E-13,FOLR2,2.262653149
ENSG00000263870.1,0.611074309,-2.262169814,1.160988873,0.013576997,0.032385618,AC015917.1,2.262169814
ENSG00000153064.12,324.4526956,-2.261907191,0.354069587,1.76E-11,2.30E-10,BANK1,2.261907191
ENSG00000248874.5,25.47618608,2.261148131,0.770286337,0.000272925,0.001017466,C5orf17,2.261148131
ENSG00000131187.10,134.1118662,2.260828636,0.279123653,6.44E-17,1.75E-15,F12,2.260828636
ENSG00000175946.8,87.14494898,-2.260655431,0.33309449,2.28E-13,3.91E-12,KLHL38,2.260655431
ENSG00000267519.6,1692.363341,-2.260548355,0.247265872,6.81E-21,2.89E-19,AC020916.1,2.260548355
ENSG00000157782.9,77.43554245,-2.260044858,0.237729163,2.24E-22,1.10E-20,CABP1,2.260044858
ENSG00000214725.9,11.9224787,2.259529727,0.383684248,4.64E-10,4.89E-09,CDIPTOSP,2.259529727
ENSG00000256812.2,4.554717808,-2.258921257,0.418193639,9.26E-09,7.96E-08,CAPNS2,2.258921257
ENSG00000283445.1,27.75888628,-2.258245186,0.318227644,1.66E-13,2.88E-12,AL136985.3,2.258245186
ENSG00000251189.1,4.581193276,-2.257798792,0.35149993,1.86E-11,2.42E-10,AC010425.1,2.257798792
ENSG00000111247.15,443.5665385,2.257581583,0.220397486,1.46E-25,1.01E-23,RAD51AP1,2.257581583
ENSG00000130234.12,25.88599511,-2.256902698,0.296144309,2.44E-25,1.64E-23,ACE2,2.256902698
ENSG00000233978.1,0.428811326,-2.25683653,1.089595124,0.019740772,0.04467403,LINC02590,2.25683653
ENSG00000273923.1,1.697699666,-2.256622826,0.510060648,1.19E-06,7.09E-06,AC104260.1,2.256622826
ENSG00000151623.15,1193.339742,-2.256532645,0.298917448,4.92E-15,1.05E-13,NR3C2,2.256532645
ENSG00000168356.13,91.26940455,-2.256495121,0.251976827,4.13E-20,1.61E-18,SCN11A,2.256495121
ENSG00000162482.5,661.1660777,2.256368337,0.410647335,4.46E-09,4.02E-08,AKR7A3,2.256368337
ENSG00000237234.7,20.93378268,-2.25622036,0.381593022,4.17E-10,4.43E-09,Z99289.1,2.25622036
ENSG00000080618.17,4.879829353,-2.25584861,0.528222083,0.00139242,0.004392502,CPB2,2.25584861
ENSG00000259925.1,4.465860092,2.255476662,0.727975947,0.000172955,0.000674312,AC130456.2,2.255476662
ENSG00000264425.1,8.017418881,2.255309059,0.357344689,4.47E-11,5.52E-10,MIR4653,2.255309059
ENSG00000227440.1,9.324718435,2.25487713,0.338735026,3.09E-12,4.53E-11,ATP5MC1P4,2.25487713
ENSG00000259669.6,0.912157232,-2.25470008,1.082589326,0.002397981,0.007125416,AC084759.2,2.25470008
ENSG00000154734.16,8688.998372,-2.254484535,0.256948795,1.72E-19,6.25E-18,ADAMTS1,2.254484535
ENSG00000249258.2,4.353385053,-2.254447695,0.352575266,2.08E-11,2.70E-10,AC079193.2,2.254447695
ENSG00000287575.1,7.046448281,-2.254428164,0.296630074,3.39E-15,7.37E-14,AL390755.3,2.254428164
ENSG00000160867.15,896.3869975,2.253945086,0.456447257,8.45E-08,6.18E-07,FGFR4,2.253945086
ENSG00000231638.1,27.40254559,-2.253578977,0.4687377,1.57E-07,1.09E-06,LUARIS,2.253578977
ENSG00000169347.17,823.3701748,2.253325219,0.587540897,1.26E-05,6.21E-05,GP2,2.253325219
ENSG00000229404.6,8.294685422,2.252959475,0.848999053,0.000591799,0.0020447,LINC00858,2.252959475
ENSG00000110243.12,1.793694339,2.252486107,0.868570544,0.000898987,0.002975216,APOA5,2.252486107
ENSG00000166250.12,5290.169449,-2.252306386,0.263363426,1.38E-18,4.61E-17,CLMP,2.252306386
ENSG00000286407.1,13.45459914,2.252223749,0.38013431,3.28E-10,3.54E-09,AC004863.1,2.252223749
ENSG00000252835.1,4.400141446,2.251782584,0.490492986,4.39E-07,2.84E-06,SCARNA21,2.251782584
ENSG00000225107.1,2.49344702,2.250540098,0.94751805,0.001438685,0.004518132,AC092484.1,2.250540098
ENSG00000171094.18,37.44654029,-2.250413159,0.312187308,6.88E-14,1.26E-12,ALK,2.250413159
ENSG00000164736.6,498.7125083,-2.249868661,0.243849938,3.08E-21,1.37E-19,SOX17,2.249868661
ENSG00000169291.10,1032.244261,-2.249854532,0.197191337,3.95E-31,5.22E-29,SHE,2.249854532
ENSG00000160801.14,299.1278566,-2.249157311,0.278281528,7.12E-17,1.93E-15,PTH1R,2.249157311
ENSG00000225938.1,22.2681089,-2.248554152,0.259830336,5.56E-19,1.93E-17,AL109741.1,2.248554152
ENSG00000162444.12,1622.41554,-2.248475096,0.276755534,4.59E-17,1.28E-15,RBP7,2.248475096
ENSG00000242207.1,2.092009296,2.248237943,0.937335776,0.001394695,0.004398619,HOXB-AS4,2.248237943
ENSG00000134531.10,22574.63494,-2.248083352,0.191108587,7.00E-33,1.14E-30,EMP1,2.248083352
ENSG00000267147.2,8.321698718,2.247650141,0.53351308,2.68E-06,1.51E-05,LINC01842,2.247650141
ENSG00000233900.1,0.650730901,-2.246919398,1.292214874,0.01921601,0.043677702,RPL17P35,2.246919398
ENSG00000259928.1,2.162311901,-2.246012908,0.54998342,5.06E-06,2.70E-05,AC011840.2,2.246012908
ENSG00000248965.1,1.991427829,-2.245761786,0.514273163,1.32E-06,7.82E-06,AC011389.1,2.245761786
ENSG00000280048.1,1.969807297,-2.245526204,0.448885696,5.39E-08,4.07E-07,AC012409.5,2.245526204
ENSG00000162367.11,336.1327851,-2.245399984,0.197121966,5.27E-31,6.92E-29,TAL1,2.245399984
ENSG00000227218.7,119.2092459,2.245217185,0.369133785,1.33E-10,1.53E-09,AL157935.1,2.245217185
ENSG00000276180.1,686.1604986,2.244943295,0.270975019,1.37E-17,4.08E-16,H4C9,2.244943295
ENSG00000286081.1,27.47177364,-2.244784918,0.438572654,3.87E-14,7.31E-13,AC016682.1,2.244784918
ENSG00000185897.7,5.832292226,-2.243946122,0.482056391,2.81E-07,1.88E-06,FFAR3,2.243946122
ENSG00000231802.1,0.722816281,-2.243468021,0.918525132,0.00175917,0.005400689,DNAJB6P3,2.243468021
ENSG00000203857.10,6.501571543,-2.242995741,0.718519473,3.22E-11,4.07E-10,HSD3B1,2.242995741
ENSG00000178401.16,917.4610889,2.242905028,0.346219703,1.01E-11,1.37E-10,DNAJC22,2.242905028
ENSG00000226676.1,1.579973919,-2.242568577,0.471125594,1.24E-07,8.81E-07,LINC02679,2.242568577
ENSG00000277135.1,8.328566043,-2.24215644,0.283378076,3.47E-16,8.62E-15,AC012409.3,2.24215644
ENSG00000263611.2,0.616646796,-2.241523824,0.864392669,0.001961054,0.005956243,AC068408.1,2.241523824
ENSG00000162814.11,220.6504377,2.241346536,0.217866816,9.24E-26,6.61E-24,SPATA17,2.241346536
ENSG00000203710.12,214.7501602,-2.240702208,0.349632227,1.60E-11,2.11E-10,CR1,2.240702208
ENSG00000240596.1,1.487402054,2.240088777,1.105468579,0.002384841,0.007088304,KCNAB1-AS2,2.240088777
ENSG00000165795.23,15373.77601,-2.239983115,0.307351549,2.60E-14,5.03E-13,NDRG2,2.239983115
ENSG00000173114.13,409.5080016,-2.239832022,0.40365889,2.95E-09,2.74E-08,LRRN3,2.239832022
ENSG00000279711.1,6.25142068,-2.239766601,0.427387317,1.43E-08,1.18E-07,AP004782.1,2.239766601
ENSG00000261241.7,15.09180286,2.23947652,0.656324692,5.90E-05,0.000255152,LINC02128,2.23947652
ENSG00000168828.5,6.274263367,2.239044462,0.477589256,2.60E-07,1.75E-06,OR13J1,2.239044462
ENSG00000249742.2,3.312490664,-2.238311567,0.526482295,2.74E-06,1.54E-05,AC110772.1,2.238311567
ENSG00000288541.1,3.857040338,-2.237671152,0.433001831,3.58E-08,2.78E-07,AL353732.2,2.237671152
ENSG00000157765.13,2782.881239,-2.237618402,0.579550862,1.06E-05,5.28E-05,SLC34A2,2.237618402
ENSG00000085999.13,160.3320645,2.237481722,0.247545258,1.88E-20,7.62E-19,RAD54L,2.237481722
ENSG00000115507.10,140.6527575,2.237382509,0.373514306,2.38E-10,2.63E-09,OTX1,2.237382509
ENSG00000172508.10,91.326457,-2.237257378,0.179235114,0.015243644,0.035753256,CARNS1,2.237257378
ENSG00000217159.2,3.153664323,2.237189315,0.560421779,6.94E-06,3.60E-05,LARP1P1,2.237189315
ENSG00000133401.16,5578.857388,-2.236794571,0.341774812,5.91E-12,8.25E-11,PDZD2,2.236794571
ENSG00000067048.17,1.218608771,-2.236337951,1.088748596,0.004116364,0.011462096,DDX3Y,2.236337951
ENSG00000272505.1,72.17269889,-2.235914802,0.285970708,6.53E-16,1.57E-14,AC104964.3,2.235914802
ENSG00000235840.1,4.690066747,-2.23590634,0.404070934,3.76E-09,3.43E-08,AC012363.2,2.23590634
ENSG00000150275.19,3.546130814,-2.235766057,0.524041644,2.35E-06,1.33E-05,PCDH15,2.235766057
ENSG00000229836.1,8.460322675,2.235762591,0.560420957,7.22E-06,3.73E-05,AL671883.1,2.235762591
ENSG00000162551.14,2055.830836,-2.235274431,0.233182395,1.04E-22,5.25E-21,ALPL,2.235274431
ENSG00000183379.9,10.7361743,-2.235149706,0.251881336,7.82E-10,7.97E-09,SYNDIG1L,2.235149706
ENSG00000205089.8,80.73478773,2.23454449,0.373447743,2.56E-10,2.81E-09,CCNI2,2.23454449
ENSG00000260265.1,47.72527183,2.234370841,0.875071115,0.000807983,0.002706644,LINC02562,2.234370841
ENSG00000196866.3,0.616558989,2.234178249,0.923881731,0.003934188,0.011019655,H2AC7,2.234178249
ENSG00000169436.17,256.6173606,2.233762705,0.447138225,6.33E-08,4.72E-07,COL22A1,2.233762705
ENSG00000203363.2,1.142347993,-2.232877282,0.56978602,6.43E-06,3.36E-05,GPR160P1,2.232877282
ENSG00000274719.1,1.375217355,-2.232354907,0.587591604,1.30E-05,6.38E-05,AC012653.2,2.232354907
ENSG00000184471.8,0.779653961,2.232191502,1.282134752,0.014498881,0.034270399,C1QTNF8,2.232191502
ENSG00000158125.10,867.8487974,-2.232122585,0.445934568,5.38E-08,4.07E-07,XDH,2.232122585
ENSG00000261997.1,23.0998369,-2.231573264,0.296305823,6.16E-15,1.29E-13,AC007336.1,2.231573264
ENSG00000180044.5,155.0692186,2.231230541,0.246868757,1.83E-20,7.46E-19,C3orf80,2.231230541
ENSG00000215187.12,62.67129436,-2.231125883,0.306684749,5.24E-06,2.78E-05,FAM166B,2.231125883
ENSG00000271377.1,1.416357216,2.23063441,0.630093242,4.67E-05,0.000205543,IFITM3P8,2.23063441
ENSG00000259500.1,6.868805442,2.23056145,0.437201624,4.01E-08,3.09E-07,KRT8P24,2.23056145
ENSG00000135114.12,823.1821026,2.230018534,0.350640381,2.30E-11,2.96E-10,OASL,2.230018534
ENSG00000204338.8,142.3576084,2.22944391,0.417711841,1.04E-08,8.84E-08,CYP21A1P,2.22944391
ENSG00000206013.2,6.187608976,2.228535697,0.821140521,0.000571154,0.00197939,IFITM5,2.228535697
ENSG00000231467.2,1.417271777,2.228244708,0.808970577,0.00065917,0.002251139,AL022314.1,2.228244708
ENSG00000228325.5,2.959328737,-2.227821866,0.568473745,7.03E-06,3.64E-05,IGKV3D-7,2.227821866
ENSG00000166924.9,52.65580785,-2.2277485,0.287360278,1.04E-15,2.42E-14,NYAP1,2.2277485
ENSG00000231918.1,0.834655863,-2.227655763,0.938911802,0.001124615,0.003635863,AC007402.1,2.227655763
ENSG00000147576.17,174.1964984,-2.22755238,0.264179496,3.55E-18,1.13E-16,ADHFE1,2.22755238
ENSG00000252469.1,1.252685922,-2.227243243,0.626502125,4.38E-05,0.000194205,RNU7-160P,2.227243243
ENSG00000184905.9,83.53217325,-2.226976074,0.378056333,4.34E-10,4.61E-09,TCEAL2,2.226976074
ENSG00000287785.1,0.625122973,2.226840728,0.799896736,0.001607385,0.00498492,AC103833.2,2.226840728
ENSG00000227154.4,1.521253429,-2.226263715,0.660841004,8.85E-05,0.000368236,MKRN6P,2.226263715
ENSG00000144655.15,5179.346639,-2.226210798,0.201904487,3.29E-29,3.41E-27,CSRNP1,2.226210798
ENSG00000238755.3,11.32451342,-2.225686932,0.388377006,9.63E-10,9.64E-09,LINC02006,2.225686932
ENSG00000171992.13,13720.02557,-2.224760333,0.293307372,2.56E-15,5.67E-14,SYNPO,2.224760333
ENSG00000101198.15,15.24461701,2.224358616,0.377227148,4.17E-10,4.43E-09,NKAIN4,2.224358616
ENSG00000121101.16,190.5340695,2.223443047,0.398639809,2.75E-09,2.57E-08,TEX14,2.223443047
ENSG00000257940.1,1.503005773,-2.222288795,0.73456351,0.000217903,0.000829228,AC079598.1,2.222288795
ENSG00000254406.1,2.057137901,-2.222256772,0.589345785,2.05E-05,9.71E-05,AP001994.1,2.222256772
ENSG00000232878.3,2.573035033,-2.221803897,0.46414153,1.85E-07,1.27E-06,DPYD-AS1,2.221803897
ENSG00000270777.1,0.505118582,-2.221600979,0.932331577,0.005941586,0.01580828,AL158042.1,2.221600979
ENSG00000251399.1,1.222923468,-2.22099072,0.59756192,2.11E-05,9.96E-05,AC092542.1,2.22099072
ENSG00000235086.1,2.832017703,2.220981912,0.545941111,5.09E-06,2.71E-05,FNDC1-IT1,2.220981912
ENSG00000260009.1,7.959657175,2.220547256,0.497161433,7.78E-07,4.80E-06,LINC02130,2.220547256
ENSG00000256422.6,1.01826894,-2.220470612,0.675260735,6.55E-05,0.00028019,LINC02552,2.220470612
ENSG00000139890.10,82.06391517,2.220364645,0.297709639,1.04E-14,2.11E-13,REM2,2.220364645
ENSG00000275620.1,18.44129774,2.219191239,0.463973506,1.81E-07,1.25E-06,FLJ16779,2.219191239
ENSG00000171234.14,49.75316597,-2.219004077,0.682108056,9.81E-05,0.000404747,UGT2B7,2.219004077
ENSG00000085563.15,552.6594338,-2.218579121,0.22274297,2.66E-24,1.58E-22,ABCB1,2.218579121
ENSG00000187837.4,3693.668111,2.217479305,0.356041225,6.15E-11,7.43E-10,H1-2,2.217479305
ENSG00000158887.19,140.6064388,-2.216002404,0.288091621,1.66E-15,3.77E-14,MPZ,2.216002404
ENSG00000258926.2,46.52844391,-2.215950713,0.350033114,1.33E-06,7.85E-06,AL355916.2,2.215950713
ENSG00000286518.1,4.441867386,-2.215417137,0.533421954,3.97E-06,2.16E-05,AL354743.1,2.215417137
ENSG00000226833.6,153.1517072,-2.21522809,0.229256746,5.35E-23,2.77E-21,AC092164.1,2.21522809
ENSG00000253123.4,193.5857567,2.21434864,0.485896699,5.51E-07,3.50E-06,AC091182.1,2.21434864
ENSG00000211895.5,60200.27926,-2.214094756,0.429550643,2.67E-08,2.12E-07,IGHA1,2.214094756
ENSG00000236136.1,5.674303434,-2.213996572,0.675750207,8.44E-05,0.00035283,ADORA2BP1,2.213996572
ENSG00000249906.1,3.829569658,-2.213954134,0.412676883,9.98E-09,8.53E-08,AC006487.1,2.213954134
ENSG00000275223.1,18.11925174,2.213323665,0.314985082,1.85E-13,3.19E-12,AL121906.2,2.213323665
ENSG00000103089.9,294.4248806,2.212784793,0.318446179,0.000208496,0.000797056,FA2H,2.212784793
ENSG00000273542.2,13.3159938,2.212708508,0.354430843,5.39E-11,6.57E-10,H4C12,2.212708508
ENSG00000121764.11,9.523219676,-2.212343646,0.272488314,4.03E-17,1.13E-15,HCRTR1,2.212343646
ENSG00000276269.1,0.523599481,-2.212280185,1.035949457,0.012096493,0.029313346,AL355974.2,2.212280185
ENSG00000164485.15,67.92185149,-2.211454123,0.51436149,1.72E-06,9.94E-06,IL22RA2,2.211454123
ENSG00000269113.4,571.8150438,-2.211364144,0.267904391,1.79E-17,5.28E-16,TRABD2B,2.211364144
ENSG00000205683.11,71.01233661,-2.211120018,0.233368162,1.24E-11,1.66E-10,DPF3,2.211120018
ENSG00000270069.1,108.8850195,-2.210276104,0.282227733,4.81E-16,1.17E-14,MIR222HG,2.210276104
ENSG00000163012.4,0.78940905,-2.207977036,0.947336839,0.002975624,0.008629443,ZSWIM2,2.207977036
ENSG00000139629.16,10793.61837,2.207898794,0.324552927,1.07E-12,1.68E-11,GALNT6,2.207898794
ENSG00000069764.10,31.57317961,2.206423838,0.332176087,3.42E-12,4.99E-11,PLA2G10,2.206423838
ENSG00000226953.8,20.7149903,-2.206249108,0.269867373,4.38E-17,1.22E-15,NCKAP5-AS2,2.206249108
ENSG00000173391.9,805.3191581,2.20588396,0.294840453,9.12E-15,1.87E-13,OLR1,2.20588396
ENSG00000288028.1,1.504405088,2.205210529,0.607241877,2.01E-05,9.53E-05,AL049839.3,2.205210529
ENSG00000165443.12,41.21310121,-2.204662977,0.326101352,1.60E-12,2.45E-11,PHYHIPL,2.204662977
ENSG00000177822.8,76.0308026,-2.204571756,0.393027501,2.14E-09,2.03E-08,TENM3-AS1,2.204571756
ENSG00000184492.6,6.048736183,2.203739754,0.366541039,2.02E-10,2.25E-09,FOXD4L1,2.203739754
ENSG00000149295.14,145.2722913,-2.202534665,0.4156922,1.26E-08,1.05E-07,DRD2,2.202534665
ENSG00000284309.1,5.25416903,2.202106619,0.867348144,0.000837489,0.002795235,AL391650.2,2.202106619
ENSG00000253521.2,3.294800303,2.201515768,0.574295441,1.51E-05,7.32E-05,HPYR1,2.201515768
ENSG00000235387.5,189.7519774,-2.201129328,0.285912053,1.64E-15,3.73E-14,SPAAR,2.201129328
ENSG00000284731.1,3.47064788,2.201127543,0.471877525,3.98E-07,2.59E-06,AC083906.5,2.201127543
ENSG00000253641.6,65.45583293,-2.201061195,0.417200918,1.44E-08,1.19E-07,LINCR-0001,2.201061195
ENSG00000124575.7,27.29031436,2.200918183,0.526404843,3.06E-06,1.70E-05,H1-3,2.200918183
ENSG00000167874.7,238.3243728,-2.20085022,0.238963785,3.67E-21,1.60E-19,TMEM88,2.20085022
ENSG00000259920.1,26.79365408,-2.200372238,0.283070557,1.05E-15,2.44E-14,AC007938.1,2.200372238
ENSG00000186205.13,2267.538366,-2.199946831,0.33586835,6.50E-12,9.02E-11,MTARC1,2.199946831
ENSG00000286364.1,3.67572343,-2.199738905,0.469058149,2.84E-07,1.90E-06,AL512308.1,2.199738905
ENSG00000244265.2,50.35091999,2.198829035,0.340851845,1.38E-11,1.83E-10,SIAH2-AS1,2.198829035
ENSG00000128683.14,35.39846925,2.198248703,0.428374344,0.00520382,0.014063488,GAD1,2.198248703
ENSG00000224251.6,7.502959542,-2.198121944,0.49986639,9.88E-07,5.99E-06,AL391427.1,2.198121944
ENSG00000226252.1,16.52468307,-2.197719106,0.376746881,6.56E-10,6.75E-09,AL135960.1,2.197719106
ENSG00000271143.1,0.662848612,2.197285585,1.368263458,0.021635764,0.048281037,AL357137.1,2.197285585
ENSG00000107485.18,24570.6346,2.197135316,0.291356094,5.20E-15,1.11E-13,GATA3,2.197135316
ENSG00000236990.1,1.287338198,-2.197118332,0.569575737,7.51E-06,3.86E-05,AC025822.2,2.197118332
ENSG00000235172.8,17.49005627,-2.196872242,0.260322229,4.65E-18,1.46E-16,LINC01366,2.196872242
ENSG00000163499.12,2.082067813,2.196772496,0.668062335,9.10E-05,0.000377812,CRYBA2,2.196772496
ENSG00000163285.8,8.20300556,-2.195906893,0.50483098,1.51E-06,8.80E-06,GABRG1,2.195906893
ENSG00000234756.1,1.670359988,-2.195281714,0.688883976,0.000160984,0.000631527,LINC02621,2.195281714
ENSG00000220884.2,3.775090458,-2.194770582,0.44679397,1.04E-07,7.50E-07,MESTP1,2.194770582
ENSG00000232759.1,15.50568175,-2.194603638,0.270354872,5.51E-17,1.52E-15,AC002480.1,2.194603638
ENSG00000160868.15,14.81458671,-2.194237394,0.374281119,5.64E-10,5.86E-09,CYP3A4,2.194237394
ENSG00000253829.1,8.101843,-2.193606002,0.360945947,1.13E-10,1.31E-09,AC067817.2,2.193606002
ENSG00000284471.1,3.801857652,-2.193243214,0.615914385,3.43E-05,0.000155235,CR769775.2,2.193243214
ENSG00000090932.11,16.44903843,2.192874305,0.477138332,4.64E-07,2.99E-06,DLL3,2.192874305
ENSG00000283571.1,1.556954458,-2.192507713,0.79198572,0.000763862,0.00257443,AC245369.21,2.192507713
ENSG00000250662.1,1.03437974,-2.19209346,0.571526123,7.26E-06,3.75E-05,HNRNPKP5,2.19209346
ENSG00000287064.1,13.37260753,-2.191922883,0.690978311,0.020572288,0.046233511,AL606500.1,2.191922883
ENSG00000284299.1,1.650811458,2.1914638,0.604684978,1.67E-05,8.05E-05,AL590132.1,2.1914638
ENSG00000261821.2,7.637752418,-2.191082475,0.392170136,2.50E-09,2.35E-08,AC090826.1,2.191082475
ENSG00000168243.11,247.1289042,2.190570801,0.423626439,2.69E-08,2.13E-07,GNG4,2.190570801
ENSG00000224672.4,0.485724358,-2.190559379,1.156503987,0.021519007,0.048055975,RPL17P10,2.190559379
ENSG00000227479.1,1.546552582,-2.190257511,0.62730987,5.79E-05,0.000250505,AC124861.1,2.190257511
ENSG00000122591.12,2241.087707,-2.190156367,0.160979784,4.45E-43,2.73E-40,FAM126A,2.190156367
ENSG00000279091.1,0.551054362,-2.189751511,1.043054665,0.010705472,0.026378585,AC026523.2,2.189751511
ENSG00000250334.6,40.34007784,-2.189671999,0.236948915,3.00E-21,1.33E-19,LINC00989,2.189671999
ENSG00000127530.4,41.11586219,-2.18923775,0.261479003,6.81E-18,2.10E-16,OR7C1,2.18923775
ENSG00000211825.1,2.946232092,-2.18908227,0.520110369,2.51E-06,1.42E-05,TRDJ1,2.18908227
ENSG00000198885.10,387.1349795,-2.188965667,0.266404014,2.50E-17,7.19E-16,ITPRIPL1,2.188965667
ENSG00000149968.12,423.6486133,2.188836777,0.352377797,6.13E-11,7.41E-10,MMP3,2.188836777
ENSG00000103994.18,8157.680661,-2.188291048,0.218895637,1.02E-07,7.38E-07,ZNF106,2.188291048
ENSG00000140937.14,6895.206369,2.18814572,0.24027831,1.27E-20,5.26E-19,CDH11,2.18814572
ENSG00000233705.7,44.27316898,-2.187666071,0.413875304,1.38E-08,1.14E-07,SLC26A4-AS1,2.187666071
ENSG00000146216.13,32.40963562,2.186445966,0.314832854,4.67E-13,7.66E-12,TTBK1,2.186445966
ENSG00000141750.7,5521.592196,-2.185651622,0.621094486,3.60E-05,0.000162098,STAC2,2.185651622
ENSG00000152092.16,156.3748632,-2.185603782,0.39664271,4.10E-09,3.72E-08,ASTN1,2.185603782
ENSG00000141738.14,4001.005539,2.185413375,0.438050738,6.80E-08,5.05E-07,GRB7,2.185413375
ENSG00000288546.1,2.276517293,-2.185089906,0.659060771,0.000114854,0.000465962,AC004470.2,2.185089906
ENSG00000197245.6,327.0377024,-2.184220096,0.241700786,1.90E-20,7.71E-19,FAM110D,2.184220096
ENSG00000233028.1,26.91906844,2.184211021,0.373106718,5.80E-10,6.01E-09,AC006970.1,2.184211021
ENSG00000253152.1,0.555807021,-2.182546392,1.022664343,0.009452964,0.023668029,IGLV3-17,2.182546392
ENSG00000177732.8,2356.586598,2.182279979,0.179607538,8.75E-35,1.85E-32,SOX12,2.182279979
ENSG00000269506.2,1.026806949,-2.182241484,0.666952848,0.00013408,0.000536121,AC110792.2,2.182241484
ENSG00000206647.1,0.968489507,2.181843344,0.753757768,0.000395955,0.001423118,AC007240.1,2.181843344
ENSG00000122877.16,3611.02533,-2.181495514,0.348501139,4.40E-11,5.45E-10,EGR2,2.181495514
ENSG00000267751.5,29.13134625,2.181358365,0.354531341,9.80E-11,1.15E-09,AC009005.1,2.181358365
ENSG00000283064.1,18.63148695,2.180828066,0.301884425,6.56E-14,1.20E-12,AL353759.1,2.180828066
ENSG00000137573.14,12356.82593,2.180325033,0.236908223,6.46E-21,2.75E-19,SULF1,2.180325033
ENSG00000110245.12,0.918108942,2.180282551,1.604555746,0.019407573,0.044044316,APOC3,2.180282551
ENSG00000201839.1,0.523005156,-2.179186813,0.957313817,0.006787993,0.017761907,SNORD114-3,2.179186813
ENSG00000275569.1,5.073812825,-2.179143401,0.278327898,1.10E-15,2.54E-14,AL355073.2,2.179143401
ENSG00000286766.1,1.319331823,-2.179137655,1.202512529,0.008531529,0.021657679,AC091010.1,2.179137655
ENSG00000164403.15,2591.546653,2.178133503,0.404504353,9.35E-09,8.02E-08,SHROOM1,2.178133503
ENSG00000204262.14,24911.90622,2.177840146,0.266109828,3.81E-17,1.07E-15,COL5A2,2.177840146
ENSG00000215217.7,168.2234277,2.176701999,0.349437738,5.43E-11,6.61E-10,C5orf49,2.176701999
ENSG00000287609.1,10.51858255,2.176622163,0.361197676,2.11E-09,2.01E-08,AL589787.2,2.176622163
ENSG00000260246.1,1.248407966,-2.175812718,1.084711027,0.005305669,0.014304297,AC000032.1,2.175812718
ENSG00000203499.12,2014.697082,2.175037168,0.274098817,3.10E-16,7.74E-15,IQANK1,2.175037168
ENSG00000255523.1,0.724170073,2.173542124,1.039398861,0.007291296,0.018892637,AP001652.1,2.173542124
ENSG00000174527.10,38.88880088,-2.173385006,0.271685276,1.87E-16,4.80E-15,MYO1H,2.173385006
ENSG00000279026.1,103.8480747,-2.171542841,0.276605256,4.78E-16,1.17E-14,AC005225.4,2.171542841
ENSG00000215386.13,658.0332313,-2.171120072,0.194471347,7.20E-30,8.23E-28,MIR99AHG,2.171120072
ENSG00000133475.17,11.39566988,-2.17065649,0.529485753,4.46E-06,2.40E-05,GGT2,2.17065649
ENSG00000264000.1,0.466710801,-2.170110189,1.083107336,0.016937777,0.039144819,AP005059.1,2.170110189
ENSG00000231866.2,0.701949296,-2.169954972,0.816476394,0.00115509,0.003722441,AC099677.2,2.169954972
ENSG00000130032.17,268.0418752,-2.169244353,0.413597315,1.68E-08,1.38E-07,PRRG3,2.169244353
ENSG00000105997.22,230.6037725,-2.168525444,0.236600602,5.86E-21,2.50E-19,HOXA3,2.168525444
ENSG00000229847.9,347.5826719,-2.168361051,0.318839005,1.19E-12,1.84E-11,EMX2OS,2.168361051
ENSG00000188219.14,11.08574228,2.16725148,0.547326253,8.00E-06,4.09E-05,POTEE,2.16725148
ENSG00000197410.14,125.508393,-2.166700253,0.350889674,7.98E-11,9.47E-10,DCHS2,2.166700253
ENSG00000198932.13,884.0720857,-2.166579473,0.146754974,3.05E-50,4.44E-47,GPRASP1,2.166579473
ENSG00000224649.1,0.783535545,-2.16654468,0.751006751,0.0005051,0.001772861,AF124730.1,2.16654468
ENSG00000255892.1,0.612812291,-2.166235307,0.959784617,0.005782055,0.015420384,NDFIP1P1,2.166235307
ENSG00000253692.3,1.455152111,2.165931816,0.818052908,0.000715259,0.002427074,IGHEP1,2.165931816
ENSG00000036672.16,299.4612283,-2.165812775,0.2578311,0.003938341,0.011029712,USP2,2.165812775
ENSG00000279965.1,14.98046585,-2.16540697,0.459792031,2.83E-07,1.89E-06,AL390755.2,2.16540697
ENSG00000112530.11,61.49768207,-2.165338809,0.237193267,8.17E-21,3.44E-19,PACRG,2.165338809
ENSG00000180383.3,5.110471901,-2.165328429,0.436451575,8.52E-08,6.23E-07,DEFB124,2.165328429
ENSG00000128573.26,347.417949,-2.1652257,0.278371596,9.01E-16,2.11E-14,FOXP2,2.1652257
ENSG00000115884.11,16455.65911,2.16462122,0.302422612,1.28E-13,2.26E-12,SDC1,2.16462122
ENSG00000187260.16,334.134213,-2.164129283,0.247002157,2.19E-19,7.91E-18,WDR86,2.164129283
ENSG00000144681.10,191.9566876,-2.163517776,0.237556467,1.12E-20,4.68E-19,STAC,2.163517776
ENSG00000162877.13,26.32134447,-2.163379812,0.309650959,3.77E-13,6.25E-12,PM20D1,2.163379812
ENSG00000184500.16,2869.757722,-2.163098574,0.179691217,2.76E-34,5.35E-32,PROS1,2.163098574
ENSG00000272411.1,4.070886683,-2.162877999,0.407787767,1.42E-08,1.18E-07,AC116312.1,2.162877999
ENSG00000254239.1,0.905004771,2.161820027,1.417967609,0.017169303,0.039621625,AC002428.2,2.161820027
ENSG00000003436.16,2322.620131,-2.161487312,0.218506878,5.39E-24,3.08E-22,TFPI,2.161487312
ENSG00000165186.12,594.1275351,-2.1614626,0.50402606,1.87E-06,1.08E-05,PTCHD1,2.1614626
ENSG00000181218.5,724.8931861,2.161297576,0.359350583,2.20E-10,2.43E-09,H2AW,2.161297576
ENSG00000164694.17,4592.804694,2.161179368,0.430055641,5.98E-08,4.48E-07,FNDC1,2.161179368
ENSG00000127423.11,154.5825109,2.160803277,0.178268609,9.99E-35,2.10E-32,AUNIP,2.160803277
ENSG00000224414.1,0.837636239,-2.160748507,0.981884986,0.005021657,0.013622731,AC010886.1,2.160748507
ENSG00000273445.1,10.34918902,2.160382286,0.369495972,5.67E-10,5.89E-09,AC133644.1,2.160382286
ENSG00000234553.1,2.082087853,-2.160113371,0.447200389,1.77E-07,1.23E-06,AC022431.1,2.160113371
ENSG00000287530.1,2.281667869,2.15966341,0.857837944,0.00106358,0.003456174,AL445985.2,2.15966341
ENSG00000154975.14,2.81272693,-2.159355619,0.574510998,2.13E-05,0.000100778,CA10,2.159355619
ENSG00000136546.16,338.959657,-2.15909023,0.396486282,5.82E-09,5.15E-08,SCN7A,2.15909023
ENSG00000178372.8,1889.461405,2.15877373,0.657720172,0.000105437,0.000431681,CALML5,2.15877373
ENSG00000177494.6,47.64443901,2.158130842,0.474006862,5.83E-07,3.69E-06,ZBED2,2.158130842
ENSG00000233183.3,12.82775437,2.158119887,0.441879887,1.29E-07,9.14E-07,AL138889.1,2.158119887
ENSG00000235748.1,0.75654169,2.158011153,0.899029882,0.002114685,0.006375541,SEPTIN14P12,2.158011153
ENSG00000270387.1,0.695635924,-2.157928949,0.915178427,0.004080565,0.011375314,AC115621.1,2.157928949
ENSG00000162722.9,456.9051203,2.15790041,0.369806239,6.33E-10,6.52E-09,TRIM58,2.15790041
ENSG00000255960.1,17.86758533,-2.157794318,0.493663255,1.40E-06,8.23E-06,AC092851.1,2.157794318
ENSG00000251632.1,4.154967322,-2.157020851,0.465809791,3.70E-07,2.43E-06,LINC02172,2.157020851
ENSG00000153294.12,16.33901731,2.156694458,0.543648865,7.52E-06,3.87E-05,ADGRF4,2.156694458
ENSG00000231980.1,0.541653637,2.156673925,1.118485926,0.01483854,0.034940789,AC011899.1,2.156673925
ENSG00000270412.1,12.66391823,-2.156435947,0.285214013,5.76E-15,1.22E-13,AL136084.2,2.156435947
ENSG00000134917.10,192.741974,-2.155504084,0.393029573,4.69E-09,4.21E-08,ADAMTS8,2.155504084
ENSG00000075886.11,134.6736563,2.154714216,0.414395844,2.33E-08,1.86E-07,TUBA3D,2.154714216
ENSG00000237594.2,20.23063123,2.153860569,0.328160359,6.66E-12,9.21E-11,AP000251.1,2.153860569
ENSG00000234880.1,3.495755055,-2.153790442,0.420921974,3.69E-08,2.86E-07,LINC00163,2.153790442
ENSG00000279954.1,10.54524602,2.153616002,0.451327496,2.00E-07,1.37E-06,BX324167.2,2.153616002
ENSG00000259517.3,19.94305302,-2.153550982,0.883147034,1.15E-08,9.64E-08,LINC02169,2.153550982
ENSG00000147234.10,216.4581536,2.153182732,0.372255774,8.67E-10,8.75E-09,FRMPD3,2.153182732
ENSG00000242973.6,0.730275041,-2.152739786,0.667163483,0.000113551,0.000461248,AL591242.1,2.152739786
ENSG00000255986.6,3.299820855,-2.151712935,0.553730543,1.29E-05,6.32E-05,MT1JP,2.151712935
ENSG00000269516.6,256.1647871,2.150840637,0.463713846,3.97E-07,2.59E-06,CYP4F23P,2.150840637
ENSG00000253293.5,307.2663037,-2.149237243,0.334264139,1.49E-11,1.97E-10,HOXA10,2.149237243
ENSG00000151882.11,5539.45525,-2.148995841,0.411688901,1.99E-08,1.61E-07,CCL28,2.148995841
ENSG00000213958.2,1.62324205,2.148825905,0.703776129,0.000193675,0.00074672,KRT18P29,2.148825905
ENSG00000250107.1,5.92155342,2.148815309,0.238184865,0.001177423,0.003786956,CACNA1G-AS1,2.148815309
ENSG00000135094.11,478.052709,2.147923547,0.368817864,6.78E-10,6.96E-09,SDS,2.147923547
ENSG00000233005.2,1.627766262,-2.147651168,0.56819625,1.98E-05,9.42E-05,AC018742.1,2.147651168
ENSG00000143412.10,1797.624879,2.146770424,0.236756023,1.51E-20,6.21E-19,ANXA9,2.146770424
ENSG00000263586.1,26.37478757,-2.146268025,0.266737485,1.18E-16,3.12E-15,HID1-AS1,2.146268025
ENSG00000077157.22,8412.264998,-2.145939159,0.215773916,3.25E-24,1.91E-22,PPP1R12B,2.145939159
ENSG00000249853.8,4.464132202,-2.145743779,0.520194393,0.005742332,0.015329015,HS3ST5,2.145743779
ENSG00000250363.1,0.914706899,2.145469119,0.687504742,0.000178202,0.000692707,KRT18P21,2.145469119
ENSG00000147113.17,2785.243147,-2.145123062,0.189137939,1.00E-30,1.28E-28,DIPK2B,2.145123062
ENSG00000165312.6,1147.347736,-2.144846843,0.125122974,3.03E-06,1.68E-05,OTUD1,2.144846843
ENSG00000239388.9,41.85608601,-2.144834933,0.161553425,0.006559751,0.017248546,ASB14,2.144834933
ENSG00000255553.2,2.327216684,-2.143741916,0.633341183,8.45E-05,0.000353396,LINC02733,2.143741916
ENSG00000164087.8,462.4118028,2.143732113,0.148065584,1.65E-48,1.70E-45,POC1A,2.143732113
ENSG00000213186.8,497.275766,2.143615824,0.188228877,6.97E-31,9.07E-29,TRIM59,2.143615824
ENSG00000185610.6,34.93366373,-2.143540903,0.288459116,1.40E-14,2.81E-13,DBX2,2.143540903
ENSG00000287914.1,209.3693011,2.141607169,0.461673292,4.05E-07,2.64E-06,AL078582.2,2.141607169
ENSG00000279885.1,1.181075326,-2.140965956,0.591141409,4.62E-05,0.000203755,AP005060.1,2.140965956
ENSG00000204544.5,2.567100248,2.14062627,0.751367507,0.000359394,0.001306248,MUC21,2.14062627
ENSG00000166816.15,834.1461538,-2.139983844,0.327375568,6.73E-12,9.30E-11,LDHD,2.139983844
ENSG00000231367.6,492.5651781,-2.139481693,0.433799276,8.82E-08,6.43E-07,LINC02613,2.139481693
ENSG00000271075.1,12.75849557,-2.138707042,0.398015698,9.01E-09,7.75E-08,AL139317.4,2.138707042
ENSG00000172379.21,2843.295987,2.13840113,0.286790088,9.87E-15,2.02E-13,ARNT2,2.13840113
ENSG00000180016.2,2.561392542,-2.13733811,0.643420761,8.53E-05,0.000356449,OR1E1,2.13733811
ENSG00000048740.18,4114.510429,-2.136985713,0.203162767,6.30E-27,5.11E-25,CELF2,2.136985713
ENSG00000232767.2,1.307696015,2.136255072,0.831544894,0.000928438,0.003063525,AC016825.1,2.136255072
ENSG00000141294.10,216.5308725,2.136101405,0.264968464,9.69E-17,2.59E-15,LRRC46,2.136101405
ENSG00000260693.1,4.034007034,-2.135776204,0.41044094,2.69E-08,2.13E-07,AC026150.1,2.135776204
ENSG00000258942.1,7.023250337,-2.135343115,0.513418981,2.04E-06,1.17E-05,AL358332.1,2.135343115
ENSG00000253715.1,0.728657188,-2.135308705,0.973445666,0.005489059,0.014737028,AC083841.2,2.135308705
ENSG00000227094.1,3.849015914,-2.135250427,0.451663161,3.03E-07,2.02E-06,AL512785.1,2.135250427
ENSG00000287901.1,14.05792395,-2.134797562,0.360262282,3.75E-10,4.01E-09,AL137026.3,2.134797562
ENSG00000130513.6,668.5980385,2.134246599,0.347507402,1.01E-10,1.19E-09,GDF15,2.134246599
ENSG00000255479.1,0.636171824,-2.133819247,1.012201662,0.00931247,0.023372801,AP001189.5,2.133819247
ENSG00000168621.15,13.86492998,-2.133539111,0.419110345,0.002191267,0.00658369,GDNF,2.133539111
ENSG00000224185.1,1.697153725,-2.133463037,0.713200598,0.000353006,0.001284742,SNX18P9,2.133463037
ENSG00000271216.2,5.928665787,2.132790568,0.643810334,9.47E-05,0.000391938,LINC01050,2.132790568
ENSG00000250081.1,4.074771368,2.132635108,0.439441633,1.64E-07,1.14E-06,AC025176.1,2.132635108
ENSG00000213673.3,1.752979382,2.132625663,0.541066888,0.016540371,0.038366317,SLC25A5P3,2.132625663
ENSG00000188282.12,45.38959131,2.132166007,0.450720494,2.62E-07,1.77E-06,RUFY4,2.132166007
ENSG00000280241.4,83.15070932,-2.132066793,0.336767977,2.87E-11,3.65E-10,AC079298.3,2.132066793
ENSG00000233153.6,2.540487544,-2.131808081,0.446147923,2.29E-07,1.56E-06,UBE2E2-AS1,2.131808081
ENSG00000187193.9,846.9452455,-2.131276608,0.252007941,3.37E-18,1.08E-16,MT1X,2.131276608
ENSG00000248880.1,0.764828102,-2.131019396,0.712678298,0.000306357,0.001129191,ICE2P1,2.131019396
ENSG00000260266.1,7.442398115,-2.130964854,0.326591003,1.03E-11,1.40E-10,PPIAP46,2.130964854
ENSG00000251576.1,5.641020035,-2.130565214,0.347105229,6.82E-11,8.19E-10,LINC01267,2.130565214
ENSG00000106462.11,888.659757,2.130449786,0.188635353,1.91E-30,2.34E-28,EZH2,2.130449786
ENSG00000272468.1,38.68335682,2.13033634,0.336165585,2.84E-11,3.61E-10,AL021807.1,2.13033634
ENSG00000072195.15,1054.960117,-2.129765634,0.236366496,0.000559412,0.001943225,SPEG,2.129765634
ENSG00000276168.1,1217.708671,2.129146038,0.380298777,2.59E-09,2.43E-08,RN7SL1,2.129146038
ENSG00000144229.12,212.3512161,-2.128873004,0.253696857,6.13E-18,1.90E-16,THSD7B,2.128873004
ENSG00000260877.2,37.59815366,-2.128756853,0.633658656,7.28E-05,0.000308324,AP005233.2,2.128756853
ENSG00000010030.14,291.3233871,2.128587936,0.293830143,5.41E-14,1.00E-12,ETV7,2.128587936
ENSG00000176956.13,33.58574726,2.12825136,0.40593539,1.59E-08,1.30E-07,LY6H,2.12825136
ENSG00000197275.14,106.6119648,2.128068974,0.212639656,1.73E-24,1.06E-22,RAD54B,2.128068974
ENSG00000183695.3,6.604253499,-2.12791594,0.523112572,4.03E-06,2.19E-05,MRGPRX2,2.12791594
ENSG00000198826.11,514.5919315,2.127775432,0.194518592,1.06E-28,1.05E-26,ARHGAP11A,2.127775432
ENSG00000223813.3,53.54334352,2.1275934,0.296034959,9.12E-14,1.63E-12,AC007255.1,2.1275934
ENSG00000187045.19,263.0303741,2.127434101,0.450120083,2.67E-07,1.80E-06,TMPRSS6,2.127434101
ENSG00000225698.3,234.4229333,-2.127385952,0.402433288,1.43E-08,1.19E-07,IGHV3-72,2.127385952
ENSG00000187800.13,1013.770733,-2.126997488,0.187823897,1.67E-30,2.06E-28,PEAR1,2.126997488
ENSG00000111249.14,183.725402,-2.126507092,0.535840717,7.45E-06,3.84E-05,CUX2,2.126507092
ENSG00000265215.1,1.718489323,-2.125037252,0.603367295,3.41E-05,0.000154561,MIR4269,2.125037252
ENSG00000253130.2,10.19347573,2.125028923,0.453887951,3.67E-07,2.41E-06,AC114550.1,2.125028923
ENSG00000092445.12,1568.774777,-2.124669181,0.298084155,1.19E-13,2.11E-12,TYRO3,2.124669181
ENSG00000234186.4,0.52703154,-2.124209956,1.081406138,0.016962498,0.03919734,C16orf82,2.124209956
ENSG00000255398.3,43.28365791,-2.123402517,0.33751709,3.73E-11,4.66E-10,HCAR3,2.123402517
ENSG00000068078.20,1252.933173,2.122941484,0.3849217,4.53E-09,4.08E-08,FGFR3,2.122941484
ENSG00000137463.5,31.53345301,-2.122540212,0.291840849,5.24E-14,9.71E-13,MGARP,2.122540212
ENSG00000230088.1,0.795100308,-2.122151411,0.886462369,0.002838659,0.008267022,KRT16P5,2.122151411
ENSG00000079689.14,129.6429409,-2.121741335,0.571383171,2.07E-05,9.78E-05,SCGN,2.121741335
ENSG00000233791.5,14.08405202,2.12167553,0.349337511,1.18E-10,1.36E-09,LINC01136,2.12167553
ENSG00000239614.1,1.842005678,-2.121373103,0.588419589,3.71E-05,0.000166705,HMGN1P7,2.121373103
ENSG00000278456.1,12.39295116,-2.121319482,0.463733808,5.24E-07,3.34E-06,AC015712.7,2.121319482
ENSG00000250685.7,2.758890023,-2.120627263,0.602378862,5.14E-05,0.000224659,AC009123.1,2.120627263
ENSG00000253295.2,2.289572856,-2.120620058,0.569994437,1.80E-05,8.63E-05,AC022217.2,2.120620058
ENSG00000149970.16,198.0813046,-2.119608103,0.346731195,1.18E-10,1.36E-09,CNKSR2,2.119608103
ENSG00000272235.1,2.970147303,2.119403291,0.428332352,9.12E-08,6.63E-07,AL590438.1,2.119403291
ENSG00000152969.20,4.804099907,2.119130137,0.483655274,1.43E-06,8.41E-06,JAKMIP1,2.119130137
ENSG00000224786.2,31.98446603,-2.119008,0.296986402,1.28E-13,2.25E-12,CETN4P,2.119008
ENSG00000258483.4,2.419213398,-2.118604674,0.521483393,4.87E-06,2.60E-05,LINC02251,2.118604674
ENSG00000111057.11,30785.30163,2.118101716,0.306568837,7.38E-13,1.18E-11,KRT18,2.118101716
ENSG00000129824.16,2.728426875,-2.117737625,1.276447776,0.006229169,0.016485841,RPS4Y1,2.117737625
ENSG00000176177.10,10.68389773,2.117634009,0.436339439,1.46E-07,1.03E-06,ENTHD1,2.117634009
ENSG00000107984.10,212.8136392,2.117417566,0.547920188,1.20E-05,5.93E-05,DKK1,2.117417566
ENSG00000258077.2,6.152281335,-2.117321309,0.610719752,6.29E-05,0.000269978,AC078923.1,2.117321309
ENSG00000144596.13,99.64037785,-2.116985556,0.241480666,6.81E-05,0.000290475,GRIP2,2.116985556
ENSG00000225472.2,29.53618582,-2.1166255,0.373030159,1.58E-09,1.53E-08,AL136366.1,2.1166255
ENSG00000238198.2,38.9154112,-2.116125985,0.211813092,2.11E-24,1.28E-22,LRIG2-DT,2.116125985
ENSG00000213070.3,1.065915982,2.116023085,0.789047257,0.000880467,0.002922295,HMGB3P6,2.116023085
ENSG00000129514.8,12278.17431,2.115921892,0.354249192,3.20E-10,3.46E-09,FOXA1,2.115921892
ENSG00000225028.1,7.371629075,-2.115786088,0.356729905,4.67E-10,4.92E-09,AC096541.1,2.115786088
ENSG00000176920.13,473.8452343,2.11576887,0.325002268,9.25E-12,1.26E-10,FUT2,2.11576887
ENSG00000223776.5,11.89933519,2.11554607,0.263620324,1.11E-16,2.95E-15,LGALS8-AS1,2.11554607
ENSG00000153802.12,4.668773637,-2.115072769,0.556724306,1.69E-05,8.13E-05,TMPRSS11D,2.115072769
ENSG00000118432.12,221.1529647,-2.114813567,0.376714976,2.34E-09,2.21E-08,CNR1,2.114813567
ENSG00000006210.7,13024.09773,-2.114481963,0.354531187,2.05E-10,2.29E-09,CX3CL1,2.114481963
ENSG00000131885.17,3.8634763,-2.11373608,0.454192696,5.35E-07,3.40E-06,KRT17P1,2.11373608
ENSG00000267079.1,2.658146026,-2.11367283,0.467020471,6.40E-07,4.02E-06,AP001269.2,2.11367283
ENSG00000229771.2,10.41500862,-2.11361839,0.476499742,1.09E-06,6.54E-06,AL035665.1,2.11361839
ENSG00000255548.1,1.649843069,-2.112647498,0.513627971,5.52E-06,2.92E-05,AP003043.1,2.112647498
ENSG00000131482.10,1.683360959,-2.111969912,0.587275737,2.75E-05,0.000126624,G6PC,2.111969912
ENSG00000103269.14,122.2552658,2.111786182,0.252503655,7.43E-18,2.28E-16,RHBDL1,2.111786182
ENSG00000128268.12,521.1782569,-2.111349687,0.223151139,3.76E-22,1.80E-20,MGAT3,2.111349687
ENSG00000167910.4,5.043535291,-2.110922059,0.301016672,4.34E-13,7.15E-12,CYP7A1,2.110922059
ENSG00000285634.2,1.682896598,-2.110469623,0.623718149,7.85E-05,0.000330024,AL583827.1,2.110469623
ENSG00000226530.2,25.79379953,-2.110294507,0.314319507,2.64E-12,3.91E-11,AL158055.1,2.110294507
ENSG00000189159.16,4471.183392,2.11023761,0.230025445,5.62E-21,2.41E-19,JPT1,2.11023761
ENSG00000180332.6,5.357405554,-2.110196288,0.368793227,1.78E-21,8.03E-20,KCTD4,2.110196288
ENSG00000250331.2,3.715998924,-2.110178286,0.350400493,2.53E-10,2.77E-09,LINC01340,2.110178286
ENSG00000187957.8,58.42424466,-2.109837737,0.406811943,2.53E-08,2.01E-07,DNER,2.109837737
ENSG00000202522.1,8.561635955,2.109366897,0.468024414,8.40E-07,5.15E-06,Y_RNA,2.109366897
ENSG00000143382.15,1011.622663,-2.108822968,0.272591893,1.22E-15,2.82E-14,ADAMTSL4,2.108822968
ENSG00000199038.1,1.784134378,2.108511175,0.854526044,0.00094139,0.00310118,MIR210,2.108511175
ENSG00000286697.1,1.045817054,-2.108236431,0.859079988,0.002452647,0.007271133,AC092623.1,2.108236431
ENSG00000236155.6,11.69291669,-2.107222854,0.309244088,7.76E-13,1.24E-11,ZPLD2P,2.107222854
ENSG00000236714.3,11.18238329,-2.107155596,0.369207576,1.50E-09,1.46E-08,LINC01844,2.107155596
ENSG00000153956.16,1723.334533,-2.106606383,0.297241883,5.61E-07,3.56E-06,CACNA2D1,2.106606383
ENSG00000205929.11,10.52605182,-2.106591555,0.220091851,1.34E-22,6.69E-21,C21orf62,2.106591555
ENSG00000227234.2,3.021491777,2.106534571,1.07952449,0.003314511,0.009482723,SPANXB1,2.106534571
ENSG00000103522.16,170.4358584,2.105835164,0.379999704,3.61E-09,3.31E-08,IL21R,2.105835164
ENSG00000101446.8,0.825879748,-2.104991934,1.154623409,0.006654605,0.01746756,SPINT3,2.104991934
ENSG00000130433.7,23.58291113,-2.104831174,0.623393782,4.05E-07,2.64E-06,CACNG6,2.104831174
ENSG00000256209.2,5.07075233,2.104430457,0.672454893,0.000166821,0.000652272,AC073578.1,2.104430457
ENSG00000227338.2,1.848042461,-2.103234797,0.50124417,3.69E-06,2.02E-05,AL139280.1,2.103234797
ENSG00000265972.6,80593.59696,-2.103095995,0.197762769,1.07E-27,9.55E-26,TXNIP,2.103095995
ENSG00000280294.1,46.08734921,-2.102444343,0.303809232,6.35E-13,1.02E-11,AC011008.2,2.102444343
ENSG00000237887.1,6.465391812,-2.102013306,0.366810583,1.16E-09,1.15E-08,RPL23AP32,2.102013306
ENSG00000279400.1,23.51305015,-2.101555254,0.356831586,4.33E-10,4.60E-09,AC008957.3,2.101555254
ENSG00000260725.1,0.660568697,-2.101475084,0.86190507,0.002961196,0.00859204,AC005307.1,2.101475084
ENSG00000285777.1,0.646161365,-2.101217006,0.742143248,0.000673153,0.002294504,AL139142.2,2.101217006
ENSG00000266554.2,14.26442592,-2.101212404,0.573477694,7.76E-05,0.000326833,LINC01443,2.101212404
ENSG00000173335.5,885.6926685,2.101008772,0.972059051,0.002305896,0.006882298,CST9,2.101008772
ENSG00000154721.15,2174.95596,-2.100084954,0.169850367,5.04E-36,1.27E-33,JAM2,2.100084954
ENSG00000254366.7,25.77860472,-2.099093629,0.387146932,6.53E-09,5.74E-08,AC062004.1,2.099093629
ENSG00000254220.1,1.52229365,-2.098815984,0.671008185,0.00025182,0.000946377,IGKV2D-18,2.098815984
ENSG00000177602.5,118.3029607,2.098524917,0.294261324,1.27E-13,2.24E-12,HASPIN,2.098524917
ENSG00000260306.1,18.87826863,-2.098360444,0.272627745,1.34E-15,3.08E-14,AC092375.2,2.098360444
ENSG00000231252.3,2.91880557,-2.09757423,0.405234295,3.30E-08,2.58E-07,AC099792.1,2.09757423
ENSG00000214417.4,2.378843647,2.097476032,0.514070655,6.44E-06,3.36E-05,KRT18P13,2.097476032
ENSG00000274367.1,2.755109331,2.097415553,0.490066102,1.56E-06,9.07E-06,AC004233.3,2.097415553
ENSG00000233930.4,78.35752302,2.097080494,0.303411774,6.13E-13,9.90E-12,KRTAP5-AS1,2.097080494
ENSG00000285938.1,56.34029311,-2.096651949,0.301082421,4.12E-13,6.80E-12,AC072022.2,2.096651949
ENSG00000163689.20,151.1375791,2.095795474,0.202373576,5.28E-26,3.85E-24,CFAP20DC,2.095795474
ENSG00000136541.15,67.49162696,2.095778112,0.331473975,3.34E-11,4.21E-10,ERMN,2.095778112
ENSG00000174059.17,9800.769374,-2.095528519,0.20498873,2.00E-25,1.35E-23,CD34,2.095528519
ENSG00000223883.2,0.505337232,-2.095109922,1.024730605,0.014523176,0.034322129,LINC01707,2.095109922
ENSG00000267299.1,4.688074571,-2.094466634,0.321418672,7.19E-12,9.92E-11,AC011444.3,2.094466634
ENSG00000255776.1,1.083375585,-2.093936311,0.744259814,0.000476703,0.001682401,VDAC2P2,2.093936311
ENSG00000124635.9,120.8099955,2.093408366,0.315553686,4.08E-12,5.86E-11,H2BC11,2.093408366
ENSG00000251168.1,0.792088336,2.092517775,0.845404408,0.001659269,0.005126444,AC025174.1,2.092517775
ENSG00000156564.9,37.0932213,2.092380292,0.455228207,4.96E-07,3.17E-06,LRFN2,2.092380292
ENSG00000185290.4,168.1773481,2.091869512,0.401701608,2.28E-08,1.83E-07,NUPR2,2.091869512
ENSG00000164035.10,2122.744579,-2.09167622,0.179806501,3.55E-32,5.20E-30,EMCN,2.09167622
ENSG00000279739.1,1.463931903,2.091464761,0.993745468,0.003814574,0.010726681,AC011369.2,2.091464761
ENSG00000250699.1,1.011436079,-2.090926588,0.686909355,0.000268998,0.001004404,AP000892.1,2.090926588
ENSG00000272438.1,7.501034413,2.089319406,0.5197239,6.06E-06,3.18E-05,AL645608.6,2.089319406
ENSG00000225039.1,11.85310718,-2.089094787,0.2667179,6.94E-16,1.66E-14,LINC01058,2.089094787
ENSG00000278292.1,0.634160046,2.088427856,0.964102036,0.007285983,0.018882607,RFPL4AP6,2.088427856
ENSG00000225948.2,1.68536826,-2.08831771,0.517270914,4.93E-06,2.64E-05,LINC02648,2.08831771
ENSG00000104549.12,3469.924875,2.088253874,0.242025872,9.26E-19,3.15E-17,SQLE,2.088253874
ENSG00000279685.2,51.1366009,2.08814598,0.55177676,1.68E-05,8.10E-05,MAPT-IT1,2.08814598
ENSG00000159263.16,118.8422141,2.088018996,0.63812715,0.000104512,0.000428163,SIM2,2.088018996
ENSG00000139734.19,338.6086398,2.08791566,0.22498722,2.35E-21,1.06E-19,DIAPH3,2.08791566
ENSG00000262768.2,2.566327247,2.087606064,0.718266733,0.000385612,0.001390142,AC100791.2,2.087606064
ENSG00000272264.1,33.92707472,2.08758135,0.313732531,3.74E-12,5.42E-11,AC009686.2,2.08758135
ENSG00000115297.11,5.345021058,2.087570599,0.446729195,3.52E-07,2.32E-06,TLX2,2.087570599
ENSG00000287146.1,10.51070164,-2.08754505,0.330071757,3.20E-11,4.04E-10,AC000085.1,2.08754505
ENSG00000261235.1,25.79549206,2.087457065,0.457279802,5.90E-07,3.73E-06,AC092142.1,2.087457065
ENSG00000168903.9,2.020824498,-2.0874358,0.645956883,0.00015868,0.000623731,BTNL3,2.0874358
ENSG00000073350.14,4415.887729,2.087374008,0.260181296,1.48E-16,3.84E-15,LLGL2,2.087374008
ENSG00000229607.1,0.940593572,2.087349255,0.778703264,0.000732497,0.002480638,AL137027.1,2.087349255
ENSG00000142910.16,3429.798589,-2.08619283,0.203791062,1.75E-25,1.19E-23,TINAGL1,2.08619283
ENSG00000225981.1,2.378024185,-2.084681033,0.478601209,1.56E-06,9.08E-06,AC102953.1,2.084681033
ENSG00000273866.1,2.724955839,-2.083670529,0.404440164,3.63E-08,2.82E-07,Metazoa_SRP,2.083670529
ENSG00000085840.13,236.8543068,2.08338513,0.268021173,1.04E-15,2.42E-14,ORC1,2.08338513
ENSG00000214455.4,0.486022306,-2.083247549,1.000084777,0.014617154,0.034511331,RCN1P2,2.083247549
ENSG00000140623.14,3.55258781,2.083094747,0.580675035,3.87E-05,0.000172883,SEPTIN12,2.083094747
ENSG00000234336.7,7.941649084,-2.082478423,0.282839385,3.20E-14,6.12E-13,JAZF1-AS1,2.082478423
ENSG00000227215.1,1.138609471,-2.082423503,0.534763387,1.28E-05,6.31E-05,AL355613.1,2.082423503
ENSG00000053747.17,5820.839485,-2.082245814,0.286828749,2.51E-14,4.86E-13,LAMA3,2.082245814
ENSG00000182791.5,102.4881795,2.081381018,0.281791577,1.93E-14,3.80E-13,CCDC87,2.081381018
ENSG00000286186.1,20.26558388,-2.08098615,0.3515485,4.47E-10,4.73E-09,AC018445.5,2.08098615
ENSG00000199349.1,2.054630492,2.080741012,0.66702469,0.000167867,0.000656104,Y_RNA,2.080741012
ENSG00000221858.3,2.142945061,-2.080588518,0.497842522,4.45E-06,2.40E-05,OR2A12,2.080588518
ENSG00000206073.11,4.622963455,-2.080274736,0.807948039,0.000930354,0.003069198,SERPINB4,2.080274736
ENSG00000102109.9,57.29012296,2.079982539,0.480271916,1.70E-06,9.86E-06,PCSK1N,2.079982539
ENSG00000127920.6,3556.823949,-2.079847848,0.215161864,3.88E-23,2.05E-21,GNG11,2.079847848
ENSG00000254285.3,245.2401235,2.079051973,0.334485,6.45E-11,7.77E-10,KRT8P3,2.079051973
ENSG00000237330.3,199.160193,2.078916401,0.405601034,3.58E-08,2.78E-07,RNF223,2.078916401
ENSG00000170743.17,366.3882334,2.078640444,0.436572449,2.27E-07,1.55E-06,SYT9,2.078640444
ENSG00000237720.2,0.509662607,-2.078101245,1.02350207,0.014544522,0.034365872,AC011995.2,2.078101245
ENSG00000143546.10,1006.259178,2.07781111,0.506450414,4.94E-06,2.64E-05,S100A8,2.07781111
ENSG00000151651.16,856.3640194,2.077422918,0.272888864,3.70E-15,8.00E-14,ADAM8,2.077422918
ENSG00000159337.7,11.45296304,2.077201517,0.491668176,2.94E-06,1.64E-05,PLA2G4D,2.077201517
ENSG00000130307.12,272.2177819,-2.077142663,0.211895171,1.34E-23,7.41E-22,USHBP1,2.077142663
ENSG00000232268.6,0.933445408,-2.076745221,0.635137471,0.0001354,0.00054083,OR52I1,2.076745221
ENSG00000253258.1,1.020243312,2.076286697,0.9814263,0.004475942,0.012329634,AC068228.1,2.076286697
ENSG00000130561.17,14.18097974,2.0761142,0.434918375,2.14E-07,1.46E-06,SAG,2.0761142
ENSG00000228577.1,1.346794709,-2.076095747,0.616216439,6.14E-05,0.000264223,AC010731.1,2.076095747
ENSG00000253250.3,49.96051503,-2.074762078,0.207743401,2.73E-24,1.63E-22,C8orf88,2.074762078
ENSG00000231426.7,6.263694902,-2.074303575,0.428164727,1.45E-07,1.02E-06,FILNC1,2.074303575
ENSG00000184524.6,9.54220001,2.074186586,0.299121751,5.40E-13,8.81E-12,CEND1,2.074186586
ENSG00000124334.17,12.73855207,2.073892947,0.381881266,7.49E-09,6.50E-08,IL9R,2.073892947
ENSG00000221836.3,2.071407038,-2.07357477,0.462012771,1.00E-06,6.06E-06,OR2A5,2.07357477
ENSG00000181656.7,63.70787237,-2.073445825,0.341597083,1.55E-10,1.77E-09,GPR88,2.073445825
ENSG00000183454.18,139.2281309,-2.07340775,0.34115661,1.53E-10,1.74E-09,GRIN2A,2.07340775
ENSG00000145911.6,1474.142608,2.073287894,0.221220941,1.11E-21,5.13E-20,N4BP3,2.073287894
ENSG00000129467.14,1158.046295,-2.072712095,0.185931593,9.64E-30,1.08E-27,ADCY4,2.072712095
ENSG00000121691.7,11578.85744,-2.072272568,0.218152848,2.72E-22,1.32E-20,CAT,2.072272568
ENSG00000285521.1,0.901180513,-2.071808954,1.031384434,0.005257281,0.01418942,AC119673.1,2.071808954
ENSG00000125355.16,394.0261287,-2.071449367,0.257313709,1.08E-16,2.85E-15,TMEM255A,2.071449367
ENSG00000141576.16,507.1800435,-2.071312017,0.362224721,1.29E-09,1.27E-08,RNF157,2.071312017
ENSG00000229502.5,1.110397184,-2.071087853,0.896964992,0.002548886,0.007520124,AL391863.1,2.071087853
ENSG00000164056.11,4723.662313,-2.070909774,0.181611306,6.34E-31,8.28E-29,SPRY1,2.070909774
ENSG00000049768.16,220.0316732,2.070165018,0.3045275,1.33E-12,2.04E-11,FOXP3,2.070165018
ENSG00000197083.11,164.7042639,-2.069886464,0.254713536,5.61E-17,1.54E-15,ZNF300P1,2.069886464
ENSG00000265786.1,2.403843414,2.069812381,0.87046168,0.001495719,0.00467718,LINC01906,2.069812381
ENSG00000186973.11,62.2736853,2.069772627,0.385073659,9.42E-09,8.08E-08,FAM183A,2.069772627
ENSG00000187037.8,56.9874466,2.069531571,0.327670319,3.49E-11,4.38E-10,GPR141,2.069531571
ENSG00000230104.1,0.538479277,-2.069332168,1.095468168,0.019268618,0.043784614,AC018712.1,2.069332168
ENSG00000167889.13,101.1603165,2.068495488,0.367441263,2.26E-09,2.14E-08,MGAT5B,2.068495488
ENSG00000169894.18,86.964613,-2.068116416,0.285274095,5.27E-14,9.77E-13,MUC3A,2.068116416
ENSG00000276763.1,1.158222377,2.067923095,0.634348112,0.000114592,0.000465093,AC069499.2,2.067923095
ENSG00000226237.2,161.644512,-2.067722466,0.246837407,7.48E-18,2.29E-16,GAS1RR,2.067722466
ENSG00000119714.11,523.6797881,2.06760672,0.22633863,8.67E-21,3.65E-19,GPR68,2.06760672
ENSG00000007968.7,287.3038036,2.066624018,0.268157379,1.69E-15,3.83E-14,E2F2,2.066624018
ENSG00000183134.5,41.79212244,-2.066181767,0.285196095,4.43E-14,8.30E-13,PTGDR2,2.066181767
ENSG00000197181.12,121.9130588,-2.066148168,0.294103743,2.68E-13,4.53E-12,PIWIL2,2.066148168
ENSG00000285931.1,1.644417818,-2.066092378,0.522283773,7.43E-06,3.83E-05,AC005495.1,2.066092378
ENSG00000109205.16,17.0704357,-2.066090019,0.534485332,1.25E-05,6.15E-05,ODAM,2.066090019
ENSG00000135604.10,796.0445249,-2.06588649,0.283841243,4.27E-14,8.03E-13,STX11,2.06588649
ENSG00000214140.11,63.16010323,-2.065764341,0.194441474,2.57E-27,2.19E-25,PRCD,2.065764341
ENSG00000250303.4,180.3837544,-2.065446556,0.276282722,9.50E-15,1.94E-13,LINC02762,2.065446556
ENSG00000232110.8,4.314328391,-2.064681714,0.296725837,5.89E-13,9.53E-12,AL353751.1,2.064681714
ENSG00000231625.4,7.290576108,-2.064308032,0.358290285,1.52E-09,1.48E-08,SLC47A1P2,2.064308032
ENSG00000203855.7,3.57795611,-2.06402894,0.380102428,1.10E-08,9.31E-08,HSD3BP4,2.06402894
ENSG00000246379.8,10.30393575,-2.063937176,0.292185242,2.56E-13,4.34E-12,AC040168.1,2.063937176
ENSG00000224468.3,19.48724555,-2.06346809,0.260705503,2.67E-16,6.73E-15,LAMC1-AS1,2.06346809
ENSG00000169744.13,1834.834094,-2.063452013,0.177983104,5.65E-32,8.10E-30,LDB2,2.063452013
ENSG00000164690.8,7.482096312,2.062875794,0.517901813,7.67E-06,3.94E-05,SHH,2.062875794
ENSG00000244227.7,14.40968191,-2.0624346,0.378767483,6.51E-09,5.73E-08,LRRC77P,2.0624346
ENSG00000267077.1,2.037478814,2.062303854,0.415634395,1.30E-07,9.23E-07,AC020663.2,2.062303854
ENSG00000263400.8,34.39436399,-2.061799056,0.212158626,3.21E-23,1.72E-21,TMEM220-AS1,2.061799056
ENSG00000285294.1,32.27958367,-2.061554546,0.630007877,0.000110716,0.000451159,LINC00842,2.061554546
ENSG00000251538.7,2.401134203,2.061536063,0.587345251,5.36E-05,0.000233237,LINC02201,2.061536063
ENSG00000179528.16,50.05999546,2.060656842,0.243804754,3.79E-18,1.20E-16,LBX2,2.060656842
ENSG00000171798.18,230.771196,2.060245621,0.578295859,4.03E-05,0.000179613,KNDC1,2.060245621
ENSG00000253649.5,64.03649424,-2.059899839,0.408265574,5.33E-08,4.03E-07,PRSS51,2.059899839
ENSG00000260228.6,164.0691346,2.059677218,0.338193439,1.43E-10,1.64E-09,AC009119.1,2.059677218
ENSG00000235303.1,0.997699541,-2.059618553,0.828636426,0.001425083,0.004478995,AL023495.1,2.059618553
ENSG00000152465.18,1850.935603,-2.059336101,0.190669147,4.11E-28,3.84E-26,NMT2,2.059336101
ENSG00000076706.17,16812.94205,-2.058783832,0.253254598,1.16E-16,3.05E-15,MCAM,2.058783832
ENSG00000282980.1,2.230922519,-2.058505162,0.409539206,8.89E-08,6.47E-07,AC055839.1,2.058505162
ENSG00000199627.1,1.773262324,-2.056961714,0.504530685,5.54E-06,2.93E-05,RNU6-1010P,2.056961714
ENSG00000100276.10,125.567527,-2.056899012,0.344530581,2.85E-10,3.11E-09,RASL10A,2.056899012
ENSG00000240350.3,3.577045317,2.056743696,0.466242359,1.40E-06,8.22E-06,SOCAR,2.056743696
ENSG00000257989.1,13.47316463,2.056742291,0.53366539,1.35E-05,6.61E-05,AC078864.1,2.056742291
ENSG00000203876.10,25.66092209,-2.056713529,0.303045378,9.26E-13,1.46E-11,ADD3-AS1,2.056713529
ENSG00000158966.16,2121.483307,-2.05637037,0.220859166,1.64E-21,7.41E-20,CACHD1,2.05637037
ENSG00000273679.1,0.488069348,-2.055780487,0.946546232,0.009722393,0.024248134,AC100757.1,2.055780487
ENSG00000253481.2,8.038940869,-2.054419067,0.462860716,1.05E-06,6.32E-06,IGKV1OR22-1,2.054419067
ENSG00000249917.3,25.88568597,2.053910115,0.37025039,3.98E-09,3.62E-08,LINC00536,2.053910115
ENSG00000127585.12,1309.636326,2.053599858,0.327155415,4.42E-11,5.47E-10,FBXL16,2.053599858
ENSG00000280335.1,4.470896785,2.053396672,0.429955461,2.37E-07,1.61E-06,AC016866.3,2.053396672
ENSG00000235934.2,1.663792462,2.053215497,0.750286004,0.000636698,0.002184648,AC007405.2,2.053215497
ENSG00000279499.1,3.698226636,-2.053201256,0.365875826,2.25E-09,2.13E-08,AL157770.1,2.053201256
ENSG00000212535.1,0.589329718,-2.053089057,1.162576733,0.017876336,0.041055481,RNU6-808P,2.053089057
ENSG00000154188.10,1296.594751,-2.052899724,0.428995188,1.99E-07,1.37E-06,ANGPT1,2.052899724
ENSG00000163734.4,56.58189156,-2.052092405,0.39114625,1.85E-08,1.50E-07,CXCL3,2.052092405
ENSG00000286607.1,4.108355026,2.051883795,0.515932709,8.05E-06,4.11E-05,AL135818.3,2.051883795
ENSG00000204542.3,34.69237176,-2.051511446,0.471340985,1.53E-06,8.92E-06,C6orf15,2.051511446
ENSG00000173825.7,35.27581034,2.051493333,0.234329272,2.68E-19,9.56E-18,TIGD3,2.051493333
ENSG00000150873.12,143.1788426,2.051443595,0.353563961,8.49E-10,8.59E-09,C2orf50,2.051443595
ENSG00000140534.14,315.834298,2.050948485,0.22254977,4.48E-21,1.94E-19,TICRR,2.050948485
ENSG00000280721.1,24.0621746,2.050366498,0.302422949,1.45E-12,2.22E-11,LINC01943,2.050366498
ENSG00000242841.1,2.805496598,2.050285615,0.462904602,1.15E-06,6.87E-06,KRT8P35,2.050285615
ENSG00000236525.1,0.83033659,-2.050159983,0.616380832,0.000101697,0.000417674,AC007278.2,2.050159983
ENSG00000254986.7,2356.561163,2.048681277,0.149017084,2.74E-23,1.47E-21,DPP3,2.048681277
ENSG00000259798.1,2.02467562,2.047672608,0.756369207,0.000746995,0.002524732,AC138625.1,2.047672608
ENSG00000273124.1,3.117777398,-2.047248855,0.594646807,6.84E-05,0.000291558,AL365434.2,2.047248855
ENSG00000271392.1,1.819956775,-2.047055123,0.498961743,6.21E-06,3.25E-05,AC006237.1,2.047055123
ENSG00000278058.1,26.34902046,-2.046912319,0.178621448,1.98E-31,2.67E-29,AC009159.3,2.046912319
ENSG00000053108.17,194.219896,2.046243502,0.341971211,2.77E-10,3.03E-09,FSTL4,2.046243502
ENSG00000127743.6,118.3098748,-2.045686325,0.385105272,1.32E-08,1.10E-07,IL17B,2.045686325
ENSG00000102271.14,107.1693438,-2.045684512,0.268777352,3.46E-15,7.52E-14,KLHL4,2.045684512
ENSG00000144642.22,2188.762743,-2.04488457,0.209527831,2.21E-23,1.20E-21,RBMS3,2.04488457
ENSG00000143578.16,5495.108229,2.044345075,0.258782652,5.12E-16,1.24E-14,CREB3L4,2.044345075
ENSG00000270479.1,1.27600098,2.043807673,0.762556663,0.000700772,0.002382441,BNIP3P37,2.043807673
ENSG00000004939.15,8.312768895,-2.043657757,0.489790739,2.83E-06,1.58E-05,SLC4A1,2.043657757
ENSG00000260459.2,66.32024341,2.043060327,0.398646611,3.77E-08,2.92E-07,FTLP14,2.043060327
ENSG00000287108.1,2.063722661,2.042896095,0.542031839,2.39E-05,0.000111702,AC023302.2,2.042896095
ENSG00000282375.1,3.170036236,-2.041245961,0.608019746,6.91E-05,0.000293932,AC100797.4,2.041245961
ENSG00000278685.4,0.580177295,-2.040667247,0.918591632,0.006945452,0.018122021,IQCA1L,2.040667247
ENSG00000258819.2,63.00945928,-2.040475983,0.307725633,4.16E-12,5.96E-11,LINC02289,2.040475983
ENSG00000188730.5,6.086973956,-2.039920356,0.337423665,2.52E-10,2.77E-09,VWC2,2.039920356
ENSG00000238042.5,10.63589768,2.039879649,0.48334435,2.77E-06,1.55E-05,LINC02257,2.039879649
ENSG00000228613.1,58.8269794,2.039856666,0.314556604,1.17E-11,1.57E-10,AC141930.1,2.039856666
ENSG00000237949.2,24.73821662,-2.039211716,0.517797619,9.40E-06,4.74E-05,LINC00844,2.039211716
ENSG00000116711.10,637.0925585,-2.038273656,0.272247589,9.31E-15,1.91E-13,PLA2G4A,2.038273656
ENSG00000183287.14,207.1809126,-2.037989116,0.329870149,8.12E-11,9.62E-10,CCBE1,2.037989116
ENSG00000235641.5,12.6303393,-2.037606723,0.417192459,1.46E-07,1.03E-06,LINC00484,2.037606723
ENSG00000270071.3,3.860225267,-2.0373251,0.364647883,4.16E-09,3.77E-08,AP001172.1,2.0373251
ENSG00000253161.5,39.55881151,2.03698786,0.290097284,2.65E-13,4.48E-12,LINC01605,2.03698786
ENSG00000238250.1,2.514213528,2.036384295,0.567325131,4.08E-05,0.000181508,ST6GAL2-IT1,2.036384295
ENSG00000273821.1,17.0049901,2.036184384,0.289414245,2.12E-13,3.65E-12,AL096828.3,2.036184384
ENSG00000244588.5,5.367231891,2.035300686,0.611113399,9.96E-05,0.000409963,RAD21L1,2.035300686
ENSG00000274441.1,1.059362403,-2.034924258,0.815269386,0.001532182,0.004777762,AC008957.2,2.034924258
ENSG00000186469.8,2313.43475,-2.034308915,0.251455225,7.23E-17,1.95E-15,GNG2,2.034308915
ENSG00000197321.15,5803.00081,-2.03396734,0.133722354,1.25E-09,1.23E-08,SVIL,2.03396734
ENSG00000154451.14,796.7183824,2.033823302,0.337484087,2.25E-10,2.49E-09,GBP5,2.033823302
ENSG00000164120.14,1219.344582,-2.033790108,0.520253079,6.67E-06,3.47E-05,HPGD,2.033790108
ENSG00000121743.4,12.43340701,2.033369467,0.384248496,1.48E-08,1.22E-07,GJA3,2.033369467
ENSG00000182674.6,19.45395577,-2.033271012,0.362909117,2.83E-09,2.64E-08,KCNB2,2.033271012
ENSG00000144407.9,156.483848,-2.033183738,0.286641151,1.70E-13,2.95E-12,PTH2R,2.033183738
ENSG00000182253.15,15325.99592,-2.033163576,0.335143601,2.49E-28,2.38E-26,SYNM,2.033163576
ENSG00000203808.12,15.2332298,-2.032417619,0.254569147,6.31E-16,1.52E-14,BVES-AS1,2.032417619
ENSG00000274928.6,8.776975237,2.03226181,0.401308482,5.95E-08,4.46E-07,KRT89P,2.03226181
ENSG00000253595.6,1.080261248,-2.032056148,0.665824601,0.000143879,0.00057156,LINC01300,2.032056148
ENSG00000254695.2,3.25302229,2.031961811,1.016745344,0.003334211,0.009529368,AC087379.2,2.031961811
ENSG00000250208.6,252.0823931,-2.031483081,0.241577784,5.33E-18,1.66E-16,FZD10-AS1,2.031483081
ENSG00000129680.16,1158.61055,-2.031334758,0.213032276,1.97E-22,9.72E-21,MAP7D3,2.031334758
ENSG00000276903.2,3.570499905,2.030724015,0.64210393,0.000173299,0.00067534,H2AC16,2.030724015
ENSG00000137135.18,217.1066195,2.030689881,0.223232706,1.22E-20,5.08E-19,ARHGEF39,2.030689881
ENSG00000184560.8,0.665880975,2.030459355,0.916154011,0.004614095,0.012656061,SPEM2,2.030459355
ENSG00000251045.1,1.25682409,2.030218309,1.220102544,0.008650053,0.021925498,SLC25A48-AS1,2.030218309
ENSG00000234965.2,7.724788155,2.030049378,0.588341538,5.92E-05,0.000255873,SHISA8,2.030049378
ENSG00000237419.1,1.834138944,-2.030013126,0.502048374,7.88E-06,4.03E-05,AL954642.1,2.030013126
ENSG00000129757.14,1691.691554,-2.029301678,0.233036569,4.11E-19,1.44E-17,CDKN1C,2.029301678
ENSG00000286865.1,0.795167577,-2.029222144,0.733535671,0.000804284,0.00269563,AL391097.3,2.029222144
ENSG00000244137.1,10.00490421,2.02911074,0.431281221,3.05E-07,2.03E-06,AL512328.1,2.02911074
ENSG00000138131.4,1034.770744,-2.029002933,0.274032104,1.99E-23,1.08E-21,LOXL4,2.029002933
ENSG00000013810.20,1487.324633,2.028887831,0.198500871,2.09E-25,1.41E-23,TACC3,2.028887831
ENSG00000235009.1,6.691370926,-2.028662813,0.639394172,0.000171731,0.00066987,LINC01883,2.028662813
ENSG00000287255.1,18.769757,-2.028569969,0.310566935,9.11E-12,1.24E-10,AC007877.1,2.028569969
ENSG00000166558.11,2.154653444,2.0282552,0.667173853,0.000285074,0.001058192,SLC38A8,2.0282552
ENSG00000255163.1,1.805174216,-2.027075515,0.51793758,1.26E-05,6.21E-05,HSPE1P18,2.027075515
ENSG00000244345.1,1.877941427,2.026369746,0.693433762,0.000377055,0.001363298,AC104435.2,2.026369746
ENSG00000224885.1,7.85273936,2.026057197,0.36476939,3.65E-09,3.34E-08,EIPR1-IT1,2.026057197
ENSG00000227959.1,9.191455431,-2.025978893,0.279857615,5.89E-14,1.08E-12,AL451042.2,2.025978893
ENSG00000007908.16,1048.806101,-2.025830319,0.468308079,1.69E-06,9.80E-06,SELE,2.025830319
ENSG00000250878.3,7.67547896,-2.025733356,0.275306942,0.006989561,0.018220168,METTL21EP,2.025733356
ENSG00000122136.14,38.40839255,2.025073905,0.555568412,3.02E-05,0.000138062,OBP2A,2.025073905
ENSG00000232284.7,68.40360307,-2.024861281,0.215247426,7.54E-22,3.53E-20,GNG12-AS1,2.024861281
ENSG00000128408.9,148.2645156,2.024830033,0.246136306,2.55E-17,7.33E-16,RIBC2,2.024830033
ENSG00000268615.1,4.571923759,2.024549008,0.491361141,4.67E-06,2.51E-05,AL353803.5,2.024549008
ENSG00000090006.18,6016.381814,-2.023987667,0.213667261,5.96E-22,2.81E-20,LTBP4,2.023987667
ENSG00000118785.14,7252.104051,2.02373506,0.384988562,2.06E-08,1.66E-07,SPP1,2.02373506
ENSG00000188064.10,949.6261681,2.023546551,0.344930391,5.75E-10,5.97E-09,WNT7B,2.023546551
ENSG00000249661.1,473.7576421,2.023194867,0.465843968,1.76E-06,1.01E-05,TNRC18P1,2.023194867
ENSG00000171243.8,824.6138684,-2.022395392,0.558373082,3.15E-05,0.000143609,SOSTDC1,2.022395392
ENSG00000233213.1,0.663640533,-2.022007209,0.93453207,0.007370899,0.019078765,KCNJ6-AS1,2.022007209
ENSG00000135678.12,3937.155905,-2.021702106,0.304825814,3.03E-12,4.45E-11,CPM,2.021702106
ENSG00000165409.18,46.057233,-2.021694239,0.316922092,2.17E-11,2.81E-10,TSHR,2.021694239
ENSG00000100033.16,551.3405953,2.021484283,0.484993604,3.72E-06,2.03E-05,PRODH,2.021484283
ENSG00000136535.15,3.460835308,2.020581443,0.735418978,0.00061853,0.002128258,TBR1,2.020581443
ENSG00000231274.5,8.001730935,-2.0201989,0.341746622,4.63E-10,4.88E-09,SBK3,2.0201989
ENSG00000207258.1,1.912902133,-2.020084727,0.544955068,2.28E-11,2.93E-10,Y_RNA,2.020084727
ENSG00000225438.1,26.6017409,2.019453261,0.729592563,0.000546314,0.001902267,KRT41P,2.019453261
ENSG00000203812.2,3.665404936,2.019223013,0.519116424,1.38E-05,6.74E-05,H2AC18,2.019223013
ENSG00000259236.1,12.44687096,-2.017946784,0.295348688,9.84E-13,1.54E-11,GOLGA8VP,2.017946784
ENSG00000259530.1,0.661700073,-2.017224387,1.091996824,0.01838257,0.042026473,AC104574.1,2.017224387
ENSG00000275131.3,300.9494916,-2.017093848,0.198134262,1.17E-07,8.34E-07,AC241952.1,2.017093848
ENSG00000270276.2,2.267956134,2.01655336,0.586494218,7.64E-05,0.000322217,H4C15,2.01655336
ENSG00000125899.8,3.071363298,-2.016452043,0.333937608,2.40E-10,2.65E-09,LINC02871,2.016452043
ENSG00000157303.11,2026.311429,2.015529905,0.361297571,3.08E-09,2.86E-08,SUSD3,2.015529905
ENSG00000235033.7,42.07642807,-2.014990876,0.360752539,2.77E-09,2.59E-08,DAAM2-AS1,2.014990876
ENSG00000258331.1,4.470898673,2.014527142,0.506346505,7.78E-06,3.98E-05,LINC02461,2.014527142
ENSG00000140839.11,10.10529004,2.014513551,0.331310796,1.85E-10,2.07E-09,CLEC18B,2.014513551
ENSG00000287101.1,2.688908877,-2.014143011,0.472664877,3.37E-06,1.86E-05,AC093772.2,2.014143011
ENSG00000240204.3,135.4251844,2.013605595,0.289572222,4.85E-13,7.95E-12,SMKR1,2.013605595
ENSG00000237852.1,1.889966566,-2.01289879,0.476945144,2.99E-06,1.66E-05,AC119800.1,2.01289879
ENSG00000108702.4,1.057386182,2.012287601,0.73587462,0.000643577,0.002204593,CCL1,2.012287601
ENSG00000178773.15,273.1022699,2.012246068,0.412676949,1.38E-07,9.74E-07,CPNE7,2.012246068
ENSG00000237978.6,25.15592015,2.01199184,0.573431433,5.03E-05,0.000220296,KCNMB2-AS1,2.01199184
ENSG00000110799.14,25334.2442,-2.011783911,0.238893761,2.74E-18,8.90E-17,VWF,2.011783911
ENSG00000140525.19,1608.250544,2.011626932,0.192590357,2.06E-26,1.58E-24,FANCI,2.011626932
ENSG00000199990.1,1.328671761,-2.011476611,0.911243545,0.001168121,0.003760732,VTRNA1-1,2.011476611
ENSG00000104938.18,7.059120541,-2.010931286,0.59441824,8.08E-05,0.000339027,CLEC4M,2.010931286
ENSG00000264006.8,3.186508595,-2.010900125,0.524555514,1.57E-05,7.61E-05,AKR1C8P,2.010900125
ENSG00000288605.1,30.82264612,-2.010634447,0.560139104,3.75E-05,0.000168469,AC007461.1,2.010634447
ENSG00000261395.3,1.944210268,-2.010034073,0.544605141,3.31E-05,0.00015049,HSPE1P5,2.010034073
ENSG00000249413.2,0.795028116,2.009672377,1.393263214,0.019012589,0.043284414,AC116049.1,2.009672377
ENSG00000106436.7,0.622077646,2.009251217,0.843687296,0.003672382,0.010376599,MYL10,2.009251217
ENSG00000259437.1,0.577825605,-2.009102078,0.895399346,0.005577908,0.014949008,AC093334.1,2.009102078
ENSG00000104147.9,38.80526978,2.009059803,0.264418433,3.07E-15,6.73E-14,OIP5,2.009059803
ENSG00000236039.3,23.14556365,2.008889673,0.464498249,2.04E-06,1.17E-05,AC019117.1,2.008889673
ENSG00000116016.14,20286.59944,-2.008723116,0.203768682,3.31E-24,1.94E-22,EPAS1,2.008723116
ENSG00000273348.1,3.475169555,-2.008697494,0.345199849,8.51E-10,8.60E-09,AC027449.1,2.008697494
ENSG00000234661.2,2.283440174,-2.008296629,0.479838049,3.87E-06,2.11E-05,CHL1-AS1,2.008296629
ENSG00000120279.6,1230.836149,-2.008018198,0.212694577,4.96E-22,2.35E-20,MYCT1,2.008018198
ENSG00000105641.4,18.98123194,2.007757607,0.471326899,2.53E-06,1.43E-05,SLC5A5,2.007757607
ENSG00000237445.2,0.508946526,-2.007236165,1.051410625,0.018858947,0.042982993,AL359771.1,2.007236165
ENSG00000246090.7,115.42679,-2.006932279,0.201199598,2.55E-24,1.52E-22,AP002026.1,2.006932279
ENSG00000254567.2,0.741737532,-2.006726803,0.884483848,0.004066326,0.011338032,UBTFL9,2.006726803
ENSG00000119973.6,1.214523374,-2.006533755,0.653824768,0.000256765,0.000963303,PRLHR,2.006533755
ENSG00000228181.1,1.651444513,-2.006292566,0.541733207,3.38E-05,0.000153476,AL590365.1,2.006292566
ENSG00000234899.11,175.2130612,-2.006220313,0.364333784,4.63E-09,4.16E-08,SOX9-AS1,2.006220313
ENSG00000276087.2,0.866815662,-2.005880101,0.716524869,0.00082771,0.002765888,AC008073.3,2.005880101
ENSG00000102313.9,388.1268497,2.005487583,0.3768217,1.32E-08,1.10E-07,ITIH6,2.005487583
ENSG00000127329.16,3089.663721,-2.004668021,0.255783485,6.16E-16,1.48E-14,PTPRB,2.004668021
ENSG00000152766.6,385.972568,2.004667417,0.322785322,7.22E-11,8.63E-10,ANKRD22,2.004667417
ENSG00000286717.1,1.850714937,-2.004644254,0.782774509,0.001220857,0.003909371,AP001407.1,2.004644254
ENSG00000187140.6,11.02873741,2.004362606,0.532337787,1.83E-05,8.73E-05,FOXD3,2.004362606
ENSG00000088992.18,260.5261078,-2.003657537,0.274971189,4.19E-14,7.88E-13,TESC,2.003657537
ENSG00000279000.3,5.927035248,-2.00327247,0.615632822,0.000134223,0.000536455,OR10A6,2.00327247
ENSG00000141582.15,2437.153049,2.003187145,0.183077214,1.20E-28,1.18E-26,CBX4,2.003187145
ENSG00000283142.1,4.51799566,-2.002809846,0.574601469,5.21E-05,0.000227458,AL049767.1,2.002809846
ENSG00000229988.2,0.639022621,-2.002424131,1.159968012,0.019936761,0.045060452,HBBP1,2.002424131
ENSG00000272549.1,7.964652232,-2.001419533,0.29305086,1.25E-12,1.94E-11,LINC02538,2.001419533
ENSG00000266573.6,16.87928104,-2.001362314,0.290265899,7.10E-29,7.15E-27,AC018697.1,2.001362314
ENSG00000164318.18,1352.283307,-2.000900873,0.200674427,2.74E-24,1.63E-22,EGFLAM,2.000900873
ENSG00000136490.9,716.5890651,2.000770822,0.284055265,1.08E-05,5.40E-05,LIMD2,2.000770822
ENSG00000286044.1,1.65546509,-2.000481114,0.509545355,9.48E-06,4.78E-05,AP001977.1,2.000481114
ENSG00000179082.3,36.77069106,1.999885326,0.323732256,8.41E-11,9.94E-10,C9orf106,1.999885326
ENSG00000135750.15,1190.140897,1.999875222,0.363274998,4.92E-09,4.39E-08,KCNK1,1.999875222
ENSG00000015413.9,68.92490752,1.999397371,0.409300932,1.28E-07,9.10E-07,DPEP1,1.999397371
ENSG00000074370.18,5075.827234,1.998833331,0.284164789,3.19E-13,5.33E-12,ATP2A3,1.998833331
ENSG00000164692.18,228700.8628,1.998603635,0.288460954,1.85E-12,2.80E-11,COL1A2,1.998603635
ENSG00000282122.1,224.6332277,-1.998363574,0.763663255,0.000805076,0.002697826,IGHV7-4-1,1.998363574
ENSG00000183196.10,100.1124953,1.998111426,0.320792256,6.35E-11,7.66E-10,CHST6,1.998111426
ENSG00000105523.3,520.4823854,1.997647102,0.448708538,1.07E-06,6.46E-06,FAM83E,1.997647102
ENSG00000258884.2,13.77392516,1.997364302,0.368930063,6.87E-09,6.01E-08,LINC02321,1.997364302
ENSG00000244998.1,3.24652253,-1.997164617,0.415633456,0.013509548,0.032246267,AC100803.2,1.997164617
ENSG00000231024.1,4.231910368,-1.996246589,0.35456233,2.76E-09,2.58E-08,AC092431.1,1.996246589
ENSG00000207128.1,0.82515812,-1.996175999,0.972682459,0.005403807,0.014533125,RNU6-729P,1.996175999
ENSG00000228536.3,82.15966693,-1.995281153,0.346183143,9.64E-10,9.65E-09,LYPLAL1-AS1,1.995281153
ENSG00000284648.1,11.86069176,1.99525035,0.57061172,5.48E-05,0.000238078,AC097493.3,1.99525035
ENSG00000211655.3,83.16145991,1.994474408,0.434576856,1.96E-05,9.33E-05,IGLV1-36,1.994474408
ENSG00000235651.1,3.188172292,1.993580053,0.424907016,3.84E-07,2.52E-06,G3BP1P1,1.993580053
ENSG00000274895.1,0.875975903,-1.993566816,0.667155503,0.000302406,0.001116094,AC011700.1,1.993566816
ENSG00000286627.1,3.448653084,-1.993107788,0.461834588,2.05E-06,1.17E-05,AP005900.1,1.993107788
ENSG00000182272.12,1146.284075,1.99306509,0.316022912,3.79E-11,4.73E-10,B4GALNT4,1.99306509
ENSG00000275468.1,5.199458463,1.992740544,0.419244599,2.40E-07,1.63E-06,AC004678.1,1.992740544
ENSG00000250853.1,2.263193296,-1.992735668,0.464075016,2.58E-06,1.45E-05,RNF138P1,1.992735668
ENSG00000109686.19,8234.880321,-1.992534579,0.205523807,2.50E-23,1.35E-21,SH3D19,1.992534579
ENSG00000188095.6,117.6663203,1.991596312,0.33949577,5.97E-10,6.17E-09,MESP2,1.991596312
ENSG00000285570.1,8.6952409,1.991316908,0.369518232,1.03E-08,8.80E-08,AL590666.4,1.991316908
ENSG00000123473.16,630.499616,1.990711745,0.190626407,2.68E-26,2.04E-24,STIL,1.990711745
ENSG00000185507.21,1783.878695,1.990691104,0.248482021,1.43E-16,3.72E-15,IRF7,1.990691104
ENSG00000197191.6,73.92775278,1.990506929,0.268171293,1.55E-14,3.08E-13,CYSRT1,1.990506929
ENSG00000286494.1,1.487187383,-1.99047084,1.373885027,0.005227891,0.014118829,AC022325.2,1.99047084
ENSG00000132561.14,6143.203552,-1.990448318,0.298813451,3.45E-12,5.02E-11,MATN2,1.990448318
ENSG00000157064.11,555.7334615,-1.990263789,0.404553921,1.03E-07,7.45E-07,NMNAT2,1.990263789
ENSG00000236452.1,5.386379897,1.990086469,0.875213707,0.001993855,0.006043252,AC123023.1,1.990086469
ENSG00000181001.3,1.275890842,-1.989990652,1.006362529,0.003338817,0.009541142,OR52N1,1.989990652
ENSG00000285373.2,18.85256474,-1.989902259,0.521728855,1.49E-05,7.23E-05,LINC02478,1.989902259
ENSG00000273160.1,7.933598365,-1.989786498,0.315961612,4.25E-11,5.28E-10,AL359962.2,1.989786498
ENSG00000179750.16,184.4104281,1.989589887,0.287054432,5.89E-13,9.53E-12,APOBEC3B,1.989589887
ENSG00000123999.5,62.76129196,1.988296451,0.382184069,2.57E-08,2.04E-07,INHA,1.988296451
ENSG00000280345.1,0.685790307,-1.98804812,0.939637353,0.006655101,0.017467694,AC092184.2,1.98804812
ENSG00000249721.1,2.296763356,-1.987887321,0.487920491,6.46E-06,3.37E-05,AC112206.3,1.987887321
ENSG00000270953.1,39.34104607,-1.987751737,0.314238258,3.16E-11,4.00E-10,AC007938.3,1.987751737
ENSG00000160180.15,6401.460191,1.987729772,0.428828298,5.17E-07,3.30E-06,TFF3,1.987729772
ENSG00000276410.4,1.108700672,1.987189563,0.804298486,0.001396704,0.004403894,H2BC3,1.987189563
ENSG00000149294.17,452.7980697,-1.986972462,0.282904092,2.65E-13,4.48E-12,NCAM1,1.986972462
ENSG00000241211.1,1.12253847,-1.986858082,0.551732225,2.71E-05,0.00012495,IQCJ-SCHIP1-AS1,1.986858082
ENSG00000049249.9,123.5629419,1.986406522,0.385372182,3.35E-08,2.62E-07,TNFRSF9,1.986406522
ENSG00000086289.12,1698.288647,-1.986387773,0.290374601,1.00E-12,1.57E-11,EPDR1,1.986387773
ENSG00000161800.13,1809.229515,1.986224686,0.145496659,3.77E-43,2.35E-40,RACGAP1,1.986224686
ENSG00000172014.12,5.42296988,-1.98603158,0.496169371,7.90E-06,4.04E-05,ANKRD20A4P,1.98603158
ENSG00000180875.5,221.7954768,-1.985410546,0.296672539,2.99E-12,4.40E-11,GREM2,1.985410546
ENSG00000125508.3,178.5589057,1.985405793,0.357845071,3.82E-09,3.48E-08,SRMS,1.985405793
ENSG00000183570.16,138.116489,-1.98525051,0.296645207,2.95E-12,4.34E-11,PCBP3,1.98525051
ENSG00000258752.2,6.443076496,1.984581566,0.542774058,0.016916474,0.039099996,AL357093.2,1.984581566
ENSG00000243089.2,0.458157411,-1.984118974,0.939346153,0.014931827,0.035114152,AC107029.1,1.984118974
ENSG00000267405.1,5.566981363,-1.983903258,0.421301173,3.95E-07,2.58E-06,AC005180.1,1.983903258
ENSG00000150907.10,2981.503707,-1.983579114,0.166977953,1.90E-33,3.34E-31,FOXO1,1.983579114
ENSG00000182263.14,458.5676008,-1.983327014,0.308401901,1.70E-11,2.22E-10,FIGN,1.983327014
ENSG00000234896.1,7.868157619,1.982928511,0.541729413,3.34E-05,0.000151522,OR7E62P,1.982928511
ENSG00000185950.9,3783.03058,-1.982229965,0.246190173,8.55E-17,2.30E-15,IRS2,1.982229965
ENSG00000254398.1,2.85699911,-1.981983924,0.386243331,4.14E-08,3.18E-07,AC055876.2,1.981983924
ENSG00000259495.3,330.177204,1.981590499,0.275768915,9.06E-14,1.62E-12,AC016705.2,1.981590499
ENSG00000135298.14,42.25102318,-1.980697001,0.333518555,3.84E-10,4.10E-09,ADGRB3,1.980697001
ENSG00000284610.1,10.12701078,1.979982545,0.303788406,9.67E-12,1.31E-10,AC107918.4,1.979982545
ENSG00000103490.14,1269.257369,1.978905522,0.255748978,1.51E-15,3.46E-14,PYCARD,1.978905522
ENSG00000196787.3,197.8234761,1.978789257,0.427786022,4.74E-07,3.05E-06,H2AC11,1.978789257
ENSG00000174326.14,85.37324072,-1.978769996,0.349622532,1.93E-09,1.85E-08,SLC16A11,1.978769996
ENSG00000173421.17,92.47392302,-1.978625809,0.234380504,4.27E-18,1.35E-16,IHO1,1.978625809
ENSG00000171136.7,0.815271069,-1.977580688,0.917730045,0.003954964,0.011065224,RLN3,1.977580688
ENSG00000283913.1,1.89441626,-1.977352448,0.439797653,1.08E-06,6.49E-06,AL512662.1,1.977352448
ENSG00000233969.2,0.73231564,-1.97728592,0.776348203,0.001703021,0.005245117,AC004946.2,1.97728592
ENSG00000164265.9,13.56399101,1.97638488,0.539562246,3.03E-05,0.000138855,SCGB3A2,1.97638488
ENSG00000246465.1,37.58089102,1.976227834,0.373710876,1.47E-08,1.21E-07,AC138904.1,1.976227834
ENSG00000242370.1,2.15250807,-1.975758624,0.780080981,0.001321305,0.004195454,KCNAB1-AS1,1.975758624
ENSG00000261645.7,3.806367037,-1.974798234,0.571667474,7.07E-05,0.00030042,DISC1FP1,1.974798234
ENSG00000259230.1,2.051345325,1.9744359,0.396275565,0.007784397,0.020001456,LINC02323,1.9744359
ENSG00000204949.9,6.02984472,1.97413181,0.515493867,0.006813004,0.017822604,FAM83A-AS1,1.97413181
ENSG00000151655.19,331.9797859,-1.974074591,0.632023543,0.00018753,0.000726022,ITIH2,1.974074591
ENSG00000262772.2,185.7675962,1.973814234,0.321157676,1.12E-10,1.31E-09,LINC01977,1.973814234
ENSG00000287813.1,1.242996995,1.973787686,0.690371102,0.000683812,0.002328412,AC016705.3,1.973787686
ENSG00000196166.5,17.61871736,1.97354647,0.500848508,9.72E-06,4.88E-05,C8orf86,1.97354647
ENSG00000165935.9,11.50849247,1.973393997,0.341103474,1.04E-09,1.03E-08,SMCO2,1.973393997
ENSG00000105289.15,2491.713928,1.973391036,0.294143361,2.91E-12,4.28E-11,TJP3,1.973391036
ENSG00000239571.1,25.52052601,-1.972451234,0.537379346,2.80E-05,0.000128927,IGKV2D-30,1.972451234
ENSG00000267573.1,8.884205214,1.971928556,0.387980109,5.43E-08,4.10E-07,KRT8P5,1.971928556
ENSG00000233942.1,2.315762171,-1.971721535,0.567280373,8.83E-05,0.000367665,AC004012.1,1.971721535
ENSG00000145808.10,72.45511461,1.971499997,0.521779676,1.87E-05,8.93E-05,ADAMTS19,1.971499997
ENSG00000283563.1,3.290659635,-1.970411565,0.374071516,2.13E-08,1.71E-07,AC098650.1,1.970411565
ENSG00000186994.11,320.0427947,-1.969498793,0.246764312,1.95E-16,5.00E-15,KANK3,1.969498793
ENSG00000279199.1,18.00414597,1.969467366,0.404676638,1.38E-07,9.74E-07,AC068669.1,1.969467366
ENSG00000177181.15,335.8843534,1.969064255,0.301451152,9.15E-12,1.25E-10,RIMKLA,1.969064255
ENSG00000250831.1,1.551457351,-1.968770938,0.749947854,0.000766933,0.002583449,AC074131.1,1.968770938
ENSG00000185022.12,2112.063574,-1.968014501,0.240196617,2.35E-17,6.78E-16,MAFF,1.968014501
ENSG00000253552.8,140.283407,-1.96701594,0.189516125,4.13E-26,3.07E-24,HOXA-AS2,1.96701594
ENSG00000175746.6,3.13452271,1.96684072,0.388416967,6.16E-08,4.59E-07,C15orf54,1.96684072
ENSG00000249695.6,10.75160131,-1.966517281,0.433304488,6.37E-07,4.00E-06,AC026369.1,1.966517281
ENSG00000249896.2,6.901252609,1.966261127,0.463574734,2.79E-06,1.56E-05,LINC02495,1.966261127
ENSG00000242770.2,0.95258163,-1.965789884,0.761704047,0.000879703,0.002920499,CD200R1L-AS1,1.965789884
ENSG00000055813.6,96.99923228,-1.964617234,0.352643061,3.35E-09,3.08E-08,CCDC85A,1.964617234
ENSG00000233823.1,20.22668301,1.963502888,0.484776318,6.22E-06,3.26E-05,AL356311.1,1.963502888
ENSG00000287342.1,8.789626987,-1.963020226,0.512046591,1.59E-05,7.67E-05,AC188616.1,1.963020226
ENSG00000182531.7,1.340960242,-1.962687709,0.72116131,0.00105805,0.00343991,OR7E115P,1.962687709
ENSG00000205364.4,263.7643976,-1.962464529,0.349307656,2.56E-09,2.40E-08,MT1M,1.962464529
ENSG00000286736.1,3.809996017,-1.962289936,0.327922273,5.08E-10,5.31E-09,AC005753.2,1.962289936
ENSG00000204839.9,545.2810881,1.961763656,0.330299354,3.86E-10,4.12E-09,MROH6,1.961763656
ENSG00000141682.12,781.9687311,1.961699403,0.309239557,3.22E-11,4.07E-10,PMAIP1,1.961699403
ENSG00000180871.8,55.84883769,-1.961655873,0.283410068,6.69E-13,1.08E-11,CXCR2,1.961655873
ENSG00000237803.6,4.749945473,-1.961244803,0.269694295,7.16E-14,1.30E-12,LINC00211,1.961244803
ENSG00000162669.16,30.39308237,-1.960163958,0.361550712,7.32E-09,6.38E-08,HFM1,1.960163958
ENSG00000081189.16,2363.356139,-1.959867315,0.174425412,1.41E-10,1.61E-09,MEF2C,1.959867315
ENSG00000228939.1,1.337755854,-1.959762057,0.551442215,4.28E-05,0.000189913,AKT3-IT1,1.959762057
ENSG00000167612.13,1.928692116,-1.959269334,0.44107624,1.38E-06,8.14E-06,ANKRD33,1.959269334
ENSG00000162383.13,137.8177834,-1.959104322,0.309903437,3.45E-11,4.33E-10,SLC1A7,1.959104322
ENSG00000064195.7,260.7273591,1.959058118,0.389958777,6.80E-08,5.05E-07,DLX3,1.959058118
ENSG00000144191.12,41.05884832,1.95897016,0.531718031,2.75E-05,0.000126624,CNGA3,1.95897016
ENSG00000260810.1,19.6600311,1.95881737,0.312810753,4.98E-11,6.11E-10,AL135818.2,1.95881737
ENSG00000105409.19,9.025303803,1.958602812,0.438644122,1.01E-06,6.12E-06,ATP1A3,1.958602812
ENSG00000230756.1,4.655479087,-1.95852075,0.392111146,8.08E-08,5.92E-07,RHOQP3,1.95852075
ENSG00000229456.1,2.325750855,-1.958319596,0.642944067,0.000138373,0.000551413,RLIMP1,1.958319596
ENSG00000257219.6,40.16304675,-1.957678932,0.292141133,2.69E-12,3.97E-11,LNCOG,1.957678932
ENSG00000266402.3,17.18801066,1.957453246,0.38063346,3.45E-08,2.69E-07,SNHG25,1.957453246
ENSG00000270547.6,471.2728346,-1.957044902,0.336241971,7.81E-10,7.96E-09,LINC01235,1.957044902
ENSG00000180066.10,10.19966541,1.956950487,0.399920935,1.34E-07,9.49E-07,LINC02870,1.956950487
ENSG00000167702.13,699.5957444,1.956941555,0.315887966,8.00E-11,9.48E-10,KIFC2,1.956941555
ENSG00000253816.3,8.455707592,1.956512672,0.466785346,3.64E-06,1.99E-05,GUSBP14,1.956512672
ENSG00000254726.3,1838.608076,1.955868527,0.331528842,5.24E-10,5.47E-09,MEX3A,1.955868527
ENSG00000227925.2,4.733496142,1.95584332,0.423039418,4.97E-07,3.18E-06,LINC01655,1.95584332
ENSG00000188580.15,35.2520526,-1.955540852,0.318825309,1.18E-10,1.36E-09,NKAIN2,1.955540852
ENSG00000181215.15,14.12781856,1.955163814,0.385196582,5.34E-08,4.04E-07,C4orf50,1.955163814
ENSG00000287089.1,2.254105195,1.955030546,0.649550891,0.000318287,0.001169653,AL138889.3,1.955030546
ENSG00000254602.2,31.91462649,-1.954956539,0.221127613,1.79E-19,6.49E-18,AP000662.1,1.954956539
ENSG00000244541.6,18.35769213,1.954720469,0.375982107,2.58E-08,2.05E-07,LINC01213,1.954720469
ENSG00000188483.8,450.5262316,1.9538091,0.193847616,9.83E-25,6.16E-23,IER5L,1.9538091
ENSG00000275385.2,505.2542323,-1.953625667,0.48924554,7.33E-06,3.78E-05,CCL18,1.953625667
ENSG00000254404.1,16.69524329,-1.953395764,0.684372831,0.000425058,0.001518826,AP003306.1,1.953395764
ENSG00000234282.1,1.07255306,-1.953150614,0.682961653,0.000648651,0.002219458,AL109809.2,1.953150614
ENSG00000146469.13,9.455282209,-1.953080456,0.364422151,1.13E-08,9.54E-08,VIP,1.953080456
ENSG00000238840.1,3.836918226,-1.953044605,0.54749743,3.39E-05,0.000153691,U8,1.953044605
ENSG00000120937.9,0.467618334,-1.952945767,0.885890023,0.009315765,0.023378083,NPPB,1.952945767
ENSG00000203635.2,67.65137172,1.952226845,0.337207087,9.80E-10,9.80E-09,AC144450.1,1.952226845
ENSG00000206590.1,0.827376557,-1.952086936,0.728707432,0.001222658,0.003914497,RNU6-132P,1.952086936
ENSG00000287969.1,1.318487796,-1.951941941,0.605266901,0.000147307,0.000583935,AL355474.1,1.951941941
ENSG00000225544.1,5.045700424,1.950871525,0.573813484,7.97E-05,0.000334902,AC245452.1,1.950871525
ENSG00000231703.2,5.000923946,-1.95086616,0.337221282,8.76E-10,8.83E-09,AL354993.1,1.95086616
ENSG00000277138.1,0.49978586,-1.950642763,0.93347151,0.01382773,0.032899796,MIR6509,1.950642763
ENSG00000276923.1,2.418766969,1.950529845,0.716606052,0.000770434,0.002592353,AL139351.1,1.950529845
ENSG00000156076.10,615.2082687,-1.95050448,0.56996075,8.43E-25,5.33E-23,WIF1,1.95050448
ENSG00000280164.1,0.895996931,-1.950379401,0.634091414,0.000305241,0.001125288,CU638689.5,1.950379401
ENSG00000170178.7,1.879313611,1.950282394,0.946298981,0.00371554,0.010483464,HOXD12,1.950282394
ENSG00000254582.1,1.099260487,-1.950216527,0.774690178,0.001905263,0.005804292,PSMA2P1,1.950216527
ENSG00000148942.15,19.98934577,1.949940694,0.636124981,0.000235915,0.000891211,SLC5A12,1.949940694
ENSG00000232742.3,22.43339998,-1.949705929,0.317153867,1.14E-10,1.32E-09,RHOQP2,1.949705929
ENSG00000241475.1,6.080393036,1.949684953,0.678535125,0.000459138,0.001627279,AL160408.4,1.949684953
ENSG00000109062.12,13308.54127,1.949621042,0.247240219,6.26E-16,1.50E-14,SLC9A3R1,1.949621042
ENSG00000244116.3,31.63717485,-1.949612393,0.598432594,0.000120339,0.000485856,IGKV2-28,1.949612393
ENSG00000241479.1,2.59747265,-1.949097071,0.395747462,9.75E-08,7.07E-07,MECOM-AS1,1.949097071
ENSG00000219700.1,1.274250961,-1.948688438,0.75945405,0.001591342,0.004939497,PTCHD3P3,1.948688438
ENSG00000232973.13,60.73633058,-1.948175825,0.16840592,9.01E-32,1.26E-29,CYP1B1-AS1,1.948175825
ENSG00000234111.6,8.080872901,1.948019843,0.691843245,0.000528371,0.001845025,LINC02433,1.948019843
ENSG00000267503.1,8.852619734,1.947926195,0.364071629,1.15E-08,9.68E-08,AP005131.3,1.947926195
ENSG00000227036.8,144.287643,1.947710571,0.313284723,7.28E-11,8.70E-10,LINC00511,1.947710571
ENSG00000234456.8,1633.960803,-1.947563436,0.194172084,1.28E-24,7.94E-23,MAGI2-AS3,1.947563436
ENSG00000132514.14,371.2812934,-1.9469979,0.36566,1.31E-08,1.10E-07,CLEC10A,1.9469979
ENSG00000258863.1,0.527123144,1.94696255,0.904410176,0.007212542,0.018715733,SETP1,1.94696255
ENSG00000233996.1,7.482038578,1.946832912,0.633263346,0.000203828,0.000780596,KDM3AP1,1.946832912
ENSG00000171658.8,12.17099639,-1.946709956,0.428094038,6.49E-07,4.07E-06,NMRAL2P,1.946709956
ENSG00000245025.3,158.1248259,-1.946605737,0.169021048,1.38E-31,1.91E-29,AC107959.1,1.946605737
ENSG00000204161.14,783.1695546,-1.946571388,0.201245602,4.40E-23,2.30E-21,TMEM273,1.946571388
ENSG00000164109.14,823.514012,1.946541485,0.17955362,3.33E-28,3.13E-26,MAD2L1,1.946541485
ENSG00000114346.14,2203.55009,1.946190072,0.172961042,3.18E-30,3.78E-28,ECT2,1.946190072
ENSG00000147852.16,2290.172588,-1.945606721,0.311789782,5.96E-11,7.22E-10,VLDLR,1.945606721
ENSG00000223492.1,0.629306684,-1.945594915,0.880543006,0.00582509,0.01552567,AL391097.1,1.945594915
ENSG00000104490.18,3091.986489,-1.945529205,0.247837344,5.80E-16,1.40E-14,NCALD,1.945529205
ENSG00000038427.16,19279.93196,1.945400742,0.304428063,2.88E-11,3.66E-10,VCAN,1.945400742
ENSG00000255042.3,1.63363639,-1.945201116,0.820078825,0.001929379,0.005870931,AC109635.2,1.945201116
ENSG00000164893.9,20.72898694,1.944986341,0.422057808,5.74E-07,3.64E-06,SLC7A13,1.944986341
ENSG00000101255.11,1932.739987,1.94484906,0.199964451,3.73E-23,1.98E-21,TRIB3,1.94484906
ENSG00000282142.2,3.164788884,-1.944800813,0.53116072,2.99E-05,0.000137062,AC245187.2,1.944800813
ENSG00000198483.13,318.7198534,-1.944521181,0.224064765,5.70E-19,1.98E-17,ANKRD35,1.944521181
ENSG00000182132.14,36.49508961,-1.944087911,0.29373436,5.05E-12,7.13E-11,KCNIP1,1.944087911
ENSG00000287109.1,9.198880119,-1.943777778,0.301192316,1.24E-11,1.66E-10,AP000224.1,1.943777778
ENSG00000141570.11,579.7165748,1.943610301,0.195409141,4.21E-24,2.44E-22,CBX8,1.943610301
ENSG00000180638.19,37.31524069,-1.942976274,0.315415051,8.80E-11,1.04E-09,SLC47A2,1.942976274
ENSG00000288083.1,0.698026716,1.942442905,0.885503514,0.005475409,0.0147044,AL121888.2,1.942442905
ENSG00000211821.2,5.649469958,1.942367278,0.557062768,5.94E-05,0.000256471,TRDV2,1.942367278
ENSG00000242078.1,5.97613239,1.941868403,0.372491998,3.04E-08,2.39E-07,AC084864.1,1.941868403
ENSG00000162949.16,1530.876581,1.941831107,0.37086474,2.31E-08,1.85E-07,CAPN13,1.941831107
ENSG00000135824.12,14.17471805,1.941669384,0.344772863,2.38E-09,2.25E-08,RGS8,1.941669384
ENSG00000262855.1,1.642410309,-1.941508794,0.878226244,0.003045229,0.008805945,AC012146.3,1.941508794
ENSG00000173269.14,4427.015294,-1.941416667,0.190740682,3.41E-25,2.25E-23,MMRN2,1.941416667
ENSG00000285906.2,95.76769894,1.941245209,0.266239509,4.37E-14,8.20E-13,AC083855.2,1.941245209
ENSG00000287191.1,1.673582779,1.94067497,0.475483569,0.01761988,0.040530471,AC055807.1,1.94067497
ENSG00000258162.4,4.950023815,1.940268366,0.912993551,0.002878789,0.00837396,AC069228.1,1.940268366
ENSG00000235128.1,2.761188415,-1.939499708,0.438781274,1.36E-06,8.01E-06,AC013474.1,1.939499708
ENSG00000277954.1,95.21555841,-1.939308392,0.196584868,9.32E-24,5.21E-22,AC092376.2,1.939308392
ENSG00000212391.1,0.941046747,-1.938919157,0.632754127,0.000208928,0.000798553,AC073149.1,1.938919157
ENSG00000260777.1,2.471915966,1.93875927,0.527195476,3.30E-05,0.000150097,AC061975.1,1.93875927
ENSG00000136732.16,2472.319731,-1.938582983,0.199352897,3.39E-23,1.81E-21,GYPC,1.938582983
ENSG00000202502.1,0.876660778,-1.938395071,0.68100064,0.000531291,0.001854561,RNA5SP151,1.938395071
ENSG00000117525.14,2828.422128,-1.938354345,0.233847085,1.26E-17,3.76E-16,F3,1.938354345
ENSG00000164303.11,76.18643831,-1.938004706,0.31743796,1.45E-10,1.66E-09,ENPP6,1.938004706
ENSG00000230601.7,2.367165867,1.937640323,0.525194545,3.51E-05,0.000158363,TEX48,1.937640323
ENSG00000277301.1,8.084394009,1.936718126,0.37406945,3.43E-08,2.67E-07,AL034550.2,1.936718126
ENSG00000230524.8,3.644939034,1.936378806,0.610351031,0.000182181,0.000707054,COL6A4P1,1.936378806
ENSG00000224746.2,29.10776067,1.93633751,0.316856627,1.50E-10,1.71E-09,AC015987.1,1.93633751
ENSG00000196329.11,80.72752144,-1.936272816,0.288654706,2.47E-12,3.68E-11,GIMAP5,1.936272816
ENSG00000168743.13,6686.392045,1.935662836,0.245962939,6.36E-16,1.53E-14,NPNT,1.935662836
ENSG00000250919.1,0.956688822,-1.935415039,0.673363615,0.000435084,0.001550279,UGT2B26P,1.935415039
ENSG00000117152.14,486.9242147,1.934821144,0.264449385,3.86E-14,7.29E-13,RGS4,1.934821144
ENSG00000113578.18,2003.226999,-1.934732504,0.214629517,2.83E-20,1.13E-18,FGF1,1.934732504
ENSG00000239281.2,0.874562714,-1.933889656,0.941725245,0.00796113,0.020383564,RPS29P2,1.933889656
ENSG00000183722.9,4956.738254,-1.93386242,0.172417236,3.41E-30,4.02E-28,LHFPL6,1.93386242
ENSG00000169933.16,14.28565016,-1.933761317,0.454286343,2.53E-06,1.43E-05,FRMPD4,1.933761317
ENSG00000182916.8,264.7085476,-1.933714012,0.222024575,4.30E-19,1.50E-17,TCEAL7,1.933714012
ENSG00000286864.1,16.31789565,-1.933157597,0.258522694,7.57E-15,1.58E-13,AC012076.1,1.933157597
ENSG00000253875.2,12.80034964,-1.932557672,0.371402115,1.95E-08,1.58E-07,AC013643.2,1.932557672
ENSG00000188368.10,100.5457249,1.931417105,0.174843487,3.05E-29,3.17E-27,PRR19,1.931417105
ENSG00000183010.17,2083.416568,1.931325357,0.234591678,2.63E-17,7.53E-16,PYCR1,1.931325357
ENSG00000105976.16,2902.294778,-1.931279043,0.274414484,2.02E-13,3.47E-12,MET,1.931279043
ENSG00000146966.13,718.2293529,-1.93102361,0.257708619,9.58E-15,1.96E-13,DENND2A,1.93102361
ENSG00000101445.10,1319.42399,-1.930582466,0.262781564,2.86E-14,5.50E-13,PPP1R16B,1.930582466
ENSG00000164049.14,16.2793496,1.929553263,0.341286755,2.34E-09,2.21E-08,FBXW12,1.929553263
ENSG00000178919.9,10.49232546,-1.929414244,0.465374731,4.62E-06,2.48E-05,FOXE1,1.929414244
ENSG00000223930.7,6.856148681,-1.928943556,0.405053016,2.57E-07,1.73E-06,AC117453.1,1.928943556
ENSG00000162063.13,1115.003452,1.928551905,0.186709281,8.57E-26,6.16E-24,CCNF,1.928551905
ENSG00000177807.10,42.12511354,1.92854149,0.347593036,4.10E-09,3.72E-08,KCNJ10,1.92854149
ENSG00000134200.4,2.43583654,-1.928533518,0.424489548,9.48E-07,5.76E-06,TSHB,1.928533518
ENSG00000108344.15,13415.84402,1.928117424,0.297258863,1.14E-11,1.54E-10,PSMD3,1.928117424
ENSG00000287870.1,5.05157369,-1.927880976,0.463242663,4.57E-06,2.46E-05,AC093433.2,1.927880976
ENSG00000160949.17,744.2262481,1.927583303,0.212136627,1.57E-20,6.46E-19,TONSL,1.927583303
ENSG00000237125.11,169.3635759,-1.927479227,0.205337697,8.86E-22,4.14E-20,HAND2-AS1,1.927479227
ENSG00000204572.10,10.96149286,1.927222916,0.323352806,0.000577224,0.001998913,KRTAP5-10,1.927222916
ENSG00000286519.1,18.48407362,1.926700179,0.386265129,7.84E-08,5.77E-07,AC009236.1,1.926700179
ENSG00000260838.3,9.285937693,-1.926588518,0.456098492,2.97E-06,1.65E-05,AC022893.2,1.926588518
ENSG00000242602.1,0.649659394,-1.925840116,0.682863751,0.000700484,0.002381669,RPL35AP13,1.925840116
ENSG00000241003.1,2.322120636,1.925728615,0.562188175,6.88E-05,0.000292977,AC108860.1,1.925728615
ENSG00000225950.8,65.04195309,-1.925654649,0.500631495,1.47E-05,7.16E-05,NTF4,1.925654649
ENSG00000266446.1,0.81830949,1.925608208,0.761819341,0.00166255,0.005135771,AL449423.1,1.925608208
ENSG00000115009.13,38.36365594,1.925323821,0.445640654,2.04E-06,1.16E-05,CCL20,1.925323821
ENSG00000136457.10,1126.10077,1.924831017,0.438017189,1.56E-06,9.08E-06,CHAD,1.924831017
ENSG00000205420.11,288.8485977,-1.924738292,0.598174828,0.000144584,0.000574185,KRT6A,1.924738292
ENSG00000259341.2,10.71505927,1.92450567,0.312953218,0.006763013,0.017705978,AC015660.1,1.92450567
ENSG00000179841.8,508.5183914,1.923979214,0.287054781,3.22E-12,4.71E-11,AKAP5,1.923979214
ENSG00000170688.4,2.095521652,-1.923866958,0.689651096,0.000654588,0.002237629,OR5E1P,1.923866958
ENSG00000277214.1,2.748582261,-1.923250165,0.464628701,3.96E-06,2.15E-05,AC009159.2,1.923250165
ENSG00000283907.1,18.48885366,-1.922650513,0.450563061,0.003273715,0.009377615,AD000090.1,1.922650513
ENSG00000184678.10,3473.018969,1.922008971,0.295670984,1.22E-11,1.64E-10,H2BC21,1.922008971
ENSG00000227773.1,0.962245402,1.921941527,0.619565498,0.00021552,0.000820793,ASH1L-IT1,1.921941527
ENSG00000186367.7,1.017517828,1.921819255,0.836582592,0.002783189,0.008125358,MINAR2,1.921819255
ENSG00000258479.6,30.98206651,-1.921449982,0.385383032,6.16E-08,4.60E-07,LINC00640,1.921449982
ENSG00000274238.1,2.510538887,-1.921016974,0.519073264,1.88E-05,8.95E-05,AC097478.1,1.921016974
ENSG00000171115.4,1615.78217,-1.920903028,0.172310628,8.16E-30,9.23E-28,GIMAP8,1.920903028
ENSG00000150676.13,6.210603082,1.920881372,0.451987327,2.88E-06,1.61E-05,CCDC83,1.920881372
ENSG00000258285.1,1.245864444,-1.91995228,0.528950476,2.89E-05,0.000132963,TESC-AS1,1.91995228
ENSG00000229116.3,18.90431958,-1.919737226,0.26979002,1.48E-13,2.58E-12,AL137026.1,1.919737226
ENSG00000121904.17,128.0494751,1.919689835,0.288288933,3.80E-12,5.50E-11,CSMD2,1.919689835
ENSG00000284753.2,191.4668825,1.919655532,0.21058252,1.20E-20,5.00E-19,EEF1AKMT4,1.919655532
ENSG00000262920.5,6.667703917,1.919654064,0.607034164,0.000176671,0.000687365,AC129507.4,1.919654064
ENSG00000145063.15,23.57283359,1.919254796,0.375496845,4.53E-08,3.46E-07,AC062028.1,1.919254796
ENSG00000259759.1,1.815936729,-1.918336689,0.762814607,0.001409774,0.004438685,AC007907.1,1.918336689
ENSG00000114378.17,317.3314045,-1.91759771,0.246109681,9.42E-16,2.20E-14,HYAL1,1.91759771
ENSG00000166265.13,2357.886692,-1.917399384,0.182489447,1.16E-26,9.12E-25,CYYR1,1.917399384
ENSG00000176855.11,7.32155916,1.917101621,0.311011441,1.14E-10,1.33E-09,KRT18P28,1.917101621
ENSG00000184260.6,26.10730333,1.916773063,0.287382658,3.55E-12,5.16E-11,H2AC20,1.916773063
ENSG00000283288.1,5.955624583,1.915909785,0.47483657,7.17E-06,3.71E-05,SMIM33,1.915909785
ENSG00000187017.17,913.6798503,1.915799388,0.326771335,6.69E-10,6.87E-09,ESPN,1.915799388
ENSG00000285572.2,9.5449791,-1.915510833,0.247104167,1.61E-15,3.67E-14,AL136441.1,1.915510833
ENSG00000196366.3,27.72692548,1.914781803,0.262543735,4.44E-14,8.32E-13,C9orf163,1.914781803
ENSG00000197272.2,8.696033473,1.914467089,0.309599043,9.88E-11,1.16E-09,IL27,1.914467089
ENSG00000080572.13,2.724124797,1.914405813,0.749358278,0.000944176,0.003109576,DNAAF6,1.914405813
ENSG00000182901.17,8.16668688,1.914247275,0.482313713,9.55E-06,4.81E-05,RGS7,1.914247275
ENSG00000137872.17,1003.950606,-1.913429636,0.27186847,2.37E-13,4.05E-12,SEMA6D,1.913429636
ENSG00000265158.1,68.2257701,-1.913252945,0.323696413,4.51E-10,4.76E-09,LRRC37A7P,1.913252945
ENSG00000284485.1,12.95777497,-1.913251453,0.584371604,0.000130596,0.000523397,MIR205,1.913251453
ENSG00000248124.8,200.7043966,-1.912762168,0.210850021,1.60E-20,6.55E-19,RRN3P1,1.912762168
ENSG00000260971.4,5.661523312,-1.912140091,0.306564403,3.65E-05,0.000164379,AC119674.1,1.912140091
ENSG00000113389.16,2720.765657,-1.911536577,0.448989581,2.62E-06,1.47E-05,NPR3,1.911536577
ENSG00000285569.2,9.429034528,-1.91117928,0.251557883,4.90E-15,1.05E-13,AC099344.3,1.91117928
ENSG00000130368.7,3.413186681,-1.91111305,0.44861038,2.30E-06,1.31E-05,MAS1,1.91111305
ENSG00000278588.2,0.832574109,1.911028796,0.784619889,0.002527913,0.007467547,H2BC10,1.911028796
ENSG00000277610.1,1.426448223,-1.910849807,0.613633097,0.000176915,0.000688113,RNVU1-4,1.910849807
ENSG00000244476.3,21.02123594,-1.910592888,0.352000971,8.08E-09,6.98E-08,ERVFRD-1,1.910592888
ENSG00000182687.4,3.311148656,1.910550421,0.478415821,7.61E-06,3.91E-05,GALR2,1.910550421
ENSG00000138678.11,436.6042329,-1.910542076,0.289759225,5.75E-12,8.06E-11,GPAT3,1.910542076
ENSG00000285771.1,3.13620012,1.910537495,0.51098654,2.20E-05,0.00010376,AL139095.5,1.910537495
ENSG00000287142.1,1.726906486,-1.910411438,0.570129021,9.05E-05,0.000375788,AL355053.1,1.910411438
ENSG00000285122.1,1.991804832,-1.91036032,0.39904302,3.12E-07,2.07E-06,PIGY-DT,1.91036032
ENSG00000170054.16,39.24308545,1.909562687,0.597206052,0.000161883,0.000634672,SERPINA9,1.909562687
ENSG00000233429.9,55.90844844,-1.90927961,0.288783949,5.13E-12,7.23E-11,HOTAIRM1,1.90927961
ENSG00000270823.1,4.503456941,-1.909176958,0.489247181,1.25E-05,6.15E-05,AC007938.2,1.909176958
ENSG00000217379.2,2.095400872,-1.909132878,0.399073495,2.93E-07,1.95E-06,AL589647.1,1.909132878
ENSG00000287338.1,88.56855925,1.908994202,0.415421468,5.81E-07,3.67E-06,AL929091.1,1.908994202
ENSG00000231861.2,2.536768064,-1.908820153,0.43795973,1.37E-06,8.07E-06,OR5K2,1.908820153
ENSG00000276578.1,2.9372805,-1.908256427,0.43872622,1.99E-06,1.14E-05,AC004696.1,1.908256427
ENSG00000283265.1,4.187618077,1.908218814,0.419917702,7.91E-07,4.86E-06,AL356234.3,1.908218814
ENSG00000257022.1,0.833417102,-1.907960033,0.779672939,0.002834324,0.008256234,AC008250.1,1.907960033
ENSG00000254973.2,52.64175341,1.907559068,0.277132589,8.90E-13,1.41E-11,AC105219.3,1.907559068
ENSG00000244332.1,0.743514617,1.907312506,0.825793631,0.004571682,0.012556385,AL138759.1,1.907312506
ENSG00000234261.4,37.38251521,1.907101251,0.310616245,1.25E-10,1.44E-09,AL138720.1,1.907101251
ENSG00000187950.8,8.75588103,-1.907071096,0.341898781,3.06E-09,2.83E-08,OVCH1,1.907071096
ENSG00000287922.1,0.796022673,-1.90670053,0.752497807,0.001315946,0.004180801,AC021979.3,1.90670053
ENSG00000115306.16,38993.55129,-1.906672204,0.219995475,6.42E-19,2.22E-17,SPTBN1,1.906672204
ENSG00000287401.1,75.98039292,-1.906584676,0.316674247,2.48E-10,2.72E-09,AC034139.1,1.906584676
ENSG00000234929.2,16.92180557,-1.906217562,0.655637239,0.000396971,0.001425988,AC018685.2,1.906217562
ENSG00000240661.3,10.34845926,-1.905489978,0.362214615,1.61E-08,1.32E-07,AC063952.1,1.905489978
ENSG00000091986.16,28014.23132,-1.905476193,0.278915012,2.69E-12,3.98E-11,CCDC80,1.905476193
ENSG00000270077.1,3.081788783,-1.905466781,0.371818116,5.50E-08,4.14E-07,AP003117.1,1.905466781
ENSG00000160188.10,309.1911033,1.905385122,0.306714724,7.45E-11,8.88E-10,RSPH1,1.905385122
ENSG00000139737.22,235.3272637,-1.904738422,0.28333391,2.58E-12,3.83E-11,SLAIN1,1.904738422
ENSG00000212206.1,5.69312827,-1.90452725,0.372869782,3.90E-08,3.01E-07,AC135178.1,1.90452725
ENSG00000255920.3,24.42545606,-1.903680457,0.23059612,2.16E-17,6.26E-16,CCND2-AS1,1.903680457
ENSG00000107738.20,3121.267888,-1.903445793,0.146276382,1.98E-39,7.33E-37,VSIR,1.903445793
ENSG00000158014.15,125.6279804,1.903402338,0.508108682,2.25E-05,0.00010608,SLC30A2,1.903402338
ENSG00000276831.1,2.743637533,1.90293737,0.594748632,0.000150681,0.000595628,AC020922.4,1.90293737
ENSG00000233845.1,2.28096361,-1.90258683,0.396098342,2.56E-07,1.73E-06,AC093732.1,1.90258683
ENSG00000272482.1,35.8980193,-1.902566713,0.318658266,3.41E-10,3.67E-09,AC254633.1,1.902566713
ENSG00000269944.1,0.869705821,-1.902463847,0.605290171,0.000212081,0.000809579,AP001267.4,1.902463847
ENSG00000160318.6,33.83159359,-1.902289762,0.259438802,2.27E-14,4.42E-13,CLDND2,1.902289762
ENSG00000188322.8,1584.139018,1.902245768,0.307530324,9.11E-11,1.07E-09,SBK1,1.902245768
ENSG00000251574.8,1.36743289,1.901487518,0.758625299,0.001688585,0.005204736,AC099520.1,1.901487518
ENSG00000251443.2,1.553491785,-1.90136397,0.6184108,0.000217993,0.000829488,LINC02160,1.90136397
ENSG00000140263.15,2386.481714,1.901097837,0.286312771,4.90E-12,6.94E-11,SORD,1.901097837
ENSG00000171056.8,554.7697953,-1.900959674,0.219624321,7.18E-19,2.47E-17,SOX7,1.900959674
ENSG00000198723.11,27.8865492,1.900876406,0.255427386,1.59E-14,3.17E-13,TEX45,1.900876406
ENSG00000215160.3,7.208954792,1.900679015,0.465736731,5.37E-06,2.85E-05,OR7E122P,1.900679015
ENSG00000179873.14,2.451107684,-1.900456284,0.556024865,9.44E-05,0.00039078,NLRP11,1.900456284
ENSG00000162407.9,5780.353711,-1.900412589,0.153377457,4.24E-36,1.07E-33,PLPP3,1.900412589
ENSG00000259351.1,9.740720492,-1.900256869,0.271471575,5.01E-13,8.20E-12,AC015914.1,1.900256869
ENSG00000261390.6,26.35816013,-1.900108399,0.295394959,1.68E-11,2.20E-10,MAFTRR,1.900108399
ENSG00000232814.2,6.39089875,-1.899970754,0.363336617,2.24E-08,1.79E-07,COL4A2-AS1,1.899970754
ENSG00000254141.1,0.961267202,-1.899833466,0.726088062,0.001367213,0.004321661,AC103853.2,1.899833466
ENSG00000268926.3,3.804985179,-1.899056814,0.436321695,2.33E-06,1.32E-05,AL354861.3,1.899056814
ENSG00000274340.1,22.07023882,-1.89848424,0.329729267,1.19E-09,1.18E-08,AC032011.1,1.89848424
ENSG00000213211.2,0.701717711,1.897780999,0.818768215,0.002876615,0.008368258,KRT18P64,1.897780999
ENSG00000259342.1,47.67969044,-1.897513155,0.407485102,4.36E-07,2.82E-06,AC025580.1,1.897513155
ENSG00000170477.13,100.5392696,-1.897418587,0.884810218,0.002745557,0.008030412,KRT4,1.897418587
ENSG00000287276.1,4.609647296,-1.897352027,0.403058758,4.32E-07,2.80E-06,BX664718.2,1.897352027
ENSG00000164741.15,5638.355017,-1.897208142,0.23622856,1.06E-16,2.82E-15,DLC1,1.897208142
ENSG00000119946.11,90.69036861,-1.89715063,0.328063395,9.53E-10,9.54E-09,CNNM1,1.89715063
ENSG00000270409.1,3.935782536,-1.896843881,0.361752534,2.50E-08,1.99E-07,AC090950.1,1.896843881
ENSG00000153060.8,33.03567661,1.89657112,0.370845754,4.43E-08,3.39E-07,TEKT5,1.89657112
ENSG00000261247.1,2.220394861,-1.896468323,0.494372321,1.60E-05,7.74E-05,GOLGA8T,1.896468323
ENSG00000114698.15,2821.714086,-1.896314567,0.187882924,8.78E-25,5.53E-23,PLSCR4,1.896314567
ENSG00000163507.14,461.6545999,1.8958838,0.210874624,3.99E-20,1.56E-18,CIP2A,1.8958838
ENSG00000285417.1,13.54928699,1.895579962,0.435196702,0.000159454,0.000626335,BX571818.1,1.895579962
ENSG00000120162.10,1174.759989,-1.895098141,0.178411681,3.64E-27,3.05E-25,MOB3B,1.895098141
ENSG00000272435.1,0.61483345,-1.894995241,0.819213233,0.004180745,0.011624064,RNA5SP357,1.894995241
ENSG00000186910.4,618.2008094,1.894925866,0.542432781,6.05E-05,0.000260695,SERPINA11,1.894925866
ENSG00000173917.10,1614.016893,1.894746071,0.335208599,2.37E-09,2.23E-08,HOXB2,1.894746071
ENSG00000258910.3,52.71678065,1.894656568,0.616851528,0.000245377,0.00092402,LINC01956,1.894656568
ENSG00000171345.13,63448.10666,1.894154101,0.345088426,7.19E-09,6.27E-08,KRT19,1.894154101
ENSG00000173530.6,405.6699475,-1.89393195,0.232780396,5.99E-17,1.63E-15,TNFRSF10D,1.89393195
ENSG00000228626.1,3.858494102,1.893671685,0.662687787,0.000517122,0.001810733,AC245100.3,1.893671685
ENSG00000122729.19,6623.87144,-1.89351931,0.25794977,2.15E-14,4.22E-13,ACO1,1.89351931
ENSG00000255565.1,0.645484447,-1.893516251,0.90467913,0.00762163,0.019632157,AC073651.1,1.893516251
ENSG00000224607.4,14.29242008,-1.89335084,0.549327236,6.85E-05,0.000291721,IGKV1D-27,1.89335084
ENSG00000229782.1,2.279862916,-1.893281644,0.387716505,1.71E-07,1.19E-06,AC118754.1,1.893281644
ENSG00000174950.11,95.46102385,-1.892516819,0.3827276,1.02E-07,7.38E-07,CD164L2,1.892516819
ENSG00000186049.8,2.356786148,1.892499428,0.948393144,0.004104648,0.011435145,KRT73,1.892499428
ENSG00000232655.1,1.030312484,-1.8924609,0.66695608,0.000738089,0.002497424,LINC01656,1.8924609
ENSG00000249743.6,2.215951389,-1.892177405,0.475231683,1.04E-05,5.21E-05,AC116345.1,1.892177405
ENSG00000266988.6,2.729988018,-1.891879407,0.513451837,3.69E-05,0.000165657,AC021517.1,1.891879407
ENSG00000100078.4,52.20178941,1.891584557,0.627573253,0.000294115,0.001088563,PLA2G3,1.891584557
ENSG00000164236.12,499.6819562,-1.891142939,0.237534778,2.50E-16,6.32E-15,ANKRD33B,1.891142939
ENSG00000139055.7,961.8061546,1.891048006,0.328363804,1.27E-09,1.25E-08,ERP27,1.891048006
ENSG00000119333.11,4142.205911,1.890804313,0.213872451,1.66E-19,6.04E-18,DYNC2I2,1.890804313
ENSG00000146839.19,9.266395408,1.890173886,0.500507695,2.20E-05,0.000103783,ZAN,1.890173886
ENSG00000223650.1,1.318521857,-1.890000655,0.550816608,9.39E-05,0.000388761,UHRF2P1,1.890000655
ENSG00000224791.1,1.945039382,1.889694325,0.477034906,1.15E-05,5.71E-05,KRT18P39,1.889694325
ENSG00000187955.12,11235.7508,-1.889510662,0.257377267,1.78E-14,3.51E-13,COL14A1,1.889510662
ENSG00000258183.6,1.361045912,1.889377269,0.863554488,0.003573156,0.010136327,LINC02392,1.889377269
ENSG00000167992.13,111.290442,-1.889340082,0.250779699,6.34E-15,1.33E-13,VWCE,1.889340082
ENSG00000184384.14,3105.214897,-1.889033576,0.236553024,2.06E-16,5.25E-15,MAML2,1.889033576
ENSG00000101194.18,426.6449316,1.888865137,0.356212923,1.62E-08,1.33E-07,SLC17A9,1.888865137
ENSG00000227617.9,4.24969219,1.888172932,0.348944502,1.10E-08,9.30E-08,CERS6-AS1,1.888172932
ENSG00000174944.9,237.0162029,-1.888086994,0.257933171,3.53E-14,6.72E-13,P2RY14,1.888086994
ENSG00000260710.1,47.95301496,1.88786211,0.435639244,1.98E-06,1.13E-05,AC120498.4,1.88786211
ENSG00000254863.2,2.273152096,-1.887710949,0.72811572,0.001120878,0.00362587,LINC02744,1.887710949
ENSG00000243550.3,3.608415928,1.887613897,0.602855835,0.000208795,0.00079812,LINC01214,1.887613897
ENSG00000174885.13,43.93969779,1.886909109,0.415027596,7.57E-07,4.68E-06,NLRP6,1.886909109
ENSG00000162779.22,16.5750507,1.88684664,0.449306676,3.57E-06,1.96E-05,AXDND1,1.88684664
ENSG00000164045.12,282.1151947,1.886270046,0.23474557,1.48E-16,3.85E-15,CDC25A,1.886270046
ENSG00000169862.19,863.394455,1.885755388,0.365600661,3.76E-08,2.91E-07,CTNND2,1.885755388
ENSG00000105784.15,197.776892,-1.885667502,0.218572594,9.50E-19,3.22E-17,RUNDC3B,1.885667502
ENSG00000163060.8,6.793833377,1.885563266,0.489763191,0.008200937,0.020924595,TEKT4,1.885563266
ENSG00000231999.7,130.45093,-1.885286786,0.167532561,3.62E-30,4.25E-28,LRRC8C-DT,1.885286786
ENSG00000105926.16,593.4876306,-1.885280955,0.224153235,6.17E-18,1.91E-16,MPP6,1.885280955
ENSG00000009694.13,143.0693798,-1.884894866,0.394528318,2.27E-07,1.54E-06,TENM1,1.884894866
ENSG00000064692.20,285.289003,-1.884694433,0.180700467,2.67E-26,2.03E-24,SNCAIP,1.884694433
ENSG00000122966.17,786.8421483,1.884374308,0.185060302,3.57E-25,2.35E-23,CIT,1.884374308
ENSG00000185031.6,8.632510477,-1.883981582,0.356586667,2.07E-08,1.67E-07,SLC2A3P2,1.883981582
ENSG00000258661.1,8.191410108,1.883918315,0.589520377,0.00017344,0.0006758,AL079303.1,1.883918315
ENSG00000183747.12,4.688696681,-1.883281464,0.469428368,9.63E-06,4.84E-05,ACSM2A,1.883281464
ENSG00000243384.1,6.538693719,-1.883197919,0.359080223,3.50E-17,9.87E-16,AC119424.1,1.883197919
ENSG00000274019.1,0.783736049,1.883160108,0.752084509,0.002099859,0.006334729,AC239804.2,1.883160108
ENSG00000152932.8,224.8743205,-1.882418114,0.430277357,1.60E-06,9.31E-06,RAB3C,1.882418114
ENSG00000270804.1,117.3242332,1.882374991,0.307910145,1.42E-10,1.63E-09,AC010326.4,1.882374991
ENSG00000240452.1,0.954288856,1.882244516,0.631640264,0.000366768,0.001329897,MTCO1P29,1.882244516
ENSG00000232031.1,0.766342496,-1.882161659,0.696615903,0.000853063,0.002840219,AL078599.2,1.882161659
ENSG00000211623.2,1.012352794,-1.882137881,0.927976781,0.004072276,0.011353818,IGKV2D-26,1.882137881
ENSG00000128271.22,13.72242021,1.882107693,0.469317145,7.88E-06,4.03E-05,ADORA2A,1.882107693
ENSG00000106819.13,5061.867813,1.881677566,0.375958398,8.01E-08,5.88E-07,ASPN,1.881677566
ENSG00000229484.1,3.911864235,-1.881525371,0.478477562,1.10E-05,5.46E-05,LINC02766,1.881525371
ENSG00000233017.3,6.613137016,1.881049376,0.3976579,3.58E-07,2.35E-06,AL121832.1,1.881049376
ENSG00000166268.11,45.49171894,1.880708803,0.359276783,2.34E-08,1.87E-07,MYRFL,1.880708803
ENSG00000265096.2,6.42066085,-1.880021837,0.363219144,3.74E-08,2.90E-07,C1QTNF1-AS1,1.880021837
ENSG00000151224.13,130.5249333,1.880012334,0.503085698,2.40E-05,0.000112319,MAT1A,1.880012334
ENSG00000287217.1,0.599959073,-1.879271836,1.02086443,0.013864236,0.032974672,AL355538.1,1.879271836
ENSG00000280444.1,1.541393025,-1.879156833,1.054963836,0.0085831,0.021774523,AC073592.10,1.879156833
ENSG00000102384.13,194.905471,1.878990744,0.175188889,1.14E-27,1.02E-25,CENPI,1.878990744
ENSG00000112175.8,123.7671936,-1.878719427,0.340853218,9.99E-34,1.80E-31,BMP5,1.878719427
ENSG00000167880.8,2280.707212,1.878553439,0.295703315,3.32E-11,4.18E-10,EVPL,1.878553439
ENSG00000107736.21,775.0186798,-1.878459302,0.23021422,4.99E-17,1.38E-15,CDH23,1.878459302
ENSG00000275248.1,0.808016073,-1.878290741,0.719616231,0.000890547,0.002950515,AL355810.1,1.878290741
ENSG00000157601.14,7939.893962,1.8781398,0.361529552,3.34E-08,2.61E-07,MX1,1.8781398
ENSG00000156463.18,543.0004391,-1.87809066,0.324861391,1.06E-09,1.05E-08,SH3RF2,1.87809066
ENSG00000196976.7,1028.376034,1.878037762,0.189534035,6.20E-24,3.51E-22,LAGE3,1.878037762
ENSG00000246662.6,5.955471741,-1.87729396,0.296915705,4.53E-11,5.60E-10,LINC00535,1.87729396
ENSG00000265735.2,2.182051189,1.877029808,0.584733448,0.000153082,0.00060433,RN7SL5P,1.877029808
ENSG00000170919.16,1076.257351,-1.876721108,0.22185635,3.98E-18,1.26E-16,TPT1-AS1,1.876721108
ENSG00000145936.9,1317.472364,-1.876470676,0.36041674,2.42E-08,1.93E-07,KCNMB1,1.876470676
ENSG00000244122.2,4.939544037,-1.876436344,1.087244833,0.006169653,0.01634644,UGT1A7,1.876436344
ENSG00000140459.18,102.926408,-1.876364383,0.228270491,3.02E-17,8.60E-16,CYP11A1,1.876364383
ENSG00000288585.1,38.7900998,1.876209804,0.333468496,2.83E-09,2.64E-08,AC010184.1,1.876209804
ENSG00000177202.3,12.46075856,1.875986535,0.400472239,4.17E-07,2.71E-06,SPACA4,1.875986535
ENSG00000164451.13,1.80427643,-1.874980515,0.559568179,0.000116158,0.000470817,CALHM4,1.874980515
ENSG00000258546.1,0.841678441,-1.874970921,0.749856545,0.001049058,0.003413808,CENPUP2,1.874970921
ENSG00000206026.7,0.977249479,-1.874261205,0.589324904,0.000160783,0.000630925,SMIM21,1.874261205
ENSG00000227482.1,18.20302524,1.874256941,0.428008612,1.63E-06,9.46E-06,AL157702.2,1.874256941
ENSG00000230918.2,9.566367997,-1.874219714,0.324365857,8.55E-10,8.64E-09,DPP4-DT,1.874219714
ENSG00000279391.1,0.484671533,-1.873871319,1.013251368,0.02153209,0.04808246,AC116456.2,1.873871319
ENSG00000188783.6,8629.32876,-1.873594277,0.342597802,4.98E-09,4.44E-08,PRELP,1.873594277
ENSG00000142731.11,464.8885083,1.873142709,0.193251551,5.25E-23,2.73E-21,PLK4,1.873142709
ENSG00000231453.1,11.66078917,-1.872632348,0.444532808,2.95E-06,1.64E-05,LINC01305,1.872632348
ENSG00000279416.1,0.995219744,-1.872189352,0.565792456,0.000135272,0.000540428,AC099689.3,1.872189352
ENSG00000069122.19,4749.226379,-1.871117753,0.224563037,9.74E-18,2.95E-16,ADGRF5,1.871117753
ENSG00000081277.13,2653.499478,-1.870908797,0.371642536,5.98E-08,4.48E-07,PKP1,1.870908797
ENSG00000198003.12,49.15049897,1.870890656,0.29528528,3.40E-11,4.27E-10,CCDC151,1.870890656
ENSG00000240668.1,14.06661586,1.870695169,0.370239512,6.06E-08,4.53E-07,KRT8P36,1.870695169
ENSG00000169432.18,165.6586182,-1.870450017,0.381057079,1.29E-07,9.13E-07,SCN9A,1.870450017
ENSG00000254789.3,1.899647236,1.869994658,0.666183064,0.000634193,0.002177003,AC073172.1,1.869994658
ENSG00000212505.1,1.736387957,1.869791496,0.69904466,0.000960118,0.00315652,RNA5SP299,1.869791496
ENSG00000121769.8,469.1460125,-1.869347365,0.24654638,0.018148551,0.04159312,FABP3,1.869347365
ENSG00000166143.10,36.31744008,1.868640908,0.408492633,6.71E-07,4.19E-06,PPP1R14D,1.868640908
ENSG00000234493.4,6.219085102,1.868289623,0.574585963,0.000143011,0.00056826,RHOXF1P1,1.868289623
ENSG00000100285.10,314.370399,1.8681362,0.38520859,1.79E-07,1.24E-06,NEFH,1.8681362
ENSG00000284266.1,1.436263179,-1.868079589,0.686976981,0.001017704,0.003322463,MIR4534,1.868079589
ENSG00000258636.2,36.13141039,-1.86791116,0.258381484,7.84E-14,1.42E-12,AL121821.2,1.86791116
ENSG00000266970.1,28.31690098,1.867398145,0.322666169,1.10E-09,1.09E-08,AC061992.2,1.867398145
ENSG00000080200.10,1883.28771,-1.866775621,0.291224498,1.82E-11,2.38E-10,CRYBG3,1.866775621
ENSG00000230322.1,0.852343609,-1.86646551,0.807354253,0.002125185,0.006401792,AL136320.1,1.86646551
ENSG00000206538.9,2227.641569,-1.866288091,0.263020587,1.54E-13,2.69E-12,VGLL3,1.866288091
ENSG00000166831.9,445.2711426,-1.86614256,0.30054954,7.71E-11,9.16E-10,RBPMS2,1.86614256
ENSG00000286403.1,28.52549238,-1.865773475,0.410591863,7.49E-07,4.63E-06,AC010378.1,1.865773475
ENSG00000258631.3,1.354046451,-1.865741408,0.551360073,4.84E-11,5.95E-10,AC110023.1,1.865741408
ENSG00000226440.7,14.6068721,-1.865494125,0.348981859,1.24E-08,1.04E-07,LAMA4-AS1,1.865494125
ENSG00000120156.22,1569.549097,-1.865431919,0.223123394,7.05E-18,2.17E-16,TEK,1.865431919
ENSG00000287458.1,1.724550215,-1.865147257,0.479923662,1.83E-05,8.74E-05,AL033519.5,1.865147257
ENSG00000160472.5,2.319408656,1.864853957,0.430795357,2.56E-06,1.44E-05,TMEM190,1.864853957
ENSG00000248903.1,1.017958498,1.864638948,0.981832912,0.006893153,0.018002302,AP000867.1,1.864638948
ENSG00000228961.1,0.629714513,-1.864506618,0.819405161,0.003807086,0.010711758,LINC01690,1.864506618
ENSG00000108352.13,1158.90693,1.864478538,0.32457684,1.38E-09,1.34E-08,RAPGEFL1,1.864478538
ENSG00000078098.14,1793.027161,1.86440952,0.258772003,8.67E-14,1.56E-12,FAP,1.86440952
ENSG00000113070.8,993.3319703,-1.864321458,0.238188892,7.44E-16,1.76E-14,HBEGF,1.864321458
ENSG00000077935.17,61.76985603,1.863841433,0.401549682,4.93E-07,3.16E-06,SMC1B,1.863841433
ENSG00000234281.5,14.54691073,-1.863478578,0.244618136,0.002383091,0.007083636,LANCL1-AS1,1.863478578
ENSG00000207242.1,2.239658328,-1.863137823,0.497338941,3.19E-05,0.000145524,RNU6-1065P,1.863137823
ENSG00000214894.6,32.59513356,1.863022493,0.405093328,6.06E-07,3.82E-06,LINC00243,1.863022493
ENSG00000118492.17,6.411153398,1.862928858,0.486507953,1.52E-05,7.36E-05,ADGB,1.862928858
ENSG00000131096.10,27.64753706,1.86270646,0.450017473,4.77E-06,2.55E-05,PYY,1.86270646
ENSG00000105173.14,186.3480032,1.862533475,0.225662571,2.36E-17,6.82E-16,CCNE1,1.862533475
ENSG00000178175.12,296.7103974,-1.862423222,0.263361663,2.28E-13,3.91E-12,ZNF366,1.862423222
ENSG00000266268.5,0.878252044,-1.862390746,0.593432446,0.000197628,0.000759947,AP005203.1,1.862390746
ENSG00000264644.1,3.98171026,1.862012884,0.406379431,6.81E-07,4.25E-06,KRT18P8,1.862012884
ENSG00000186462.9,256.9899485,-1.86192416,0.254560736,3.57E-14,6.79E-13,NAP1L2,1.86192416
ENSG00000280089.1,0.803570957,1.861793732,1.137899353,0.019953678,0.045088312,AP000590.1,1.861793732
ENSG00000262362.1,4.189298239,1.861750321,0.406262396,5.79E-07,3.67E-06,AC004233.1,1.861750321
ENSG00000162687.19,75.38546629,-1.861531059,0.216962459,1.63E-18,5.41E-17,KCNT2,1.861531059
ENSG00000236758.5,0.660606337,-1.861336952,0.956612697,0.014180203,0.03362438,MTUS2-AS2,1.861336952
ENSG00000274520.1,2.237363344,1.861071968,0.829152461,0.002652472,0.007791798,AC012354.2,1.861071968
ENSG00000232046.7,4.265720294,-1.861051267,0.350731254,1.79E-08,1.45E-07,LINC01798,1.861051267
ENSG00000136999.5,862.9452637,-1.861037284,0.294629401,3.61E-11,4.52E-10,CCN3,1.861037284
ENSG00000283453.2,5.192494338,1.860702244,0.532937898,6.56E-05,0.000280748,AC244258.1,1.860702244
ENSG00000267262.1,1.650487355,-1.860549068,0.5183181,1.91E-05,9.11E-05,AC011444.2,1.860549068
ENSG00000254364.1,0.881258692,1.86040838,0.908423104,0.005530617,0.014837448,AP000424.2,1.86040838
ENSG00000288597.1,10.1397606,-1.860013885,0.255089095,3.63E-14,6.89E-13,AC234782.2,1.860013885
ENSG00000112276.14,322.5474753,-1.859638383,0.184655126,1.90E-12,2.87E-11,BVES,1.859638383
ENSG00000124171.9,1908.443143,1.859423238,0.345925007,1.25E-08,1.05E-07,PARD6B,1.859423238
ENSG00000272856.1,1.927478422,-1.859244708,0.441289814,3.64E-06,1.99E-05,AC112250.2,1.859244708
ENSG00000158186.13,5844.19753,-1.858858489,0.29314138,2.92E-11,3.71E-10,MRAS,1.858858489
ENSG00000236324.1,0.562192148,-1.858672602,0.885290212,0.011544612,0.028153116,SNX9-AS1,1.858672602
ENSG00000224669.1,0.605952707,1.858467416,0.890416694,0.007899872,0.020251167,AC016769.2,1.858467416
ENSG00000174992.8,4.760332142,1.857911946,0.699616031,0.000886009,0.002938199,ZG16,1.857911946
ENSG00000181444.13,903.0050296,1.857855462,0.198673829,1.43E-21,6.51E-20,ZNF467,1.857855462
ENSG00000237159.6,13.57255004,-1.856571306,0.606218165,0.000269152,0.001004842,CNTFR-AS1,1.856571306
ENSG00000119929.13,920.9858816,-1.856323804,0.130489071,2.23E-13,3.82E-12,CUTC,1.856323804
ENSG00000280079.1,78.06752477,1.856258493,0.264169796,3.25E-13,5.43E-12,AC011447.7,1.856258493
ENSG00000228146.8,50.90269638,1.856207046,0.356282877,2.69E-08,2.13E-07,CASP16P,1.856207046
ENSG00000265800.1,8.997553292,1.855988516,0.33361281,3.66E-09,3.35E-08,AC022211.3,1.855988516
ENSG00000224928.2,1.656187282,1.855885825,0.545653122,9.60E-05,0.000396883,KRT8P30,1.855885825
ENSG00000211658.2,107.078363,-1.854867126,0.549396283,8.80E-05,0.000366252,IGLV3-27,1.854867126
ENSG00000183303.2,1.26006912,-1.854848326,0.659534386,0.000784594,0.002636613,OR5P2,1.854848326
ENSG00000228330.1,10.28947845,-1.854722261,0.283959211,9.43E-12,1.28E-10,AL355355.1,1.854722261
ENSG00000166793.13,84.30930308,-1.854551062,0.166320685,9.87E-30,1.11E-27,YPEL4,1.854551062
ENSG00000111799.21,29925.31457,1.854397608,0.273783964,1.66E-12,2.53E-11,COL12A1,1.854397608
ENSG00000106537.8,13387.09592,1.854104082,0.225937892,5.05E-17,1.40E-15,TSPAN13,1.854104082
ENSG00000235505.7,223.2931569,-1.854053202,0.175450403,5.87E-27,4.78E-25,CASP4LP,1.854053202
ENSG00000286424.1,7.070326707,1.853721584,0.435101223,2.94E-06,1.64E-05,AL157996.2,1.853721584
ENSG00000117632.23,7574.199323,1.853648581,0.200116853,3.37E-21,1.49E-19,STMN1,1.853648581
ENSG00000226891.9,68.47249594,-1.851702931,0.304282257,1.81E-10,2.04E-09,LINC01359,1.851702931
ENSG00000248896.3,34.35001822,-1.851611104,0.188751683,1.79E-23,9.82E-22,AC105001.1,1.851611104
ENSG00000273409.3,16.12462005,-1.851223078,0.497610652,2.80E-05,0.000128746,LINC02712,1.851223078
ENSG00000231738.11,2.164861301,-1.850877577,0.511584709,3.61E-05,0.000162613,TSPAN19,1.850877577
ENSG00000220378.3,10.99901686,1.850486406,0.512486121,4.12E-05,0.000183208,KRT8P42,1.850486406
ENSG00000107562.16,15746.72486,-1.850441084,0.198576471,1.54E-21,6.99E-20,CXCL12,1.850441084
ENSG00000177707.11,494.6339955,-1.850231326,0.206136051,4.39E-20,1.70E-18,NECTIN3,1.850231326
ENSG00000168135.4,1.063940637,1.849334815,0.917545045,0.00544467,0.014632854,KCNJ4,1.849334815
ENSG00000103460.17,1188.157841,1.849278671,0.386972987,2.58E-07,1.74E-06,TOX3,1.849278671
ENSG00000164220.7,1215.67407,1.848391742,0.343132743,1.06E-08,9.01E-08,F2RL2,1.848391742
ENSG00000270419.1,19.48442517,-1.848156016,0.257950829,9.06E-14,1.62E-12,CAHM,1.848156016
ENSG00000274718.1,5.542436517,1.848110854,0.489229384,2.37E-05,0.000111103,AL136964.1,1.848110854
ENSG00000184139.8,12.86142523,-1.847305299,0.440439459,3.74E-06,2.04E-05,RPL7AP28,1.847305299
ENSG00000226969.1,0.84370221,1.847271757,0.836713603,0.003992251,0.011156421,AL391845.1,1.847271757
ENSG00000269289.6,41.67137898,-1.847053313,0.505104556,3.25E-05,0.000148088,AC011503.1,1.847053313
ENSG00000224574.1,0.709233024,-1.846922579,0.837058849,0.006839342,0.017880657,COL18A1-AS2,1.846922579
ENSG00000265728.1,5.792717679,1.846821405,0.544171111,7.76E-05,0.000326901,AP001099.1,1.846821405
ENSG00000167100.15,75.13977833,1.84678657,0.249094162,1.59E-14,3.16E-13,SAMD14,1.84678657
ENSG00000106852.15,673.779417,-1.846595819,0.231306237,1.93E-16,4.94E-15,LHX6,1.846595819
ENSG00000119138.4,6138.683293,-1.846540585,0.183994413,8.01E-25,5.09E-23,KLF9,1.846540585
ENSG00000073737.17,152.4521157,-1.845474809,0.334056724,4.61E-09,4.14E-08,DHRS9,1.845474809
ENSG00000264176.1,27.31589139,-1.845270446,0.246132821,1.11E-14,2.25E-13,MAGOH2P,1.845270446
ENSG00000168917.9,410.9760663,-1.845228496,0.237460629,1.19E-15,2.76E-14,SLC35G2,1.845228496
ENSG00000111335.13,6711.294707,1.844977639,0.341318269,1.12E-08,9.42E-08,OAS2,1.844977639
ENSG00000254948.1,0.893781229,1.844508049,0.814410223,0.004910974,0.013370483,OR7E158P,1.844508049
ENSG00000286280.1,3.224851418,-1.84442515,0.500568626,3.90E-05,0.000174141,AC108063.2,1.84442515
ENSG00000258983.2,4.165894313,-1.84418317,0.356331228,3.03E-08,2.38E-07,AL162171.2,1.84418317
ENSG00000268747.1,4.144258351,1.844164095,0.528926671,7.08E-05,0.000300652,AC022432.1,1.844164095
ENSG00000286942.1,14.55368934,-1.843818547,0.582835918,0.000199977,0.000767478,AC017104.5,1.843818547
ENSG00000154134.15,431.2671512,-1.843711188,0.184173206,1.98E-24,1.21E-22,ROBO3,1.843711188
ENSG00000282317.1,7.315317004,1.842937939,0.610553317,0.000300554,0.001110407,AL451007.2,1.842937939
ENSG00000157617.17,4356.096337,-1.842864687,0.241296123,3.26E-15,7.13E-14,C2CD2,1.842864687
ENSG00000198844.12,1624.301481,-1.842438,0.21248547,6.18E-19,2.14E-17,ARHGEF15,1.842438
ENSG00000285095.2,5.495833924,-1.842352714,0.443220964,4.64E-06,2.49E-05,AC025887.2,1.842352714
ENSG00000228793.2,47.99581593,-1.842145563,0.38686565,0.002518086,0.007442108,AL033523.1,1.842145563
ENSG00000286957.1,6.187975797,-1.842014157,0.312856441,0.002415165,0.007170836,AC079776.5,1.842014157
ENSG00000249899.6,7.080269982,-1.841846613,0.317116677,1.07E-09,1.07E-08,AC025180.1,1.841846613
ENSG00000170074.19,9.545372439,-1.841833767,0.446064694,4.51E-06,2.43E-05,FAM153A,1.841833767
ENSG00000267777.2,0.464272397,-1.84132836,0.930042016,0.015548651,0.036360512,LINC01791,1.84132836
ENSG00000230781.1,0.579336844,-1.840486846,0.906936731,0.011763014,0.028612894,Z83820.1,1.840486846
ENSG00000081051.8,122.3199911,-1.840301132,0.566200612,0.000139714,0.000556083,AFP,1.840301132
ENSG00000154240.17,671.0972777,-1.840223039,0.179482134,1.68E-25,1.15E-23,CEP112,1.840223039
ENSG00000122756.15,1041.460178,-1.840034271,0.505868833,3.32E-05,0.000150706,CNTFR,1.840034271
ENSG00000214548.18,1825.216999,-1.839860769,0.241335384,2.81E-15,6.20E-14,MEG3,1.839860769
ENSG00000218305.4,0.653471534,-1.839830766,0.725352778,0.001779319,0.00545743,CDC14C,1.839830766
ENSG00000198759.12,714.9389851,-1.839810821,0.483755213,1.86E-05,8.88E-05,EGFL6,1.839810821
ENSG00000185432.12,8145.38343,-1.83918465,0.165219212,7.76E-30,8.81E-28,METTL7A,1.83918465
ENSG00000228278.5,17.10281555,1.839121645,0.538903809,8.20E-05,0.000343554,ORM2,1.839121645
ENSG00000204290.10,4.380489357,-1.83880535,0.400242516,5.68E-07,3.60E-06,BTNL2,1.83880535
ENSG00000284669.1,60.0410462,-1.838621311,0.267490129,9.00E-13,1.42E-11,AC092053.3,1.838621311
ENSG00000146755.11,12.25606551,-1.838507566,0.471499996,1.35E-05,6.62E-05,TRIM50,1.838507566
ENSG00000230525.6,0.575238815,-1.838410898,1.014324203,0.016631479,0.038538962,LINC01799,1.838410898
ENSG00000134830.6,946.0333125,1.838306622,0.306146238,3.05E-10,3.31E-09,C5AR2,1.838306622
ENSG00000287828.1,5.657532172,1.837505516,0.344445379,1.49E-08,1.23E-07,AL354743.2,1.837505516
ENSG00000272657.1,0.661538568,-1.837380972,0.781340672,0.003974788,0.011113565,AP000317.2,1.837380972
ENSG00000237179.6,1.156848216,-1.837321523,0.65615837,0.000606428,0.002090647,LINC01797,1.837321523
ENSG00000265413.1,19.33256952,-1.837148177,0.284529328,1.65E-11,2.17E-10,AP001094.2,1.837148177
ENSG00000271318.1,2.284270377,-1.837096971,0.474589809,1.51E-05,7.33E-05,MOB4P2,1.837096971
ENSG00000233030.2,27.37839372,1.836746852,0.307423373,3.70E-10,3.97E-09,AC243772.2,1.836746852
ENSG00000128045.7,12.16903658,1.836037863,0.276125214,5.06E-12,7.14E-11,RASL11B,1.836037863
ENSG00000116254.18,36.84597999,1.835659681,0.477937891,1.68E-05,8.09E-05,CHD5,1.835659681
ENSG00000278543.1,0.643294942,-1.835460329,0.894336912,0.007194435,0.018677385,AC010332.2,1.835460329
ENSG00000222044.1,4.780694558,-1.835415063,0.507498388,4.51E-05,0.000199097,AL031587.1,1.835415063
ENSG00000161328.11,402.6456344,1.835308604,0.264045118,5.45E-13,8.88E-12,LRRC56,1.835308604
ENSG00000072163.20,2524.398649,-1.835233286,0.186577478,8.59E-24,4.81E-22,LIMS2,1.835233286
ENSG00000272243.6,3.546268876,1.835214021,0.721259922,0.001119851,0.003622846,AL356277.3,1.835214021
ENSG00000179399.15,8.554885704,-1.835132079,0.362683593,5.16E-08,3.91E-07,GPC5,1.835132079
ENSG00000271447.6,671.0377215,-1.835046302,0.304551896,2.33E-10,2.57E-09,MMP28,1.835046302
ENSG00000164458.10,1.050645445,-1.83449873,1.144449865,0.01251659,0.030197244,TBXT,1.83449873
ENSG00000135100.18,12.25359148,1.834205635,0.586182836,0.000223688,0.000849432,HNF1A,1.834205635
ENSG00000261722.1,1.493444808,-1.833315828,0.542181475,9.91E-05,0.0004081,AC092376.1,1.833315828
ENSG00000135052.16,12631.60615,1.833156675,0.202350813,1.90E-20,7.71E-19,GOLM1,1.833156675
ENSG00000245750.10,352.2832497,1.832503273,0.366582384,8.69E-08,6.34E-07,DRAIC,1.832503273
ENSG00000224549.1,2.362432725,-1.832460929,0.671132065,0.000577686,0.002000162,AC017067.1,1.832460929
ENSG00000269915.1,6.317617102,1.832168545,0.46906667,1.32E-05,6.49E-05,AP006621.4,1.832168545
ENSG00000133169.6,491.3663717,1.831836228,0.664303323,3.92E-12,5.65E-11,BEX1,1.831836228
ENSG00000162892.16,26.02463143,1.831752937,0.361865905,6.03E-08,4.51E-07,IL24,1.831752937
ENSG00000101076.17,1.823260913,1.831670595,0.611171362,0.000300471,0.001110308,HNF4A,1.831670595
ENSG00000283458.1,0.710303529,-1.83165708,0.897031362,0.007607181,0.01960124,AC011139.1,1.83165708
ENSG00000123405.14,82.46364687,1.830958037,0.408835908,1.05E-06,6.34E-06,NFE2,1.830958037
ENSG00000196159.14,1403.974622,-1.830502551,0.23103823,2.74E-16,6.89E-15,FAT4,1.830502551
ENSG00000156802.13,3184.03294,1.830415442,0.213470635,1.82E-18,5.99E-17,ATAD2,1.830415442
ENSG00000157335.21,0.940395576,1.830104804,0.889527941,0.005442877,0.014629037,CLEC18C,1.830104804
ENSG00000132749.11,1287.18359,1.82976726,0.262666282,5.43E-13,8.84E-12,TESMIN,1.82976726
ENSG00000024422.12,13296.43861,-1.829692701,0.228532599,1.13E-16,2.99E-15,EHD2,1.829692701
ENSG00000272953.1,13.15272265,1.8292571,0.303352562,2.42E-10,2.67E-09,AC092171.4,1.8292571
ENSG00000224821.5,3.933992182,-1.829105185,0.621158758,0.000278953,0.001038121,COL4A2-AS2,1.829105185
ENSG00000079102.16,752.2274066,-1.827718448,0.182537181,2.12E-24,1.29E-22,RUNX1T1,1.827718448
ENSG00000277129.1,1.426833065,1.827619163,0.710428599,0.001530125,0.004772861,AC012531.6,1.827619163
ENSG00000162616.9,2262.51335,-1.827179713,0.20313069,3.71E-20,1.45E-18,DNAJB4,1.827179713
ENSG00000169241.19,3497.873486,1.826906278,0.167410639,1.93E-28,1.85E-26,SLC50A1,1.826906278
ENSG00000147526.20,10849.71513,-1.826807806,0.22224843,2.92E-17,8.33E-16,TACC1,1.826807806
ENSG00000189398.5,8.167966203,-1.826273752,0.375296441,1.73E-07,1.20E-06,OR7E12P,1.826273752
ENSG00000171954.13,366.0870992,-1.826218676,0.430737892,3.09E-06,1.71E-05,CYP4F22,1.826218676
ENSG00000188486.3,1486.221428,1.825475333,0.206628173,1.55E-19,5.68E-18,H2AX,1.825475333
ENSG00000157654.19,11209.22574,-1.825444724,0.225660499,7.26E-17,1.96E-15,PALM2AKAP2,1.825444724
ENSG00000036565.15,3.503389912,1.825401926,0.476401226,1.88E-05,8.97E-05,SLC18A1,1.825401926
ENSG00000126950.8,96.26094598,-1.824722622,0.304289279,2.90E-10,3.16E-09,TMEM35A,1.824722622
ENSG00000229941.6,1.290054555,-1.824285414,0.621617364,0.000472287,0.001668615,PDE11A-AS1,1.824285414
ENSG00000272405.1,290.7815277,1.824204489,0.413389853,1.49E-06,8.73E-06,AL365181.3,1.824204489
ENSG00000114200.10,221.1603635,-1.823792009,0.415611255,1.60E-06,9.32E-06,BCHE,1.823792009
ENSG00000287319.1,8.259445107,-1.823763028,0.337903317,1.31E-08,1.09E-07,AC079822.1,1.823763028
ENSG00000147041.12,637.1807286,1.823401981,0.466034667,1.29E-05,6.35E-05,SYTL5,1.823401981
ENSG00000255342.1,1.689495242,-1.822901659,0.465795014,1.64E-05,7.91E-05,AP000926.1,1.822901659
ENSG00000102683.8,442.8918412,-1.822202517,0.571547893,2.66E-13,4.49E-12,SGCG,1.822202517
ENSG00000265282.1,6.886376762,1.821942289,0.368585614,1.24E-07,8.81E-07,AC005828.4,1.821942289
ENSG00000261616.1,178.1866217,-1.821238191,0.310243568,3.51E-26,2.63E-24,AC036108.3,1.821238191
ENSG00000262703.1,5.919539943,1.820628779,0.380684817,2.72E-07,1.82E-06,AC009121.2,1.820628779
ENSG00000185002.10,28.36470861,-1.820557041,0.66129865,0.000673247,0.002294624,RFX6,1.820557041
ENSG00000241220.1,3.777546262,-1.820292835,0.517657533,5.62E-05,0.000243932,AC078788.1,1.820292835
ENSG00000156509.14,33.50920063,1.819500913,0.246825594,2.63E-14,5.08E-13,FBXO43,1.819500913
ENSG00000106789.13,2572.807983,1.819080245,0.208348627,3.71E-19,1.30E-17,CORO2A,1.819080245
ENSG00000227496.3,44.29872691,-1.818913436,0.276991776,0.006131997,0.016263122,AC099066.2,1.818913436
ENSG00000250643.1,16.20414261,1.81823761,0.459608466,1.05E-05,5.24E-05,AC083906.3,1.81823761
ENSG00000137869.15,34.37425318,-1.818033069,0.41014205,1.36E-06,8.01E-06,CYP19A1,1.818033069
ENSG00000064205.10,2944.472331,-1.817763947,0.36127198,6.13E-08,4.58E-07,CCN5,1.817763947
ENSG00000177606.8,20985.3524,-1.817308035,0.220424169,9.34E-18,2.83E-16,JUN,1.817308035
ENSG00000060138.13,8919.47785,-1.817281266,0.196436489,2.87E-06,1.60E-05,YBX3,1.817281266
ENSG00000166928.11,384.6489445,1.817166489,0.401200135,8.53E-07,5.22E-06,MS4A14,1.817166489
ENSG00000237372.4,12.8814072,1.816805533,0.328050633,4.62E-09,4.15E-08,UNQ6494,1.816805533
ENSG00000240436.1,1.371521613,-1.816696974,0.620365274,0.000520387,0.001820707,RPL35AP14,1.816696974
ENSG00000254389.3,197.6255374,1.816599134,0.204963796,1.34E-19,4.96E-18,RHPN1-AS1,1.816599134
ENSG00000282012.1,0.801948699,-1.816351249,0.874402792,0.003663065,0.010353996,AP000357.2,1.816351249
ENSG00000197496.6,4525.078424,1.816194772,0.230732995,4.85E-16,1.18E-14,SLC2A10,1.816194772
ENSG00000234840.2,60.02780155,-1.816142757,0.444677428,6.09E-06,3.19E-05,LINC01239,1.816142757
ENSG00000113580.15,6642.975724,-1.815835583,0.186636931,1.82E-23,9.95E-22,NR3C1,1.815835583
ENSG00000254139.1,3.260732113,-1.815789912,0.517621643,6.62E-05,0.000283063,AC104051.2,1.815789912
ENSG00000266104.1,1.356365181,1.815701568,0.636241561,0.00036996,0.001340236,MIR4326,1.815701568
ENSG00000210049.1,10.19365926,-1.815285713,0.341967159,1.53E-08,1.26E-07,MT-TF,1.815285713
ENSG00000259470.2,7.493402156,1.814997262,0.426358767,3.24E-06,1.79E-05,KRT8P9,1.814997262
ENSG00000100479.13,290.506277,1.814813698,0.176255388,1.23E-25,8.63E-24,POLE2,1.814813698
ENSG00000254854.1,26.31016183,1.814785632,0.244569805,2.08E-14,4.08E-13,AP003390.1,1.814785632
ENSG00000197299.12,326.9639902,1.814387627,0.231237282,7.26E-16,1.72E-14,BLM,1.814387627
ENSG00000188883.5,241.6133207,1.814301521,0.415411709,1.87E-06,1.07E-05,KLRG2,1.814301521
ENSG00000104112.9,25.88102331,-1.813842466,0.454605233,8.38E-06,4.26E-05,SCG3,1.813842466
ENSG00000275120.3,17.75890704,-1.813765884,0.228053362,3.12E-16,7.78E-15,AC048382.5,1.813765884
ENSG00000242941.1,2.220246665,-1.813725137,0.440554823,6.03E-06,3.16E-05,RPL12P7,1.813725137
ENSG00000251533.2,9.918517609,1.81352758,0.36095527,8.22E-08,6.02E-07,LINC00605,1.81352758
ENSG00000149289.11,787.3005643,-1.813350161,0.23098573,6.56E-16,1.57E-14,ZC3H12C,1.813350161
ENSG00000183122.5,1.041155883,-1.813216585,0.656760604,0.001037713,0.003381626,OR2A3P,1.813216585
ENSG00000138346.15,385.568586,1.813048751,0.189467028,1.68E-22,8.29E-21,DNA2,1.813048751
ENSG00000154133.15,2182.843981,-1.812945314,0.220619536,3.26E-17,9.25E-16,ROBO4,1.812945314
ENSG00000236348.1,1.532163736,1.812632239,0.69926327,0.001166298,0.003756095,PSMC1P10,1.812632239
ENSG00000256196.2,7.979401312,1.812625401,0.364094208,1.03E-07,7.40E-07,AP003721.1,1.812625401
ENSG00000246363.3,11.70066575,-1.811882407,0.355916124,4.41E-08,3.38E-07,LINC02458,1.811882407
ENSG00000236420.1,2.107282764,1.810736837,0.663063817,0.00079976,0.002681384,CHCHD3P1,1.810736837
ENSG00000241566.1,24.62416363,-1.810541868,0.511787312,5.46E-05,0.000237164,IGKV2D-24,1.810541868
ENSG00000226253.1,0.501104435,1.810418448,0.99788098,0.021762064,0.048513275,MRPL35P3,1.810418448
ENSG00000170891.11,108.0871947,-1.810204178,0.252200368,1.12E-13,1.99E-12,CYTL1,1.810204178
ENSG00000178084.2,1.142215542,-1.81015457,0.604001831,0.000280841,0.001044452,HTR3C,1.81015457
ENSG00000104833.12,25.65499665,1.809884937,0.523314685,6.98E-05,0.000296915,TUBB4A,1.809884937
ENSG00000285079.1,2.885577337,-1.809831039,0.631232608,0.000519534,0.001817884,AL513493.1,1.809831039
ENSG00000279663.2,0.924662431,-1.809701792,0.528075994,8.97E-05,0.000372896,AC104623.2,1.809701792
ENSG00000226423.1,2.525424604,1.809024361,0.92515927,0.004920721,0.013391451,AC093642.1,1.809024361
ENSG00000232460.4,4.476206691,1.808937314,0.233344887,3.49E-07,2.30E-06,BMPR1AP2,1.808937314
ENSG00000111275.13,11484.11282,-1.808843692,0.306556963,5.98E-10,6.18E-09,ALDH2,1.808843692
ENSG00000108242.13,2.661893004,-1.808773481,0.67762265,0.00061015,0.002102923,CYP2C18,1.808773481
ENSG00000197872.11,1369.795904,-1.808655999,0.141000199,1.72E-38,5.94E-36,CYRIA,1.808655999
ENSG00000171509.16,9.362671149,1.808377501,0.359524972,7.92E-08,5.82E-07,RXFP1,1.808377501
ENSG00000147036.12,42.7605932,-1.807541918,0.181012517,3.26E-24,1.92E-22,LANCL3,1.807541918
ENSG00000204060.7,272.3511308,1.807514171,0.233275331,1.50E-15,3.43E-14,FOXO6,1.807514171
ENSG00000277112.3,7.361137116,-1.807466083,0.390798742,4.96E-07,3.17E-06,ANKRD20A21P,1.807466083
ENSG00000134940.14,9.879922493,1.807337873,0.3159053,1.69E-09,1.64E-08,ACRV1,1.807337873
ENSG00000171951.5,157.1291789,1.80710779,0.433437414,4.39E-06,2.37E-05,SCG2,1.80710779
ENSG00000171914.16,4606.101751,-1.806679995,0.228214124,3.05E-16,7.63E-15,TLN2,1.806679995
ENSG00000259244.1,5.561211478,-1.806189172,0.411095821,1.71E-06,9.90E-06,AC048382.2,1.806189172
ENSG00000184385.2,6.363182823,1.805769896,0.531894003,8.76E-05,0.000365158,UMODL1-AS1,1.805769896
ENSG00000286357.1,1.476386652,1.805622478,0.650488116,0.000851477,0.002835418,AC106742.1,1.805622478
ENSG00000248202.2,10.03107135,-1.804528465,0.325744481,4.38E-09,3.95E-08,LINC02234,1.804528465
ENSG00000224577.3,95.14704632,1.804113137,0.289045121,6.94E-11,8.32E-10,LINC01117,1.804113137
ENSG00000254164.1,95.24769957,1.804102276,0.573136364,0.000212443,0.000810728,AC008663.3,1.804102276
ENSG00000203523.3,0.887310127,1.80385878,1.04577473,0.013800609,0.032841976,TAS2R2P,1.80385878
ENSG00000125878.6,57.90039017,-1.803657551,0.333017531,8.99E-09,7.74E-08,TCF15,1.803657551
ENSG00000197870.12,9.145782164,1.803652436,0.428404533,3.83E-06,2.09E-05,PRB3,1.803652436
ENSG00000264860.1,0.619128603,1.802654309,0.859471316,0.006531557,0.017182461,AC097641.1,1.802654309
ENSG00000233725.7,35.27728996,-1.802572611,0.450328499,8.81E-06,4.46E-05,NRAD1,1.802572611
ENSG00000266441.1,1.798817338,-1.802484078,0.656058789,0.000732392,0.002480498,AP005205.2,1.802484078
ENSG00000124935.4,20518.67207,1.802261922,0.802807379,0.002909309,0.008450851,SCGB1D2,1.802261922
ENSG00000223756.7,124.5855221,-1.801951481,0.235889664,3.34E-15,7.27E-14,TSSC2,1.801951481
ENSG00000162878.13,1248.449859,-1.801911939,0.336166067,1.23E-08,1.03E-07,PKDCC,1.801911939
ENSG00000171659.15,1002.638834,-1.800933251,0.27653805,9.55E-12,1.30E-10,GPR34,1.800933251
ENSG00000186188.11,184.6422927,-1.800872105,0.307088568,6.64E-10,6.82E-09,FFAR4,1.800872105
ENSG00000250669.1,1.426804174,-1.800494594,0.587516456,0.000239905,0.000905325,AC112206.4,1.800494594
ENSG00000173621.9,637.0726613,1.800235944,0.292653128,1.19E-10,1.38E-09,LRFN4,1.800235944
ENSG00000261757.1,3.473654115,-1.799782886,0.422167118,3.06E-06,1.70E-05,AC005592.1,1.799782886
ENSG00000224367.6,9.161816812,1.79891999,0.304608141,5.04E-10,5.27E-09,OACYLP,1.79891999
ENSG00000250590.6,4.001836802,1.79869161,0.714326723,0.001397079,0.004404186,LINC02492,1.79869161
ENSG00000107831.13,2.082949019,-1.798488234,0.47200606,1.70E-05,8.16E-05,FGF8,1.798488234
ENSG00000076554.15,8222.184872,1.798474978,0.197745426,1.85E-20,7.54E-19,TPD52,1.798474978
ENSG00000129521.15,2178.709542,1.797793595,0.319315809,2.96E-09,2.75E-08,EGLN3,1.797793595
ENSG00000216425.4,0.752182267,1.797760508,1.019723889,0.012032515,0.029172703,PIMREGP2,1.797760508
ENSG00000149948.14,20.13394365,1.79696711,0.283572098,4.16E-11,5.17E-10,HMGA2,1.79696711
ENSG00000079739.17,6832.717605,-1.796449423,0.274310536,7.36E-12,1.01E-10,PGM1,1.796449423
ENSG00000166173.11,1010.825652,-1.796134764,0.1937764,2.92E-21,1.30E-19,LARP6,1.796134764
ENSG00000254717.2,7.607048164,1.796025157,0.547026535,0.000148147,0.000587088,GLYATL1P2,1.796025157
ENSG00000133321.11,6276.501981,1.794947716,0.294268223,1.59E-10,1.80E-09,PLAAT4,1.794947716
ENSG00000224389.9,4482.010234,1.794885094,0.430120626,4.50E-06,2.42E-05,C4B,1.794885094
ENSG00000229491.5,6.032530904,-1.794649009,0.378284547,3.12E-07,2.07E-06,AC136489.1,1.794649009
ENSG00000206113.11,52.49752016,1.794363791,0.355156465,6.72E-08,4.99E-07,CFAP99,1.794363791
ENSG00000203896.10,76.32889054,1.794191866,0.334914824,1.28E-08,1.07E-07,LIME1,1.794191866
ENSG00000204174.8,3.168514294,-1.79339323,0.594711844,0.00037994,0.001373097,NPY4R,1.79339323
ENSG00000124212.6,3571.190341,-1.793273771,0.302282196,3.88E-10,4.15E-09,PTGIS,1.793273771
ENSG00000169994.18,89.17407599,-1.792753229,0.309511106,1.03E-09,1.03E-08,MYO7B,1.792753229
ENSG00000124615.20,1901.740009,-1.791887547,0.219634882,5.46E-17,1.50E-15,MOCS1,1.791887547
ENSG00000223485.4,35.12228947,1.791886358,0.265222214,2.28E-12,3.41E-11,LINC01615,1.791886358
ENSG00000274372.5,27.02165804,1.79188594,0.379011869,3.44E-07,2.27E-06,LINC02804,1.79188594
ENSG00000256757.1,4.918005301,-1.791865292,0.458056781,1.09E-05,5.45E-05,AP002840.1,1.791865292
ENSG00000249604.1,3.050282559,-1.791838556,0.350220509,6.11E-08,4.56E-07,AC096564.1,1.791838556
ENSG00000130037.5,45.23752286,-1.79175844,0.329706862,8.37E-09,7.23E-08,KCNA5,1.79175844
ENSG00000269235.2,84.62436133,1.791170523,0.392979761,7.69E-07,4.74E-06,ZNF350-AS1,1.791170523
ENSG00000287258.1,17.26807661,1.790871992,0.511213042,6.41E-05,0.000274758,AL512283.2,1.790871992
ENSG00000180229.12,270.6978737,-1.790823612,0.321255152,3.81E-09,3.48E-08,HERC2P3,1.790823612
ENSG00000065833.9,2613.316197,-1.79079777,0.385043057,4.43E-07,2.86E-06,ME1,1.79079777
ENSG00000196878.15,6255.02913,-1.790430342,0.299592789,3.04E-10,3.30E-09,LAMB3,1.790430342
ENSG00000286150.1,5.258218956,-1.790103922,0.405717997,1.59E-06,9.27E-06,AC097459.1,1.790103922
ENSG00000100290.3,515.051401,1.789911279,0.285225733,5.79E-11,7.04E-10,BIK,1.789911279
ENSG00000229585.4,3.792515705,-1.789795437,0.29352149,1.47E-10,1.68E-09,RPL21P44,1.789795437
ENSG00000180921.7,5732.993074,1.78910598,0.252651725,3.20E-13,5.35E-12,FAM83H,1.78910598
ENSG00000267750.6,38.34228229,1.789048902,0.362063613,1.23E-07,8.75E-07,RUNDC3A-AS1,1.789048902
ENSG00000105290.13,291.4424596,1.788889689,0.275245375,1.29E-11,1.72E-10,APLP1,1.788889689
ENSG00000275427.1,0.709369887,-1.788727415,1.021281319,0.012071399,0.029260294,AF067845.2,1.788727415
ENSG00000278771.1,8.015988125,1.788068872,0.46047432,1.35E-05,6.63E-05,RN7SL3,1.788068872
ENSG00000205726.15,5688.416739,-1.78770313,0.238264194,7.42E-15,1.54E-13,ITSN1,1.78770313
ENSG00000225383.8,33.03766212,-1.787459387,0.351694266,5.37E-08,4.06E-07,SFTA1P,1.787459387
ENSG00000169856.9,2.487543709,1.787400717,0.719884876,0.001561373,0.004856835,ONECUT1,1.787400717
ENSG00000124134.9,100.8343663,-1.787246857,0.468748691,1.92E-05,9.15E-05,KCNS1,1.787246857
ENSG00000272954.1,4.301074313,1.786894504,0.45887347,1.49E-05,7.24E-05,AP000553.2,1.786894504
ENSG00000211900.2,30.35579005,-1.786626119,0.578736749,0.000248507,0.000935272,IGHJ6,1.786626119
ENSG00000151838.12,3.808688486,1.786499969,0.765116131,0.002372631,0.007056092,CCDC175,1.786499969
ENSG00000253955.2,134.1764725,1.786430082,0.414690808,2.46E-06,1.39E-05,AC008663.2,1.786430082
ENSG00000153347.10,39.14127125,1.786265309,0.458414612,1.41E-05,6.86E-05,FAM81B,1.786265309
ENSG00000232434.2,182.1043078,1.785906765,0.239253062,1.27E-14,2.56E-13,AJM1,1.785906765
ENSG00000170962.13,3013.790524,-1.78579882,0.216169009,2.00E-17,5.84E-16,PDGFD,1.78579882
ENSG00000250829.2,1.261422766,-1.785789658,0.590407085,0.000354531,0.001289931,AC108865.1,1.785789658
ENSG00000134532.19,470.8475552,-1.785614747,0.347758018,4.27E-08,3.27E-07,SOX5,1.785614747
ENSG00000254933.1,2.509316727,-1.785377717,0.586155206,0.000334813,0.001225339,AP000785.1,1.785377717
ENSG00000253647.1,5.181123109,-1.784694277,0.487116382,4.18E-05,0.000185704,KCNIP1-OT1,1.784694277
ENSG00000258766.1,0.704681368,-1.784558527,1.008963051,0.014224975,0.033710974,DIO2-AS1,1.784558527
ENSG00000150048.10,286.2560347,-1.784113236,0.156256024,5.89E-31,7.71E-29,CLEC1A,1.784113236
ENSG00000266853.1,1.196730785,-1.784061546,0.537185522,0.000139882,0.000556695,ITM2BP1,1.784061546
ENSG00000272335.1,1729.268726,1.783832379,0.306699414,1.05E-09,1.05E-08,AC093297.2,1.783832379
ENSG00000254245.3,81.04441872,-1.782996071,0.306763414,9.47E-10,9.50E-09,PCDHGA3,1.782996071
ENSG00000285215.2,3.574612336,-1.782606576,0.389094291,7.03E-07,4.38E-06,AC241377.4,1.782606576
ENSG00000103257.9,3411.404577,1.782454121,0.283056192,4.86E-11,5.97E-10,SLC7A5,1.782454121
ENSG00000231240.1,35.2296107,1.781624609,0.629290495,0.000580937,0.00201053,KLF2P1,1.781624609
ENSG00000245904.4,44.4468036,-1.780849087,0.224796859,3.66E-16,9.07E-15,AC025164.1,1.780849087
ENSG00000197774.13,650.6648378,1.780440259,0.273308505,1.23E-11,1.64E-10,EME2,1.780440259
ENSG00000203492.4,0.990553999,-1.779827601,1.838926665,0.020137533,0.045420154,AL645937.1,1.779827601
ENSG00000111405.9,28.91954036,-1.779738865,0.23876203,1.75E-14,3.47E-13,ENDOU,1.779738865
ENSG00000259660.2,7.300240914,-1.779446495,0.291662814,1.87E-10,2.09E-09,DNM1P47,1.779446495
ENSG00000266553.2,0.945463594,-1.778873869,0.79773142,0.003069341,0.008863275,RN7SL356P,1.778873869
ENSG00000256802.2,8.080544911,1.778758625,0.366936602,1.98E-07,1.36E-06,AC022613.1,1.778758625
ENSG00000167701.14,320.358225,-1.778695248,0.411479585,2.22E-06,1.26E-05,GPT,1.778695248
ENSG00000167011.9,1.187849092,1.778636992,0.805589503,0.003946712,0.011046193,NAT16,1.778636992
ENSG00000116147.17,30.53780695,1.778573914,0.427965796,4.82E-06,2.58E-05,TNR,1.778573914
ENSG00000168496.4,1706.211523,1.778083848,0.159934672,1.74E-29,1.87E-27,FEN1,1.778083848
ENSG00000228401.5,20.88999461,-1.7778596,0.275424388,1.63E-11,2.14E-10,AL590226.1,1.7778596
ENSG00000145242.13,7.228306116,-1.777752907,0.393068275,9.48E-07,5.77E-06,EPHA5,1.777752907
ENSG00000286257.2,1.674941102,-1.777606533,0.87446963,0.0047188,0.012905413,AL137100.3,1.777606533
ENSG00000274213.1,15.15752807,1.777108358,0.320000034,4.21E-09,3.82E-08,AC015912.3,1.777108358
ENSG00000102886.15,272.0243335,1.776850727,0.39159569,8.75E-07,5.35E-06,GDPD3,1.776850727
ENSG00000227211.2,0.483979244,-1.776846227,0.856032694,0.013091188,0.031407979,H3P45,1.776846227
ENSG00000256166.1,9.370221318,1.776837936,0.537213853,0.000136088,0.000543026,LINC02571,1.776837936
ENSG00000182798.10,19.9767062,1.776680724,0.489694543,4.05E-05,0.000180258,MAGEB17,1.776680724
ENSG00000141293.16,850.6429642,1.775796417,0.329406818,1.15E-08,9.64E-08,SKAP1,1.775796417
ENSG00000205562.3,14.98821783,-1.775058229,0.233948036,4.74E-15,1.01E-13,AL049775.1,1.775058229
ENSG00000268079.1,6.132233455,-1.774831656,0.449814307,1.06E-05,5.31E-05,BNIP3P30,1.774831656
ENSG00000229230.3,0.673716039,-1.774776079,0.883668354,0.009882037,0.024598021,MT1P3,1.774776079
ENSG00000244642.3,1.051005134,1.774734898,0.686128474,0.001180253,0.003794195,RN7SL396P,1.774734898
ENSG00000245848.3,1050.032542,-1.774552214,0.317127535,3.39E-09,3.11E-08,CEBPA,1.774552214
ENSG00000135119.15,223.3321233,1.774492558,0.18676291,3.53E-22,1.70E-20,RNFT2,1.774492558
ENSG00000101850.13,216.8888394,1.774460738,0.259634978,1.39E-12,2.14E-11,GPR143,1.774460738
ENSG00000268101.2,3.416970328,-1.774389274,0.767650563,0.00248589,0.007353593,CYP2G2P,1.774389274
ENSG00000196381.11,92.79647914,-1.773974422,0.185790871,2.43E-22,1.19E-20,ZNF781,1.773974422
ENSG00000175785.13,487.8401063,-1.773752783,0.296101217,3.29E-10,3.56E-09,PRIMA1,1.773752783
ENSG00000249328.3,5.122757719,-1.77360039,0.314717397,2.43E-09,2.29E-08,AC036214.1,1.77360039
ENSG00000185070.11,1690.88975,-1.773597682,0.241895214,3.67E-14,6.96E-13,FLRT2,1.773597682
ENSG00000141424.13,51286.38891,1.77344604,0.335462933,1.83E-08,1.49E-07,SLC39A6,1.77344604
ENSG00000003249.15,1780.561829,1.773053283,0.24927497,2.10E-13,3.61E-12,DBNDD1,1.773053283
ENSG00000226808.3,35.31032005,-1.772948264,0.239290167,2.35E-14,4.57E-13,LINC00840,1.772948264
ENSG00000278873.1,0.810448077,-1.772716155,0.655169881,0.001081952,0.003510688,PRO1804,1.772716155
ENSG00000250971.3,23.25873328,-1.772388384,0.440758472,8.11E-06,4.14E-05,AC110772.2,1.772388384
ENSG00000286853.1,1.084963469,-1.771749772,0.811617193,0.002700325,0.007912842,AC008786.1,1.771749772
ENSG00000267298.1,1.837061662,-1.770889682,0.565790038,0.000292657,0.001083574,AC006116.5,1.770889682
ENSG00000077327.16,36.55306541,1.770557292,0.368308712,9.69E-13,1.52E-11,SPAG6,1.770557292
ENSG00000257167.2,116.7246114,1.770473822,0.203966211,6.68E-19,2.30E-17,TMPO-AS1,1.770473822
ENSG00000105707.14,1341.263167,1.76935842,0.353231967,8.87E-08,6.46E-07,HPN,1.76935842
ENSG00000228139.1,8.944840483,-1.769261031,0.32807909,1.20E-08,1.01E-07,LINC01402,1.769261031
ENSG00000278420.1,1.490178398,-1.769120412,0.541674255,0.000130531,0.000523191,MIR6819,1.769120412
ENSG00000248257.7,0.707028275,-1.769095528,0.82871766,0.007520525,0.019405959,PSG10P,1.769095528
ENSG00000232136.2,1.078990588,-1.768981007,0.602834214,0.00042809,0.00152827,DUXAP7,1.768981007
ENSG00000146955.11,177.1182668,1.768791806,0.264989574,4.07E-12,5.86E-11,RAB19,1.768791806
ENSG00000183960.9,112.0669804,-1.767840537,0.518348996,8.79E-05,0.000365911,KCNH8,1.767840537
ENSG00000251139.2,2.984537601,-1.767725964,0.534553866,0.000119439,0.000482672,AC084871.1,1.767725964
ENSG00000224647.2,2.178171929,-1.76770276,0.396352475,1.51E-06,8.79E-06,AC026954.1,1.76770276
ENSG00000168542.16,200749.3144,1.767550531,0.292669503,3.05E-10,3.31E-09,COL3A1,1.767550531
ENSG00000232722.3,1.816552993,1.76745741,1.177927989,0.009293513,0.023331184,MROH4P,1.76745741
ENSG00000214511.3,0.891220391,-1.767234046,0.553011262,0.000180251,0.000700255,HIGD1C,1.767234046
ENSG00000253441.1,2.2296948,-1.766987153,0.499439363,6.23E-05,0.000267688,IGHV3-25,1.766987153
ENSG00000259091.1,14.6112989,-1.766980768,0.262510959,2.48E-12,3.69E-11,LINC00517,1.766980768
ENSG00000225399.4,26.0504053,-1.766739573,0.258582175,1.22E-12,1.89E-11,AC121247.1,1.766739573
ENSG00000104524.14,1210.628328,1.766623978,0.194919808,2.47E-20,9.88E-19,PYCR3,1.766623978
ENSG00000283787.2,104.9691973,-1.766243392,0.279107273,0.000282667,0.00105025,PRR33,1.766243392
ENSG00000261371.6,18677.16247,-1.766162821,0.192593996,5.70E-21,2.44E-19,PECAM1,1.766162821
ENSG00000248228.2,0.782907605,-1.766153707,0.761973141,0.003816161,0.010729606,SLIT2-IT1,1.766153707
ENSG00000252339.1,1.198412113,-1.766140291,0.61411943,0.000484545,0.001706856,RNU6-1061P,1.766140291
ENSG00000114638.8,12.11107275,-1.766011807,0.943615787,0.0056033,0.015009891,UPK1B,1.766011807
ENSG00000121753.12,1093.169231,1.765998028,0.266129408,5.58E-12,7.82E-11,ADGRB2,1.765998028
ENSG00000141854.9,632.9400565,1.765973971,0.238097899,2.13E-14,4.18E-13,MISP3,1.765973971
ENSG00000134138.20,832.1544801,-1.765455835,0.197575245,6.71E-20,2.56E-18,MEIS2,1.765455835
ENSG00000271654.1,0.930791238,-1.76543042,1.057660169,0.018929037,0.043125227,AC025062.2,1.76543042
ENSG00000228950.1,5.764703793,1.764885146,0.434459641,7.18E-06,3.71E-05,AC023137.1,1.764885146
ENSG00000275741.1,0.800046766,-1.764718011,0.710963083,0.001855317,0.005666635,AL162497.1,1.764718011
ENSG00000250602.6,34.88294698,-1.764703831,0.283119117,7.42E-11,8.85E-10,AC093535.1,1.764703831
ENSG00000160325.15,2315.783755,1.764024736,0.171802399,1.44E-25,9.95E-24,CACFD1,1.764024736
ENSG00000287287.1,2.634649857,-1.763573817,0.487012003,5.16E-05,0.000225691,AL133476.1,1.763573817
ENSG00000261614.1,2.799699183,-1.763571914,0.38788356,0.005951535,0.015832606,YBX3P1,1.763571914
ENSG00000067113.17,2861.255611,-1.763319259,0.198180981,9.39E-20,3.54E-18,PLPP1,1.763319259
ENSG00000235450.1,1.25722687,-1.76310603,0.551640915,0.000255347,0.000958717,AC079760.1,1.76310603
ENSG00000148926.10,1306.384565,-1.763053308,0.331119459,1.55E-08,1.28E-07,ADM,1.763053308
ENSG00000286351.1,1.227509614,-1.762877001,0.518058003,0.000115233,0.00046731,AC046129.1,1.762877001
ENSG00000254456.6,1.050381597,-1.762791565,0.814005569,0.004906741,0.013359884,LINC02699,1.762791565
ENSG00000108878.5,94.0820656,-1.762581271,0.44999121,4.23E-18,1.33E-16,CACNG1,1.762581271
ENSG00000142583.18,283.9552427,-1.762465417,0.288989221,0.006634416,0.017425044,SLC2A5,1.762465417
ENSG00000179270.7,16.65703176,-1.762413518,0.502806313,6.69E-05,0.000285618,PCARE,1.762413518
ENSG00000253311.3,1.171603963,-1.762216741,0.563436515,0.000228208,0.000864588,LINC01847,1.762216741
ENSG00000153086.14,42.91084007,1.761869057,0.432289789,7.01E-06,3.63E-05,ACMSD,1.761869057
ENSG00000253763.1,12.79066336,-1.761852716,0.542419204,0.000151252,0.000597705,IGHV3-6,1.761852716
ENSG00000272632.1,1.875323857,-1.761733516,0.500012293,7.34E-05,0.000310733,AC097504.2,1.761733516
ENSG00000172955.17,16.53897571,-1.761409026,0.265752682,4.79E-12,6.80E-11,ADH6,1.761409026
ENSG00000173699.16,2.324562012,-1.760241785,0.613335983,0.000556241,0.001933816,SPATA3,1.760241785
ENSG00000224621.1,4.760565656,-1.760178363,0.32531812,1.17E-08,9.82E-08,AL451042.1,1.760178363
ENSG00000100346.18,134.8709457,1.760171085,0.415858968,3.52E-06,1.93E-05,CACNA1I,1.760171085
ENSG00000157734.14,234.1586736,1.759881887,0.352721788,0.001267238,0.004042403,SNX22,1.759881887
ENSG00000229674.2,0.812554166,1.759575246,1.1970785,0.020625054,0.046332474,H2AL1RP,1.759575246
ENSG00000001626.16,59.05940054,-1.759432934,0.425136783,5.03E-06,2.68E-05,CFTR,1.759432934
ENSG00000272541.1,6.475925128,-1.759307472,0.452015285,1.38E-05,6.73E-05,AL021368.3,1.759307472
ENSG00000239473.1,2.0136731,-1.758919907,0.488375882,5.03E-05,0.000220371,RPL7P38,1.758919907
ENSG00000263312.1,0.835359388,1.758829981,0.925647129,0.006000897,0.015954199,LINC01975,1.758829981
ENSG00000205449.11,1.136789931,1.758680758,0.934135479,0.007991177,0.020447169,NBPF22P,1.758680758
ENSG00000287367.1,11.70721963,-1.758538001,0.333897172,2.31E-08,1.85E-07,AC016583.2,1.758538001
ENSG00000278811.4,49.83690372,-1.758480197,0.431022895,5.64E-05,0.000244342,LINC00624,1.758480197
ENSG00000175920.18,333.6875858,1.758221044,0.466718687,2.39E-05,0.000111906,DOK7,1.758221044
ENSG00000214338.10,7.753432482,-1.758097576,0.241945378,7.35E-14,1.34E-12,SOGA3,1.758097576
ENSG00000277561.5,5.078138547,-1.758015875,0.395931319,1.41E-06,8.28E-06,GOLGA8IP,1.758015875
ENSG00000185203.12,0.767476421,1.757983178,1.091568565,0.017645999,0.040583421,WASIR1,1.757983178
ENSG00000131015.5,59.27596522,1.757882699,0.309076044,2.12E-09,2.01E-08,ULBP2,1.757882699
ENSG00000136542.9,1307.266166,1.757454143,0.366370667,2.76E-07,1.85E-06,GALNT5,1.757454143
ENSG00000114631.11,1981.724446,1.757113943,0.230609861,4.79E-15,1.02E-13,PODXL2,1.757113943
ENSG00000214575.9,101.7998859,-1.757078218,0.209605591,7.59E-18,2.32E-16,CPEB1,1.757078218
ENSG00000235275.3,3.018576058,1.75702907,0.392940171,1.42E-06,8.36E-06,KRT18P16,1.75702907
ENSG00000154856.13,3154.235279,-1.756519655,0.247795848,2.21E-13,3.79E-12,APCDD1,1.756519655
ENSG00000065534.19,18494.66474,-1.756166199,0.265108341,3.79E-12,5.49E-11,MYLK,1.756166199
ENSG00000273870.1,3.359052146,-1.755904454,0.396156208,1.41E-06,8.30E-06,AL138721.1,1.755904454
ENSG00000207171.1,0.622347621,1.755832195,0.713660984,0.003059832,0.008841639,AC079926.1,1.755832195
ENSG00000104522.16,4286.129149,1.755427406,0.180198391,3.27E-23,1.75E-21,GFUS,1.755427406
ENSG00000228639.8,235.0616474,-1.755409142,0.641112552,0.000751485,0.002537723,ROCR,1.755409142
ENSG00000223609.11,2.888580396,-1.755405557,0.54815108,0.00016929,0.000661336,HBD,1.755405557
ENSG00000254815.6,38.20085984,1.755253569,0.450476288,1.45E-05,7.06E-05,LMNTD2-AS1,1.755253569
ENSG00000248994.2,211.6949816,-1.754410181,0.358919559,1.57E-07,1.10E-06,AC124852.1,1.754410181
ENSG00000254192.1,5.864199822,-1.753951817,0.27174642,3.03E-11,3.84E-10,AC011365.1,1.753951817
ENSG00000128165.9,461.9124024,1.753909382,0.248383728,2.76E-13,4.66E-12,ADM2,1.753909382
ENSG00000236965.4,0.840757417,-1.753667923,0.739486343,0.001895472,0.005775808,OR52N3P,1.753667923
ENSG00000181074.4,7.744942221,-1.753502061,0.315963091,4.18E-09,3.79E-08,OR52N4,1.753502061
ENSG00000244791.3,4.207938827,1.753245998,0.621325702,0.00062181,0.002138608,AC087667.1,1.753245998
ENSG00000249992.2,541.2331926,1.75321021,0.385256345,8.42E-07,5.16E-06,TMEM158,1.75321021
ENSG00000226629.1,2.958321977,-1.753029114,0.504994899,7.14E-05,0.000302929,LINC00974,1.753029114
ENSG00000278108.1,2.053492846,-1.753027725,0.550905618,0.000242491,0.000914382,MIR6757,1.753027725
ENSG00000250101.1,1.531653238,1.752950888,0.539778327,0.000209764,0.00080158,AC106795.3,1.752950888
ENSG00000187741.15,397.3145045,1.752920657,0.232632837,8.50E-15,1.76E-13,FANCA,1.752920657
ENSG00000258828.2,1.527783296,1.752598234,0.55691533,0.000246761,0.000929054,KRT8P2,1.752598234
ENSG00000089692.9,211.2809492,1.752250554,0.327730128,1.48E-08,1.23E-07,LAG3,1.752250554
ENSG00000286015.1,22.95401477,1.752208237,0.654506708,0.000920149,0.003037828,CR589904.2,1.752208237
ENSG00000197565.16,605.2486708,-1.751923797,0.32835652,1.49E-08,1.23E-07,COL4A6,1.751923797
ENSG00000199836.1,0.875528008,1.751817481,0.774078179,0.003652384,0.010330497,RNU1-47P,1.751817481
ENSG00000222881.1,1.241693756,1.751574121,0.64490245,0.000985431,0.003231359,Y_RNA,1.751574121
ENSG00000272506.1,4.624532271,-1.751552451,0.344487724,6.60E-08,4.91E-07,AL357078.2,1.751552451
ENSG00000114529.13,641.4717166,1.751115602,0.244186237,1.33E-13,2.34E-12,C3orf52,1.751115602
ENSG00000213538.5,14.4061192,1.748860439,0.396597072,1.63E-06,9.44E-06,KRT8P41,1.748860439
ENSG00000073111.14,1337.690598,1.74873075,0.223136806,8.20E-16,1.93E-14,MCM2,1.74873075
ENSG00000128422.17,19447.7735,-1.748060662,0.512781152,7.67E-05,0.000323672,KRT17,1.748060662
ENSG00000272823.1,18.70141671,-1.747986877,0.296197318,5.81E-10,6.02E-09,AL445423.1,1.747986877
ENSG00000168907.13,330.7587475,1.747793841,0.35652201,1.53E-07,1.07E-06,PLA2G4F,1.747793841
ENSG00000161905.13,205.9307665,-1.747769637,0.516412793,9.78E-05,0.000403547,ALOX15,1.747769637
ENSG00000261716.2,372.8993144,1.747417155,0.244267099,1.43E-13,2.50E-12,H2BC20P,1.747417155
ENSG00000233354.1,1.558580768,-1.747366564,0.487717602,5.48E-05,0.000238211,LINC00028,1.747366564
ENSG00000254420.1,1.746152703,1.747315422,0.562143657,0.000272589,0.001016457,AP003086.1,1.747315422
ENSG00000254703.2,46.64232981,-1.747190803,0.207156564,5.23E-18,1.63E-16,SENCR,1.747190803
ENSG00000257677.2,0.561203166,-1.747046363,0.812985337,0.007594704,0.019574725,LINC02464,1.747046363
ENSG00000259441.2,3.853944808,-1.746457845,0.51894249,0.000111377,0.000453731,MRPL15P1,1.746457845
ENSG00000111331.13,7383.555786,1.746277845,0.283292589,1.22E-10,1.41E-09,OAS3,1.746277845
ENSG00000173482.17,4707.605474,-1.746263978,0.22132534,3.73E-16,9.24E-15,PTPRM,1.746263978
ENSG00000259719.6,3.077717541,-1.746194441,0.366309111,2.94E-07,1.96E-06,LINC02284,1.746194441
ENSG00000121594.12,45.06770003,1.746188311,0.322297308,9.98E-09,8.53E-08,CD80,1.746188311
ENSG00000119915.5,83.28844462,-1.746123838,0.390947995,1.21E-06,7.23E-06,ELOVL3,1.746123838
ENSG00000285918.1,21.96748175,-1.746081312,0.302796211,1.35E-09,1.32E-08,AC092376.3,1.746081312
ENSG00000269950.1,1.272784959,-1.745865717,0.691477432,0.000758681,0.002560263,AP000962.1,1.745865717
ENSG00000079337.16,1502.872246,-1.745834971,0.211843553,2.78E-17,7.96E-16,RAPGEF3,1.745834971
ENSG00000132182.12,4775.047551,1.745653369,0.209198204,1.68E-17,4.94E-16,NUP210,1.745653369
ENSG00000279208.1,7.244368883,-1.745550624,0.387071333,9.85E-07,5.97E-06,CR381653.2,1.745550624
ENSG00000188523.9,14.38551703,1.745533891,0.42461494,5.78E-06,3.05E-05,CFAP77,1.745533891
ENSG00000172548.14,27.59043148,1.745456743,0.422328231,0.018760611,0.042792011,NIPAL4,1.745456743
ENSG00000248464.1,10.85972702,-1.745397557,0.455198056,1.76E-05,8.43E-05,FGF10-AS1,1.745397557
ENSG00000174576.10,15.39461003,1.745241036,0.366496578,6.97E-05,0.000296527,NPAS4,1.745241036
ENSG00000168754.15,161.9458995,1.744766562,0.426988924,6.58E-06,3.43E-05,FAM178B,1.744766562
ENSG00000251258.2,3.262339835,1.744704406,0.465045368,0.011163456,0.027339019,RFPL4B,1.744704406
ENSG00000261215.1,3.606410856,-1.74470052,0.375020851,6.01E-07,3.79E-06,AL162231.4,1.74470052
ENSG00000279447.1,8.670362815,-1.743848732,0.285789755,2.09E-10,2.32E-09,AL118508.3,1.743848732
ENSG00000149554.13,608.6021896,1.743830892,0.18814676,3.75E-21,1.63E-19,CHEK1,1.743830892
ENSG00000186790.6,2.890229296,1.743745531,0.56859389,0.000319529,0.001173448,FOXE3,1.743745531
ENSG00000286763.1,0.965603445,-1.743618746,0.581706181,0.000396338,0.001424237,AC012533.1,1.743618746
ENSG00000236711.2,3.096560108,-1.74356436,0.400044541,2.06E-06,1.18E-05,SMAD9-IT1,1.74356436
ENSG00000180525.13,57.44341021,-1.742707574,0.369792037,3.88E-07,2.53E-06,PRR26,1.742707574
ENSG00000143520.6,1.583054903,-1.742332174,0.450751872,2.28E-05,0.00010731,FLG2,1.742332174
ENSG00000214814.7,15.62415856,1.742271513,0.495765072,6.31E-05,0.000270823,FER1L6,1.742271513
ENSG00000238078.1,32.95716809,-1.741755342,0.270301168,1.88E-11,2.44E-10,LINC01352,1.741755342
ENSG00000196584.3,284.91016,1.741556167,0.225897347,2.23E-15,4.99E-14,XRCC2,1.741556167
ENSG00000122644.13,2006.951709,-1.741210298,0.201810812,1.05E-18,3.55E-17,ARL4A,1.741210298
ENSG00000196972.9,126.1468299,-1.740837269,0.184129458,5.92E-22,2.80E-20,SMIM10L2B,1.740837269
ENSG00000226650.6,2.366330213,1.740723533,0.399153095,2.05E-06,1.17E-05,KIF4B,1.740723533
ENSG00000226943.3,1.763269276,1.740677642,0.745246609,0.002161541,0.006503827,ALG1L5P,1.740677642
ENSG00000244266.1,1.203577136,-1.740153754,0.556191428,0.000265728,0.000993797,AC090058.1,1.740153754
ENSG00000286376.1,2.386436078,-1.739882269,0.399667232,2.19E-06,1.25E-05,AC006041.2,1.739882269
ENSG00000198937.9,597.639651,1.739418206,0.170404933,2.83E-25,1.88E-23,CCDC167,1.739418206
ENSG00000106113.19,31.22978385,-1.739211659,0.293363141,4.88E-10,5.12E-09,CRHR2,1.739211659
ENSG00000268472.2,1.410106523,-1.739109308,0.460802769,2.92E-05,0.000133921,AP002884.3,1.739109308
ENSG00000101331.17,226.1988402,-1.7389793,0.205204962,4.07E-18,1.28E-16,CCM2L,1.7389793
ENSG00000137204.15,1.930166917,1.738130437,0.65486266,0.001055457,0.003432333,SLC22A7,1.738130437
ENSG00000265296.1,6.42810639,1.737634052,0.465314619,2.82E-05,0.000129962,FEM1AP2,1.737634052
ENSG00000122735.16,95.21831057,1.737623334,0.400408669,2.18E-06,1.24E-05,DNAI1,1.737623334
ENSG00000111218.12,6.538725328,1.737606223,0.535020777,0.000160689,0.00063062,PRMT8,1.737606223
ENSG00000258647.6,126.4298031,1.737523546,0.423921474,6.36E-06,3.32E-05,LINC00930,1.737523546
ENSG00000276509.1,5.485215211,1.73743585,0.355426053,1.74E-07,1.20E-06,AC239799.1,1.73743585
ENSG00000231439.4,32.83634079,1.737090059,0.383947999,9.52E-07,5.79E-06,WASIR2,1.737090059
ENSG00000171408.14,359.0582306,-1.736794633,0.209561775,1.95E-17,5.71E-16,PDE7B,1.736794633
ENSG00000133742.14,2.849722599,-1.736751119,0.445984173,1.42E-05,6.92E-05,CA1,1.736751119
ENSG00000261856.1,1.000826146,-1.736603766,0.732672641,0.004002861,0.011181711,LINC02186,1.736603766
ENSG00000108551.5,2111.321492,-1.736464408,0.338675081,3.66E-08,2.84E-07,RASD1,1.736464408
ENSG00000279405.1,2.747367713,-1.736275639,0.415389449,5.30E-06,2.81E-05,AC004696.2,1.736275639
ENSG00000151023.17,27.73538833,1.735832074,0.31898545,8.34E-09,7.20E-08,ENKUR,1.735832074
ENSG00000020577.14,2119.990477,-1.735643058,0.232053118,9.12E-15,1.87E-13,SAMD4A,1.735643058
ENSG00000156574.10,15.29197007,-1.735386963,0.282200479,1.02E-10,1.19E-09,NODAL,1.735386963
ENSG00000249302.2,1.122015782,-1.735060697,0.639804609,0.000996614,0.003261766,FTH1P24,1.735060697
ENSG00000260926.3,0.752595293,-1.734844499,0.776210118,0.004052176,0.011304998,AC016134.1,1.734844499
ENSG00000253766.1,1.052841258,-1.734454844,0.624826899,0.000567044,0.001966259,AC091946.1,1.734454844
ENSG00000263718.2,3.655599376,1.734446726,0.394278794,1.73E-06,1.00E-05,SEPTIN9-DT,1.734446726
ENSG00000140092.14,6357.487148,-1.73443105,0.191999712,1.76E-20,7.19E-19,FBLN5,1.73443105
ENSG00000212418.1,0.463169919,-1.734392578,0.823659137,0.011939635,0.028979711,RNY4P36,1.734392578
ENSG00000178935.5,3059.548279,1.7340549,0.286596655,2.32E-10,2.56E-09,ZNF552,1.7340549
ENSG00000108829.10,9045.97612,1.732918506,0.221911877,1.45E-15,3.33E-14,LRRC59,1.732918506
ENSG00000145198.14,36.25011417,1.732321806,0.377856682,7.16E-07,4.45E-06,VWA5B2,1.732321806
ENSG00000256069.7,20.73917694,-1.731988544,0.281131498,1.03E-10,1.20E-09,A2MP1,1.731988544
ENSG00000224559.2,299.9752143,1.731728387,0.581431934,0.000392831,0.001413055,LINC01087,1.731728387
ENSG00000274541.1,1.473277118,1.731636733,1.019588097,0.009266735,0.023277346,AL121955.1,1.731636733
ENSG00000122861.16,3426.424684,1.731463418,0.233874706,2.54E-14,4.92E-13,PLAU,1.731463418
ENSG00000115648.14,13966.33298,1.731302793,0.315281262,7.07E-09,6.17E-08,MLPH,1.731302793
ENSG00000253702.1,2.643359606,-1.73130074,0.457010047,2.94E-05,0.000134876,LINC02847,1.73130074
ENSG00000081377.17,1493.645468,-1.731236233,0.201419376,1.42E-18,4.76E-17,CDC14B,1.731236233
ENSG00000249684.6,69.14985793,1.731071432,0.272670472,3.64E-11,4.56E-10,AC106795.2,1.731071432
ENSG00000175065.12,4.96433049,-1.730974359,0.43505992,1.06E-05,5.28E-05,DSG4,1.730974359
ENSG00000141449.15,934.2390356,1.73061186,0.322486334,1.36E-08,1.13E-07,GREB1L,1.73061186
ENSG00000106123.12,509.8611231,-1.730551977,0.216978197,2.56E-16,6.46E-15,EPHB6,1.730551977
ENSG00000237281.1,1.431043529,1.73032073,0.59605671,0.000512948,0.0017974,CATIP-AS2,1.73032073
ENSG00000187871.2,2.800990517,-1.730319826,0.832878602,0.00381533,0.010728038,GFRAL,1.730319826
ENSG00000151025.11,85.216509,1.729876888,0.502011221,8.26E-05,0.000345851,GPR158,1.729876888
ENSG00000137699.17,6303.179961,-1.729516146,0.480596325,4.56E-05,0.000201343,TRIM29,1.729516146
ENSG00000171201.12,72.79648769,-1.729413836,0.665847954,5.79E-21,2.47E-19,SMR3B,1.729413836
ENSG00000182600.9,334.8445999,-1.728939688,0.424856163,7.07E-06,3.66E-05,SNORC,1.728939688
ENSG00000130720.13,227.7512919,1.728721152,0.644768391,0.00094871,0.00312215,FIBCD1,1.728721152
ENSG00000170486.11,6.561693956,1.728356243,0.719459068,0.001944918,0.005913635,KRT72,1.728356243
ENSG00000232065.1,8.384042751,1.728236063,0.33865557,5.41E-08,4.08E-07,LINC01063,1.728236063
ENSG00000250221.1,5.363440987,1.728011297,0.345915233,1.01E-07,7.34E-07,KRT8P32,1.728011297
ENSG00000174226.9,14.71411111,-1.727954524,0.403130903,2.27E-06,1.29E-05,SNX31,1.727954524
ENSG00000212195.2,5.921667988,1.727809459,0.559948245,0.00028242,0.00104953,U3,1.727809459
ENSG00000196569.13,3544.348108,-1.727530807,0.225468314,3.11E-15,6.80E-14,LAMA2,1.727530807
ENSG00000275484.1,23.95563331,1.727337837,0.376706256,7.56E-07,4.67E-06,AP003419.3,1.727337837
ENSG00000259359.2,1.595702321,-1.727310766,0.536830379,0.000214417,0.000817306,AC012409.1,1.727310766
ENSG00000144057.15,614.8049996,1.72730085,0.351649338,1.50E-07,1.05E-06,ST6GAL2,1.72730085
ENSG00000268080.2,5.717914608,1.727279905,0.918347449,0.005658024,0.015136872,AC016885.3,1.727279905
ENSG00000278517.1,0.550910786,-1.727253409,0.908805601,0.013481647,0.032193363,MIR6865,1.727253409
ENSG00000117425.14,267.5360383,-1.727154288,0.213054861,8.65E-17,2.32E-15,PTCH2,1.727154288
ENSG00000236591.1,2.550924755,1.726446355,0.410034746,5.19E-06,2.76E-05,UST-AS2,1.726446355
ENSG00000250748.6,4.636081478,-1.726418843,0.259579452,5.09E-12,7.17E-11,AC025419.1,1.726418843
ENSG00000235052.1,6.124572509,1.726024696,0.492740103,6.82E-05,0.000290889,AL021154.1,1.726024696
ENSG00000114166.8,1936.950972,-1.72503399,0.225279451,3.23E-15,7.06E-14,KAT2B,1.72503399
ENSG00000253361.3,116.2186706,1.724741188,0.409845193,4.04E-06,2.20E-05,AC069120.1,1.724741188
ENSG00000269495.1,2.021546554,-1.724543234,0.911737229,0.006432897,0.016964951,AC011483.2,1.724543234
ENSG00000234055.1,1.142992713,1.724336569,0.73568047,0.001971075,0.005982979,AL158151.2,1.724336569
ENSG00000273372.1,6.066685796,-1.723837501,0.367752625,4.66E-07,3.00E-06,SFTPD-AS1,1.723837501
ENSG00000158786.5,1.477474623,1.723354242,0.740420148,0.002770468,0.008093029,PLA2G2F,1.723354242
ENSG00000225746.13,15.98127875,-1.72333439,0.258799541,3.68E-12,5.34E-11,MEG8,1.72333439
ENSG00000272824.1,11.9127463,-1.722532934,0.259233709,6.12E-12,8.52E-11,AC245100.6,1.722532934
ENSG00000130701.4,346.9507907,1.72233876,0.28964202,4.56E-10,4.80E-09,RBBP8NL,1.72233876
ENSG00000100307.13,2544.353231,-1.72225225,0.1602234,1.01E-27,9.12E-26,CBX7,1.72225225
ENSG00000233040.2,0.863796755,1.722163539,0.810931957,0.002965638,0.008603657,FAM204BP,1.722163539
ENSG00000104413.18,6671.972302,1.721978704,0.285454407,2.50E-10,2.75E-09,ESRP1,1.721978704
ENSG00000234197.1,3.361064698,-1.720995876,0.414711556,5.96E-06,3.13E-05,ETV5-AS1,1.720995876
ENSG00000230333.6,75.37217799,-1.720935248,0.390732081,1.65E-06,9.54E-06,AC004160.1,1.720935248
ENSG00000169218.14,342.9583769,-1.720825739,0.485997502,5.72E-05,0.000247662,RSPO1,1.720825739
ENSG00000272551.1,26.77552088,1.720795949,0.366301439,4.34E-07,2.81E-06,AC017048.3,1.720795949
ENSG00000285928.1,65.03578944,-1.720704784,0.229146234,9.36E-15,1.92E-13,AC103591.4,1.720704784
ENSG00000255571.9,503.9331759,1.720386351,0.346581942,1.10E-07,7.92E-07,MIR9-3HG,1.720386351
ENSG00000181804.15,694.9728954,-1.72025802,0.198514585,7.70E-19,2.64E-17,SLC9A9,1.72025802
ENSG00000102678.7,36.12570371,-1.719865768,0.323644966,4.25E-16,1.05E-14,FGF9,1.719865768
ENSG00000231292.6,70.25781266,-1.719606331,0.449511497,1.90E-05,9.04E-05,IGKV1OR2-108,1.719606331
ENSG00000288225.1,0.660616736,-1.719137526,0.80441375,0.005425818,0.014589174,AL591926.7,1.719137526
ENSG00000206150.4,1.729048022,-1.719005654,0.401842246,3.54E-06,1.94E-05,RNASE13,1.719005654
ENSG00000150510.17,289.7993253,-1.718860768,0.151233122,1.14E-30,1.44E-28,FAM124A,1.718860768
ENSG00000165071.15,252.2779702,-1.718822347,0.316481333,9.22E-09,7.92E-08,TMEM71,1.718822347
ENSG00000254057.1,2.108491443,1.718584491,0.524486105,0.000138992,0.000553377,AC084346.1,1.718584491
ENSG00000211896.7,79264.28481,1.718476726,0.584865879,0.000445337,0.001582793,IGHG1,1.718476726
ENSG00000204933.3,0.841342546,1.718377119,1.477849981,0.021752358,0.048497141,CD177P1,1.718377119
ENSG00000271584.2,3.999627627,-1.718222527,0.382127058,1.23E-06,7.33E-06,LINC02550,1.718222527
ENSG00000279024.1,3.185409123,1.717884518,0.498358297,9.01E-05,0.000374261,AC112255.1,1.717884518
ENSG00000229282.2,2.428076107,-1.717005606,0.455548426,2.86E-05,0.000131331,AL031963.2,1.717005606
ENSG00000268866.1,1.429252526,1.716203302,0.677979909,0.00169713,0.005228203,AC020915.3,1.716203302
ENSG00000233540.1,1.452043329,1.716196535,0.597610931,0.000566671,0.001965422,DNM3-IT1,1.716196535
ENSG00000243449.6,104.1110393,1.715681527,0.259137861,5.93E-12,8.28E-11,C4orf48,1.715681527
ENSG00000275088.1,8.134263247,-1.715484645,0.357795084,2.73E-07,1.84E-06,AC026469.1,1.715484645
ENSG00000236304.1,46.0737226,-1.715309749,0.294544387,9.23E-10,9.27E-09,AP001189.1,1.715309749
ENSG00000253366.3,3.566993765,1.714939917,0.865397579,0.005162663,0.01396475,GUSBP16,1.714939917
ENSG00000152086.9,39.14701873,1.71435016,0.545593278,0.000239428,0.000903871,TUBA3E,1.71435016
ENSG00000170577.8,303.096804,1.714194474,0.383269924,1.24E-06,7.36E-06,SIX2,1.714194474
ENSG00000163218.15,5.389644077,1.714004609,0.629610408,0.000878877,0.002918497,PGLYRP4,1.714004609
ENSG00000186998.16,418.6927873,1.713185698,0.292656662,0.011962193,0.029023704,EMID1,1.713185698
ENSG00000177666.17,10497.05136,-1.712735898,0.259608506,4.82E-12,6.84E-11,PNPLA2,1.712735898
ENSG00000242068.1,2.510778571,-1.712694434,0.536358436,0.000214896,0.000818734,AC108734.3,1.712694434
ENSG00000199731.1,1.434576651,-1.712556988,0.478598706,4.82E-05,0.000211926,RNU6-1079P,1.712556988
ENSG00000177212.4,0.665173835,1.712459764,1.094855351,0.020411888,0.045936103,OR2T33,1.712459764
ENSG00000204670.7,2.960934999,-1.711551788,0.572396877,0.000380685,0.001375284,IGKV1OR2-3,1.711551788
ENSG00000241593.5,3.037421673,-1.711547986,0.417277602,6.58E-06,3.43E-05,AC099542.1,1.711547986
ENSG00000259434.2,0.599044878,-1.711354649,0.712950464,0.003250043,0.009318641,AC068875.1,1.711354649
ENSG00000162769.13,1192.669658,1.711238541,0.1420104,4.23E-34,8.07E-32,FLVCR1,1.711238541
ENSG00000242888.1,1.302243774,1.711157469,0.645073737,0.001247503,0.003985275,AL133368.1,1.711157469
ENSG00000286642.1,0.758504482,1.711125595,1.000961753,0.014574619,0.034428702,AC091646.1,1.711125595
ENSG00000240240.9,1.530144496,-1.710640634,0.483253907,6.62E-05,0.000283187,BX664727.3,1.710640634
ENSG00000230400.3,2.745354259,1.710488654,0.440288537,1.89E-05,9.03E-05,LINC01747,1.710488654
ENSG00000183779.7,7807.415809,1.710159707,0.302912174,3.04E-09,2.81E-08,ZNF703,1.710159707
ENSG00000159200.18,8153.362543,-1.710050241,0.290459026,4.74E-10,4.98E-09,RCAN1,1.710050241
ENSG00000272625.1,4.129214145,-1.709753265,0.344712148,1.02E-07,7.38E-07,AP000919.3,1.709753265
ENSG00000198865.10,92.20232648,-1.709431021,0.183849313,2.84E-21,1.27E-19,CCDC152,1.709431021
ENSG00000197705.10,49.14087728,-1.709188369,0.276148919,9.56E-11,1.12E-09,KLHL14,1.709188369
ENSG00000003137.8,837.7540557,-1.708821491,0.398146978,2.75E-06,1.54E-05,CYP26B1,1.708821491
ENSG00000162618.15,3343.869133,-1.708813151,0.210002412,6.19E-17,1.69E-15,ADGRL4,1.708813151
ENSG00000276048.1,1.390955586,1.708511171,1.039678476,0.005637796,0.015088921,AC012354.4,1.708511171
ENSG00000218690.2,3.651502827,1.708399356,0.698309951,0.001881664,0.005739074,H2AC10P,1.708399356
ENSG00000277684.1,5.18202405,-1.70833515,0.249050099,1.67E-12,2.54E-11,AL392048.1,1.70833515
ENSG00000278642.1,3.252189025,1.707986069,0.501646553,9.97E-05,0.00041018,AC015813.4,1.707986069
ENSG00000204022.9,9.79855715,-1.70784348,0.253426592,2.15E-12,3.22E-11,LIPJ,1.70784348
ENSG00000165120.5,1.697571939,-1.707569101,0.556106443,0.000345574,0.001259911,SSMEM1,1.707569101
ENSG00000168502.17,711.7507601,1.70738342,0.262577895,1.32E-11,1.75E-10,MTCL1,1.70738342
ENSG00000123219.13,206.4306948,1.706876901,0.217935824,8.84E-16,2.07E-14,CENPK,1.706876901
ENSG00000228079.2,3.519784216,-1.706363125,0.369711552,6.59E-07,4.13E-06,AC012368.2,1.706363125
ENSG00000131069.20,4858.862539,-1.706318299,0.189339535,3.02E-20,1.19E-18,ACSS2,1.706318299
ENSG00000261737.1,68.24574562,-1.706198784,0.187381555,1.67E-20,6.85E-19,CLCA4-AS1,1.706198784
ENSG00000164404.8,126.7050851,1.706176648,0.372890579,7.83E-07,4.82E-06,GDF9,1.706176648
ENSG00000235214.1,1.766887603,1.706118743,0.538880648,0.000238552,0.000900651,FAM83C-AS1,1.706118743
ENSG00000286294.1,1.002419801,-1.705833629,0.782526512,0.004900761,0.013346378,AC107398.5,1.705833629
ENSG00000146122.17,1798.940846,-1.705798052,0.229754368,1.96E-14,3.86E-13,DAAM2,1.705798052
ENSG00000155659.15,1532.282755,-1.705597851,0.319576221,1.45E-08,1.20E-07,VSIG4,1.705597851
ENSG00000173918.15,3033.097722,-1.705547843,0.241981456,3.09E-13,5.17E-12,C1QTNF1,1.705547843
ENSG00000236051.7,1.635063447,-1.705395523,0.475326049,5.45E-05,0.000236999,MYCBP2-AS1,1.705395523
ENSG00000127586.17,743.8173382,1.70518636,0.237562536,1.33E-13,2.35E-12,CHTF18,1.70518636
ENSG00000288547.3,19.52474393,1.705037228,0.317244303,1.38E-08,1.15E-07,C3orf36,1.705037228
ENSG00000225172.6,0.773131001,1.704855509,0.916640178,0.008966153,0.022620663,AC096631.1,1.704855509
ENSG00000282511.1,1.763079331,-1.703676027,0.551467743,0.000316527,0.001163837,CLUHP10,1.703676027
ENSG00000273824.1,4.787165282,-1.703554117,0.391718522,2.01E-06,1.15E-05,AC008033.3,1.703554117
ENSG00000287630.1,1.35671696,1.703421568,1.303577187,0.010045181,0.024947205,AC011370.1,1.703421568
ENSG00000287512.1,1.651429247,-1.703292982,0.643783546,0.001121529,0.003627079,AC019131.3,1.703292982
ENSG00000231107.2,15.32747834,1.703077591,0.506301245,0.000114267,0.000463918,LINC01508,1.703077591
ENSG00000214190.2,0.871727983,1.702259856,0.552139529,0.000287719,0.001067003,RNF152P1,1.702259856
ENSG00000287244.1,1.768985147,-1.701824962,0.492231165,9.11E-05,0.00037821,AL020997.5,1.701824962
ENSG00000249931.4,5.406061842,-1.701711199,0.378771804,1.24E-06,7.38E-06,GOLGA8K,1.701711199
ENSG00000119969.15,671.9629055,1.701696095,0.215912859,5.89E-16,1.42E-14,HELLS,1.701696095
ENSG00000248245.1,2.268320334,1.701671656,0.433942093,1.50E-05,7.28E-05,AC010307.2,1.701671656
ENSG00000274478.1,0.612100773,-1.701440708,0.792678987,0.007476031,0.019313982,AC009154.2,1.701440708
ENSG00000110484.7,63807.90777,1.701377635,0.779177185,0.003323274,0.009502949,SCGB2A2,1.701377635
ENSG00000183876.9,223.273972,1.701324512,0.285293226,4.37E-10,4.64E-09,ARSI,1.701324512
ENSG00000133027.18,922.1059412,-1.700550338,0.252831199,3.00E-12,4.41E-11,PEMT,1.700550338
ENSG00000025039.15,1674.822991,-1.699283139,0.282221431,2.88E-10,3.15E-09,RRAGD,1.699283139
ENSG00000230707.1,0.836771971,-1.698940595,0.688968783,0.003359745,0.009596758,AL589987.1,1.698940595
ENSG00000234177.5,2.385203865,-1.698920097,0.599562883,0.000713778,0.002422467,LINC01114,1.698920097
ENSG00000185010.15,2394.290335,-1.69884137,0.21244924,2.24E-16,5.70E-15,F8,1.69884137
ENSG00000067836.13,654.0271355,1.698540841,0.217527314,9.90E-16,2.31E-14,ROGDI,1.698540841
ENSG00000245685.7,56.94735977,-1.69821622,0.278944261,1.92E-10,2.15E-09,FRG1-DT,1.69821622
ENSG00000213183.3,0.612432489,-1.698130461,0.712667955,0.003184194,0.009154556,RPS7P8,1.698130461
ENSG00000256995.8,2.011269252,1.697466722,0.659784288,0.00148365,0.00464412,AC084816.1,1.697466722
ENSG00000279118.1,236.0834484,-1.697133195,0.218303367,1.36E-15,3.12E-14,AC093535.2,1.697133195
ENSG00000254290.1,51.10196925,1.696881042,0.408811365,5.30E-06,2.81E-05,AC124067.4,1.696881042
ENSG00000283051.1,5.609302717,-1.696618106,0.416587634,7.33E-06,3.78E-05,LINC01668,1.696618106
ENSG00000157557.13,4715.944359,-1.696333135,0.128161259,8.32E-41,3.85E-38,ETS2,1.696333135
ENSG00000124092.12,1.844074766,1.696181507,0.429455996,0.021209336,0.047475075,CTCFL,1.696181507
ENSG00000267446.1,0.672294227,-1.696170017,0.719669804,0.004477762,0.012332918,AC003070.2,1.696170017
ENSG00000224853.3,2.916327083,1.696102942,0.402559431,9.98E-11,1.17E-09,LINC00393,1.696102942
ENSG00000240498.9,57.38298363,1.696036838,0.236660789,1.44E-13,2.52E-12,CDKN2B-AS1,1.696036838
ENSG00000211647.1,6.016906425,-1.695605251,0.457963258,3.35E-05,0.000152269,IGLV5-48,1.695605251
ENSG00000257231.1,2.893917538,-1.69551475,0.348770238,2.27E-07,1.55E-06,DYNLL1P4,1.69551475
ENSG00000139610.2,1.826187376,1.695434938,0.595328327,0.000572366,0.001983313,CELA1,1.695434938
ENSG00000256799.1,0.623833741,-1.695414612,0.796296018,0.007433377,0.019218409,AC005832.3,1.695414612
ENSG00000232692.1,18.44852523,-1.695387109,0.287785427,7.97E-10,8.11E-09,AP001596.1,1.695387109
ENSG00000267026.5,2.843880939,-1.694781272,0.410090274,6.47E-06,3.37E-05,AL136084.1,1.694781272
ENSG00000011465.18,85326.19259,-1.694729479,0.260370888,1.28E-11,1.71E-10,DCN,1.694729479
ENSG00000157368.11,742.2310505,-1.69449468,0.301210328,2.99E-09,2.77E-08,IL34,1.69449468
ENSG00000238279.1,12.78159652,-1.694142929,0.255073118,5.00E-12,7.06E-11,BX470102.1,1.694142929
ENSG00000285955.1,7.385793823,-1.694020403,0.313547392,9.56E-09,8.19E-08,BX842242.1,1.694020403
ENSG00000197599.12,61.92477936,1.694007617,0.330641909,5.01E-08,3.81E-07,CCDC154,1.694007617
ENSG00000266265.4,38.59609064,-1.69398098,0.413810541,6.93E-06,3.60E-05,KLF14,1.69398098
ENSG00000211897.9,11314.67242,1.693904262,0.574286125,0.000506598,0.001777209,IGHG3,1.693904262
ENSG00000150045.12,35.63946757,-1.693509305,0.255125023,5.16E-12,7.27E-11,KLRF1,1.693509305
ENSG00000223774.5,4.612615356,-1.69322537,0.340749608,1.11E-07,7.99E-07,AL513217.1,1.69322537
ENSG00000251635.2,7.859496861,1.692442907,0.402801839,4.60E-06,2.47E-05,LINC02278,1.692442907
ENSG00000259544.1,1.422375003,-1.692164215,0.547550649,0.000265591,0.000993474,AC021739.3,1.692164215
ENSG00000286983.1,1.298489066,-1.691066376,0.836496796,0.00461264,0.012652953,AC109635.5,1.691066376
ENSG00000124406.16,1427.133842,-1.691029708,0.278182225,2.06E-10,2.29E-09,ATP8A1,1.691029708
ENSG00000287368.1,1.159077932,-1.689918089,0.554305227,0.000439163,0.001562971,AL589645.1,1.689918089
ENSG00000226549.3,7.839393127,-1.689909343,0.593541687,0.000600019,0.002069825,SCDP1,1.689909343
ENSG00000285237.1,0.997836501,-1.689390048,0.713833636,0.002768173,0.008089332,PRSS52P,1.689390048
ENSG00000283378.1,1.237718134,-1.688658042,0.778050678,0.004293634,0.011891647,CNTNAP3C,1.688658042
ENSG00000255221.3,3.65939836,1.688483091,0.494396938,0.000101981,0.000418712,CARD17,1.688483091
ENSG00000178695.6,10834.84378,-1.688424381,0.166012709,3.60E-25,2.36E-23,KCTD12,1.688424381
ENSG00000145087.13,7.227726494,1.688121105,0.360467889,2.84E-06,1.59E-05,STXBP5L,1.688121105
ENSG00000253608.2,2.007235451,-1.687787563,0.517524485,0.000181685,0.000705407,AC022915.2,1.687787563
ENSG00000259030.7,44.44596019,-1.687751716,0.247064917,1.57E-12,2.40E-11,FPGT-TNNI3K,1.687751716
ENSG00000146950.13,1083.141257,1.687735391,0.194613208,8.52E-19,2.90E-17,SHROOM2,1.687735391
ENSG00000214289.2,4.585739716,-1.687731878,0.347537193,1.72E-07,1.19E-06,RPL39P5,1.687731878
ENSG00000196507.11,2776.372625,1.687658915,0.244964192,1.08E-12,1.69E-11,TCEAL3,1.687658915
ENSG00000257341.5,2.362601262,-1.687355973,0.785128263,0.003941886,0.011037281,AL928654.3,1.687355973
ENSG00000227744.4,2.991788398,-1.687018294,0.4254725,1.38E-05,6.74E-05,LINC01940,1.687018294
ENSG00000171724.3,99.70795568,-1.686845143,0.352767926,2.86E-07,1.91E-06,VAT1L,1.686845143
ENSG00000267784.1,1.978980579,-1.686611958,0.759349228,0.003482513,0.009909246,AC010680.1,1.686611958
ENSG00000215333.3,2.062250693,1.686542532,0.451190879,3.39E-05,0.000153558,KRT18P23,1.686542532
ENSG00000235713.1,7.013257816,1.686299369,0.543541055,0.000289917,0.00107424,AC004522.2,1.686299369
ENSG00000158428.4,14.97349197,1.686086609,0.474046039,5.64E-05,0.000244448,CATIP,1.686086609
ENSG00000105695.15,47.56589931,1.685617397,0.563960573,0.000399826,0.001435193,MAG,1.685617397
ENSG00000281327.2,4.616694787,1.685363778,0.362867929,5.16E-07,3.30E-06,LINC01338,1.685363778
ENSG00000255858.3,1.361907932,-1.685355806,0.585467997,0.000555601,0.001932039,AC055720.1,1.685355806
ENSG00000186638.16,409.0253762,1.685207665,0.150326026,6.13E-30,7.04E-28,KIF24,1.685207665
ENSG00000169085.13,8.551462306,1.68518181,0.446155231,2.69E-05,0.00012426,VXN,1.68518181
ENSG00000241709.3,0.582103092,1.684931472,0.970989958,0.018507309,0.042279666,RN7SL265P,1.684931472
ENSG00000256940.2,4.635670551,1.684323616,0.400159325,4.14E-06,2.25E-05,PPP1R14B-AS1,1.684323616
ENSG00000233966.1,11.15933996,1.683525774,0.297838412,2.77E-09,2.59E-08,UBE2SP1,1.683525774
ENSG00000225614.4,1326.422456,1.68336144,0.240917515,5.28E-13,8.61E-12,ZNF469,1.68336144
ENSG00000255203.1,2.22869207,-1.683074856,0.541713471,0.000315891,0.001161746,OR7E2P,1.683074856
ENSG00000108984.15,1987.661752,-1.682674909,0.263524963,2.77E-11,3.54E-10,MAP2K6,1.682674909
ENSG00000126562.17,1014.458037,1.682579115,0.399894516,4.20E-06,2.28E-05,WNK4,1.682579115
ENSG00000237061.1,10.21048261,-1.682096334,0.456622656,3.50E-05,0.000158139,AC100823.1,1.682096334
ENSG00000185681.13,7.82643922,1.682031069,0.407336895,0.011313594,0.027660147,MORN5,1.682031069
ENSG00000273786.1,1.379783701,1.682015064,0.536432524,0.000284221,0.001055325,AC020658.4,1.682015064
ENSG00000288018.1,13.44920107,-1.68196626,0.28108132,4.11E-10,4.37E-09,AP003120.1,1.68196626
ENSG00000168461.13,8889.555215,1.681891518,0.244998453,1.19E-12,1.85E-11,RAB31,1.681891518
ENSG00000126231.15,10.00485131,1.681841121,0.339809817,1.33E-07,9.37E-07,PROZ,1.681841121
ENSG00000279428.1,0.992398072,-1.681470749,0.667423381,0.002415006,0.007170836,AC087164.2,1.681470749
ENSG00000103316.12,188.972604,1.681359809,0.496703413,0.000107024,0.000437403,CRYM,1.681359809
ENSG00000091436.17,9403.23692,-1.681352982,0.265842431,3.75E-11,4.68E-10,MAP3K20,1.681352982
ENSG00000270857.1,0.462930029,-1.681205048,0.897141333,0.022472741,0.049917933,AC007621.3,1.681205048
ENSG00000286682.1,9.095847766,1.68058812,0.299795482,4.10E-09,3.72E-08,AC025262.3,1.68058812
ENSG00000182010.11,329.010021,1.680473276,0.229193644,4.29E-14,8.06E-13,RTKN2,1.680473276
ENSG00000236276.2,2.727055279,1.680303557,0.804368614,0.004208083,0.011686837,NDP-AS1,1.680303557
ENSG00000226145.7,13.00305692,-1.68005687,0.395263886,2.73E-06,1.53E-05,KRT16P6,1.68005687
ENSG00000154611.15,3.348586965,-1.679735917,0.45893778,3.92E-05,0.00017527,PSMA8,1.679735917
ENSG00000240063.1,1.959627012,-1.679371932,0.711191983,0.0019547,0.005937863,AC069431.1,1.679371932
ENSG00000101213.7,754.5057308,1.678832016,0.302307885,4.90E-09,4.38E-08,PTK6,1.678832016
ENSG00000184254.17,1290.722201,-1.678706263,0.267605021,6.14E-11,7.43E-10,ALDH1A3,1.678706263
ENSG00000261451.1,7.198419329,-1.678138296,0.332214225,8.21E-08,6.02E-07,AC104964.2,1.678138296
ENSG00000179639.10,216.2654564,-1.677689446,0.296336844,2.57E-09,2.41E-08,FCER1A,1.677689446
ENSG00000274180.1,2203.653747,-1.677298332,0.224139345,1.29E-14,2.59E-13,NATD1,1.677298332
ENSG00000258851.1,5.379896659,-1.677173126,0.298089236,4.03E-09,3.66E-08,AL139300.2,1.677173126
ENSG00000260737.6,1.276687111,1.677124485,0.500977148,0.000154956,0.000610561,LINC01227,1.677124485
ENSG00000231550.1,5.802707865,1.677014866,0.434974746,0.005790153,0.015440933,PTCHD3P2,1.677014866
ENSG00000286373.1,29.5524239,-1.676837677,0.247288456,1.83E-12,2.77E-11,AC022387.2,1.676837677
ENSG00000169991.11,3326.328741,-1.676794707,0.229165683,4.49E-14,8.40E-13,IFFO2,1.676794707
ENSG00000126467.11,18.95536215,-1.676732065,0.352149222,2.93E-07,1.95E-06,TSKS,1.676732065
ENSG00000197444.10,43.64651038,1.676009678,0.469525625,5.59E-05,0.00024271,OGDHL,1.676009678
ENSG00000228142.2,2.746036954,-1.675783054,0.661053263,0.001572177,0.004885029,AL354861.2,1.675783054
ENSG00000215237.6,25.47464912,-1.675753904,0.220897641,6.06E-15,1.28E-13,AL592293.1,1.675753904
ENSG00000117016.10,626.942284,-1.675274978,0.223781474,1.21E-14,2.46E-13,RIMS3,1.675274978
ENSG00000124664.11,7911.691698,1.67518154,0.337566805,1.45E-07,1.02E-06,SPDEF,1.67518154
ENSG00000134222.16,347.8767599,1.674937642,0.209464931,2.32E-16,5.89E-15,PSRC1,1.674937642
ENSG00000226690.8,3.989781175,1.674852955,0.586370723,0.000632263,0.002171139,AC013470.2,1.674852955
ENSG00000171102.14,329.6815669,1.674545217,0.76814273,0.003465353,0.009867566,OBP2B,1.674545217
ENSG00000259883.2,11.46865326,-1.674342722,0.262647841,3.42E-11,4.30E-10,EHD4-AS1,1.674342722
ENSG00000260219.2,197.6562979,1.674042492,0.232949306,1.17E-13,2.07E-12,CD2BP2-DT,1.674042492
ENSG00000280032.1,23.04194389,-1.673780251,0.428251555,1.52E-05,7.39E-05,AP002800.1,1.673780251
ENSG00000118515.11,5515.291041,-1.673264603,0.194773905,1.55E-18,5.15E-17,SGK1,1.673264603
ENSG00000163364.10,587.0900381,1.673184157,0.271967879,1.41E-10,1.62E-09,LINC01116,1.673184157
ENSG00000133816.17,4141.703579,1.673138559,0.19154132,4.67E-19,1.63E-17,MICAL2,1.673138559
ENSG00000184845.4,29.23474977,-1.672918704,0.330005065,6.94E-08,5.14E-07,DRD1,1.672918704
ENSG00000137561.5,74.29499544,-1.672615514,0.397664993,4.24E-06,2.29E-05,TTPA,1.672615514
ENSG00000249094.2,0.624660561,-1.672467183,0.636377238,0.001604342,0.004976702,AC007834.1,1.672467183
ENSG00000286413.1,3.314380015,1.671936889,0.496663472,0.000135608,0.00054155,AL355501.1,1.671936889
ENSG00000118804.8,188.6603633,-1.671921598,0.281437715,4.81E-10,5.05E-09,STBD1,1.671921598
ENSG00000140945.17,1168.006315,-1.671908552,0.279728794,3.94E-10,4.20E-09,CDH13,1.671908552
ENSG00000286508.1,6.067370286,-1.671768973,0.401311013,4.52E-06,2.43E-05,AC000050.2,1.671768973
ENSG00000181023.8,0.740576259,-1.671314134,0.710587649,0.002265001,0.006777233,OR56B1,1.671314134
ENSG00000226026.6,29.19112698,-1.671203363,0.227809483,4.75E-14,8.87E-13,AC092802.1,1.671203363
ENSG00000215478.8,4.66414742,-1.671198118,0.436644892,1.70E-05,8.18E-05,CES5AP1,1.671198118
ENSG00000213060.4,1.922355775,1.671106063,0.461807768,5.44E-05,0.000236609,AL031864.1,1.671106063
ENSG00000198478.8,2585.804149,-1.67110491,0.216868557,2.22E-15,4.97E-14,SH3BGRL2,1.67110491
ENSG00000253154.2,129.5103456,1.671091244,0.655854651,0.001433034,0.004501464,AC100801.1,1.671091244
ENSG00000147676.14,9322.703373,1.671072668,0.247955957,2.46E-12,3.66E-11,MAL2,1.671072668
ENSG00000229996.1,3.067669526,-1.670992675,0.400037546,5.91E-06,3.11E-05,AC093585.1,1.670992675
ENSG00000287998.1,13.05923115,-1.670921262,0.291388189,1.99E-09,1.90E-08,AC104232.3,1.670921262
ENSG00000171522.6,985.4212525,-1.670432129,0.185427262,2.79E-20,1.11E-18,PTGER4,1.670432129
ENSG00000105877.18,98.0795367,1.670213126,0.466670459,5.44E-05,0.000236498,DNAH11,1.670213126
ENSG00000276566.1,40.18502548,-1.670123077,0.532352772,0.000242535,0.000914457,IGKV1D-13,1.670123077
ENSG00000165244.7,456.1904728,1.670081042,0.18927571,2.07E-19,7.49E-18,ZNF367,1.670081042
ENSG00000260492.3,1.63582041,-1.66987324,0.709508057,0.002425009,0.007197345,CISTR,1.66987324
ENSG00000140873.16,328.9189667,-1.669573675,0.426182065,1.41E-05,6.88E-05,ADAMTS18,1.669573675
ENSG00000270607.1,63.34601938,-1.669468972,0.326572475,5.28E-08,3.99E-07,AC009549.1,1.669468972
ENSG00000286931.1,20.89025926,1.669054416,0.232598264,1.36E-13,2.39E-12,AL136419.3,1.669054416
ENSG00000186951.16,1820.627829,-1.668980501,0.255333637,9.94E-12,1.34E-10,PPARA,1.668980501
ENSG00000108622.11,424.2950127,-1.668656413,0.173268458,1.08E-22,5.43E-21,ICAM2,1.668656413
ENSG00000150551.11,19.7773619,1.668451502,0.290997352,1.59E-09,1.54E-08,LYPD1,1.668451502
ENSG00000249304.1,1.78572698,-1.668405612,0.600658396,0.000945584,0.00311343,AC104779.1,1.668405612
ENSG00000188373.5,1.485329863,-1.668243172,1.561559223,0.016586706,0.038453358,C10orf99,1.668243172
ENSG00000119865.9,997.4533966,-1.668163967,0.22181792,9.76E-15,1.99E-13,CNRIP1,1.668163967
ENSG00000073712.15,6815.721167,-1.668122244,0.226680587,2.03E-14,3.99E-13,FERMT2,1.668122244
ENSG00000270792.6,3.280329164,-1.667943062,0.410833982,9.42E-06,4.75E-05,AL050403.2,1.667943062
ENSG00000273442.1,19.51477343,-1.667711913,0.432787884,1.91E-05,9.09E-05,AC006946.3,1.667711913
ENSG00000267440.2,4.818112807,-1.667622,0.408658432,7.98E-06,4.08E-05,LINC02594,1.667622
ENSG00000279667.1,8.438744089,1.667575253,0.317427662,3.08E-08,2.42E-07,AL603839.4,1.667575253
ENSG00000169594.13,87.84407403,-1.667457724,0.39433557,3.90E-06,2.12E-05,BNC1,1.667457724
ENSG00000111602.12,2223.38465,1.667428928,0.126077361,1.00E-40,4.48E-38,TIMELESS,1.667428928
ENSG00000166246.14,119.0193108,1.667141388,0.223279416,1.40E-14,2.80E-13,C16orf71,1.667141388
ENSG00000287683.1,0.552998706,-1.66709142,0.86497462,0.013451031,0.032133927,AL591519.1,1.66709142
ENSG00000161640.15,19.08953363,-1.66697225,0.350561939,3.39E-07,2.24E-06,SIGLEC11,1.66697225
ENSG00000170684.9,257.0205463,1.666585093,0.291631314,1.98E-09,1.90E-08,ZNF296,1.666585093
ENSG00000167535.8,1810.325349,1.666450218,0.159655699,3.28E-26,2.47E-24,CACNB3,1.666450218
ENSG00000141255.13,13.32601245,-1.666265898,0.487440146,9.80E-05,0.000404129,SPATA22,1.666265898
ENSG00000261026.1,91.53320009,-1.666160839,0.478984521,7.74E-05,0.000325909,AC105046.1,1.666160839
ENSG00000017483.15,333.4602028,1.665866065,0.248926119,4.13E-12,5.92E-11,SLC38A5,1.665866065
ENSG00000242516.2,166.7087975,-1.665241126,0.352839541,3.96E-07,2.58E-06,LINC00960,1.665241126
ENSG00000147536.12,256.4642021,1.665159481,0.243531661,1.50E-12,2.31E-11,GINS4,1.665159481
ENSG00000169282.18,569.7602789,-1.665070137,0.272356196,1.71E-10,1.93E-09,KCNAB1,1.665070137
ENSG00000157227.13,20469.94457,1.66496751,0.184344892,3.48E-20,1.36E-18,MMP14,1.66496751
ENSG00000281904.1,0.627886628,-1.664892633,0.742451373,0.004992433,0.013558433,AC233263.7,1.664892633
ENSG00000167861.16,6650.431294,1.664762333,0.208486658,2.58E-16,6.50E-15,HID1,1.664762333
ENSG00000163704.12,508.7969574,1.664601788,0.204415744,7.81E-17,2.10E-15,PRRT3,1.664601788
ENSG00000188610.12,32.00581894,1.664200705,0.239570759,6.60E-13,1.06E-11,FAM72B,1.664200705
ENSG00000226491.1,34.88296686,-1.663907242,0.263944301,4.98E-11,6.11E-10,FTOP1,1.663907242
ENSG00000282556.3,28.15899362,-1.663261234,0.385131444,2.72E-06,1.52E-05,AC068733.3,1.663261234
ENSG00000251794.1,0.461184865,-1.662928144,0.87322772,0.020172948,0.045486976,RNU6-237P,1.662928144
ENSG00000286593.1,15.44349824,1.662598753,0.354470979,5.03E-07,3.22E-06,AP006261.1,1.662598753
ENSG00000277087.1,1.238808122,-1.662553943,0.528501405,0.000309173,0.001138718,AL121890.3,1.662553943
ENSG00000122025.15,392.5201943,1.662445721,0.438813056,2.40E-05,0.000112194,FLT3,1.662445721
ENSG00000287010.1,0.987847678,-1.662363812,0.922413294,0.008119265,0.020734395,AC130467.1,1.662363812
ENSG00000251787.1,0.585757785,-1.662142828,0.800046333,0.010281604,0.025442679,RNU7-47P,1.662142828
ENSG00000260166.2,1.738233338,-1.662012603,0.659081304,0.001421459,0.004470466,AC134312.3,1.662012603
ENSG00000237413.5,1.253664808,-1.66183894,0.809170588,0.006599703,0.01734315,MGC27382,1.66183894
ENSG00000107611.16,228.6570528,-1.661760201,0.18420334,3.34E-20,1.31E-18,CUBN,1.661760201
ENSG00000241111.1,5.591866899,-1.661555149,0.430106484,1.98E-05,9.41E-05,PRICKLE2-AS1,1.661555149
ENSG00000258927.2,1.178946347,1.661202625,0.866372538,0.007236542,0.018766854,AL133467.2,1.661202625
ENSG00000183888.4,431.0201103,1.661171648,0.503051068,0.000147276,0.000583872,SRARP,1.661171648
ENSG00000162755.14,405.7292235,1.659937833,0.211961749,9.58E-16,2.23E-14,KLHDC9,1.659937833
ENSG00000234264.1,1.861766581,1.659854404,0.644829563,0.001535791,0.004786356,DEPDC1-AS1,1.659854404
ENSG00000287961.1,0.956066715,1.659692467,0.955475006,0.010877339,0.026741685,AC020911.3,1.659692467
ENSG00000220105.2,1.420113196,-1.659553851,0.513121992,0.000175793,0.000684289,AL353151.1,1.659553851
ENSG00000241186.10,10.02375164,-1.659546945,0.434792376,1.89E-05,9.00E-05,TDGF1,1.659546945
ENSG00000253120.1,9.681215314,-1.659301656,0.437025159,2.39E-05,0.000111765,IGLV2-34,1.659301656
ENSG00000224698.1,1.476438332,1.65920015,0.709723118,0.003214889,0.009231321,AL390038.1,1.65920015
ENSG00000269918.1,96.17952296,-1.659145667,0.240314387,9.33E-13,1.47E-11,AF131215.6,1.659145667
ENSG00000262115.1,10.00571331,-1.65882972,0.264440398,6.44E-11,7.76E-10,AC027601.2,1.65882972
ENSG00000222585.1,2.664686203,-1.658755974,0.462475274,6.25E-05,0.000268368,RNA5SP494,1.658755974
ENSG00000170819.5,16.04737813,1.65854692,0.447015073,3.36E-05,0.000152605,BFSP2,1.65854692
ENSG00000259361.7,0.667199636,1.658048163,0.789797027,0.006958158,0.01815035,LINC00927,1.658048163
ENSG00000250634.6,4.154186138,-1.657890302,0.345253753,3.15E-07,2.09E-06,LINC01182,1.657890302
ENSG00000227508.6,7.679302619,-1.657853428,0.314450449,2.13E-08,1.71E-07,LINC01624,1.657853428
ENSG00000213366.13,664.0062615,-1.657499447,0.248262967,4.39E-12,6.27E-11,GSTM2,1.657499447
ENSG00000220323.4,119.7937557,1.65740343,0.228327129,7.22E-14,1.31E-12,H2BC19P,1.65740343
ENSG00000225208.1,9.656951133,1.657252423,0.525467498,0.000250549,0.000942054,AL133387.1,1.657252423
ENSG00000270120.1,4.483680827,1.657194117,0.514513996,0.000225708,0.000856274,AC007728.3,1.657194117
ENSG00000112996.11,6099.8618,1.65715428,0.275264425,3.54E-10,3.81E-09,MRPS30,1.65715428
ENSG00000207087.1,2.350048979,-1.657138346,0.405517184,8.56E-06,4.35E-05,RNU6-242P,1.657138346
ENSG00000232316.2,9.092721005,-1.656973421,0.45740902,5.09E-05,0.000222877,LINC02518,1.656973421
ENSG00000213420.8,93.25211501,1.656788569,0.355237453,5.30E-07,3.38E-06,GPC2,1.656788569
ENSG00000227082.3,48.67882373,-1.656388949,0.326032861,6.70E-08,4.98E-07,LINC02798,1.656388949
ENSG00000233554.6,96.81759297,-1.655841533,0.240038729,9.44E-13,1.49E-11,B4GALT1-AS1,1.655841533
ENSG00000287647.1,22.7268844,-1.655784005,0.480780883,9.09E-05,0.000377332,AC093575.1,1.655784005
ENSG00000215278.4,0.645184913,-1.655656738,0.698460917,0.003880137,0.010888443,RPS7P6,1.655656738
ENSG00000112796.10,1807.745061,1.655352251,0.260603219,0.000466631,0.001650414,ENPP5,1.655352251
ENSG00000053524.12,39.96250452,-1.655246498,0.249355519,0.001250923,0.003995224,MCF2L2,1.655246498
ENSG00000236166.1,8.276567995,-1.655134852,0.311220971,1.99E-08,1.61E-07,AL021408.1,1.655134852
ENSG00000259462.3,2.332402206,-1.654832817,0.407062778,7.84E-06,4.02E-05,CPEB1-AS1,1.654832817
ENSG00000279970.1,100.5662081,1.654724756,0.300639223,6.67E-09,5.85E-08,AC023024.2,1.654724756
ENSG00000165695.10,215.1165522,1.654465005,0.189760387,5.39E-19,1.87E-17,AK8,1.654465005
ENSG00000139044.12,1093.251374,1.654355726,0.283799111,1.06E-09,1.05E-08,B4GALNT3,1.654355726
ENSG00000242290.2,0.884318357,-1.654303558,0.667996821,0.00208383,0.006291691,ZBTB20-AS5,1.654303558
ENSG00000154342.6,20.36297182,1.654269217,0.562310778,0.00047703,0.001683171,WNT3A,1.654269217
ENSG00000108309.14,48.10557345,1.653785351,0.362566052,8.69E-07,5.31E-06,RUNDC3A,1.653785351
ENSG00000241458.1,3.48976452,-1.653727703,0.334531879,1.32E-07,9.33E-07,RPL7P19,1.653727703
ENSG00000124343.14,571.0098941,-1.653603452,0.333079089,1.15E-07,8.23E-07,XG,1.653603452
ENSG00000271332.1,1.359595475,-1.653437346,0.475034997,7.71E-05,0.000324721,ATP5MGP8,1.653437346
ENSG00000145850.9,40.21164819,-1.653371012,0.500665731,0.000145661,0.000577935,TIMD4,1.653371012
ENSG00000256195.3,3.717746214,-1.65336829,0.384761623,3.54E-06,1.94E-05,AP002518.1,1.65336829
ENSG00000227413.1,2.81705999,-1.653329235,0.384357471,3.07E-06,1.70E-05,AL022238.1,1.653329235
ENSG00000253796.2,6.291080716,-1.653261105,0.318272108,3.81E-08,2.94E-07,AC104248.1,1.653261105
ENSG00000223559.1,12.15652645,1.653072012,0.29138312,2.53E-09,2.38E-08,AC073136.1,1.653072012
ENSG00000271095.1,2.562249897,-1.652989816,0.522881243,0.000238194,0.00089956,BNIP3P28,1.652989816
ENSG00000225873.4,4.24328508,-1.652913912,0.347751091,2.50E-07,1.69E-06,C3orf86,1.652913912
ENSG00000183775.11,33.37525656,-1.652909318,0.324482153,6.07E-08,4.53E-07,KCTD16,1.652909318
ENSG00000204176.14,36.78403076,-1.65251429,0.234187057,2.76E-13,4.65E-12,SYT15,1.65251429
ENSG00000285952.1,2.593558629,1.651912157,0.518423474,0.000219745,0.000835507,AC020663.4,1.651912157
ENSG00000156475.18,113.6598769,-1.651909334,0.258629122,2.99E-11,3.79E-10,PPP2R2B,1.651909334
ENSG00000130545.16,607.4665289,1.651860519,0.25471628,1.72E-11,2.25E-10,CRB3,1.651860519
ENSG00000254556.1,1.076514179,-1.651695979,0.667366719,0.002378278,0.007072005,AF131215.2,1.651695979
ENSG00000224965.1,10.07919313,-1.651008753,0.290526384,2.46E-09,2.32E-08,LINC02586,1.651008753
ENSG00000211657.3,0.869356272,-1.650763041,0.63043198,0.00188929,0.005759652,IGLV3-32,1.650763041
ENSG00000158486.13,50.21669399,1.650600971,0.46003833,5.28E-05,0.000230433,DNAH3,1.650600971
ENSG00000161395.14,3871.020501,1.650580338,0.278311049,5.45E-10,5.67E-09,PGAP3,1.650580338
ENSG00000214787.10,54.36715144,-1.65046365,0.29703696,4.55E-09,4.09E-08,MS4A4E,1.65046365
ENSG00000113396.13,438.6687307,-1.650442339,0.440845225,2.87E-05,0.000131992,SLC27A6,1.650442339
ENSG00000272398.6,50254.36044,1.65001731,0.378568394,2.09E-06,1.19E-05,CD24,1.65001731
ENSG00000087250.9,6.923746197,1.649820416,0.609268575,0.000917748,0.003031178,MT3,1.649820416
ENSG00000188848.16,11.71908454,-1.649805372,0.493964852,0.000131373,0.000526351,BEND4,1.649805372
ENSG00000204434.6,372.971199,1.649088102,0.521421031,0.000238284,0.000899811,POTEKP,1.649088102
ENSG00000234476.3,3.223659375,-1.648946721,0.373003025,1.92E-06,1.10E-05,LINC02765,1.648946721
ENSG00000271569.1,18.14478301,-1.648764669,0.515690597,0.000206251,0.000789059,IGKV1OR2-6,1.648764669
ENSG00000216867.2,1.468558632,1.648723406,0.503939769,0.000180933,0.000702695,RPL22P12,1.648723406
ENSG00000260648.3,0.629940946,1.648370684,0.797484633,0.006757371,0.017698144,AC020658.3,1.648370684
ENSG00000253973.3,61.28670165,1.648112985,0.499015206,0.00014969,0.000592187,AC079296.1,1.648112985
ENSG00000263513.5,6.770050297,1.648071792,0.372961566,1.69E-06,9.81E-06,FAM72C,1.648071792
ENSG00000170409.7,3.306316813,1.647554852,0.410061776,1.13E-05,5.62E-05,AC091390.1,1.647554852
ENSG00000249628.3,31.15206581,-1.646778815,0.405366361,8.01E-06,4.09E-05,LINC00942,1.646778815
ENSG00000230426.4,9.041325445,1.646408771,0.319805524,0.001329206,0.004217815,LINC01036,1.646408771
ENSG00000229453.2,177.2617895,-1.646343784,0.573168782,0.000578381,0.00200239,SPINK8,1.646343784
ENSG00000164687.11,521.1825853,-1.646149767,0.23073296,1.75E-13,3.02E-12,FABP5,1.646149767
ENSG00000233217.2,1.783791401,1.645619997,0.543211283,0.000410748,0.001472113,MROH3P,1.645619997
ENSG00000167751.13,45.60027766,-1.645439769,0.572877069,3.37E-08,2.63E-07,KLK2,1.645439769
ENSG00000249249.2,107.7390317,-1.644873146,0.186695611,2.21E-19,7.97E-18,AC010226.1,1.644873146
ENSG00000264175.1,2.040937626,1.64434053,0.599863946,0.001035743,0.003375488,MIR3189,1.64434053
ENSG00000280997.1,1.927732799,-1.644210014,0.570697485,0.00069051,0.00234979,CCAT2,1.644210014
ENSG00000248844.6,1.785654732,-1.643836654,0.49514377,0.000186183,0.000721233,LINC02753,1.643836654
ENSG00000273162.1,18.38756939,1.643742558,0.203538589,1.38E-16,3.60E-15,AL133215.2,1.643742558
ENSG00000251321.1,0.704658069,-1.643653662,0.919791851,0.017058055,0.039399613,PCAT4,1.643653662
ENSG00000285791.1,9.260477718,-1.643619469,0.287290612,0.000855033,0.002845572,AC009879.3,1.643619469
ENSG00000286320.1,45.91258983,-1.643473539,0.221219599,2.27E-14,4.42E-13,AC108053.1,1.643473539
ENSG00000259820.1,459.0752951,-1.643382956,0.222855501,3.03E-14,5.81E-13,AC083843.2,1.643382956
ENSG00000274139.1,2.472247798,1.64306289,0.518450279,0.000226456,0.000858698,AC090164.2,1.64306289
ENSG00000255050.1,3.73181601,1.64292281,0.432958966,2.74E-05,0.000126499,AC067930.4,1.64292281
ENSG00000213601.3,1.538638964,1.642836604,0.507399089,0.000228612,0.000865869,KRT18P19,1.642836604
ENSG00000225156.2,2.495762398,1.642289834,0.765703951,0.003985432,0.011140153,AC012354.1,1.642289834
ENSG00000132693.12,1.221467931,-1.642222815,0.533147771,0.000311677,0.001147401,CRP,1.642222815
ENSG00000279148.1,20.90803267,1.64113924,0.227830298,1.22E-13,2.15E-12,AC126474.1,1.64113924
ENSG00000252050.1,0.762805457,-1.640613563,0.708692371,0.003045124,0.008805945,AL606748.2,1.640613563
ENSG00000233677.1,1.261421457,-1.640559212,0.544476537,0.000420868,0.001505361,DDX39BP1,1.640559212
ENSG00000074410.14,17203.80148,1.640532816,0.315406109,4.46E-08,3.41E-07,CA12,1.640532816
ENSG00000222267.1,1.531900805,-1.640513028,0.458449186,5.32E-05,0.000231878,RNU6-892P,1.640513028
ENSG00000261324.2,401.0596751,1.640444231,0.318020676,4.59E-08,3.50E-07,AC010168.2,1.640444231
ENSG00000008283.16,10093.09089,1.6402539,0.229155412,1.58E-13,2.74E-12,CYB561,1.6402539
ENSG00000118849.10,2034.872362,-1.640200155,0.309808465,2.09E-08,1.68E-07,RARRES1,1.640200155
ENSG00000244731.8,3006.78704,1.640049286,0.393704236,5.52E-06,2.92E-05,C4A,1.640049286
ENSG00000272636.4,1171.696911,-1.639737333,0.247661794,5.93E-12,8.28E-11,DOC2B,1.639737333
ENSG00000232400.1,39.84736342,1.639476453,0.526016918,0.000283248,0.001052111,RAD17P1,1.639476453
ENSG00000143194.13,12.43205442,1.639458953,0.382925749,2.86E-06,1.60E-05,MAEL,1.639458953
ENSG00000229495.1,0.627521557,-1.639434465,0.787067478,0.009953529,0.024755437,AL450327.1,1.639434465
ENSG00000140955.11,7.979569876,-1.639302579,0.374321004,1.82E-06,1.05E-05,ADAD2,1.639302579
ENSG00000163040.15,1465.764254,1.639233977,0.366705498,1.40E-06,8.22E-06,CCDC74A,1.639233977
ENSG00000284621.1,2.028797653,1.63921098,0.517904281,0.000259392,0.000972511,AP000553.4,1.63921098
ENSG00000255160.5,1.612500747,1.639165932,0.597064477,0.00093394,0.003079735,AC009652.1,1.639165932
ENSG00000207971.1,1.021786818,-1.639135764,0.624967301,0.00127326,0.00405922,MIR125B1,1.639135764
ENSG00000089127.14,3146.497693,1.639021229,0.321761663,6.58E-08,4.90E-07,OAS1,1.639021229
ENSG00000237731.1,0.612369564,-1.638884578,0.670442071,0.003069848,0.008864088,RNGTTP1,1.638884578
ENSG00000260430.2,15.75443823,1.63869269,0.280844548,9.48E-10,9.50E-09,AC099518.1,1.63869269
ENSG00000272777.1,56.77515761,-1.638603461,0.158952225,1.19E-25,8.37E-24,AC019131.2,1.638603461
ENSG00000224713.4,15.00658448,-1.638231872,0.296694476,6.04E-09,5.34E-08,AC025165.1,1.638231872
ENSG00000163331.12,57.59292509,-1.638173565,0.522567348,0.000254667,0.000956438,DAPL1,1.638173565
ENSG00000254638.1,0.91684621,-1.637771017,0.600194985,0.00105222,0.003422371,AP002884.1,1.637771017
ENSG00000072315.3,1.737607231,-1.637559209,0.624159282,0.001417049,0.004458383,TRPC5,1.637559209
ENSG00000277892.1,1.266729222,-1.637461015,0.568930499,0.000561648,0.001949959,MIR6746,1.637461015
ENSG00000233559.2,17.23979932,-1.637448499,0.32944479,1.22E-07,8.68E-07,LINC00513,1.637448499
ENSG00000163297.17,4294.017454,-1.637252906,0.2134584,3.18E-15,6.95E-14,ANTXR2,1.637252906
ENSG00000142611.17,158.4402504,-1.637109353,0.312830576,2.91E-08,2.30E-07,PRDM16,1.637109353
ENSG00000200033.1,6.337171082,1.637015114,0.551010979,0.000439607,0.001564269,RNU6-403P,1.637015114
ENSG00000281641.3,25.94083797,1.636102755,0.313270485,3.46E-08,2.69E-07,SAMD12-AS1,1.636102755
ENSG00000147799.11,967.986575,1.636099846,0.196439141,1.65E-17,4.88E-16,ARHGAP39,1.636099846
ENSG00000103184.12,57.46963108,-1.635913937,0.281242076,4.91E-07,3.15E-06,SEC14L5,1.635913937
ENSG00000185267.10,147.5929443,-1.635529178,0.201668106,1.42E-09,1.38E-08,CDNF,1.635529178
ENSG00000282897.1,2.58564339,-1.635202708,0.440324659,3.41E-05,0.000154608,AL162727.3,1.635202708
ENSG00000185745.10,5038.975734,1.634487223,0.390115101,4.86E-06,2.60E-05,IFIT1,1.634487223
ENSG00000165061.15,51.22275133,1.634390796,0.474804169,9.26E-05,0.000384004,ZMAT4,1.634390796
ENSG00000138271.6,2.537323169,-1.634173501,0.436828374,3.51E-05,0.000158301,GPR87,1.634173501
ENSG00000272595.2,1.967801309,1.633917205,0.691844487,0.00235355,0.007008556,OR10AH1P,1.633917205
ENSG00000089169.15,20.41583386,-1.633770694,0.438717335,3.06E-05,0.000139769,RPH3A,1.633770694
ENSG00000279168.2,7.848852097,-1.633706003,0.337640866,2.42E-07,1.64E-06,AC105052.4,1.633706003
ENSG00000255310.2,137.0333111,-1.633379577,0.271466623,3.30E-10,3.56E-09,AF131215.5,1.633379577
ENSG00000157542.11,25.45107098,1.63308081,0.49448759,0.000151925,0.000600243,KCNJ6,1.63308081
ENSG00000160753.16,2707.706758,1.633073264,0.14041254,4.66E-32,6.75E-30,RUSC1,1.633073264
ENSG00000162595.7,219.5926911,-1.631400205,0.315296675,4.05E-08,3.11E-07,DIRAS3,1.631400205
ENSG00000119729.12,5579.063173,-1.631128544,0.230378323,2.37E-13,4.05E-12,RHOQ,1.631128544
ENSG00000141485.17,13.10216874,-1.63062809,0.226761951,6.05E-22,2.85E-20,SLC13A5,1.63062809
ENSG00000223254.1,4.652797257,-1.63061982,0.331102017,1.49E-07,1.04E-06,Y_RNA,1.63061982
ENSG00000123096.12,3013.743355,-1.63010549,0.190233493,1.95E-18,6.38E-17,SSPN,1.63010549
ENSG00000229642.1,2.953295853,-1.630101642,0.54357696,0.000453252,0.001608742,AC087857.1,1.630101642
ENSG00000146592.17,1128.143136,-1.629783185,0.295564492,6.25E-09,5.51E-08,CREB5,1.629783185
ENSG00000225356.3,1.505805007,1.629742471,0.584968678,0.000848333,0.002826842,AC093840.1,1.629742471
ENSG00000279742.1,17.93590249,1.629701689,0.338068734,2.51E-07,1.70E-06,AP000974.1,1.629701689
ENSG00000287786.1,0.886502431,1.629691213,0.763735835,0.004597197,0.012615877,AC113615.2,1.629691213
ENSG00000129038.16,2521.094498,1.629367537,0.241019208,2.71E-12,4.01E-11,LOXL1,1.629367537
ENSG00000140285.12,1187.312854,-1.629194816,0.277868837,8.21E-10,8.33E-09,FGF7,1.629194816
ENSG00000071205.12,1401.768859,-1.62906281,0.200833924,9.37E-17,2.50E-15,ARHGAP10,1.62906281
ENSG00000236703.1,4.277253078,1.628978527,0.571170582,0.000680531,0.002318043,MYB-AS1,1.628978527
ENSG00000261220.2,41.40795529,1.628724568,0.297640046,7.75E-09,6.71E-08,AC103706.1,1.628724568
ENSG00000201071.1,0.659626073,-1.628303481,0.951616453,0.021227933,0.047500464,Y_RNA,1.628303481
ENSG00000227965.1,0.866409632,1.628002269,0.94140312,0.006976535,0.018189831,AC098592.2,1.628002269
ENSG00000090539.15,1133.040342,1.627223496,0.271708685,4.16E-10,4.42E-09,CHRD,1.627223496
ENSG00000074276.10,18.88927162,1.627011811,0.279456716,1.15E-09,1.14E-08,CDHR2,1.627011811
ENSG00000240299.3,0.853785054,-1.626873071,0.59559085,0.001241932,0.003969738,RN7SL187P,1.626873071
ENSG00000286606.1,6.516513989,-1.626832627,0.244296624,5.94E-12,8.29E-11,AC097468.3,1.626832627
ENSG00000139572.4,67.83853572,1.626455648,0.292084005,4.91E-09,4.39E-08,GPR84,1.626455648
ENSG00000109107.14,1580.400741,-1.626324349,0.342002986,2.93E-07,1.96E-06,ALDOC,1.626324349
ENSG00000112320.12,554.5362526,-1.626214949,0.25582092,3.36E-11,4.22E-10,SOBP,1.626214949
ENSG00000252297.1,1.381398555,1.626138618,0.916523378,0.00986222,0.024558028,RNU6-875P,1.626138618
ENSG00000174279.4,2.044782651,1.626098251,0.778167925,0.003881487,0.010891452,EVX2,1.626098251
ENSG00000235288.3,1.541042824,-1.626028239,0.577541432,0.000830183,0.002773913,AC099329.1,1.626028239
ENSG00000279378.1,1.998255587,-1.625985411,0.484913757,0.000146424,0.000580728,AC009159.4,1.625985411
ENSG00000283525.1,3.515124888,1.625917558,0.428423495,2.89E-05,0.000132947,AC005622.1,1.625917558
ENSG00000184647.11,1.9053567,-1.625613797,0.620097143,0.000939371,0.003095567,PRSS55,1.625613797
ENSG00000149043.16,396.2021432,-1.625382131,0.49218902,0.000149022,0.000589959,SYT8,1.625382131
ENSG00000272068.1,127.8024863,1.625321625,0.475496771,0.000103128,0.000422932,AL365181.2,1.625321625
ENSG00000211688.1,1.290050091,-1.625180424,0.783131703,0.004224798,0.011729115,TRGJP2,1.625180424
ENSG00000087237.12,177.227435,-1.624738435,0.33468427,1.98E-07,1.36E-06,CETP,1.624738435
ENSG00000278862.1,0.862835241,1.624659199,0.930201973,0.012593345,0.030354457,AC092724.1,1.624659199
ENSG00000274134.1,1.139329848,-1.624563535,0.715988584,0.00364032,0.01030008,MIR6774,1.624563535
ENSG00000272254.1,3.0321795,-1.624367872,0.321501775,9.96E-08,7.21E-07,AC022893.3,1.624367872
ENSG00000171357.6,53.81694978,-1.624159895,0.164093696,1.02E-23,5.70E-22,LURAP1,1.624159895
ENSG00000067082.15,17926.49778,-1.624110957,0.159390286,3.59E-25,2.35E-23,KLF6,1.624110957
ENSG00000287218.1,9.979534631,-1.62316789,0.264240853,1.43E-10,1.64E-09,AL359962.3,1.62316789
ENSG00000267052.3,6.647113888,-1.622921809,0.36246213,1.42E-06,8.34E-06,AC005050.1,1.622921809
ENSG00000186442.7,1.342660546,1.622623114,0.685652028,0.00275207,0.008046466,KRT3,1.622623114
ENSG00000145335.17,179.2406406,-1.622348721,0.210585117,2.47E-15,5.49E-14,SNCA,1.622348721
ENSG00000122133.17,16.70825266,1.621883891,0.603032836,0.001042098,0.003393945,PAEP,1.621883891
ENSG00000156675.16,5281.054443,1.621784582,0.269153141,2.24E-05,0.000105531,RAB11FIP1,1.621784582
ENSG00000167106.12,10145.73362,1.621148016,0.182901313,1.60E-19,5.83E-18,FAM102A,1.621148016
ENSG00000237512.6,15.20930884,1.620096662,0.412040797,1.26E-05,6.20E-05,UNC5B-AS1,1.620096662
ENSG00000178803.12,29.62576888,1.619576505,0.4086538,1.26E-05,6.20E-05,ADORA2A-AS1,1.619576505
ENSG00000185885.16,5990.034948,1.619455872,0.298121978,9.88E-09,8.45E-08,IFITM1,1.619455872
ENSG00000130518.17,698.5606067,-1.619408878,0.256737749,5.24E-11,6.40E-10,IQCN,1.619408878
ENSG00000064042.18,8075.013717,-1.61900677,0.252269788,3.46E-11,4.34E-10,LIMCH1,1.61900677
ENSG00000249602.1,23.65179312,1.618886863,0.226380233,1.37E-13,2.41E-12,AL589765.4,1.618886863
ENSG00000161980.6,1153.840404,1.618842389,0.153813893,1.59E-26,1.23E-24,POLR3K,1.618842389
ENSG00000104055.16,90.16352206,-1.618605141,0.424349311,2.29E-05,0.000107504,TGM5,1.618605141
ENSG00000285840.2,3.165143132,-1.618545257,0.371934033,2.89E-06,1.61E-05,AL353648.1,1.618545257
ENSG00000198756.12,174.6259858,-1.618021325,0.309323852,0.001092121,0.003540133,COLGALT2,1.618021325
ENSG00000261834.2,3.33951663,-1.617190826,0.489473851,0.00016985,0.000663324,IGHV3OR16-15,1.617190826
ENSG00000272256.1,4.048620854,-1.617087963,0.479889194,0.000112493,0.000457837,AC044849.1,1.617087963
ENSG00000224961.3,2.500327091,-1.616998539,0.472720812,0.000110243,0.000449436,LINC01752,1.616998539
ENSG00000259269.2,2.040983247,1.616766331,0.678054429,0.002467985,0.007310537,AC109630.1,1.616766331
ENSG00000249201.2,2.649508596,-1.616698956,0.512621307,0.000234488,0.000886501,CTD-3080P12.3,1.616698956
ENSG00000275747.1,0.864491464,-1.616555967,0.64222287,0.001908965,0.005813768,IGHV3-79,1.616555967
ENSG00000181585.7,31.04605901,-1.616516412,0.324747663,1.16E-07,8.26E-07,TMIE,1.616516412
ENSG00000240250.3,0.974207675,1.615479309,0.736599674,0.00420583,0.011684711,RN7SL541P,1.615479309
ENSG00000164855.16,926.0604033,1.615313246,0.293994954,7.49E-09,6.50E-08,TMEM184A,1.615313246
ENSG00000233117.4,344.7554701,-1.615277797,0.305248032,2.17E-08,1.74E-07,LINC00702,1.615277797
ENSG00000113494.17,12268.73838,1.615273733,0.298288993,1.12E-08,9.43E-08,PRLR,1.615273733
ENSG00000008311.15,1144.872017,-1.614710087,0.146590411,6.15E-29,6.26E-27,AASS,1.614710087
ENSG00000183598.4,4.388778556,1.614083128,0.455810086,6.11E-05,0.000262954,H3C13,1.614083128
ENSG00000270775.1,1.738518546,-1.614036478,0.443014605,5.03E-05,0.00022044,AP000436.1,1.614036478
ENSG00000211656.3,6.986126727,-1.613946652,0.6004411,0.001133978,0.003661613,IGLV2-33,1.613946652
ENSG00000269012.2,0.859820336,1.613911053,0.753339377,0.005245966,0.014163748,KRT18P40,1.613911053
ENSG00000200742.1,2.845689054,-1.613736719,0.422318405,2.03E-05,9.62E-05,Y_RNA,1.613736719
ENSG00000223890.1,0.642036735,-1.613714526,0.77293748,0.006313862,0.016682387,AC008171.1,1.613714526
ENSG00000177542.11,1290.376728,1.613656508,0.157141813,2.69E-25,1.81E-23,SLC25A22,1.613656508
ENSG00000173890.17,2190.084753,1.613461614,0.204880312,7.57E-16,1.79E-14,GPR160,1.613461614
ENSG00000259869.2,21.17530364,-1.613304506,0.217005808,2.16E-14,4.22E-13,AL022344.1,1.613304506
ENSG00000236197.4,2.642313044,-1.612629114,0.406971292,1.45E-05,7.07E-05,PPP1R9A-AS1,1.612629114
ENSG00000159212.13,2886.56774,1.61257715,0.448300949,5.62E-05,0.000243775,CLIC6,1.61257715
ENSG00000276649.1,34.97933732,-1.611353693,0.353515656,9.69E-07,5.88E-06,AL117335.1,1.611353693
ENSG00000139445.18,17.80748094,1.611344584,0.563900774,0.000623621,0.002144085,FOXN4,1.611344584
ENSG00000274750.2,368.8973476,1.611274829,0.281763012,1.96E-09,1.88E-08,H3C6,1.611274829
ENSG00000233750.3,2.607132782,1.61087818,0.456929926,7.22E-05,0.000305825,CICP27,1.61087818
ENSG00000247157.7,85.74264547,-1.610847957,0.352531782,8.63E-07,5.28E-06,LINC01252,1.610847957
ENSG00000258537.5,1.018631593,-1.610841552,0.665922157,0.002326833,0.006936882,FRMD6-AS2,1.610841552
ENSG00000235770.6,44.6795232,1.610836148,0.320085693,8.43E-08,6.17E-07,LINC00607,1.610836148
ENSG00000011422.12,1420.492853,1.610781885,0.191009504,7.67E-18,2.34E-16,PLAUR,1.610781885
ENSG00000180869.4,1.746159321,1.610573878,0.712627066,0.003869711,0.010862289,LINC01555,1.610573878
ENSG00000150337.13,191.2915679,1.610341379,0.292998257,7.42E-09,6.45E-08,FCGR1A,1.610341379
ENSG00000101695.9,995.3574694,-1.61027251,0.186796276,1.28E-18,4.29E-17,RNF125,1.61027251
ENSG00000212901.4,1.498698633,1.608653648,0.746250019,0.004728587,0.012927678,KRTAP3-1,1.608653648
ENSG00000275467.1,0.647268077,1.608444074,0.883004712,0.01549686,0.036267046,AC083806.3,1.608444074
ENSG00000140519.14,56.61387734,-1.608171576,0.439991535,4.21E-05,0.000187063,RHCG,1.608171576
ENSG00000143344.16,2645.744431,-1.607749488,0.158850723,8.33E-25,5.28E-23,RGL1,1.607749488
ENSG00000176890.16,250.3278372,1.607528751,0.235230526,1.63E-12,2.48E-11,TYMS,1.607528751
ENSG00000230709.1,4.237522138,-1.607446138,0.444420081,4.78E-05,0.000210091,AC104024.1,1.607446138
ENSG00000226312.7,29.96637401,-1.607085676,0.270600469,4.89E-10,5.13E-09,CFLAR-AS1,1.607085676
ENSG00000259000.1,0.810290266,-1.606823674,0.741151435,0.005907752,0.015725716,DOCK11P1,1.606823674
ENSG00000182379.10,207.6390862,1.606771826,0.393580168,7.76E-06,3.98E-05,NXPH4,1.606771826
ENSG00000178726.7,2820.20116,-1.606300126,0.275420857,1.01E-09,1.00E-08,THBD,1.606300126
ENSG00000183044.12,2886.606001,1.605953089,0.277390835,1.49E-09,1.45E-08,ABAT,1.605953089
ENSG00000257431.1,2.311929347,-1.605708028,0.446379474,4.32E-05,0.000191583,AC089998.1,1.605708028
ENSG00000136859.10,9560.572922,-1.60546169,0.244368674,7.71E-12,1.06E-10,ANGPTL2,1.60546169
ENSG00000230832.3,5.018766091,1.605371539,0.426433857,3.02E-05,0.000138181,SSBL4P,1.605371539
ENSG00000120664.11,20.04731713,-1.60535102,0.24100428,5.88E-12,8.23E-11,SPART-AS1,1.60535102
ENSG00000278918.1,63.76693756,1.605334492,0.357719933,1.27E-06,7.56E-06,AC080112.3,1.605334492
ENSG00000266908.2,0.654300986,-1.605237952,0.748542374,0.007051164,0.01835639,AL121757.2,1.605237952
ENSG00000152977.10,158.655802,1.605228947,0.657955059,0.002033706,0.006155489,ZIC1,1.605228947
ENSG00000156925.12,1.963877273,1.605010018,0.710869143,0.003228356,0.009265926,ZIC3,1.605010018
ENSG00000273443.1,5.665317679,1.604889754,0.517697666,0.00030167,0.001113903,AL645608.8,1.604889754
ENSG00000225762.1,22.06719303,1.604874826,0.308348269,3.79E-08,2.93E-07,LINC01389,1.604874826
ENSG00000075275.18,8819.095289,1.604072253,0.267696154,4.35E-10,4.61E-09,CELSR1,1.604072253
ENSG00000162873.15,131.3223277,1.604040256,0.403509669,1.25E-05,6.15E-05,KLHDC8A,1.604040256
ENSG00000121871.4,12.32781341,-1.60403871,0.590323228,0.000975013,0.003200136,SLITRK3,1.60403871
ENSG00000230107.1,12.604817,1.603942282,0.380282117,4.49E-06,2.42E-05,AL022316.1,1.603942282
ENSG00000271969.1,3.449015218,1.603809313,0.450525378,6.17E-05,0.000265444,U47924.1,1.603809313
ENSG00000268756.1,22.07779286,-1.602568521,0.375325371,3.43E-06,1.89E-05,AC104534.1,1.602568521
ENSG00000272218.1,0.518272905,-1.602383389,0.864314896,0.021092848,0.047252022,AC108865.2,1.602383389
ENSG00000226007.3,2.177731442,-1.602254304,0.377793988,4.47E-06,2.41E-05,BX005266.2,1.602254304
ENSG00000132329.11,788.5037963,1.602121195,0.494020099,0.000195294,0.000752151,RAMP1,1.602121195
ENSG00000279571.3,0.869056047,-1.601718519,0.576942763,0.000948992,0.003122818,AL162426.1,1.601718519
ENSG00000187527.11,622.9595072,-1.601243005,0.584537627,0.000898036,0.002972361,ATP13A5,1.601243005
ENSG00000053254.16,5352.856554,-1.601022962,0.197438637,5.24E-17,1.45E-15,FOXN3,1.601022962
ENSG00000091831.24,20491.34418,1.60095329,0.360835509,1.59E-06,9.24E-06,ESR1,1.60095329
ENSG00000237452.3,1.7411356,1.600826569,0.497493369,0.000199668,0.00076659,BHMG1,1.600826569
ENSG00000277586.4,33.37526489,1.600799555,0.526047308,0.000372348,0.001348139,NEFL,1.600799555
ENSG00000166148.4,791.2805233,-1.600588971,0.289110222,5.52E-09,4.90E-08,AVPR1A,1.600588971
ENSG00000260025.1,121.3649154,-1.600340874,0.19434222,3.40E-17,9.60E-16,CRIM1-DT,1.600340874
ENSG00000224775.2,1.754745408,-1.600054923,0.474030742,0.000139507,0.000555316,BRAFP1,1.600054923
ENSG00000117507.6,9.309257101,-1.599788116,0.420397656,2.46E-05,0.000114503,FMO6P,1.599788116
ENSG00000183155.5,1276.810169,1.59915212,0.132826318,4.71E-34,8.90E-32,RABIF,1.59915212
ENSG00000203870.5,1.065717564,-1.599103279,0.627304255,0.001400242,0.004413277,SMIM9,1.599103279
ENSG00000287292.1,7.443826621,-1.598968569,0.44078535,5.34E-05,0.00023247,AC002460.2,1.598968569
ENSG00000169035.12,715.8569354,-1.598943369,0.496754333,6.98E-12,9.63E-11,KLK7,1.598943369
ENSG00000136872.20,21.01207845,-1.598412569,0.2827307,2.97E-09,2.76E-08,ALDOB,1.598412569
ENSG00000250860.1,1.750593549,-1.598000368,0.587273894,0.000931368,0.003072029,AC093225.1,1.598000368
ENSG00000217442.4,32.06056242,1.59796271,0.292682189,9.49E-09,8.13E-08,SYCE3,1.59796271
ENSG00000131409.13,49.90984158,-1.597401481,0.243467009,9.34E-12,1.27E-10,LRRC4B,1.597401481
ENSG00000267526.1,1.069783115,1.5972564,0.714651345,0.004582814,0.01258344,AC005702.2,1.5972564
ENSG00000278959.1,17.42342318,-1.597156816,0.260796477,2.09E-10,2.33E-09,AC006378.1,1.597156816
ENSG00000273115.1,1.175400137,-1.597040477,0.486756324,0.00020075,0.000770293,AP001596.2,1.597040477
ENSG00000136982.6,480.6750452,1.596673383,0.232275865,1.19E-12,1.85E-11,DSCC1,1.596673383
ENSG00000255624.3,31.91315523,1.596592691,0.281260747,2.63E-09,2.47E-08,C10orf88B,1.596592691
ENSG00000250310.2,1.49760604,1.596476846,0.738907853,0.00453184,0.012460021,AC006487.2,1.596476846
ENSG00000273980.1,2.866110637,1.595861919,0.47345216,0.000112638,0.000458251,AL592071.1,1.595861919
ENSG00000139155.9,43.42774277,-1.595606752,0.293384904,1.00E-08,8.57E-08,SLCO1C1,1.595606752
ENSG00000007933.13,232.4841471,-1.595347961,0.26863942,5.09E-10,5.32E-09,FMO3,1.595347961
ENSG00000257137.7,1.036720655,1.595223754,0.721637319,0.00423244,0.011747839,LINC02874,1.595223754
ENSG00000139209.16,90.53061038,-1.595104969,0.349805202,0.016906358,0.039079104,SLC38A4,1.595104969
ENSG00000239672.8,813.9738684,1.593747099,0.180414483,2.28E-19,8.22E-18,NME1,1.593747099
ENSG00000139946.10,954.0039427,-1.593631891,0.21231863,1.19E-14,2.40E-13,PELI2,1.593631891
ENSG00000234869.1,72.09766807,1.593315639,0.280979113,2.68E-09,2.51E-08,AL021392.1,1.593315639
ENSG00000250644.3,55.42315144,1.593209371,0.402785461,1.36E-05,6.66E-05,AC068580.4,1.593209371
ENSG00000272449.2,45.63608856,1.593134898,0.288928951,6.70E-09,5.88E-08,AL139246.5,1.593134898
ENSG00000213203.3,538.6718155,-1.59260155,0.183502565,7.78E-19,2.67E-17,GIMAP1,1.59260155
ENSG00000233929.1,6.133733686,-1.592125992,0.268908691,5.27E-10,5.50E-09,MT1XP1,1.592125992
ENSG00000224691.1,1.476248533,-1.592094756,0.515589884,0.000392618,0.001412676,AL133553.1,1.592094756
ENSG00000152527.14,1032.125357,-1.591544867,0.220999235,1.15E-13,2.04E-12,PLEKHH2,1.591544867
ENSG00000179776.19,5243.604102,-1.591409983,0.21010312,5.21E-15,1.11E-13,CDH5,1.591409983
ENSG00000255363.3,4.352039997,-1.591217112,0.305804376,3.90E-08,3.01E-07,LINC02757,1.591217112
ENSG00000160973.8,5.377148918,1.591116676,0.340318462,5.37E-07,3.41E-06,FOXH1,1.591116676
ENSG00000152583.12,30796.58736,-1.591003071,0.151924962,1.39E-26,1.09E-24,SPARCL1,1.591003071
ENSG00000259658.5,19.61267597,-1.590550335,0.197790404,1.39E-16,3.61E-15,AC027559.1,1.590550335
ENSG00000269867.1,327.5922108,1.590300711,0.287495994,5.97E-09,5.28E-08,AC010326.3,1.590300711
ENSG00000286196.1,12.87823245,-1.590184339,0.336205123,3.80E-07,2.49E-06,AL162586.2,1.590184339
ENSG00000270325.1,1.402580689,-1.58995507,0.58756604,0.00137074,0.004331416,BNIP3P9,1.58995507
ENSG00000237153.4,0.581565163,-1.589887255,0.894011189,0.017997391,0.041292284,AL162725.2,1.589887255
ENSG00000214012.4,2.007490993,1.589541856,0.481011213,0.000176894,0.000688097,KRT18P38,1.589541856
ENSG00000025708.14,3100.85358,1.589534003,0.257218559,1.35E-10,1.55E-09,TYMP,1.589534003
ENSG00000179455.10,49.29971442,1.589359847,0.715557359,0.003488607,0.009922993,MKRN3,1.589359847
ENSG00000226101.2,9.368404361,-1.589226855,0.481132049,0.000166635,0.000651611,LINC02097,1.589226855
ENSG00000283000.2,88.07947994,-1.589171465,0.443246088,5.67E-05,0.000245623,LINC02635,1.589171465
ENSG00000178776.5,145.8236248,1.589166164,0.38626387,7.10E-06,3.67E-05,C5orf46,1.589166164
ENSG00000241399.7,480.4540093,-1.589100269,0.281743053,3.20E-09,2.96E-08,CD302,1.589100269
ENSG00000197617.9,2.094763038,1.588683273,0.582657244,0.001017511,0.003322133,VN1R5,1.588683273
ENSG00000126861.5,35.39990674,-1.588612022,0.262430451,2.46E-10,2.71E-09,OMG,1.588612022
ENSG00000143367.16,2673.448857,1.588424746,0.135286527,3.39E-32,5.01E-30,TUFT1,1.588424746
ENSG00000268941.2,38.76382208,1.58840965,0.296780785,1.65E-08,1.35E-07,LINC01711,1.58840965
ENSG00000242580.1,20.24599337,-1.5882763,0.549894255,0.00059458,0.002052683,IGKV1D-43,1.5882763
ENSG00000207751.3,3.955078773,1.588242428,0.39524435,1.18E-05,5.82E-05,AP000553.1,1.588242428
ENSG00000125898.13,1376.774487,1.588111832,0.177052505,6.17E-20,2.35E-18,FAM110A,1.588111832
ENSG00000243870.3,1.939573735,1.587885389,0.604428244,0.001578874,0.004903896,RN7SL236P,1.587885389
ENSG00000254333.1,7.708095283,-1.587763378,0.326136286,2.42E-07,1.64E-06,NDST1-AS1,1.587763378
ENSG00000115226.10,644.3376597,-1.587684584,0.212233207,1.42E-14,2.84E-13,FNDC4,1.587684584
ENSG00000274031.1,9.680688206,-1.587310074,0.322323053,1.24E-07,8.84E-07,AC092140.2,1.587310074
ENSG00000042286.15,2418.312471,-1.587280561,0.25928342,1.37E-10,1.57E-09,AIFM2,1.587280561
ENSG00000227874.1,5.368261961,1.586615279,1.078300072,0.012919445,0.031041436,GRAMD4P1,1.586615279
ENSG00000107147.14,21.39004453,-1.58641682,0.279501648,0.017796644,0.040891582,KCNT1,1.58641682
ENSG00000247095.3,149.1034578,1.586288164,0.301812607,2.69E-08,2.13E-07,MIR210HG,1.586288164
ENSG00000100077.15,3466.562657,-1.585413945,0.230325412,1.13E-12,1.76E-11,GRK3,1.585413945
ENSG00000177627.11,18.99756658,-1.585207862,0.236569852,4.24E-12,6.07E-11,C12orf54,1.585207862
ENSG00000287232.1,21.75285602,-1.584957453,0.277447625,2.35E-09,2.21E-08,AC079848.2,1.584957453
ENSG00000176884.16,208.3743167,1.584615201,0.377294095,4.86E-06,2.60E-05,GRIN1,1.584615201
ENSG00000236444.5,20.02603393,-1.584022024,0.235803326,3.41E-12,4.97E-11,UBE2L5,1.584022024
ENSG00000150347.16,8673.098156,-1.583968656,0.172573903,4.62E-21,2.00E-19,ARID5B,1.583968656
ENSG00000266217.2,1.423421006,-1.58387975,0.682919465,0.003397064,0.009694192,CTSLP2,1.58387975
ENSG00000221968.9,2001.442525,-1.583848235,0.254545417,8.79E-11,1.04E-09,FADS3,1.583848235
ENSG00000135074.16,1064.086775,1.583764839,0.275694669,1.86E-09,1.78E-08,ADAM19,1.583764839
ENSG00000127249.15,874.1023521,-1.583344592,0.473506591,0.000134219,0.000536455,ATP13A4,1.583344592
ENSG00000285709.1,0.781106468,1.583121383,0.745376105,0.00800031,0.020466539,AL592164.2,1.583121383
ENSG00000060709.15,50.55680165,-1.582888568,0.329750892,2.90E-07,1.94E-06,RIMBP2,1.582888568
ENSG00000286935.1,3.942311269,1.582651665,0.6277861,0.00185289,0.005660102,AC079296.2,1.582651665
ENSG00000129354.12,4304.576696,1.582551662,0.293421637,1.59E-08,1.30E-07,AP1M2,1.582551662
ENSG00000287554.1,0.841615164,-1.582406248,0.795970745,0.008994093,0.02268387,AC006364.1,1.582406248
ENSG00000085831.15,4926.638341,1.58214217,0.272515119,1.34E-09,1.32E-08,TTC39A,1.58214217
ENSG00000277387.1,0.6297918,-1.582141813,0.73894874,0.007345776,0.019021034,MIR8058,1.582141813
ENSG00000260473.2,4.989974721,-1.582089184,0.29061821,1.12E-08,9.41E-08,AC068987.2,1.582089184
ENSG00000226281.4,20.8493402,-1.581335383,0.283319472,4.50E-09,4.05E-08,AL031123.1,1.581335383
ENSG00000169627.9,19.51779092,1.5813079,0.267197616,5.74E-10,5.95E-09,BOLA2B,1.5813079
ENSG00000277572.1,1.639613005,1.580892633,0.628288478,0.002046693,0.006190983,AP001347.2,1.580892633
ENSG00000167207.14,364.0053415,1.580719234,0.266206101,5.54E-10,5.76E-09,NOD2,1.580719234
ENSG00000253688.2,5.400145131,-1.580643455,0.252125471,1.01E-10,1.19E-09,AC026904.2,1.580643455
ENSG00000246898.1,100.5884476,-1.580396671,0.265062824,4.60E-10,4.85E-09,LINC00920,1.580396671
ENSG00000224957.6,32.0121056,-1.580283143,0.435857655,4.98E-05,0.000218569,LINC01266,1.580283143
ENSG00000114656.12,213.7722604,1.580231508,0.227565541,7.31E-13,1.17E-11,CFAP92,1.580231508
ENSG00000267505.1,6.824921964,-1.580107732,0.372969732,4.66E-06,2.50E-05,AC005180.2,1.580107732
ENSG00000169554.22,4184.911817,-1.580075887,0.22584868,3.69E-13,6.11E-12,ZEB2,1.580075887
ENSG00000105808.18,69.16658214,-1.579532017,0.250716049,5.77E-11,7.02E-10,RASA4,1.579532017
ENSG00000205363.6,280.3634448,1.578988386,0.356244672,1.73E-06,1.00E-05,INSYN1,1.578988386
ENSG00000224535.2,4.677021971,1.578382047,0.463024014,0.000118981,0.000481066,LINC02771,1.578382047
ENSG00000286721.1,10.81318586,-1.578332333,0.294172503,1.67E-08,1.37E-07,AC010623.1,1.578332333
ENSG00000106484.16,4084.46961,-1.578304497,0.276148485,1.70E-09,1.64E-08,MEST,1.578304497
ENSG00000160781.17,221.9853031,1.578135994,0.323425832,2.04E-07,1.40E-06,PAQR6,1.578135994
ENSG00000230913.1,0.488326165,-1.578049899,0.790970568,0.015420251,0.036113576,NPM1P51,1.578049899
ENSG00000113296.14,2349.049491,-1.577549821,0.391667244,9.83E-06,4.93E-05,THBS4,1.577549821
ENSG00000225742.6,58.63687532,1.577190538,0.430810986,4.45E-05,0.000196899,LINC02036,1.577190538
ENSG00000237592.2,2.449115341,-1.576955337,0.528021891,0.000454488,0.001612546,IGKV1OR10-1,1.576955337
ENSG00000107317.13,61.33320289,-1.5769,0.316721624,1.08E-07,7.79E-07,PTGDS,1.5769
ENSG00000143845.15,1235.499095,1.576853556,0.265216192,5.77E-10,5.99E-09,ETNK2,1.576853556
ENSG00000287061.1,1.708345669,1.576533611,0.520913359,0.000409244,0.001467122,AC124248.2,1.576533611
ENSG00000180178.11,60.68267943,1.576273533,0.588885676,0.00114114,0.003682015,FAR2P1,1.576273533
ENSG00000261592.1,4.485391149,-1.576049057,0.349328688,9.55E-07,5.81E-06,AC010531.3,1.576049057
ENSG00000082293.13,11.08717649,-1.576007636,0.448535588,8.34E-07,5.12E-06,COL19A1,1.576007636
ENSG00000254041.1,4.316632008,-1.575914518,0.449818934,8.74E-05,0.000364188,AC021546.1,1.575914518
ENSG00000271911.1,5.943846494,1.575861959,0.465477379,0.000127259,0.000511274,AL357054.3,1.575861959
ENSG00000259887.1,3.45732038,-1.575845118,0.400017863,1.80E-05,8.59E-05,FIGNL2-DT,1.575845118
ENSG00000248968.1,1.379038895,1.57553693,0.475253765,0.000198664,0.000763108,AC012640.1,1.57553693
ENSG00000136869.16,2264.56308,-1.57545802,0.210316404,1.35E-14,2.71E-13,TLR4,1.57545802
ENSG00000155961.5,188.2498261,1.575160335,0.414797118,2.59E-05,0.000120353,RAB39B,1.575160335
ENSG00000122547.11,1275.030934,-1.575149165,0.177310329,1.28E-19,4.77E-18,EEPD1,1.575149165
ENSG00000271086.7,4.920803908,-1.575063678,0.388815352,9.68E-06,4.87E-05,NAMA,1.575063678
ENSG00000242076.2,25.33154694,-1.574991807,0.536838289,0.000525035,0.001834518,IGKV1-33,1.574991807
ENSG00000103254.10,459.1862356,1.574464826,0.232018715,2.34E-12,3.49E-11,ANTKMT,1.574464826
ENSG00000276107.1,94.77896876,1.574414396,0.329542469,3.34E-07,2.21E-06,AC037198.1,1.574414396
ENSG00000230937.12,1958.008224,-1.574375774,0.516718775,0.000357998,0.001301702,MIR205HG,1.574375774
ENSG00000241218.1,13.42879977,-1.573930428,0.297181765,2.47E-08,1.97E-07,CSP2,1.573930428
ENSG00000272183.1,22.35561404,1.573746736,0.239555431,9.76E-12,1.32E-10,AC005041.3,1.573746736
ENSG00000099139.14,1222.798998,-1.573587853,0.236687718,5.37E-12,7.55E-11,PCSK5,1.573587853
ENSG00000287915.1,0.85848403,1.573148622,0.970125984,0.012697695,0.030579711,AC037433.1,1.573148622
ENSG00000251003.9,16.05363473,-1.5727444,0.252048648,8.37E-11,9.89E-10,ZFPM2-AS1,1.5727444
ENSG00000131759.18,4899.819401,1.572675359,0.198648519,6.82E-16,1.63E-14,RARA,1.572675359
ENSG00000143797.12,3995.397583,1.572661798,0.236411385,5.78E-12,8.08E-11,MBOAT2,1.572661798
ENSG00000267729.1,1.923656304,1.572445008,0.48376664,0.000224644,0.000852731,AC010761.6,1.572445008
ENSG00000228495.2,20.39330919,-1.572333689,0.326591215,2.80E-07,1.88E-06,LINC01013,1.572333689
ENSG00000237975.7,58.10653928,-1.572319612,0.26043395,2.99E-10,3.26E-09,FLG-AS1,1.572319612
ENSG00000254109.6,75.71111426,-1.572086475,0.280469136,4.01E-09,3.65E-08,RBPMS-AS1,1.572086475
ENSG00000251600.8,18.77822252,-1.572000768,0.240507259,1.05E-11,1.41E-10,AC107223.1,1.572000768
ENSG00000216480.2,3.08163743,-1.571913135,0.354384935,1.84E-06,1.06E-05,AL078604.1,1.571913135
ENSG00000261578.1,324.3301056,-1.571755451,0.325801864,2.54E-07,1.72E-06,AP003119.3,1.571755451
ENSG00000230731.3,3.805464862,-1.571720954,0.407724569,2.09E-05,9.87E-05,AL589745.1,1.571720954
ENSG00000118017.4,3.783313065,-1.571421219,0.395202328,1.35E-05,6.61E-05,A4GNT,1.571421219
ENSG00000231742.6,16.86573141,-1.571196868,0.308977637,6.51E-08,4.85E-07,LINC01273,1.571196868
ENSG00000229263.1,1.7482762,-1.571079481,0.488139888,0.000270963,0.001010971,AC004691.1,1.571079481
ENSG00000073754.6,1.602154735,-1.571041811,0.570811995,0.001097904,0.003557704,CD5L,1.571041811
ENSG00000232075.1,11.62561675,-1.570980298,0.274002351,1.86E-09,1.78E-08,MRPL35P2,1.570980298
ENSG00000268686.2,84.70677615,1.570865997,0.413947388,2.63E-05,0.000121628,AC010643.1,1.570865997
ENSG00000132205.11,1525.209974,-1.570844986,0.225982167,5.52E-13,8.98E-12,EMILIN2,1.570844986
ENSG00000111077.18,8159.938861,-1.570623045,0.179692524,3.16E-19,1.12E-17,TNS2,1.570623045
ENSG00000231072.1,0.88021263,1.570484736,0.628791962,0.0012836,0.004086631,GAPDHP64,1.570484736
ENSG00000263006.6,110.81268,1.570262966,0.272559087,1.69E-09,1.63E-08,ROCK1P1,1.570262966
ENSG00000106089.12,265.9744753,1.569930162,0.240890953,1.36E-11,1.81E-10,STX1A,1.569930162
ENSG00000121577.14,224.3015526,-1.569875943,0.179275787,0.000141018,0.000560986,POPDC2,1.569875943
ENSG00000198569.10,13.52742512,1.569868582,0.330966438,3.68E-07,2.42E-06,SLC34A3,1.569868582
ENSG00000285734.1,1.821783806,-1.569786862,0.626738063,0.002225492,0.006674778,AC005414.1,1.569786862
ENSG00000271924.1,2.62111551,1.569733186,0.479170173,0.000172906,0.000674188,RNA5SP108,1.569733186
ENSG00000261010.1,0.868937313,-1.569697621,1.02790139,0.019495812,0.04420626,RARRES2P6,1.569697621
ENSG00000225131.2,45.25255691,1.569515215,0.239857536,1.24E-11,1.66E-10,PSME2P2,1.569515215
ENSG00000255303.2,12.44331423,1.569454282,0.403822511,1.83E-05,8.76E-05,OR5BA1P,1.569454282
ENSG00000101230.6,1814.30089,-1.569171017,0.315878209,1.27E-07,8.99E-07,ISM1,1.569171017
ENSG00000068781.21,3.390635599,-1.569111501,0.58546157,0.001117378,0.003616334,STON1-GTF2A1L,1.569111501
ENSG00000254101.7,12.70866825,1.568965617,0.566164929,0.000879553,0.002920247,LINC02055,1.568965617
ENSG00000231290.6,278.6151447,-1.568808816,0.355276211,2.26E-27,1.95E-25,APCDD1L-DT,1.568808816
ENSG00000251152.1,1.371647524,-1.568570665,0.467839864,0.000185872,0.000720097,AC025539.1,1.568570665
ENSG00000042445.14,11399.15013,-1.568441818,0.237419872,5.94E-12,8.29E-11,RETSAT,1.568441818
ENSG00000198062.15,2.634933961,1.568367878,0.704393732,0.003885096,0.010900023,POTEH,1.568367878
ENSG00000152104.12,6811.025265,-1.568252615,0.191250795,5.53E-17,1.52E-15,PTPN14,1.568252615
ENSG00000283906.1,23.61739866,-1.56822512,0.425662063,3.91E-05,0.000174829,IGHV4-80,1.56822512
ENSG00000168394.11,4636.583877,1.56796222,0.245152213,3.17E-11,4.01E-10,TAP1,1.56796222
ENSG00000154370.16,1395.879603,1.567866888,0.142217666,5.42E-29,5.55E-27,TRIM11,1.567866888
ENSG00000274275.1,1.644254725,-1.5678239,0.502907223,0.000261954,0.000980899,AC009831.3,1.5678239
ENSG00000287644.1,4.42372507,1.567821776,0.527409698,0.000451282,0.001602038,AC080112.4,1.567821776
ENSG00000186854.11,135.6921169,-1.567169964,0.248910232,5.87E-11,7.13E-10,TRABD2A,1.567169964
ENSG00000231544.3,1.958896208,-1.567162548,0.408061005,2.84E-05,0.000130724,RSL24D1P11,1.567162548
ENSG00000282024.1,1.492583498,-1.567105593,0.406041177,2.46E-05,0.000114502,AL009031.1,1.567105593
ENSG00000280255.1,39.04612522,-1.566729494,0.296141676,2.37E-08,1.89E-07,AC004947.2,1.566729494
ENSG00000279570.1,1.894311219,-1.566548254,0.445861836,9.93E-05,0.000408715,AC099804.1,1.566548254
ENSG00000271602.1,2.723827224,1.566541248,0.475803073,0.000171921,0.000670481,KRT8P49,1.566541248
ENSG00000279936.1,3.944657904,1.566506658,0.453462225,9.61E-05,0.000397172,AC008806.1,1.566506658
ENSG00000270885.2,300.4464998,-1.566210074,0.29641019,2.39E-08,1.91E-07,RASL10B,1.566210074
ENSG00000092421.17,1855.793943,-1.565952813,0.218679808,1.59E-13,2.76E-12,SEMA6A,1.565952813
ENSG00000143867.7,986.0524964,-1.565933689,0.401105436,5.97E-11,7.23E-10,OSR1,1.565933689
ENSG00000100979.15,6262.793537,-1.565884543,0.240540637,9.55E-12,1.30E-10,PLTP,1.565884543
ENSG00000224260.6,2.775475624,1.565773558,0.80354153,0.006519413,0.017156257,AL023754.1,1.565773558
ENSG00000187848.15,23.60619816,1.565512021,0.649674113,0.002330375,0.006946388,P2RX2,1.565512021
ENSG00000242889.3,1.282360383,1.56545822,0.590405777,0.001453312,0.004560055,RN7SL449P,1.56545822
ENSG00000106688.12,1223.16966,1.565444215,0.349614198,1.42E-06,8.35E-06,SLC1A1,1.565444215
ENSG00000138435.16,66.20370341,-1.564307267,0.432921689,0.005989622,0.015926377,CHRNA1,1.564307267
ENSG00000272079.2,89.91888202,1.564265441,0.266152708,8.11E-10,8.25E-09,AC004233.2,1.564265441
ENSG00000183154.1,40.08874214,-1.564181239,0.339460713,7.22E-07,4.48E-06,AC138356.1,1.564181239
ENSG00000249610.1,1.744895075,1.563741178,0.599143815,0.001507323,0.004710339,ZNF474-AS1,1.563741178
ENSG00000006625.18,1820.644617,1.563059311,0.202252993,2.24E-15,4.99E-14,GGCT,1.563059311
ENSG00000095752.7,36.95602515,1.563011434,0.255267818,1.82E-10,2.05E-09,IL11,1.563011434
ENSG00000213199.8,86.32049538,1.562845198,0.298905869,3.24E-08,2.54E-07,ASIC3,1.562845198
ENSG00000272783.1,11.97913215,-1.562789257,0.244489715,2.92E-11,3.71E-10,AC147067.2,1.562789257
ENSG00000253451.1,87.01943114,-1.562547231,0.492614055,0.000249373,0.000938079,IGLV2-28,1.562547231
ENSG00000135502.19,3.369155534,-1.562246727,0.435458614,5.25E-05,0.000229088,SLC26A10,1.562246727
ENSG00000265996.1,8.914727652,-1.562240852,0.324712769,3.02E-07,2.01E-06,MIR3671,1.562240852
ENSG00000150938.10,14044.44589,-1.562235439,0.202789611,1.85E-15,4.16E-14,CRIM1,1.562235439
ENSG00000267710.9,38.74382907,-1.561991758,0.227487283,1.23E-12,1.90E-11,EDDM13,1.561991758
ENSG00000228667.1,0.566878885,-1.561697688,0.840214409,0.019222491,0.043689907,AL157385.1,1.561697688
ENSG00000257456.1,3.657892249,-1.561555097,0.394617743,1.71E-05,8.21E-05,AC009320.1,1.561555097
ENSG00000150750.8,33.96458758,-1.560872077,0.358466348,2.43E-06,1.38E-05,C11orf53,1.560872077
ENSG00000283676.1,1.980164737,-1.560333356,0.394810222,1.56E-05,7.57E-05,MIR5087,1.560333356
ENSG00000207864.3,6.990303989,-1.56005722,0.474606591,0.000175208,0.00068235,MIR27B,1.56005722
ENSG00000228997.1,0.624938331,-1.55984029,0.839867988,0.014463988,0.034210568,AL136452.1,1.55984029
ENSG00000244921.2,88.75963933,-1.559827249,0.566091222,0.000900794,0.002980694,MTCYBP18,1.559827249
ENSG00000183662.11,5.893448264,-1.559607369,0.28274587,6.25E-09,5.51E-08,TAFA1,1.559607369
ENSG00000224785.1,0.612735453,-1.559412741,0.818284855,0.012162735,0.029450252,AC006026.1,1.559412741
ENSG00000206712.1,2.925612585,-1.55938019,0.359241544,3.53E-06,1.94E-05,RNU6-26P,1.55938019
ENSG00000162391.12,11.82597009,-1.559316128,0.371618671,4.89E-06,2.61E-05,FAM151A,1.559316128
ENSG00000201579.1,2.477345972,-1.559051611,0.430489954,6.44E-05,0.000275742,RNU6-343P,1.559051611
ENSG00000141574.8,1471.593649,1.559037499,0.278373552,4.38E-09,3.95E-08,SECTM1,1.559037499
ENSG00000242337.5,12.04198908,-1.558776067,0.2479314,7.17E-11,8.57E-10,INHCAP,1.558776067
ENSG00000270751.1,0.637800238,-1.558524696,0.756657212,0.008331971,0.021208653,FBXW7-AS1,1.558524696
ENSG00000225300.1,2.339906189,1.558191375,0.601893871,0.001380027,0.004357605,AL591623.1,1.558191375
ENSG00000160200.18,22.40987599,1.558140693,0.429711146,5.21E-05,0.000227684,CBS,1.558140693
ENSG00000267506.5,8.145402148,1.55811009,0.255948593,7.34E-05,0.000310529,AC021683.2,1.55811009
ENSG00000223652.2,36.88820165,1.557543337,0.311123033,1.08E-07,7.76E-07,AC106786.1,1.557543337
ENSG00000005108.16,481.0035781,-1.55740328,0.218051894,1.86E-13,3.21E-12,THSD7A,1.55740328
ENSG00000226889.3,3.630644851,-1.557387106,0.314841199,1.91E-07,1.31E-06,AL359541.1,1.557387106
ENSG00000287712.1,14.25814617,1.557385011,0.342652855,1.09E-06,6.55E-06,AC005865.2,1.557385011
ENSG00000286396.1,0.961403641,-1.557384802,0.682154532,0.003512662,0.009981279,AC023049.1,1.557384802
ENSG00000257443.1,4.177467686,-1.557181578,0.432257954,5.28E-05,0.000230283,AC068305.2,1.557181578
ENSG00000277152.1,10.80622112,-1.556921764,0.270046836,1.82E-09,1.75E-08,AC110048.2,1.556921764
ENSG00000088305.18,373.4554699,1.556651082,0.226425489,1.33E-12,2.04E-11,DNMT3B,1.556651082
ENSG00000255910.2,3.658773012,-1.556629099,0.489900563,0.000281813,0.001047673,AC024901.1,1.556629099
ENSG00000215304.3,0.682381958,-1.556515617,0.851171373,0.014632293,0.034535868,AC135983.1,1.556515617
ENSG00000279030.1,1.383456631,-1.556515509,0.557867745,0.001074798,0.003490318,AC007336.3,1.556515509
ENSG00000252061.1,11.77245903,-1.556383561,0.254782925,1.63E-10,1.85E-09,RNU6-415P,1.556383561
ENSG00000104738.18,5036.880357,1.55636699,0.168223896,5.37E-21,2.31E-19,MCM4,1.55636699
ENSG00000154822.18,807.6523093,-1.556331223,0.232171024,4.04E-12,5.82E-11,PLCL2,1.556331223
ENSG00000175984.15,243.9965704,-1.555448196,0.198072907,3.01E-10,3.28E-09,DENND2C,1.555448196
ENSG00000265399.1,24.76464665,-1.555445611,0.263287643,7.11E-10,7.28E-09,AP005329.2,1.555445611
ENSG00000283418.1,2.548457825,1.55523931,0.47682347,0.000187845,0.000727097,U6,1.55523931
ENSG00000131748.16,4030.975852,1.55518119,0.269353088,1.54E-09,1.49E-08,STARD3,1.55518119
ENSG00000251314.2,8.956362661,-1.554881978,0.315690682,1.35E-07,9.52E-07,AC104123.1,1.554881978
ENSG00000156140.10,227.3556179,-1.554767516,0.241463358,2.42E-11,3.10E-10,ADAMTS3,1.554767516
ENSG00000285000.1,3.471784983,-1.554654123,0.446875916,8.72E-05,0.000363723,AC008581.2,1.554654123
ENSG00000238000.1,30.41108974,1.554054763,0.246543102,6.23E-11,7.52E-10,PSME2P1,1.554054763
ENSG00000184774.10,15.18255201,1.553684664,0.394874156,1.53E-05,7.41E-05,MGAT4EP,1.553684664
ENSG00000225523.2,31.14845663,-1.553457322,0.554996748,0.000821054,0.002745044,IGKV6D-21,1.553457322
ENSG00000228510.2,10.96667262,1.552611385,0.357403052,2.50E-06,1.41E-05,AL359091.2,1.552611385
ENSG00000287348.1,4.904503772,-1.552487969,0.566745891,0.000962381,0.003162639,AC099535.2,1.552487969
ENSG00000118777.12,420.1127453,-1.552222401,0.2218438,5.34E-13,8.70E-12,ABCG2,1.552222401
ENSG00000255882.1,0.681986249,-1.552163197,0.810357687,0.014618504,0.034511617,AC091814.1,1.552163197
ENSG00000225579.2,1.780511656,-1.55212941,0.445196936,7.73E-05,0.000325722,EDNRB-AS1,1.55212941
ENSG00000222503.1,0.970614182,-1.552036475,0.613847529,0.001831207,0.005601272,Y_RNA,1.552036475
ENSG00000226239.2,22.0084447,-1.552007658,0.285677673,1.07E-08,9.10E-08,AL031658.1,1.552007658
ENSG00000230330.1,25.82827559,1.551857909,0.214807295,6.41E-06,3.35E-05,HMGN2P3,1.551857909
ENSG00000185480.12,201.03127,1.551622057,0.156055313,5.94E-24,3.37E-22,PARPBP,1.551622057
ENSG00000182885.17,74.2380322,-1.551369109,0.366921947,4.04E-06,2.19E-05,ADGRG3,1.551369109
ENSG00000223298.1,2.095255562,-1.551301948,0.596608675,0.001137135,0.003669998,RNY3P8,1.551301948
ENSG00000122741.16,6604.263488,1.550717168,0.188629952,5.02E-17,1.39E-15,DCAF10,1.550717168
ENSG00000043591.6,151.8488636,-1.550287561,0.490157599,0.000261786,0.000980455,ADRB1,1.550287561
ENSG00000118702.9,15.28763217,1.550235836,0.929277203,0.010507553,0.025939717,GHRH,1.550235836
ENSG00000203995.10,215.3493961,1.5498902,0.280776362,6.93E-09,6.06E-08,ZYG11A,1.5498902
ENSG00000273172.1,5.712479091,-1.549634111,0.368263689,4.71E-06,2.52E-05,LINC02091,1.549634111
ENSG00000205269.6,990.4768748,-1.549432637,0.268092843,1.35E-09,1.32E-08,TMEM170B,1.549432637
ENSG00000287595.1,19.24088871,1.549261681,0.336671147,8.14E-07,5.00E-06,AC097369.4,1.549261681
ENSG00000130303.13,10354.06041,1.549260448,0.286827054,1.72E-08,1.40E-07,BST2,1.549260448
ENSG00000279875.1,1.9366791,-1.549237554,0.467566151,0.00019337,0.000745909,AC074029.4,1.549237554
ENSG00000283098.2,19.1005942,1.54921017,0.522896012,0.000509179,0.00178515,AL132857.1,1.54921017
ENSG00000196074.13,1627.182254,1.548979808,0.30590398,8.04E-08,5.90E-07,SYCP2,1.548979808
ENSG00000203756.8,4.661741825,1.548815591,0.423051825,4.87E-05,0.000214083,TMEM244,1.548815591
ENSG00000229664.1,2.270027821,-1.548547627,0.432594592,7.15E-05,0.000303212,AL137186.1,1.548547627
ENSG00000169550.14,684.3046667,-1.548534579,0.633501957,0.0021184,0.00638527,MUC15,1.548534579
ENSG00000255248.9,1377.680106,-1.548272734,0.188116356,3.81E-17,1.07E-15,MIR100HG,1.548272734
ENSG00000177189.14,3618.738331,-1.547996339,0.19183819,1.69E-16,4.36E-15,RPS6KA3,1.547996339
ENSG00000168634.5,2.005734566,1.547938181,0.672491732,0.003229605,0.009268158,WFDC13,1.547938181
ENSG00000157554.19,1764.591944,-1.547814162,0.18743966,2.42E-17,6.98E-16,ERG,1.547814162
ENSG00000203760.9,420.783893,1.54775397,0.264429232,9.52E-10,9.54E-09,CENPW,1.54775397
ENSG00000182325.11,642.4980577,1.54769304,0.192523477,2.13E-16,5.43E-15,FBXL6,1.54769304
ENSG00000137309.20,5751.370316,1.547188555,0.220854454,5.06E-13,8.26E-12,HMGA1,1.547188555
ENSG00000105472.13,687.6257753,1.546928953,0.223531879,9.28E-13,1.46E-11,CLEC11A,1.546928953
ENSG00000226426.1,1.510224276,-1.546905158,1.092452897,0.011145189,0.027304497,AC012558.1,1.546905158
ENSG00000265702.2,9.168429175,1.546606955,0.496601281,0.000317202,0.001165884,AC005821.1,1.546606955
ENSG00000164128.7,11071.54385,1.546304758,0.579999023,0.001378791,0.004354054,NPY1R,1.546304758
ENSG00000260578.1,43.5721824,-1.546197431,0.317851062,2.22E-07,1.51E-06,AC110597.1,1.546197431
ENSG00000276524.1,1.654559895,-1.546160612,0.450271039,0.000128976,0.000517485,AC010999.2,1.546160612
ENSG00000227953.7,52.95237749,1.546095856,0.304270376,7.26E-08,5.37E-07,LINC01341,1.546095856
ENSG00000167705.12,427.3269807,-1.545925435,0.21798257,2.63E-13,4.46E-12,RILP,1.545925435
ENSG00000161835.11,633.3459429,-1.545618143,0.193266112,2.57E-16,6.49E-15,TAMALIN,1.545618143
ENSG00000254978.2,21.23574702,1.545527527,0.254192495,2.52E-10,2.77E-09,ALG1L9P,1.545527527
ENSG00000279805.1,39.30217161,-1.545442203,0.199523886,2.00E-15,4.48E-14,Z95114.3,1.545442203
ENSG00000271236.1,1.326299233,-1.54532628,0.475095294,0.000226351,0.000858381,SUMO2P15,1.54532628
ENSG00000260602.2,1.856807804,-1.545306596,0.473431494,0.000199149,0.000764823,HMGN2P40,1.545306596
ENSG00000005381.8,21.63268069,-1.545131559,0.279508106,6.71E-09,5.88E-08,MPO,1.545131559
ENSG00000214073.2,0.994662437,-1.545100974,0.59602292,0.001377961,0.004351783,RPL21P17,1.545100974
ENSG00000134775.15,1102.624852,-1.545071497,0.260180462,5.07E-10,5.30E-09,FHOD3,1.545071497
ENSG00000286011.1,9.647352998,1.54502272,0.416325498,3.83E-05,0.000171279,AC062037.3,1.54502272
ENSG00000185803.12,2153.93797,1.544907215,0.179451863,1.66E-18,5.49E-17,SLC52A2,1.544907215
ENSG00000177469.13,33199.34699,-1.544815645,0.184421472,7.95E-18,2.42E-16,CAVIN1,1.544815645
ENSG00000225361.4,215.1217276,1.544815012,0.194545214,4.39E-16,1.08E-14,PPP1R26-AS1,1.544815012
ENSG00000168952.15,197.9666803,-1.544099883,0.348996665,1.80E-06,1.04E-05,STXBP6,1.544099883
ENSG00000123360.12,568.4501239,-1.544076656,0.258853426,4.82E-10,5.06E-09,PDE1B,1.544076656
ENSG00000143570.19,46.5132972,1.544018851,0.211077844,5.44E-14,1.00E-12,SLC39A1,1.544018851
ENSG00000236008.3,65.85901509,1.543843832,0.296560966,3.85E-08,2.98E-07,LINC01814,1.543843832
ENSG00000230314.7,72.34078124,1.543217753,0.499201905,0.000340724,0.001244537,ELOVL2-AS1,1.543217753
ENSG00000248334.6,160.0497464,-1.543178966,0.206418821,1.47E-14,2.93E-13,WHAMMP2,1.543178966
ENSG00000148082.10,245.8709483,-1.543173397,0.224902902,1.38E-12,2.12E-11,SHC3,1.543173397
ENSG00000236332.2,0.483006081,-1.542952495,0.795554923,0.018983116,0.043228377,AP001604.1,1.542952495
ENSG00000188263.10,24.06266317,1.542826133,0.502335701,0.000367776,0.001333062,IL17REL,1.542826133
ENSG00000169344.15,16.41993558,1.542761788,0.4887616,0.000282612,0.001050144,UMOD,1.542761788
ENSG00000175130.7,15983.6045,1.542689497,0.199145318,2.01E-15,4.52E-14,MARCKSL1,1.542689497
ENSG00000185420.19,1418.082898,1.542533879,0.175766591,3.82E-19,1.34E-17,SMYD3,1.542533879
ENSG00000104043.15,431.1736264,-1.542271516,0.227151848,2.28E-12,3.41E-11,ATP8B4,1.542271516
ENSG00000117308.15,1536.826232,1.542061395,0.215181752,1.62E-13,2.81E-12,GALE,1.542061395
ENSG00000258702.3,6.362913666,-1.541361478,0.42813284,5.25E-05,0.000229129,AL137786.1,1.541361478
ENSG00000116833.14,415.3417583,-1.541332588,0.222844446,9.34E-13,1.47E-11,NR5A2,1.541332588
ENSG00000124140.14,25.50746597,1.541305123,0.334890737,7.76E-07,4.78E-06,SLC12A5,1.541305123
ENSG00000262870.1,0.945683181,-1.541288546,0.621812609,0.002446213,0.007253986,CYCSP40,1.541288546
ENSG00000133195.11,4122.658082,1.540854233,0.204910848,1.28E-14,2.59E-13,SLC39A11,1.540854233
ENSG00000079616.13,2196.281335,1.540698887,0.150746732,3.25E-25,2.15E-23,KIF22,1.540698887
ENSG00000077063.11,376.9915732,-1.540122966,0.292648407,2.70E-08,2.14E-07,CTTNBP2,1.540122966
ENSG00000254936.4,3.566594128,-1.539749958,0.406501975,3.28E-05,0.000149306,AF131215.4,1.539749958
ENSG00000261061.1,160.1026502,1.539660565,0.211283821,6.51E-14,1.19E-12,AC092718.4,1.539660565
ENSG00000088320.4,90.55560422,-1.539117985,0.220515379,6.06E-13,9.79E-12,REM1,1.539117985
ENSG00000250969.1,1.582748547,-1.539088318,0.441392573,9.01E-05,0.000374231,AC097658.2,1.539088318
ENSG00000272425.1,11.4895145,-1.539063837,0.269865694,2.20E-09,2.09E-08,AC009902.3,1.539063837
ENSG00000287175.1,2.503857811,1.538739729,0.444565284,9.57E-05,0.000395511,AL513303.1,1.538739729
ENSG00000201217.1,4.698715609,-1.538002529,0.457413091,0.000149229,0.000590482,Y_RNA,1.538002529
ENSG00000184270.6,1.818570811,1.537938476,0.564112219,0.001127856,0.003645442,H2AC21,1.537938476
ENSG00000130487.9,418.014432,1.537834258,0.39006249,1.58E-05,7.66E-05,KLHDC7B,1.537834258
ENSG00000100911.16,6219.83546,1.537548658,0.195498754,1.22E-15,2.81E-14,PSME2,1.537548658
ENSG00000179817.5,1.344240364,-1.537420432,0.603207389,0.001947183,0.005919148,MRGPRX4,1.537420432
ENSG00000211898.7,333.9777963,-1.537252213,0.524863668,0.000558496,0.001940214,IGHD,1.537252213
ENSG00000105327.18,501.9011402,1.537241752,0.219905573,5.90E-13,9.54E-12,BBC3,1.537241752
ENSG00000197437.4,1.069861135,1.536663932,0.744976689,0.007823725,0.020086974,OR13G1,1.536663932
ENSG00000183850.14,43.7306054,1.536401966,0.258986752,6.18E-10,6.38E-09,ZNF730,1.536401966
ENSG00000174099.12,5442.140293,-1.536092619,0.225979631,2.00E-12,3.02E-11,MSRB3,1.536092619
ENSG00000105464.3,97.77546831,1.535678618,0.174346542,2.51E-19,8.98E-18,GRIN2D,1.535678618
ENSG00000265688.2,278.8286756,1.535352563,0.219171769,4.93E-13,8.08E-12,MAFG-DT,1.535352563
ENSG00000160877.6,3816.423218,1.53526963,0.154195674,6.03E-24,3.42E-22,NACC1,1.53526963
ENSG00000274080.1,9.237805738,-1.535236606,0.489663239,0.000261041,0.000978038,AC005089.1,1.535236606
ENSG00000271304.2,3.016705916,1.535123586,0.535427078,0.000720455,0.00244386,DPRXP2,1.535123586
ENSG00000224796.1,6.957215476,-1.534831726,0.358445569,3.75E-06,2.05E-05,RPL32P1,1.534831726
ENSG00000226413.2,6.443971719,-1.534220901,0.320606803,2.99E-07,1.99E-06,OR8T1P,1.534220901
ENSG00000234383.1,8.985484524,-1.534211479,0.290187614,2.95E-08,2.33E-07,CTBP2P8,1.534211479
ENSG00000229751.1,0.990465232,-1.533977115,0.649472298,0.003417444,0.009744565,AC044781.1,1.533977115
ENSG00000109063.15,187.0851999,-1.533972131,0.177957235,9.12E-12,1.24E-10,MYH3,1.533972131
ENSG00000115963.13,4340.143651,-1.533727604,0.229739623,4.98E-12,7.04E-11,RND3,1.533727604
ENSG00000278214.1,6.172499891,-1.533218764,0.327147025,5.26E-07,3.35E-06,LINC02139,1.533218764
ENSG00000183638.6,22.64551782,-1.533011429,0.276277193,6.25E-09,5.51E-08,RP1L1,1.533011429
ENSG00000175229.7,2.033086982,-1.532915608,0.579350681,0.001350761,0.004278953,GAL3ST3,1.532915608
ENSG00000170482.17,70.34365344,1.532843551,0.302241199,7.91E-08,5.82E-07,SLC23A1,1.532843551
ENSG00000105479.16,89.86780105,1.53251766,0.306624836,1.17E-07,8.33E-07,CCDC114,1.53251766
ENSG00000140451.13,81.82564137,1.532489535,0.261334624,8.82E-10,8.89E-09,PIF1,1.532489535
ENSG00000064218.5,83.97436224,-1.53246347,0.308665261,1.32E-07,9.30E-07,DMRT3,1.53246347
ENSG00000166578.10,149.9146715,1.532392876,0.16612264,6.32E-21,2.69E-19,IQCD,1.532392876
ENSG00000135549.15,1715.043282,1.532386589,0.322923583,4.28E-07,2.77E-06,PKIB,1.532386589
ENSG00000129538.14,10930.38581,-1.532288254,0.29023829,2.54E-08,2.02E-07,RNASE1,1.532288254
ENSG00000269971.1,2.382672562,-1.531555158,0.468619188,0.00019605,0.000754692,AL020997.2,1.531555158
ENSG00000177990.12,166.0029303,-1.531380182,0.249063601,1.57E-10,1.78E-09,DPY19L2,1.531380182
ENSG00000104889.7,3.18393799,1.53100656,0.436929219,8.94E-05,0.000371876,RNASEH2A,1.53100656
ENSG00000161850.3,0.676540261,-1.530979496,0.725140882,0.008066528,0.020615414,KRT82,1.530979496
ENSG00000274248.1,6.32406288,-1.530954902,0.396871049,1.99E-05,9.47E-05,AJ011932.1,1.530954902
ENSG00000005001.10,579.5642568,1.530852518,0.302828897,9.18E-08,6.67E-07,PRSS22,1.530852518
ENSG00000231509.1,1.092198029,-1.530387387,0.600414631,0.002278762,0.006812182,AL162253.1,1.530387387
ENSG00000173267.14,2600.405876,-1.530307099,0.412058438,3.39E-05,0.000153818,SNCG,1.530307099
ENSG00000285684.1,2.187958153,-1.530131592,0.500370949,0.000382599,0.00138118,AL137781.1,1.530131592
ENSG00000234842.1,3.370388973,-1.53009111,0.545595653,0.000928478,0.003063525,MTCO2P16,1.53009111
ENSG00000257660.5,10.51475839,1.529804259,0.283588654,1.55E-08,1.28E-07,ADCY6-DT,1.529804259
ENSG00000169247.14,214.9568637,-1.529213094,0.263457211,1.28E-09,1.26E-08,SH3TC2,1.529213094
ENSG00000240207.7,108.4071215,-1.52914681,0.238273383,2.80E-11,3.57E-10,AC080013.1,1.52914681
ENSG00000267886.1,30.41428541,1.529054905,0.338225123,1.25E-06,7.43E-06,AC074135.1,1.529054905
ENSG00000099337.5,2686.756056,1.528600468,0.249077684,1.85E-10,2.08E-09,KCNK6,1.528600468
ENSG00000150594.7,2322.77031,-1.528466345,0.293236512,2.84E-08,2.24E-07,ADRA2A,1.528466345
ENSG00000130413.15,24.80793813,-1.528406058,0.281894018,1.06E-08,9.00E-08,STK33,1.528406058
ENSG00000226220.1,2.627412944,1.528381898,0.455047155,0.000151972,0.00060037,CICP22,1.528381898
ENSG00000142606.16,106.7195486,1.528116794,0.244880477,8.78E-11,1.03E-09,MMEL1,1.528116794
ENSG00000253807.6,1.965491418,-1.527943587,0.534572455,0.000740484,0.00250445,LINC01170,1.527943587
ENSG00000004478.8,12864.39235,1.527865318,0.178966683,5.87E-18,1.82E-16,FKBP4,1.527865318
ENSG00000204366.4,341.2519812,1.527399038,0.187585988,8.74E-17,2.35E-15,ZBTB12,1.527399038
ENSG00000205846.4,3.34957789,1.527345155,0.531996453,0.000710388,0.00241242,CLEC6A,1.527345155
ENSG00000255045.1,2.304661121,-1.527028269,0.424647897,5.99E-05,0.000258718,AP000866.5,1.527028269
ENSG00000248647.2,0.656384998,-1.527007766,0.899018013,0.016708024,0.038679829,AC012613.1,1.527007766
ENSG00000277587.1,7.797456377,-1.526543903,0.334042358,9.11E-07,5.56E-06,AC008759.3,1.526543903
ENSG00000233894.1,1.843618924,-1.526540271,0.421122477,6.47E-05,0.00027689,AC105271.1,1.526540271
ENSG00000153531.13,365.8820907,-1.526479747,0.186023615,0.003360186,0.00959732,ADPRHL1,1.526479747
ENSG00000206053.13,10293.99081,1.526419669,0.120802178,1.35E-36,3.69E-34,JPT2,1.526419669
ENSG00000256618.2,45.25402442,-1.52635396,0.653419567,2.47E-06,1.40E-05,MTRNR2L1,1.52635396
ENSG00000189182.10,5.704384317,-1.526207046,0.7425347,0.005265695,0.014210179,KRT77,1.526207046
ENSG00000266010.2,15.01084654,-1.526036874,0.268939337,2.97E-09,2.75E-08,GATA6-AS1,1.526036874
ENSG00000200204.1,1.826582954,-1.52542508,0.592834698,0.001669897,0.00515526,RNU1-22P,1.52542508
ENSG00000183629.13,1.509096259,-1.525378802,0.645374115,0.003261197,0.009346862,GOLGA8G,1.525378802
ENSG00000272320.1,34.63923029,-1.525372178,0.193182446,7.42E-16,1.76E-14,AL445309.1,1.525372178
ENSG00000207725.3,1.093906661,-1.525217846,0.674571171,0.003399527,0.009699812,MIR222,1.525217846
ENSG00000287519.1,4.217035507,1.525123401,0.535810151,0.00081754,0.002734927,AC004921.2,1.525123401
ENSG00000279859.2,1.365992807,1.525032666,0.542798492,0.000917103,0.003029299,AC093323.2,1.525032666
ENSG00000100095.19,89.60594924,1.524854589,0.448190752,0.000120475,0.000486257,SEZ6L,1.524854589
ENSG00000180573.9,4525.867292,1.524513789,0.24636302,1.26E-10,1.46E-09,H2AC6,1.524513789
ENSG00000227404.1,2.216125574,1.524478586,0.46225888,0.000189615,0.000733229,KRT8P20,1.524478586
ENSG00000268873.1,1.384017289,-1.524431993,0.49203178,0.000384459,0.00138713,AC022601.1,1.524431993
ENSG00000188001.10,2563.486572,1.524420321,0.424656254,6.61E-05,0.00028271,TPRG1,1.524420321
ENSG00000140090.18,46.05928597,-1.524121089,0.263470215,1.41E-09,1.38E-08,SLC24A4,1.524121089
ENSG00000164949.8,2437.193696,-1.523693037,0.203333816,1.39E-14,2.79E-13,GEM,1.523693037
ENSG00000251322.9,2403.573162,-1.523427648,0.197129453,2.28E-15,5.09E-14,SHANK3,1.523427648
ENSG00000213943.3,6.969471022,1.523352293,0.385828035,1.52E-05,7.39E-05,KRT18P17,1.523352293
ENSG00000274276.4,13.04738689,1.522587206,0.60667292,0.00195005,0.005926028,CBSL,1.522587206
ENSG00000204516.10,428.0336871,1.522447998,0.215939613,4.10E-13,6.77E-12,MICB,1.522447998
ENSG00000125505.17,5309.457939,1.522321476,0.176128204,1.16E-18,3.90E-17,MBOAT7,1.522321476
ENSG00000269986.1,1.108461389,-1.522258253,0.590645654,0.002124537,0.006400329,AC040174.2,1.522258253
ENSG00000225877.1,1.041040372,-1.522190904,0.604138384,0.001910182,0.005817024,PSG8-AS1,1.522190904
ENSG00000176153.12,178.1893643,-1.521750083,0.404006397,3.06E-05,0.000139769,GPX2,1.521750083
ENSG00000161055.4,825.3931593,-1.521179224,0.621543972,0.002183382,0.006562508,SCGB3A1,1.521179224
ENSG00000228986.1,2.651063261,-1.52100841,0.332681174,1.09E-06,6.54E-06,AC234781.3,1.52100841
ENSG00000189002.10,0.478440351,-1.52036524,0.745274052,0.013793527,0.032829022,PROS2P,1.52036524
ENSG00000275392.1,3.042254829,-1.520224498,0.376088374,1.22E-05,6.04E-05,AL445493.3,1.520224498
ENSG00000011347.10,5448.244186,1.519934058,0.24275,9.77E-11,1.15E-09,SYT7,1.519934058
ENSG00000186340.16,8258.832487,1.519747271,0.292786552,4.86E-08,3.70E-07,THBS2,1.519747271
ENSG00000236501.6,33.0519413,-1.519691678,0.241708904,6.81E-11,8.17E-10,AC074286.1,1.519691678
ENSG00000286830.1,23.13348467,1.51963075,0.294515801,5.25E-08,3.97E-07,AC105052.5,1.51963075
ENSG00000271967.1,18.46483778,-1.519595027,0.207524574,5.22E-14,9.69E-13,AL583856.2,1.519595027
ENSG00000260581.1,8.327627506,-1.519173397,0.299092425,7.54E-08,5.56E-07,AC011374.1,1.519173397
ENSG00000264345.2,23.55316789,-1.518998072,0.262690988,1.91E-18,6.25E-17,LINC01894,1.518998072
ENSG00000183317.17,357.9757249,1.518760266,0.354153355,3.63E-06,1.99E-05,EPHA10,1.518760266
ENSG00000198033.12,1.120247434,1.518728068,0.958806411,0.016426571,0.038140636,TUBA3C,1.518728068
ENSG00000124374.9,725.1679405,-1.518689973,0.197494159,0.0003453,0.001259146,PAIP2B,1.518689973
ENSG00000180438.15,41.57022427,1.518454897,0.419017228,5.49E-05,0.000238438,TPRXL,1.518454897
ENSG00000286887.1,3.632467591,1.517829327,0.370650772,8.34E-06,4.25E-05,AL355881.1,1.517829327
ENSG00000229862.5,0.784266849,-1.517739188,0.593450091,0.00203434,0.006156462,AL121972.1,1.517739188
ENSG00000101276.18,1091.128776,1.517725155,0.214701377,3.56E-13,5.91E-12,SLC52A3,1.517725155
ENSG00000224511.2,10.47844817,1.51751009,0.363933625,5.82E-06,3.06E-05,LINC00365,1.51751009
ENSG00000147889.18,326.5142804,1.517073194,0.273590518,5.94E-09,5.26E-08,CDKN2A,1.517073194
ENSG00000230005.2,3.610440689,1.517059461,0.557531226,0.001045685,0.003404216,SNAP47-AS1,1.517059461
ENSG00000172460.17,46.60111022,1.517023292,0.299723102,8.42E-08,6.16E-07,PRSS30P,1.517023292
ENSG00000073464.13,385.5871775,-1.51687385,0.244648851,1.85E-09,1.78E-08,CLCN4,1.51687385
ENSG00000122733.12,51.72196382,-1.516819978,0.302140547,2.24E-14,4.36E-13,PHF24,1.516819978
ENSG00000213343.5,0.924472386,-1.516634039,0.511967816,0.000680338,0.002317585,RPL21P18,1.516634039
ENSG00000198765.12,9.747202333,-1.516241833,0.591766057,2.18E-05,0.000102734,SYCP1,1.516241833
ENSG00000204832.10,196.5991315,1.516116292,0.504110477,0.000459454,0.001628253,ST8SIA6-AS1,1.516116292
ENSG00000170525.21,15800.13118,-1.515893046,0.304804899,1.03E-07,7.40E-07,PFKFB3,1.515893046
ENSG00000233251.8,167.1839064,-1.515423113,0.377128479,1.12E-05,5.55E-05,AC007743.1,1.515423113
ENSG00000257458.1,0.99697764,1.515228341,0.582596326,0.001614557,0.005005228,AC069437.1,1.515228341
ENSG00000136770.11,3584.879637,1.515174618,0.206335121,5.09E-14,9.47E-13,DNAJC1,1.515174618
ENSG00000258039.2,0.736044283,1.514943465,0.751210135,0.008671893,0.021974241,AC117377.1,1.514943465
ENSG00000251468.2,11.20734373,-1.514812471,0.34909576,2.97E-06,1.65E-05,AC135352.1,1.514812471
ENSG00000276047.1,0.985426114,1.514565432,0.867275632,0.011236609,0.027501025,RN7SL711P,1.514565432
ENSG00000181649.8,379.2086751,1.513914849,0.286693238,2.59E-08,2.05E-07,PHLDA2,1.513914849
ENSG00000238225.1,1.226786403,1.513822216,0.504558878,0.000517898,0.001812965,CRIP1P2,1.513822216
ENSG00000078725.13,370.248046,-1.513776656,0.477714972,0.00026862,0.001003372,BRINP1,1.513776656
ENSG00000137878.17,283.8995014,-1.513316153,0.283901353,1.96E-08,1.59E-07,GCOM1,1.513316153
ENSG00000113369.9,9462.408425,-1.513303039,0.208589272,5.80E-14,1.07E-12,ARRDC3,1.513303039
ENSG00000286208.1,285.2450768,1.513266084,0.60179715,0.001940419,0.00590151,AC093838.1,1.513266084
ENSG00000279858.1,2.819427953,-1.513031885,0.428318074,7.13E-05,0.000302533,AC068880.4,1.513031885
ENSG00000255993.1,4.81880186,-1.512493716,0.370793513,8.58E-06,4.36E-05,PSMC1P9,1.512493716
ENSG00000287412.1,1.354824319,-1.512410608,0.639212877,0.003009198,0.008716512,AP001591.1,1.512410608
ENSG00000278709.2,171.3445288,1.512243444,0.252431299,4.16E-10,4.43E-09,NKILA,1.512243444
ENSG00000256870.3,69.16491963,1.512063896,0.72020044,0.005111713,0.013842764,SLC5A8,1.512063896
ENSG00000229521.2,1.164842547,-1.511487645,0.6022742,0.002554288,0.007535496,MYCBP2-AS2,1.511487645
ENSG00000129749.3,48.58203751,-1.511328232,0.229334944,5.73E-05,0.00024827,CHRNA10,1.511328232
ENSG00000251688.2,1.363786366,1.511323552,0.678905258,0.004103466,0.011432665,LINC02507,1.511323552
ENSG00000267583.5,25.70815772,-1.510932302,0.251011857,3.38E-10,3.65E-09,AC007998.3,1.510932302
ENSG00000223812.8,5.772155194,-1.510719209,0.496178042,0.000446856,0.001587618,AC073365.1,1.510719209
ENSG00000106624.11,37628.36328,1.510571358,0.244342038,1.19E-10,1.38E-09,AEBP1,1.510571358
ENSG00000151834.16,94.96949187,-1.510290202,0.540880885,0.000880047,0.002921147,GABRA2,1.510290202
ENSG00000189377.9,656.9118882,1.510288346,0.556244771,0.001141114,0.003682015,CXCL17,1.510288346
ENSG00000090971.5,699.9352724,1.510278143,0.218314519,9.54E-13,1.50E-11,NAT14,1.510278143
ENSG00000224173.2,0.937253194,-1.510152933,0.742822066,0.006657778,0.017473145,LINC02831,1.510152933
ENSG00000271936.1,31.09768634,1.509740426,0.215078503,4.57E-13,7.51E-12,AC012073.1,1.509740426
ENSG00000228317.2,1.705873893,-1.509083852,0.442739643,0.000102769,0.000421593,AL158070.1,1.509083852
ENSG00000110169.11,895.2829128,1.509051165,0.430093262,8.74E-05,0.000364159,HPX,1.509051165
ENSG00000163535.18,552.9834403,1.508868598,0.142222476,4.54E-27,3.76E-25,SGO2,1.508868598
ENSG00000231412.2,1.550738002,1.508769589,0.56224061,0.001310591,0.004165138,AC005392.2,1.508769589
ENSG00000134321.12,1757.589672,1.508643424,0.333355737,1.27E-06,7.52E-06,RSAD2,1.508643424
ENSG00000042304.12,1.40494351,-1.508124352,0.905401715,0.009123627,0.022957504,C2orf83,1.508124352
ENSG00000280168.1,3.075722512,-1.508088142,0.342161932,2.75E-06,1.54E-05,AC005274.1,1.508088142
ENSG00000121211.8,1.052657091,1.507526171,0.595275016,0.001969512,0.005978695,MND1,1.507526171
ENSG00000236972.2,1.212476214,-1.507438984,0.552735462,0.001406559,0.004429278,FABP5P1,1.507438984
ENSG00000133561.15,2168.569646,-1.507397293,0.18831206,2.36E-16,5.99E-15,GIMAP6,1.507397293
ENSG00000182636.8,1732.386795,-1.50702957,0.212899104,2.43E-13,4.14E-12,NDN,1.50702957
ENSG00000253131.1,3.980933978,-1.506382081,0.718160281,0.004734179,0.012940265,IGHV7-56,1.506382081
ENSG00000261222.3,6.059453843,-1.506007874,0.332697431,1.13E-06,6.76E-06,AC064805.1,1.506007874
ENSG00000288061.1,3.024104905,-1.505921222,0.345689332,2.91E-06,1.62E-05,AP000926.2,1.505921222
ENSG00000102316.17,32199.43884,1.505909394,0.186157989,1.39E-16,3.61E-15,MAGED2,1.505909394
ENSG00000154654.15,746.952747,1.505882022,0.324357611,7.17E-07,4.45E-06,NCAM2,1.505882022
ENSG00000236303.4,1.037323909,1.505769409,0.805379465,0.008017453,0.020507724,LINC02646,1.505769409
ENSG00000285587.1,29.70893419,1.505530132,0.477135177,0.000290294,0.001075538,AC012470.1,1.505530132
ENSG00000139597.18,1215.736947,-1.50548725,0.145160893,1.05E-25,7.41E-24,N4BP2L1,1.50548725
ENSG00000110079.18,979.5029311,-1.505295795,0.271085161,5.20E-09,4.63E-08,MS4A4A,1.505295795
ENSG00000118308.15,326.0655906,-1.505220119,0.218063254,1.05E-12,1.64E-11,IRAG2,1.505220119
ENSG00000116128.11,2877.994206,1.504736218,0.127730133,2.69E-32,4.07E-30,BCL9,1.504736218
ENSG00000274508.1,4.4502926,1.504574875,0.525787565,0.000711183,0.002414285,AC007336.2,1.504574875
ENSG00000284418.2,4.261965307,-1.504570019,0.508037538,0.000538919,0.001878352,AL391117.1,1.504570019
ENSG00000074416.14,14050.78895,-1.504274805,0.324495071,5.86E-07,3.70E-06,MGLL,1.504274805
ENSG00000127578.7,41.62939203,1.50426162,0.254280836,6.52E-10,6.71E-09,WFIKKN1,1.50426162
ENSG00000102760.13,2157.460412,-1.504051487,0.218719826,1.30E-12,2.00E-11,RGCC,1.504051487
ENSG00000287455.1,1.608792297,-1.504036456,0.796064466,0.009092611,0.022895356,AC092793.1,1.504036456
ENSG00000267060.7,38.31104746,-1.503799398,0.258051957,0.002862709,0.008331506,PTGES3L,1.503799398
ENSG00000282855.1,5.057269125,-1.503188221,0.471971974,0.00026475,0.000990802,AC093591.3,1.503188221
ENSG00000131943.18,2504.870939,-1.502741288,0.19865951,8.32E-15,1.72E-13,C19orf12,1.502741288
ENSG00000153246.13,2506.574975,-1.502554799,0.181893303,2.07E-17,6.02E-16,PLA2R1,1.502554799
ENSG00000256257.1,0.822309158,-1.50235051,0.675654254,0.006692964,0.017548161,CACNA1C-IT2,1.50235051
ENSG00000064270.13,683.0436193,1.502297935,0.305505409,1.79E-07,1.24E-06,ATP2C2,1.502297935
ENSG00000149635.3,2.149200372,1.502092375,0.715088165,0.005796236,0.015454116,OCSTAMP,1.502092375
ENSG00000254486.1,0.569021045,1.502044476,0.791354571,0.012324481,0.029797803,LINC02547,1.502044476
ENSG00000151948.12,27.50729627,-1.501975468,0.302832237,0.008029564,0.020537366,GLT1D1,1.501975468
ENSG00000129244.9,244.7079888,-1.501963688,0.188128361,3.04E-16,7.63E-15,ATP1B2,1.501963688
ENSG00000271153.1,3.210732213,1.501849981,0.474227124,0.000289466,0.001072671,RPL23AP88,1.501849981
ENSG00000260661.1,2.740835879,-1.501697961,0.428495103,9.04E-05,0.000375544,AC116903.2,1.501697961
ENSG00000256021.1,0.934189776,-1.501494367,0.7125315,0.007015679,0.0182737,ELOCP31,1.501494367
ENSG00000286989.1,39.62660534,1.501445227,0.307145123,2.07E-07,1.42E-06,AL691432.4,1.501445227
ENSG00000050767.17,107.6599277,-1.501434333,0.264339169,2.72E-09,2.55E-08,COL23A1,1.501434333
ENSG00000162882.15,457.6519746,-1.501321697,0.241667461,1.11E-10,1.29E-09,HAAO,1.501321697
ENSG00000275894.1,28.48531514,-1.501308711,0.325235831,7.42E-07,4.59E-06,AL021578.1,1.501308711
ENSG00000253706.5,15.22985049,-1.501262356,0.588385536,0.00179446,0.005498289,AC011632.1,1.501262356
ENSG00000287561.1,1.19185898,1.50084269,0.609830846,0.002218574,0.006656061,AL121899.4,1.50084269
ENSG00000229205.5,5.345554731,1.500539009,0.607111108,0.002256126,0.006754795,LINC00200,1.500539009
ENSG00000257241.1,1.436700806,1.500369808,0.669104041,0.00430631,0.011920032,AC078922.1,1.500369808
ENSG00000279267.1,97.15709359,-1.500263639,0.187299323,2.27E-16,5.76E-15,AL078621.1,1.500263639
ENSG00000165424.7,3910.859287,-1.49950881,0.212962318,2.63E-13,4.45E-12,ZCCHC24,1.49950881
ENSG00000187021.15,1.168379922,1.499440521,0.75756735,0.007224024,0.018740576,PNLIPRP1,1.499440521
ENSG00000224618.1,0.843188106,-1.499334612,0.701578678,0.005675846,0.015178349,AC096921.1,1.499334612
ENSG00000167094.16,30.8675696,1.498893397,0.271161073,6.86E-09,6.00E-08,TTC16,1.498893397
ENSG00000278716.1,6.181323837,1.49883879,0.511550897,0.000595756,0.00205638,AC133540.1,1.49883879
ENSG00000255122.1,8.865432276,-1.498506646,0.351914514,4.52E-06,2.43E-05,AC068587.2,1.498506646
ENSG00000285382.1,0.606960674,-1.498345497,0.820755248,0.014228142,0.033715668,FO393400.1,1.498345497
ENSG00000134028.14,298.8431395,1.498303818,0.536411946,0.000919566,0.00303616,ADAMDEC1,1.498303818
ENSG00000168301.13,1080.821922,1.497499538,0.249423184,4.04E-10,4.30E-09,KCTD6,1.497499538
ENSG00000181788.4,3545.566471,1.497205127,0.20741683,1.45E-13,2.53E-12,SIAH2,1.497205127
ENSG00000185561.10,1322.563152,-1.496923051,0.275656682,1.16E-08,9.74E-08,TLCD2,1.496923051
ENSG00000111859.17,5769.489848,-1.496910277,0.189861447,3.76E-16,9.28E-15,NEDD9,1.496910277
ENSG00000197261.11,489.1520551,1.496747056,0.368215982,9.80E-06,4.92E-05,C6orf141,1.496747056
ENSG00000197859.11,385.2759748,1.496340925,0.254818132,8.94E-10,9.01E-09,ADAMTSL2,1.496340925
ENSG00000255389.1,81.72539675,-1.496034994,0.202085005,2.73E-14,5.27E-13,Z97989.1,1.496034994
ENSG00000226699.1,1.531773621,-1.495071776,0.415485695,7.02E-05,0.000298324,AL360181.1,1.495071776
ENSG00000203747.12,3771.213634,1.495046618,0.273405066,9.65E-09,8.26E-08,FCGR3A,1.495046618
ENSG00000259511.3,2.232008416,-1.494994998,0.531719531,0.000948541,0.003121857,UBE2Q2L,1.494994998
ENSG00000112531.17,8680.017779,-1.494771684,0.207587347,7.77E-14,1.40E-12,QKI,1.494771684
ENSG00000278342.1,0.773616678,1.494348408,0.729243954,0.006069975,0.016120396,AL133373.2,1.494348408
ENSG00000227392.2,30.56297882,1.494284141,0.352557724,4.58E-06,2.46E-05,HPN-AS1,1.494284141
ENSG00000158806.14,64.95421056,-1.494170628,0.388602105,2.26E-05,0.000106265,NPM2,1.494170628
ENSG00000234043.3,10.49322971,-1.494030793,0.246423473,3.35E-10,3.62E-09,NUDT9P1,1.494030793
ENSG00000164197.12,551.4949908,-1.494026483,0.226726279,9.14E-12,1.24E-10,RNF180,1.494026483
ENSG00000148483.9,25.90141163,-1.493943479,0.321690065,6.24E-07,3.92E-06,TMEM236,1.493943479
ENSG00000259153.2,105.741127,1.493465272,0.235075598,4.41E-11,5.46E-10,AC004816.1,1.493465272
ENSG00000237531.6,4.3505354,-1.492884887,0.404005063,4.40E-05,0.000194925,AL672277.1,1.492884887
ENSG00000186710.11,13.9143613,1.492819427,0.388207267,2.34E-05,0.000109684,CFAP73,1.492819427
ENSG00000228594.4,606.0265939,1.492666684,0.242666537,1.70E-10,1.92E-09,FNDC10,1.492666684
ENSG00000158813.18,154.3265923,-1.49253072,0.259353284,1.87E-09,1.80E-08,EDA,1.49253072
ENSG00000134215.16,7813.219491,1.492355596,0.280059229,2.11E-08,1.70E-07,VAV3,1.492355596
ENSG00000235124.1,2.158309935,1.492067573,0.457650295,0.000226974,0.000860411,KRT8P17,1.492067573
ENSG00000170122.5,24.93931375,1.491962683,0.312791212,3.93E-07,2.57E-06,FOXD4,1.491962683
ENSG00000258789.1,27.81438161,-1.491864729,0.24166375,1.59E-10,1.80E-09,AL162171.1,1.491864729
ENSG00000149923.14,5461.070952,1.491373606,0.141927976,3.04E-26,2.30E-24,PPP4C,1.491373606
ENSG00000128342.5,605.8871281,-1.490992843,0.293433186,7.68E-08,5.66E-07,LIF,1.490992843
ENSG00000267374.2,58.73464455,1.490811508,0.306332132,2.36E-07,1.60E-06,MIR924HG,1.490811508
ENSG00000233732.5,3.269919821,-1.49064518,0.549158228,0.001068965,0.003472812,IGHV3OR16-10,1.49064518
ENSG00000250927.1,2.796462497,-1.489959359,0.60350863,0.002288279,0.006833873,MESTP3,1.489959359
ENSG00000237080.3,22.40546632,1.489940703,0.301596601,1.73E-07,1.20E-06,EHMT2-AS1,1.489940703
ENSG00000144040.13,1387.982081,1.489606636,0.23201595,3.09E-11,3.91E-10,SFXN5,1.489606636
ENSG00000255008.3,13.32308843,-1.489045196,0.244316888,1.99E-10,2.22E-09,LINC02739,1.489045196
ENSG00000254991.1,2.655106467,-1.48904104,0.60523207,0.002309196,0.0068911,AC124276.1,1.48904104
ENSG00000149231.15,1133.42712,-1.488895766,0.158714756,1.43E-21,6.50E-20,CCDC82,1.488895766
ENSG00000243491.1,4.473218147,-1.4888517,0.360167281,6.29E-06,3.29E-05,AC082651.3,1.4888517
ENSG00000260908.1,4.539565273,1.488526746,0.498008543,0.000540365,0.001883057,AC009093.3,1.488526746
ENSG00000200350.1,0.812498891,-1.488345845,0.669524807,0.005043218,0.013675268,RNU6-1285P,1.488345845
ENSG00000139112.11,4543.267692,-1.488308825,0.158729545,1.06E-21,4.93E-20,GABARAPL1,1.488308825
ENSG00000160298.18,302.1438367,1.488265761,0.183265283,1.10E-16,2.92E-15,C21orf58,1.488265761
ENSG00000105699.16,5477.811411,1.48818598,0.183617349,1.50E-16,3.88E-15,LSR,1.48818598
ENSG00000269009.1,2.388996453,1.487902478,0.591348981,0.001868855,0.005703994,SLC6A21P,1.487902478
ENSG00000279806.1,220.7294688,-1.487793792,0.418555627,7.11E-05,0.00030188,AC018629.1,1.487793792
ENSG00000223403.6,13.72816904,-1.487571797,0.357258812,5.58E-06,2.95E-05,MEG9,1.487571797
ENSG00000213279.2,10.56246867,-1.48736642,0.325747506,9.94E-07,6.03E-06,Z97192.2,1.48736642
ENSG00000177757.2,14.80900409,-1.487070684,0.277212487,1.66E-08,1.36E-07,FAM87B,1.487070684
ENSG00000172575.12,658.0214127,1.486967179,0.30693907,2.64E-07,1.77E-06,RASGRP1,1.486967179
ENSG00000200301.1,0.55167314,-1.486822071,0.730254197,0.009999382,0.024849173,RNA5SP483,1.486822071
ENSG00000065911.13,3208.997175,1.486699521,0.161743615,8.10E-21,3.42E-19,MTHFD2,1.486699521
ENSG00000126785.13,1479.327482,-1.486550104,0.158733047,1.62E-21,7.36E-20,RHOJ,1.486550104
ENSG00000254440.3,3.027483133,1.48652591,0.546474887,0.001146133,0.003695394,PBOV1,1.48652591
ENSG00000112425.16,636.8704677,-1.48637883,0.185227361,2.02E-06,1.15E-05,EPM2A,1.48637883
ENSG00000036530.9,97.83999951,-1.486343019,0.211146476,4.23E-13,6.97E-12,CYP46A1,1.486343019
ENSG00000279271.1,0.94823531,1.486227053,0.764247893,0.007509375,0.019381006,AP006248.2,1.486227053
ENSG00000215452.5,5.782979015,-1.486099354,0.540703929,0.000996341,0.003261417,ZNF663P,1.486099354
ENSG00000116191.17,3749.916003,1.485913493,0.221993905,5.39E-12,7.57E-11,RALGPS2,1.485913493
ENSG00000271752.1,1.503380912,-1.48570484,0.438814105,0.000175599,0.000683671,AC112187.3,1.48570484
ENSG00000151079.7,67.76293061,-1.485288014,0.364698822,9.20E-06,4.65E-05,KCNA6,1.485288014
ENSG00000207251.1,3.61365879,-1.485119097,0.566726367,0.001695665,0.005224101,RNU6-342P,1.485119097
ENSG00000171346.16,20340.78736,-1.485104507,0.554721418,0.001011586,0.003305259,KRT15,1.485104507
ENSG00000170921.15,4405.996694,1.484998372,0.251112883,7.22E-10,7.39E-09,TANC2,1.484998372
ENSG00000272123.1,10.52913607,-1.484861218,0.251161007,7.85E-10,7.99E-09,AC008966.2,1.484861218
ENSG00000249574.1,23.12897712,-1.484697776,0.520385743,0.000764309,0.002575715,AC226118.1,1.484697776
ENSG00000268324.2,1.540399377,-1.484438924,0.483653195,0.000460879,0.001632566,LRRC2-AS1,1.484438924
ENSG00000153923.10,1.492841855,-1.484343412,0.493774807,0.000493538,0.001735735,CLCA3P,1.484343412
ENSG00000256713.8,4.342470495,-1.484271927,0.653415494,0.003817001,0.0107312,PGA5,1.484271927
ENSG00000225385.3,6.465335316,1.484012943,0.467935766,0.000286329,0.001062449,AL353572.1,1.484012943
ENSG00000286058.1,112.2891215,1.483932037,0.601052372,0.002268149,0.006785618,AC018865.2,1.483932037
ENSG00000197915.7,17.3021916,-1.483923839,0.396978074,3.66E-05,0.000164567,HRNR,1.483923839
ENSG00000286628.1,0.696289933,1.483737593,0.902418649,0.019069136,0.043384023,AL096828.5,1.483737593
ENSG00000232295.7,38.64271414,-1.482874103,0.254736,1.34E-09,1.31E-08,AL589935.1,1.482874103
ENSG00000245105.4,121.4326213,-1.482597054,0.196997545,1.19E-14,2.41E-13,A2M-AS1,1.482597054
ENSG00000274742.1,0.630243226,-1.482179103,0.846005365,0.017484598,0.040261721,Metazoa_SRP,1.482179103
ENSG00000213028.3,2.867114533,1.481395438,0.396356836,3.92E-05,0.0001749,AL354983.1,1.481395438
ENSG00000241622.1,2.255593113,-1.48139105,0.412841488,7.09E-05,0.000301146,RARRES2P1,1.48139105
ENSG00000234828.9,0.750726453,-1.481368033,0.767933996,0.009326419,0.023400336,IQCM,1.481368033
ENSG00000279512.1,1.410071759,1.481207011,0.618034624,0.003152519,0.009072123,AC011755.1,1.481207011
ENSG00000224307.2,65.44379168,-1.48115157,0.233838345,4.59E-11,5.66E-10,AL161785.1,1.48115157
ENSG00000286759.1,0.963957396,1.481102535,0.802281613,0.009670263,0.024132042,AC092718.9,1.481102535
ENSG00000242405.2,1.904470733,-1.480680346,0.380753968,2.26E-05,0.000106283,AC007537.1,1.480680346
ENSG00000286975.1,9.382866341,-1.480643836,0.255332422,1.65E-09,1.60E-08,AP005136.4,1.480643836
ENSG00000286948.1,4.811876488,1.480185702,0.387457491,2.75E-05,0.00012676,AP000867.5,1.480185702
ENSG00000160446.19,1622.71529,1.480047883,0.165542145,8.25E-20,3.13E-18,ZDHHC12,1.480047883
ENSG00000168004.10,1823.103652,-1.47973443,0.46906801,0.00029119,0.00107845,PLAAT5,1.47973443
ENSG00000139318.8,5595.759123,-1.479664077,0.18847284,4.74E-16,1.16E-14,DUSP6,1.479664077
ENSG00000272316.1,115.258461,-1.479636629,0.202374857,5.88E-14,1.08E-12,AL021368.2,1.479636629
ENSG00000253972.6,8.755922085,1.479583861,0.373239391,1.49E-05,7.23E-05,MAL2-AS1,1.479583861
ENSG00000284977.2,22.72433594,-1.479468522,0.255924088,1.63E-09,1.57E-08,AL160272.1,1.479468522
ENSG00000124256.15,195.2515233,1.479463473,0.402196908,4.65E-05,0.000204819,ZBP1,1.479463473
ENSG00000236481.1,2.514357353,1.479396663,0.446415634,0.000199245,0.000765117,LINC02195,1.479396663
ENSG00000224321.1,8.537378626,-1.479059995,0.360586405,8.04E-06,4.11E-05,RPL12P14,1.479059995
ENSG00000197928.10,594.3551537,-1.478793731,0.223812501,8.31E-12,1.14E-10,ZNF677,1.478793731
ENSG00000272597.1,4.10196728,-1.478609422,0.302190356,2.23E-07,1.52E-06,AC063944.2,1.478609422
ENSG00000184956.16,1960.159589,1.478556622,0.691730539,0.005096683,0.013808146,MUC6,1.478556622
ENSG00000285804.2,20.45615057,-1.478549077,0.321656752,9.31E-07,5.67E-06,AC025774.1,1.478549077
ENSG00000187699.10,644.5680458,-1.478547329,0.339765303,1.09E-11,1.46E-10,C2orf88,1.478547329
ENSG00000172538.7,0.846056428,-1.478160017,0.633287447,0.002953171,0.008570021,FAM170B,1.478160017
ENSG00000224239.1,9.103619197,-1.478097446,0.546286115,0.001211775,0.003881869,AC090044.1,1.478097446
ENSG00000226862.1,7.711503217,-1.478068471,0.274010785,1.26E-08,1.05E-07,AC104463.2,1.478068471
ENSG00000274569.1,1.554515483,1.47803281,0.560511527,0.001515578,0.004731995,AC024884.1,1.47803281
ENSG00000230628.1,3.545782649,1.477542132,0.636114286,0.003483011,0.009909944,AL160408.3,1.477542132
ENSG00000183092.16,113.6826571,-1.477516681,0.274588525,1.57E-08,1.29E-07,BEGAIN,1.477516681
ENSG00000170786.12,662.0118043,1.477498273,0.48571255,0.000447775,0.001590451,SDR16C5,1.477498273
ENSG00000204528.3,8.364512551,-1.47702514,0.494944349,0.000505133,0.001772861,PSORS1C3,1.47702514
ENSG00000220867.1,2.826384646,-1.476369641,0.378288212,2.04E-05,9.66E-05,HSPE1P26,1.476369641
ENSG00000142871.18,24936.79212,-1.476162819,0.309812901,3.51E-07,2.31E-06,CCN1,1.476162819
ENSG00000250722.6,5015.57205,-1.475939577,0.218972693,3.29E-12,4.82E-11,SELENOP,1.475939577
ENSG00000109758.9,11.45804648,1.475463977,0.395355814,3.74E-05,0.00016786,HGFAC,1.475463977
ENSG00000185842.15,491.4700732,1.475066645,0.190480183,2.24E-15,5.00E-14,DNAH14,1.475066645
ENSG00000213215.5,0.757168988,-1.474956932,0.702574936,0.007124231,0.018520831,OR2F1,1.474956932
ENSG00000148848.14,4999.723205,1.474408951,0.319498399,9.21E-07,5.61E-06,ADAM12,1.474408951
ENSG00000176510.5,4.592291675,1.474303598,0.326343591,1.37E-06,8.08E-06,OR10AC1,1.474303598
ENSG00000251211.1,10.8219825,1.474170349,0.256275069,1.71E-09,1.65E-08,AC136632.2,1.474170349
ENSG00000249421.2,9.223181488,1.473969975,0.560340935,0.001406556,0.004429278,ADAMTS19-AS1,1.473969975
ENSG00000236975.2,44.50112332,-1.473885026,0.406567901,5.64E-05,0.000244625,LINC02814,1.473885026
ENSG00000131242.18,2224.714246,1.473854172,0.242480903,2.68E-10,2.93E-09,RAB11FIP4,1.473854172
ENSG00000204301.6,2478.581331,-1.473704909,0.192596578,4.38E-15,9.40E-14,NOTCH4,1.473704909
ENSG00000259433.2,1.437230003,-1.473680861,0.521386489,0.000856536,0.002850177,AC051619.2,1.473680861
ENSG00000198491.3,1.068217967,-1.473594357,0.570367828,0.00234861,0.006996495,AC007920.1,1.473594357
ENSG00000120885.22,52690.08851,-1.473436103,0.229128067,1.78E-11,2.32E-10,CLU,1.473436103
ENSG00000205403.13,212.80383,-1.47314449,0.188152546,9.48E-16,2.21E-14,CFI,1.47314449
ENSG00000277311.1,1.755457887,1.473142243,0.824944449,0.010729265,0.026432237,AC012354.7,1.473142243
ENSG00000126262.5,131.7158624,1.472972829,0.373248252,1.62E-05,7.80E-05,FFAR2,1.472972829
ENSG00000174807.4,6330.961846,-1.472935966,0.286218581,5.57E-08,4.19E-07,CD248,1.472935966
ENSG00000230417.12,17.54076688,1.472804051,0.386837685,2.77E-05,0.000127797,LINC00595,1.472804051
ENSG00000226453.2,42.69730903,1.472693826,0.425369932,0.000105988,0.000433533,LINC02542,1.472693826
ENSG00000207698.1,0.780344652,-1.472586257,0.596864549,0.002959927,0.008588992,MIR32,1.472586257
ENSG00000181722.17,669.7622885,-1.472455091,0.296028124,1.35E-07,9.54E-07,ZBTB20,1.472455091
ENSG00000271538.6,14.72281965,-1.472333636,0.271655945,1.22E-08,1.02E-07,LINC02427,1.472333636
ENSG00000196335.13,37.7116623,1.472269857,0.418646282,8.63E-05,0.00036024,STK31,1.472269857
ENSG00000123191.16,1348.220269,1.472240607,0.231844089,4.92E-11,6.04E-10,ATP7B,1.472240607
ENSG00000103528.17,501.7237775,1.472190548,0.303567759,2.75E-07,1.84E-06,SYT17,1.472190548
ENSG00000226430.7,1.473558799,-1.471989109,0.563844441,0.001257224,0.004013717,USP17L7,1.471989109
ENSG00000279074.1,1.84097743,-1.47187508,0.536406882,0.001197604,0.00384274,AC007998.5,1.47187508
ENSG00000280401.1,14.32851687,-1.47158694,0.290488547,7.73E-08,5.70E-07,AC022532.1,1.47158694
ENSG00000079557.5,0.572160559,-1.47143225,0.689186314,0.009185074,0.023103243,AFM,1.47143225
ENSG00000283796.1,1.748925723,-1.471389467,0.764777293,0.00842059,0.021413415,MIR6510,1.471389467
ENSG00000274759.1,1.891242195,-1.471226659,0.452564433,0.000269167,0.001004842,RNA5SP527,1.471226659
ENSG00000286282.1,17.5951387,-1.471200853,0.388934671,2.58E-05,0.000119787,AC021733.4,1.471200853
ENSG00000187951.11,135.3061667,1.47114951,0.261122956,3.99E-09,3.63E-08,AC091057.1,1.47114951
ENSG00000264589.4,97.31813042,1.471000021,0.487955683,0.000485669,0.001710662,MAPT-AS1,1.471000021
ENSG00000118137.10,8.156388109,1.470834718,0.413902402,6.65E-05,0.000284136,APOA1,1.470834718
ENSG00000213071.11,38.14293383,-1.470746186,0.210393484,5.87E-13,9.49E-12,LPAL2,1.470746186
ENSG00000179967.11,464.5096283,1.470606384,0.187478162,8.97E-16,2.10E-14,PPP1R14BP3,1.470606384
ENSG00000173457.11,2750.775686,1.470518699,0.179229696,5.68E-17,1.56E-15,PPP1R14B,1.470518699
ENSG00000181009.5,1.412865488,-1.470512601,0.797915965,0.006734571,0.017646804,OR52N5,1.470512601
ENSG00000248693.1,3.758532489,1.470059242,0.510855759,0.000765197,0.002578486,LINC02100,1.470059242
ENSG00000230300.1,0.667521277,-1.469970109,0.777957389,0.015427118,0.036125353,STARD13-IT1,1.469970109
ENSG00000277672.1,0.934123388,-1.469911882,0.649621897,0.004606779,0.01263776,AC011603.4,1.469911882
ENSG00000233858.4,10.5023778,-1.469669846,0.273802935,1.74E-08,1.42E-07,LINC02599,1.469669846
ENSG00000113810.16,2438.613818,1.469392666,0.187511228,1.15E-15,2.67E-14,SMC4,1.469392666
ENSG00000116396.15,1297.46383,-1.469207157,0.230977087,3.53E-11,4.43E-10,KCNC4,1.469207157
ENSG00000087074.8,5216.186308,-1.469131513,0.19910261,2.01E-14,3.96E-13,PPP1R15A,1.469131513
ENSG00000151789.12,621.4894849,-1.468778243,0.286014623,5.98E-08,4.48E-07,ZNF385D,1.468778243
ENSG00000173156.7,1155.140904,1.468285428,0.17120854,6.57E-09,5.77E-08,RHOD,1.468285428
ENSG00000229619.4,441.4593559,-1.467976171,0.31933785,8.91E-07,5.44E-06,MBNL1-AS1,1.467976171
ENSG00000046653.15,1906.08824,-1.467975532,0.29614076,1.18E-07,8.42E-07,GPM6B,1.467975532
ENSG00000143748.18,1915.075799,1.467801494,0.143700653,6.71E-25,4.29E-23,NVL,1.467801494
ENSG00000267943.1,4.38648966,1.467708127,0.464826549,0.000306388,0.0011292,AC010328.1,1.467708127
ENSG00000241008.1,1.120374564,-1.467565427,0.51416484,0.000768925,0.002588386,AC044810.1,1.467565427
ENSG00000127554.13,318.1147084,1.467541658,0.211339791,8.04E-13,1.28E-11,GFER,1.467541658
ENSG00000146233.8,328.2652133,-1.467539955,0.354868615,7.19E-06,3.72E-05,CYP39A1,1.467539955
ENSG00000118094.12,20.19989512,-1.467314694,0.359991586,8.91E-06,4.51E-05,TREH,1.467314694
ENSG00000171246.6,122.8991626,-1.467066369,0.474932674,0.00037005,0.001340314,NPTX1,1.467066369
ENSG00000272501.1,135.6600589,-1.466706166,0.201315395,7.03E-14,1.28E-12,AL662844.4,1.466706166
ENSG00000257086.1,12.71927088,1.46663848,0.258721912,3.00E-09,2.78E-08,AP001453.2,1.46663848
ENSG00000275234.1,405.6194676,1.466447125,0.264563714,6.40E-09,5.64E-08,AC010503.4,1.466447125
ENSG00000198901.14,11.36016099,1.465999773,0.240976926,2.86E-10,3.12E-09,PRC1,1.465999773
ENSG00000104219.13,1477.559498,-1.465829304,0.237814123,1.55E-10,1.76E-09,ZDHHC2,1.465829304
ENSG00000173227.14,2958.368437,1.465709038,0.380275726,2.57E-05,0.000119449,SYT12,1.465709038
ENSG00000125966.10,126.7646984,-1.465587371,0.180744895,1.21E-16,3.17E-15,MMP24,1.465587371
ENSG00000163568.15,88.90251311,1.465359169,0.400031008,5.00E-05,0.000219299,AIM2,1.465359169
ENSG00000276067.2,0.832832797,-1.464628297,0.591972133,0.002785195,0.008130005,SLC23A4P,1.464628297
ENSG00000169962.5,70.76940557,1.4641039,0.296366341,1.63E-07,1.14E-06,TAS1R3,1.4641039
ENSG00000277687.1,37.89896118,-1.463964363,0.25659744,2.62E-09,2.46E-08,AL139407.1,1.463964363
ENSG00000099849.15,1097.78865,1.463946554,0.267981317,1.09E-08,9.25E-08,RASSF7,1.463946554
ENSG00000267260.2,13.84714363,1.463720808,0.414043247,8.51E-05,0.000355706,AC020928.1,1.463720808
ENSG00000099219.14,5775.89013,1.463435481,0.171566128,3.36E-18,1.08E-16,ERMP1,1.463435481
ENSG00000141696.13,1505.455453,1.463420459,0.171231664,3.09E-18,9.96E-17,P3H4,1.463420459
ENSG00000235091.2,1.994319033,1.463406036,0.76597381,0.007922696,0.020299712,BX324167.1,1.463406036
ENSG00000120949.15,124.9998456,-1.463356748,0.236481378,1.29E-10,1.49E-09,TNFRSF8,1.463356748
ENSG00000180340.7,485.7116336,1.462974617,0.184031372,4.02E-16,9.89E-15,FZD2,1.462974617
ENSG00000243137.8,43.31800625,-1.462797942,0.728513699,0.006486293,0.017083775,PSG4,1.462797942
ENSG00000137070.18,735.5020176,-1.462674852,0.176682124,2.15E-17,6.23E-16,IL11RA,1.462674852
ENSG00000257319.1,0.628873405,-1.462657906,0.766868599,0.01255975,0.030285999,AC008127.1,1.462657906
ENSG00000174171.6,70.30365386,-1.462457707,0.426822003,0.000118246,0.000478342,AC020659.1,1.462457707
ENSG00000137672.13,366.3185991,-1.462362488,0.181258974,1.63E-16,4.21E-15,TRPC6,1.462362488
ENSG00000268015.1,1.792377763,-1.462121198,0.421220281,9.97E-05,0.000410286,AC010320.2,1.462121198
ENSG00000005421.9,11.71823298,-1.461977443,0.371055019,1.50E-05,7.29E-05,PON1,1.461977443
ENSG00000166839.17,343.3833803,-1.461793328,0.177111851,3.44E-17,9.70E-16,ANKDD1A,1.461793328
ENSG00000256427.2,6.779708416,-1.461656652,0.354396741,6.65E-06,3.46E-05,AC010175.1,1.461656652
ENSG00000179144.5,1113.17931,-1.461309425,0.196442444,2.27E-14,4.42E-13,GIMAP7,1.461309425
ENSG00000137809.17,4387.454215,1.461105059,0.283662083,6.71E-08,4.98E-07,ITGA11,1.461105059
ENSG00000204872.4,10.12497341,1.46089746,0.36282082,1.16E-05,5.75E-05,NAT8B,1.46089746
ENSG00000279537.1,0.709527795,-1.460708896,0.760076151,0.015862039,0.037000435,AC020658.7,1.460708896
ENSG00000097021.20,1300.35981,1.460635197,0.201595515,1.11E-13,1.98E-12,ACOT7,1.460635197
ENSG00000230650.1,13.42579474,1.460632493,0.326678077,1.73E-06,1.00E-05,AC140479.2,1.460632493
ENSG00000086570.12,1937.358209,-1.460275632,0.454643467,0.000241964,0.000912569,FAT2,1.460275632
ENSG00000204021.4,8.965877235,-1.460109278,0.551782789,0.001471721,0.004608984,LIPK,1.460109278
ENSG00000258743.6,6.753393548,-1.459792661,0.585958218,0.002156862,0.006491128,LINC02301,1.459792661
ENSG00000225254.2,0.840724434,1.459782786,0.784175425,0.013505608,0.032238824,ARMC8P1,1.459782786
ENSG00000068097.15,2361.692161,1.459738269,0.244597286,5.35E-10,5.58E-09,HEATR6,1.459738269
ENSG00000254885.1,0.7841051,1.459633377,0.967333997,0.02044668,0.04600913,AP001547.1,1.459633377
ENSG00000254039.1,2.458349882,1.459591924,0.61886916,0.003182864,0.009151501,AC027801.4,1.459591924
ENSG00000175265.17,1264.123182,-1.4594253,0.338776661,3.21E-06,1.78E-05,GOLGA8A,1.4594253
ENSG00000244124.1,10.78624427,-1.459393492,0.299820928,2.44E-07,1.65E-06,ATP1B3-AS1,1.459393492
ENSG00000152784.16,130.7193815,-1.45930788,0.184250227,5.15E-16,1.25E-14,PRDM8,1.45930788
ENSG00000169583.13,176.7857437,1.459232801,0.329620559,2.07E-06,1.18E-05,CLIC3,1.459232801
ENSG00000123384.14,46252.39256,-1.458981512,0.251838679,1.04E-09,1.04E-08,LRP1,1.458981512
ENSG00000262700.1,3.977171294,-1.458817198,0.405236275,7.15E-05,0.00030331,AC133552.3,1.458817198
ENSG00000198670.12,2.13345696,-1.45874734,0.528083105,0.000973622,0.003195836,LPA,1.45874734
ENSG00000140470.15,296.9619781,1.458585484,0.324880969,1.50E-06,8.78E-06,ADAMTS17,1.458585484
ENSG00000058866.15,87.16167462,-1.458439026,0.250885344,1.35E-09,1.32E-08,DGKG,1.458439026
ENSG00000239317.1,0.704863634,-1.458265963,0.720816422,0.00867445,0.021977885,RPL35AP17,1.458265963
ENSG00000197837.3,147.9626976,1.458095615,0.320381217,1.13E-06,6.80E-06,H4-16,1.458095615
ENSG00000256673.1,27.76661164,-1.458073975,0.292513865,1.27E-07,9.03E-07,AC141557.1,1.458073975
ENSG00000277182.1,55.6980049,1.457236082,0.229272448,4.61E-11,5.68E-10,AC006449.5,1.457236082
ENSG00000157111.13,13.12236014,1.457155058,0.34501874,4.98E-06,2.66E-05,TMEM171,1.457155058
ENSG00000261488.1,89.80111209,1.457131705,0.289340151,1.06E-07,7.62E-07,TBILA,1.457131705
ENSG00000092820.18,17614.54134,1.456991152,0.16075568,4.32E-20,1.68E-18,EZR,1.456991152
ENSG00000285872.1,28.80693175,1.456626045,0.237430638,2.11E-10,2.34E-09,AC007240.3,1.456626045
ENSG00000169764.16,12387.69663,-1.456584731,0.207557759,5.01E-13,8.20E-12,UGP2,1.456584731
ENSG00000199053.3,2.134354542,-1.456271488,0.444602605,0.000174168,0.000678502,MIR324,1.456271488
ENSG00000223754.1,1.666616712,-1.455923659,0.500153439,0.000756584,0.002553405,AC008073.1,1.455923659
ENSG00000226679.1,1.575581714,-1.455529461,0.637568647,0.004519289,0.012430735,AL606748.1,1.455529461
ENSG00000275297.1,0.596727029,-1.454854721,0.77854105,0.016516112,0.038323624,AL162731.1,1.454854721
ENSG00000285650.1,10.0504775,1.454748244,0.351462922,8.03E-06,4.10E-05,AL157827.2,1.454748244
ENSG00000004948.16,59.93716714,-1.454407129,0.378745744,2.52E-05,0.000117218,CALCR,1.454407129
ENSG00000113924.12,692.0993089,1.454326594,0.479455354,0.000472754,0.001669814,HGD,1.454326594
ENSG00000196169.15,60.97209421,-1.454231351,0.305817367,3.98E-07,2.59E-06,KIF19,1.454231351
ENSG00000286342.1,127.7226222,1.453852151,0.319900057,1.17E-06,7.01E-06,AC073210.3,1.453852151
ENSG00000238008.1,0.962074155,-1.453837361,0.635318151,0.004024027,0.011233646,COX6CP10,1.453837361
ENSG00000026559.14,105.9723346,1.453791456,0.456273943,0.00028289,0.001050879,KCNG1,1.453791456
ENSG00000229051.2,7.993156038,1.453739849,0.546960312,0.001402124,0.004417794,LINC01788,1.453739849
ENSG00000151090.20,2813.203001,-1.453496389,0.18560361,1.10E-15,2.54E-14,THRB,1.453496389
ENSG00000152518.8,9024.538162,-1.45311978,0.157716523,7.20E-21,3.05E-19,ZFP36L2,1.45311978
ENSG00000244968.7,117.2396002,-1.453089338,0.20084444,1.05E-13,1.86E-12,LIFR-AS1,1.453089338
ENSG00000227430.1,0.697412879,-1.452836073,0.697111759,0.009843201,0.024512223,H3P9,1.452836073
ENSG00000287577.1,0.537418055,-1.45272465,0.779765176,0.018973143,0.043208171,AC009533.4,1.45272465
ENSG00000175874.10,21.22158144,1.4526423,0.31542364,9.36E-07,5.70E-06,CREG2,1.4526423
ENSG00000138944.8,166.6880472,1.452279751,0.342783966,4.92E-06,2.63E-05,SHISAL1,1.452279751
ENSG00000241912.1,1.990275425,-1.45225636,0.657671332,0.003744316,0.010555558,AC078788.2,1.45225636
ENSG00000151572.18,30.08181729,-1.452141949,0.299684773,2.80E-07,1.88E-06,ANO4,1.452141949
ENSG00000250378.4,48.04651546,1.451968216,0.422856392,0.00012016,0.000485285,AC114296.1,1.451968216
ENSG00000236527.1,1.073433945,1.451767733,0.612075876,0.003440148,0.009800766,ARF4P2,1.451767733
ENSG00000224689.9,117.5661124,-1.451671128,0.371836539,1.95E-05,9.26E-05,ZNF812P,1.451671128
ENSG00000187479.8,653.7415598,-1.451493963,0.304572243,4.02E-07,2.62E-06,C11orf96,1.451493963
ENSG00000262198.1,5.475506515,1.451451735,0.463290082,0.000348576,0.001270146,AL157931.1,1.451451735
ENSG00000118495.20,1411.001561,-1.451435825,0.150925598,9.88E-42,5.30E-39,PLAGL1,1.451435825
ENSG00000183798.5,120.8695107,-1.451286925,0.474022767,1.33E-08,1.11E-07,EMILIN3,1.451286925
ENSG00000257335.8,235.2605213,1.450622556,0.513896153,0.000894577,0.002962617,MGAM,1.450622556
ENSG00000279590.1,1.097422125,1.450609254,0.61850508,0.003524289,0.010010713,AC005786.4,1.450609254
ENSG00000279406.1,49.96112691,1.450560824,0.2462134,8.73E-10,8.80E-09,AL359183.1,1.450560824
ENSG00000117115.13,7758.730901,-1.450503905,0.423555266,0.000117972,0.00047738,PADI2,1.450503905
ENSG00000078596.11,2971.162214,-1.450014028,0.177594873,1.11E-51,1.89E-48,ITM2A,1.450014028
ENSG00000232492.1,1.017066314,-1.449885217,0.659366973,0.003886419,0.010901253,NPM1P13,1.449885217
ENSG00000008226.20,81.37419519,-1.449859745,0.24235033,4.50E-10,4.75E-09,DLEC1,1.449859745
ENSG00000106829.20,1372.189016,-1.449371212,0.194057459,1.83E-14,3.62E-13,TLE4,1.449371212
ENSG00000196405.13,9527.04047,1.449152089,0.240967625,3.80E-10,4.06E-09,EVL,1.449152089
ENSG00000236998.2,3.425008656,-1.449017369,0.342032835,4.96E-06,2.65E-05,AL354794.2,1.449017369
ENSG00000256385.1,0.709510572,1.448915481,0.652827548,0.004507777,0.012404893,UBE2NP1,1.448915481
ENSG00000132646.11,4925.413447,1.448497794,0.138727014,7.81E-26,5.62E-24,PCNA,1.448497794
ENSG00000196350.9,14.23971887,1.448234131,0.655231139,0.004417689,0.012190537,ZNF729,1.448234131
ENSG00000280311.1,2.586167982,1.448172182,0.367777483,1.93E-05,9.17E-05,AC131212.4,1.448172182
ENSG00000168065.16,13.05330871,-1.448147555,0.371690177,2.03E-05,9.64E-05,SLC22A11,1.448147555
ENSG00000227634.3,2.503617577,1.447714929,0.745716283,0.008104424,0.020701878,LINC01714,1.447714929
ENSG00000181499.2,1.766125932,1.44766437,0.648275446,0.004085063,0.011386236,OR6T1,1.44766437
ENSG00000225761.1,2.166695744,-1.447489999,0.525825194,0.001076637,0.003495133,AL596247.1,1.447489999
ENSG00000255260.1,0.841646072,-1.446972377,0.672813243,0.005191346,0.014033639,KC877392.1,1.446972377
ENSG00000272537.1,6.249414817,-1.446948103,0.330470241,2.82E-06,1.58E-05,AC005014.3,1.446948103
ENSG00000181016.9,14.58742256,-1.446845584,0.181742536,0.000901679,0.002983118,LSMEM1,1.446845584
ENSG00000225764.2,9.803520548,-1.446742533,0.5725165,0.002101948,0.006340546,P3H2-AS1,1.446742533
ENSG00000243018.1,1.993650234,-1.446489718,0.410980783,8.28E-05,0.000346785,AC005486.1,1.446489718
ENSG00000280134.1,0.856093433,-1.446377627,0.776371751,0.015172358,0.035609446,AL731532.2,1.446377627
ENSG00000278934.1,71.27822005,-1.446368272,0.300624829,3.30E-07,2.18E-06,AC117489.1,1.446368272
ENSG00000115257.15,186.3217092,1.446198789,0.282068119,6.44E-08,4.79E-07,PCSK4,1.446198789
ENSG00000277563.1,2.716322393,-1.44609152,0.37620421,3.30E-05,0.00015003,AC063961.1,1.44609152
ENSG00000249751.4,94.39734145,-1.446077697,0.245679655,8.37E-10,8.48E-09,ECSCR,1.446077697
ENSG00000283383.1,11.89351639,-1.446076618,0.273151397,3.16E-20,1.25E-18,AC108477.1,1.446076618
ENSG00000228547.5,1.074518537,-1.446027202,0.704800641,0.008214911,0.020954131,OR7E26P,1.446027202
ENSG00000073734.10,24.14525841,-1.445973132,0.428858356,0.000142209,0.000565267,ABCB11,1.445973132
ENSG00000256091.1,1.055979708,-1.445953802,0.557755916,0.001756629,0.005393733,MTRF1LP1,1.445953802
ENSG00000076716.9,3377.514601,1.445731885,0.256347733,4.11E-09,3.73E-08,GPC4,1.445731885
ENSG00000248401.2,0.713722545,-1.445407335,0.648229908,0.007305114,0.018924696,AC114781.1,1.445407335
ENSG00000284240.1,2.65125679,-1.44506373,0.471325585,0.000437152,0.001557083,LINC02801,1.44506373
ENSG00000244056.3,7.112862502,-1.44487454,0.459630577,0.000343313,0.001252946,RN7SL417P,1.44487454
ENSG00000280055.2,5.944375596,1.444829636,0.39868008,5.86E-05,0.000253569,TMEM75,1.444829636
ENSG00000261762.1,22.88807905,1.444761426,0.328526167,2.35E-06,1.33E-05,AC027228.2,1.444761426
ENSG00000198554.12,790.2170763,1.444326768,0.162558396,1.45E-19,5.34E-18,WDHD1,1.444326768
ENSG00000215481.9,7.21569125,1.44373724,0.558090056,0.0016771,0.005173394,BCRP3,1.44373724
ENSG00000286551.1,1.196632721,-1.443710113,0.5888623,0.002529474,0.007470144,AL355836.2,1.443710113
ENSG00000253853.3,22.67615406,-1.443690559,0.35956614,1.25E-05,6.16E-05,AC246817.1,1.443690559
ENSG00000124813.23,975.4862956,1.442914772,0.230884059,1.05E-10,1.22E-09,RUNX2,1.442914772
ENSG00000237212.2,2.028426394,-1.44269423,0.465542299,0.000395281,0.001420959,AL449403.1,1.44269423
ENSG00000231794.5,3.351783073,-1.442642361,0.40016414,7.62E-05,0.000321613,AC009542.1,1.442642361
ENSG00000188508.11,10.09059166,-1.44245052,0.489386864,0.000631368,0.002168444,KRTDAP,1.44245052
ENSG00000174788.10,76.75343875,1.442318648,0.428175819,0.000151352,0.000598041,PCP2,1.442318648
ENSG00000197070.14,2134.993089,1.441978456,0.177088572,1.04E-16,2.77E-15,ARRDC1,1.441978456
ENSG00000252747.1,0.740135213,1.441909283,0.804972464,0.014946936,0.035143371,RNA5SP364,1.441909283
ENSG00000267072.2,6.953310722,-1.441524493,0.316369515,1.22E-06,7.29E-06,NAGPA-AS1,1.441524493
ENSG00000285480.1,1.620235749,-1.441503221,0.497128693,0.000682208,0.00232335,H2BE1,1.441503221
ENSG00000270765.6,63.34756693,-1.441496422,0.439770086,0.000198277,0.000761921,GAS2L2,1.441496422
ENSG00000273552.2,0.586253416,1.441299086,0.738840347,0.012459562,0.030076282,AL136439.1,1.441299086
ENSG00000168386.18,4615.78586,-1.44098447,0.228675713,5.52E-11,6.72E-10,FILIP1L,1.44098447
ENSG00000232871.8,24.89559531,-1.44078814,0.228978741,6.97E-11,8.35E-10,SEC1P,1.44078814
ENSG00000204539.4,3.095396265,1.440341777,0.47383313,0.00043813,0.001559889,CDSN,1.440341777
ENSG00000252002.1,1.954196787,-1.439924346,0.483587683,0.000627138,0.002155422,RNA5SP154,1.439924346
ENSG00000273267.1,1.782936679,1.439899616,0.705271892,0.006215608,0.016455987,AC097381.3,1.439899616
ENSG00000234685.1,3.830849199,1.439842564,0.548822309,0.001679159,0.005179339,NUS1P2,1.439842564
ENSG00000251548.1,1.050946933,-1.43983932,0.532560885,0.001305982,0.004152841,AC106760.2,1.43983932
ENSG00000287594.1,3.566031978,-1.439804487,0.446122132,0.000249042,0.000937103,AL356123.2,1.439804487
ENSG00000175294.6,17.80201358,1.43964266,0.264876333,1.21E-08,1.01E-07,CATSPER1,1.43964266
ENSG00000160293.17,3131.163743,1.439621788,0.162068594,1.61E-19,5.89E-18,VAV2,1.439621788
ENSG00000160838.14,18.30021775,1.43950335,0.436677516,0.000190399,0.000735912,LRRC71,1.43950335
ENSG00000050555.19,371.6613293,-1.439462437,0.329437868,2.66E-06,1.49E-05,LAMC3,1.439462437
ENSG00000155962.13,1107.212755,-1.439346903,0.183138371,8.71E-16,2.04E-14,CLIC2,1.439346903
ENSG00000197421.10,3.916380674,-1.439062795,0.572733463,0.002075682,0.006269981,GGT3P,1.439062795
ENSG00000278281.1,3.506537404,-1.438798271,0.35095103,1.02E-05,5.13E-05,MIR7856,1.438798271
ENSG00000197852.12,679.5022947,-1.438501672,0.159536376,4.29E-20,1.66E-18,INKA2,1.438501672
ENSG00000225969.2,57.1225984,1.438354777,0.348121178,7.58E-06,3.89E-05,ABHD11-AS1,1.438354777
ENSG00000286686.1,2.838380778,-1.438343514,0.443294718,0.000212435,0.000810728,AL136040.2,1.438343514
ENSG00000282834.1,1.173036881,-1.43833511,0.579643088,0.002829094,0.008243445,AP000787.3,1.43833511
ENSG00000269976.1,10.49585301,-1.437978972,0.258858963,5.34E-09,4.75E-08,AC012065.2,1.437978972
ENSG00000213253.5,4.571351706,1.437927948,0.328017423,0.013045696,0.031305457,RPL12P42,1.437927948
ENSG00000137713.16,3604.004865,-1.437903572,0.2154815,3.85E-12,5.56E-11,PPP2R1B,1.437903572
ENSG00000221230.1,0.708738328,-1.43777748,0.682748942,0.010834438,0.026652893,MIR548L,1.43777748
ENSG00000213347.10,296.4864996,1.437626321,0.233235693,1.61E-10,1.82E-09,MXD3,1.437626321
ENSG00000261481.1,1.908019775,1.437591225,0.669294504,0.004770071,0.013032024,AC022167.4,1.437591225
ENSG00000197635.11,1172.698642,-1.437279032,0.285647223,1.06E-07,7.65E-07,DPP4,1.437279032
ENSG00000228397.3,1.643406812,-1.436710339,0.562054211,0.00209821,0.006331214,LINC01635,1.436710339
ENSG00000166396.13,34.62038778,1.436563085,0.567376297,0.002038658,0.006169054,SERPINB7,1.436563085
ENSG00000255967.1,16.09379872,-1.436300435,0.353255459,9.26E-06,4.68E-05,HADHAP2,1.436300435
ENSG00000173210.20,3671.163565,-1.436111855,0.290796622,1.52E-07,1.06E-06,ABLIM3,1.436111855
ENSG00000283122.1,7.120155759,-1.435933054,0.428528153,0.000175722,0.000684081,HYMAI,1.435933054
ENSG00000249484.9,0.87127822,1.435660241,0.825227911,0.019021773,0.043292153,LINC01470,1.435660241
ENSG00000165359.16,678.9711779,-1.435556293,0.185067996,2.01E-15,4.51E-14,INTS6L,1.435556293
ENSG00000100146.18,3540.371751,-1.43537917,0.613547102,0.003161969,0.009095986,SOX10,1.43537917
ENSG00000125675.18,120.6397485,-1.435337743,0.245666386,1.11E-09,1.10E-08,GRIA3,1.435337743
ENSG00000225216.6,3.717299675,-1.434688831,0.465379603,0.00041942,0.001501002,AC007362.1,1.434688831
ENSG00000124479.11,263.6307582,1.434408062,0.552681292,0.00175457,0.005389096,NDP,1.434408062
ENSG00000100219.16,94364.5016,1.434370076,0.279980573,8.90E-08,6.48E-07,XBP1,1.434370076
ENSG00000258949.1,9.776097802,-1.434151823,0.334864654,4.20E-06,2.28E-05,AL049870.3,1.434151823
ENSG00000235005.1,1.685204637,1.434116107,0.670628856,0.005924284,0.015767587,AL450468.1,1.434116107
ENSG00000180998.12,183.1827236,1.433998062,0.19682044,7.41E-14,1.35E-12,GPR137C,1.433998062
ENSG00000255650.6,31.76426546,-1.433909169,0.356690477,1.23E-05,6.07E-05,FAM222A-AS1,1.433909169
ENSG00000163467.12,26.13203545,1.433890683,0.205960246,7.81E-13,1.24E-11,TSACC,1.433890683
ENSG00000188549.12,1228.465459,-1.433781391,0.263422619,1.16E-08,9.76E-08,CCDC9B,1.433781391
ENSG00000281392.2,46.54785821,-1.433498449,0.238801875,4.50E-10,4.76E-09,LINC00506,1.433498449
ENSG00000279235.1,2.111272127,-1.43336577,0.395389209,7.14E-05,0.000302849,AC011944.2,1.43336577
ENSG00000286240.1,2.315207292,1.433142283,0.463650135,0.000411617,0.001475093,AL034422.1,1.433142283
ENSG00000261794.1,15.98359787,-1.432886227,0.300229189,3.99E-07,2.60E-06,GOLGA8H,1.432886227
ENSG00000254231.3,199.3035277,1.432873197,0.297174425,3.23E-07,2.14E-06,AC103760.1,1.432873197
ENSG00000228952.1,1.859392033,1.432827536,1.144765324,0.020612621,0.046311788,LINC02041,1.432827536
ENSG00000186594.14,1322.323555,-1.4326216,0.208352312,1.14E-12,1.78E-11,MIR22HG,1.4326216
ENSG00000170271.11,3521.542417,-1.432533689,0.286822053,1.19E-07,8.50E-07,FAXDC2,1.432533689
ENSG00000273032.3,80.8776731,1.432284644,0.31939118,1.63E-06,9.47E-06,DGCR5,1.432284644
ENSG00000182175.14,1352.548688,-1.432246934,0.235249049,1.46E-17,4.34E-16,RGMA,1.432246934
ENSG00000163794.6,41.76958067,1.432246376,0.282780588,8.75E-08,6.38E-07,UCN,1.432246376
ENSG00000235888.3,25.50473592,-1.432070732,0.272267397,2.55E-08,2.03E-07,AF064858.1,1.432070732
ENSG00000277720.1,0.592539459,1.431681672,0.796072205,0.01632088,0.037949064,H3C5P,1.431681672
ENSG00000172602.11,1073.040236,1.43159851,0.369940937,2.39E-05,0.000111702,RND1,1.43159851
ENSG00000286543.1,1.127583814,1.431552698,0.68357271,0.0054372,0.014615777,AC138409.3,1.431552698
ENSG00000259335.1,1.474812184,-1.430599912,0.60799213,0.00383039,0.01076499,HNRNPMP1,1.430599912
ENSG00000178385.15,1503.830861,-1.430449489,0.192025753,2.19E-14,4.28E-13,PLEKHM3,1.430449489
ENSG00000076944.16,1519.598639,1.430331823,0.232279105,1.82E-10,2.04E-09,STXBP2,1.430331823
ENSG00000253105.6,14.61515261,-1.430234056,0.352980401,1.06E-05,5.30E-05,AP003548.1,1.430234056
ENSG00000006283.18,114.5057738,-1.430108563,0.325815202,2.49E-06,1.40E-05,CACNA1G,1.430108563
ENSG00000249923.1,4.397174275,-1.430032546,0.336755789,4.56E-06,2.45E-05,AC007663.2,1.430032546
ENSG00000147481.17,1.169026972,-1.429970635,0.600730868,0.002889289,0.008402016,SNTG1,1.429970635
ENSG00000256443.1,54.10723604,1.429616169,0.345122007,7.64E-06,3.92E-05,AP003559.1,1.429616169
ENSG00000141526.17,1250.3368,1.429318109,0.328635025,3.09E-06,1.71E-05,SLC16A3,1.429318109
ENSG00000253435.1,2.083985308,-1.429045707,0.494189001,0.000841292,0.002806258,IGKV2-4,1.429045707
ENSG00000279622.2,8.776878199,-1.429001134,0.511128105,0.000978465,0.003210881,AC025280.2,1.429001134
ENSG00000255176.1,27.49547664,-1.428702781,0.30779568,7.33E-07,4.54E-06,AP000941.1,1.428702781
ENSG00000133328.4,191.7379317,1.428500492,0.410072785,0.000102895,0.000422023,PLAAT2,1.428500492
ENSG00000225106.1,5.065695218,1.427969818,0.510615588,0.000981505,0.003219827,AL162457.2,1.427969818
ENSG00000197465.14,24.21296323,-1.427896244,0.263146873,1.28E-08,1.07E-07,GYPE,1.427896244
ENSG00000284699.1,0.899172855,-1.42767485,0.6981606,0.009386204,0.023527798,AL445648.1,1.42767485
ENSG00000261707.1,8.603933587,-1.427258064,0.324227591,1.79E-06,1.03E-05,AC092134.1,1.427258064
ENSG00000204789.4,628.2059821,-1.426910142,0.280691341,8.25E-08,6.04E-07,ZNF204P,1.426910142
ENSG00000238829.1,2.685068162,-1.426757304,0.36238917,2.08E-05,9.84E-05,RNU7-45P,1.426757304
ENSG00000092068.20,6662.339456,1.426683472,0.237740241,5.06E-10,5.29E-09,SLC7A8,1.426683472
ENSG00000242607.1,10.05393434,-1.426517141,0.307058539,8.82E-07,5.39E-06,RPS3AP34,1.426517141
ENSG00000172179.12,2.986108347,-1.426383298,0.520083739,0.001135024,0.003664356,PRL,1.426383298
ENSG00000100565.15,4.780347052,-1.426354965,0.403710185,9.42E-05,0.000389877,LRRC74A,1.426354965
ENSG00000272808.4,262.2931994,-1.426318669,0.39138462,5.40E-05,0.000235089,AC015712.6,1.426318669
ENSG00000279294.1,0.793279159,-1.426170606,0.661691855,0.007866753,0.020174797,AC092135.1,1.426170606
ENSG00000255108.1,1.997492867,1.426009302,0.573250588,0.002332989,0.006953126,AP006621.1,1.426009302
ENSG00000073150.14,179.5688853,1.425961399,0.311515973,1.06E-06,6.41E-06,PANX2,1.425961399
ENSG00000100558.9,313.407853,1.425882923,0.212149231,4.12E-12,5.92E-11,PLEK2,1.425882923
ENSG00000182156.10,2.56075491,1.425546028,0.529720879,0.001329677,0.004218627,ENPP7,1.425546028
ENSG00000283199.3,161.9769748,-1.425389949,0.342824178,6.94E-06,3.60E-05,C13orf46,1.425389949
ENSG00000129951.19,270.0402248,1.425372872,0.444035974,0.000272176,0.001015205,PLPPR3,1.425372872
ENSG00000287937.1,1.283451229,-1.425233391,0.563897881,0.002702403,0.00791775,AC079753.2,1.425233391
ENSG00000095380.11,2210.378305,1.4246763,0.137350638,1.40E-25,9.74E-24,NANS,1.4246763
ENSG00000108799.13,3379.358213,-1.424581838,0.139849894,6.44E-25,4.12E-23,EZH1,1.424581838
ENSG00000049089.15,1454.362995,1.42424051,0.358783566,1.64E-05,7.91E-05,COL9A2,1.42424051
ENSG00000214049.8,28.08784454,1.4241462,0.48327942,0.000625258,0.002149525,UCA1,1.4241462
ENSG00000162745.10,3253.951123,1.424127786,0.235786247,3.89E-10,4.15E-09,OLFML2B,1.424127786
ENSG00000130827.6,3466.238595,1.423528612,0.194183601,6.92E-14,1.26E-12,PLXNA3,1.423528612
ENSG00000276550.4,1184.676693,-1.423517952,0.226617126,7.52E-11,8.96E-10,HERC2P2,1.423517952
ENSG00000203757.2,0.711000759,1.423470982,0.822970967,0.019667262,0.044529861,OR6K3,1.423470982
ENSG00000224126.2,2.781616821,1.423235936,0.410554977,0.000113159,0.000460038,UBE2SP2,1.423235936
ENSG00000164175.15,6.753537448,1.422779034,0.338032221,5.44E-06,2.88E-05,SLC45A2,1.422779034
ENSG00000262585.1,8.977074749,1.422691023,0.374569748,2.95E-05,0.000135358,LINC01979,1.422691023
ENSG00000167034.10,1080.306292,1.422205791,0.387536514,5.28E-05,0.000230308,NKX3-1,1.422205791
ENSG00000269055.1,1.512593858,-1.422102153,0.932517279,0.018519438,0.042300878,BNIP3P18,1.422102153
ENSG00000213205.3,0.924832616,-1.421906884,0.63621709,0.00525834,0.014191306,STRADBP1,1.421906884
ENSG00000052344.16,5884.047309,1.421693596,0.316117677,1.47E-06,8.63E-06,PRSS8,1.421693596
ENSG00000254152.1,1.828259427,-1.421526686,0.615200029,0.003827956,0.01075892,PPIAP84,1.421526686
ENSG00000127528.6,3228.918586,-1.421254514,0.256766604,5.61E-09,4.97E-08,KLF2,1.421254514
ENSG00000273203.1,98.15315988,-1.420995573,0.358192704,1.57E-05,7.60E-05,AC006946.2,1.420995573
ENSG00000184730.11,656.5905968,1.42090233,0.292022891,2.63E-07,1.77E-06,APOBR,1.42090233
ENSG00000233395.2,9.885252363,-1.420645675,0.29542091,3.83E-07,2.51E-06,LINC00841,1.420645675
ENSG00000285103.2,54.61981571,-1.420628116,0.192907864,4.33E-14,8.14E-13,AL451123.1,1.420628116
ENSG00000156127.8,547.1249928,1.419980324,0.312396405,1.27E-06,7.54E-06,BATF,1.419980324
ENSG00000163554.15,31.85164998,-1.419771353,0.376172127,3.43E-05,0.000155272,SPTA1,1.419771353
ENSG00000286215.1,26.2708171,-1.419371082,0.218456391,1.69E-11,2.21E-10,AL356534.1,1.419371082
ENSG00000261804.2,44.65113443,1.419317134,0.378119545,3.78E-05,0.000169472,AC007342.4,1.419317134
ENSG00000171462.15,202.9525198,-1.419197454,0.302016317,5.78E-07,3.66E-06,DLK2,1.419197454
ENSG00000276404.1,2.673957978,1.419180894,0.435240935,0.000265865,0.000994217,MIR6835,1.419180894
ENSG00000070526.15,111.9847332,-1.419036552,0.254984324,3.44E-21,1.51E-19,ST6GALNAC1,1.419036552
ENSG00000261996.1,8.474515039,-1.41897505,0.317980891,1.89E-06,1.09E-05,AC004706.1,1.41897505
ENSG00000156587.16,6184.536897,1.418966216,0.23193956,2.62E-10,2.87E-09,UBE2L6,1.418966216
ENSG00000237111.1,10.42066476,-1.418797413,0.527941428,0.001323064,0.004199774,IGHJ3P,1.418797413
ENSG00000237734.1,0.731425205,-1.418791326,0.74793968,0.017656029,0.040601735,AL163192.1,1.418791326
ENSG00000267325.2,34.05193522,-1.418299385,0.250246082,3.27E-09,3.01E-08,LINC01415,1.418299385
ENSG00000235225.1,9.964487883,-1.41745601,0.336430562,5.77E-06,3.04E-05,RPL31P17,1.41745601
ENSG00000272950.1,24.00344115,-1.41739914,0.208082804,2.24E-12,3.36E-11,AC093799.1,1.41739914
ENSG00000163618.18,25.74100877,1.4172867,0.29697079,4.33E-07,2.80E-06,CADPS,1.4172867
ENSG00000277702.1,9.381960108,-1.416929231,0.304816397,7.38E-07,4.57E-06,AC239859.5,1.416929231
ENSG00000198873.12,1175.561885,-1.416854419,0.137513357,1.41E-25,9.74E-24,GRK5,1.416854419
ENSG00000248599.2,3.298058166,-1.416832749,0.538306187,0.001566612,0.004870049,FLJ42969,1.416832749
ENSG00000180113.16,99.70488245,-1.416810637,0.218449918,2.11E-11,2.74E-10,TDRD6,1.416810637
ENSG00000222005.9,11.56886867,-1.416479621,0.248899358,2.95E-09,2.74E-08,LINC01118,1.416479621
ENSG00000269720.2,11.32260719,1.416153361,0.409799233,0.000116906,0.000473602,CCDC194,1.416153361
ENSG00000171502.15,137.9532764,1.416003967,0.231551052,2.21E-10,2.44E-09,COL24A1,1.416003967
ENSG00000272841.1,233.5800658,1.415693389,0.219115978,2.54E-11,3.25E-10,MAP3K4-AS1,1.415693389
ENSG00000168061.17,508.7535169,1.415336939,0.174761351,1.34E-16,3.50E-15,SAC3D1,1.415336939
ENSG00000286134.2,1.542379893,1.415086027,0.839337756,0.012422392,0.030001306,AC114930.1,1.415086027
ENSG00000253008.2,0.639935536,-1.414842383,0.687955085,0.009653694,0.024100266,MIR2355,1.414842383
ENSG00000283766.1,16.52428806,1.41466398,0.337085029,5.99E-06,3.15E-05,AC141930.2,1.41466398
ENSG00000264529.1,0.863528105,1.414431001,0.784925255,0.013016395,0.031247621,DNAJB6P8,1.414431001
ENSG00000185522.9,119.2022593,1.414260359,0.331379528,4.38E-06,2.36E-05,LMNTD2,1.414260359
ENSG00000007376.8,1174.187833,1.41416191,0.16065591,4.32E-19,1.51E-17,RPUSD1,1.41416191
ENSG00000174938.14,2859.057884,1.413908794,0.309052298,1.06E-06,6.41E-06,SEZ6L2,1.413908794
ENSG00000139725.8,15.15629329,1.413889981,0.284944365,1.57E-07,1.10E-06,RHOF,1.413889981
ENSG00000215812.5,2.745572311,1.413660633,0.603317129,0.003624047,0.010260689,ZNF847P,1.413660633
ENSG00000231147.2,2.180452255,1.413394338,0.486481545,0.000817056,0.00273354,ARHGAP42P2,1.413394338
ENSG00000286367.1,1.957792889,-1.413006652,0.590061112,0.002994637,0.008681375,AC000072.1,1.413006652
ENSG00000231995.2,4.310987553,-1.412843913,0.345238232,1.05E-05,5.23E-05,AL590399.4,1.412843913
ENSG00000242173.10,40.83937812,-1.412671317,0.529454434,0.001387682,0.004378963,ARHGDIG,1.412671317
ENSG00000242276.2,8.039761553,-1.412475226,0.25790815,1.07E-08,9.10E-08,RPL5P3,1.412475226
ENSG00000179846.10,72.28154779,-1.412470791,0.318157725,1.98E-06,1.13E-05,NKPD1,1.412470791
ENSG00000204991.11,493.2154771,1.412124935,0.222339484,5.35E-11,6.53E-10,SPIRE2,1.412124935
ENSG00000175895.4,4203.732525,1.411999537,0.165149997,3.79E-18,1.20E-16,PLEKHF2,1.411999537
ENSG00000186766.8,38.64217033,-1.411990873,0.347796994,1.06E-05,5.30E-05,FOXI2,1.411990873
ENSG00000066405.13,14.93394721,-1.411946753,0.248877945,3.50E-09,3.21E-08,CLDN18,1.411946753
ENSG00000183569.18,938.1163248,-1.4117615,0.534878132,0.001531014,0.004774788,SERHL2,1.4117615
ENSG00000228436.3,40.92715612,-1.411717319,0.270996768,4.35E-08,3.33E-07,AL139260.1,1.411717319
ENSG00000224566.2,11.61744419,-1.411405673,0.356327104,1.65E-05,7.97E-05,FAM96AP2,1.411405673
ENSG00000162032.16,6.464293342,1.411294578,0.29729877,4.13E-07,2.68E-06,SPSB3,1.411294578
ENSG00000118513.19,3821.498563,1.411049953,0.321722544,2.99E-06,1.66E-05,MYB,1.411049953
ENSG00000264230.9,137.9451542,-1.410998915,0.467590497,0.000504284,0.0017702,ANXA8L1,1.410998915
ENSG00000261402.1,2.191047035,1.410864787,0.539154282,0.00179586,0.005501722,AL591222.1,1.410864787
ENSG00000114480.13,3449.048992,-1.410423692,0.247594524,2.20E-09,2.08E-08,GBE1,1.410423692
ENSG00000188312.14,340.0097174,1.410318389,0.213570986,9.79E-12,1.33E-10,CENPP,1.410318389
ENSG00000261437.1,109.5829037,1.410275843,0.263620227,2.10E-08,1.69E-07,AC108860.2,1.410275843
ENSG00000221970.2,7.621439819,-1.409982494,0.320774498,2.62E-06,1.47E-05,OR2A1,1.409982494
ENSG00000050628.20,3775.135504,-1.409578562,0.366544502,2.30E-05,0.000108156,PTGER3,1.409578562
ENSG00000164620.9,51.2194878,1.409451533,0.272805591,5.59E-08,4.21E-07,RELL2,1.409451533
ENSG00000253616.5,6.411168308,1.409448887,0.401132816,9.64E-05,0.000398301,AC107959.3,1.409448887
ENSG00000280832.1,146.0728635,1.409149195,0.183627319,4.28E-15,9.20E-14,GSEC,1.409149195
ENSG00000120093.11,1303.519645,1.409019342,0.340048224,7.63E-06,3.92E-05,HOXB3,1.409019342
ENSG00000232653.8,53.04280529,-1.408849921,0.212150963,7.16E-12,9.87E-11,GOLGA8N,1.408849921
ENSG00000117600.12,271.4691365,-1.408765508,0.211236708,6.07E-12,8.45E-11,PLPPR4,1.408765508
ENSG00000266954.1,0.656055329,1.408762089,0.68767742,0.009265004,0.023275975,AP001010.1,1.408762089
ENSG00000165973.19,20.47327528,1.40859998,0.793548059,0.010959825,0.026912475,NELL1,1.40859998
ENSG00000103832.10,1.861522074,1.408072371,0.619032104,0.003966913,0.011095493,GOLGA8UP,1.408072371
ENSG00000154655.16,373.7297326,-1.408069368,0.307102958,9.37E-07,5.70E-06,L3MBTL4,1.408069368
ENSG00000172818.10,341.4000774,1.408068449,0.313972596,1.65E-06,9.56E-06,OVOL1,1.408068449
ENSG00000228288.7,215.3826114,1.407971663,0.198848025,3.56E-13,5.91E-12,PCAT6,1.407971663
ENSG00000201818.1,0.839498185,-1.407543686,0.699955246,0.011691554,0.028473444,RNY4P17,1.407543686
ENSG00000223509.8,116.5167705,-1.406946715,0.205205121,1.67E-12,2.54E-11,AC135983.2,1.406946715
ENSG00000125835.19,4902.128958,1.406776031,0.163383817,2.49E-18,8.11E-17,SNRPB,1.406776031
ENSG00000229511.1,0.869505599,1.406684209,0.766540358,0.011069485,0.027149507,GAS2L1P1,1.406684209
ENSG00000188107.15,43.59071728,-1.406607484,0.262117976,1.89E-08,1.53E-07,EYS,1.406607484
ENSG00000261359.2,0.936413348,1.406556838,0.639721516,0.005350117,0.014407321,PYCARD-AS1,1.406556838
ENSG00000099204.20,12713.61221,-1.406064545,0.168226927,1.53E-17,4.51E-16,ABLIM1,1.406064545
ENSG00000207497.1,1.520480111,-1.405915763,0.628546391,0.004591832,0.012602916,Y_RNA,1.405915763
ENSG00000197934.8,6.856106723,-1.405721116,0.340568251,9.35E-06,4.72E-05,CYYR1-AS1,1.405721116
ENSG00000201586.1,0.820550623,-1.405565079,0.686373075,0.009245087,0.023234854,RNU6-593P,1.405565079
ENSG00000223831.1,1.299554952,-1.405401222,0.559571284,0.002453312,0.007272555,AC005006.1,1.405401222
ENSG00000287035.1,1.256884269,1.405289529,0.578846108,0.003068898,0.008862646,AC138470.2,1.405289529
ENSG00000261347.1,1.891951085,1.404792548,0.928194874,0.016867478,0.039000707,AP000439.3,1.404792548
ENSG00000273812.3,52.31816843,1.404781776,0.352774902,1.44E-05,6.99E-05,BX640514.2,1.404781776
ENSG00000282111.1,0.711985545,-1.40472601,0.773179646,0.013576179,0.032385618,LINC02815,1.40472601
ENSG00000257327.1,0.669055473,-1.404684726,0.715254688,0.012489475,0.030141083,AC012555.1,1.404684726
ENSG00000230500.1,2.458631989,1.404559685,0.440620773,0.002016554,0.006106869,MKX-AS1,1.404559685
ENSG00000259683.1,44.68570001,-1.404097428,0.287279347,1.40E-19,5.17E-18,AC243562.2,1.404097428
ENSG00000239801.1,3.515199618,-1.403761486,0.308621605,1.18E-06,7.05E-06,DENND6A-AS1,1.403761486
ENSG00000186810.8,187.8474104,1.403736543,0.346134059,1.14E-05,5.68E-05,CXCR3,1.403736543
ENSG00000213047.13,2890.189021,1.403546917,0.274126067,8.23E-08,6.03E-07,DENND1B,1.403546917
ENSG00000131188.12,109.2532974,1.402731033,0.276224551,8.76E-08,6.39E-07,PRR7,1.402731033
ENSG00000171303.7,282.688364,-1.402679345,0.354926985,1.65E-05,7.96E-05,KCNK3,1.402679345
ENSG00000170099.6,1625.684444,1.402527792,0.973782953,0.018350453,0.041975031,SERPINA6,1.402527792
ENSG00000139263.12,1983.031175,-1.402511633,0.188465765,2.32E-14,4.51E-13,LRIG3,1.402511633
ENSG00000221507.1,0.511983234,-1.402379398,0.712169183,0.017761171,0.040817236,RNU6ATAC40P,1.402379398
ENSG00000250815.1,1.600735175,-1.40204387,0.518678291,0.001392831,0.004393092,AC105384.2,1.40204387
ENSG00000119888.11,10284.79364,1.401941495,0.282522565,2.10E-07,1.44E-06,EPCAM,1.401941495
ENSG00000258044.1,2.734935394,-1.401833504,0.40161666,0.000119877,0.000484294,AC073569.1,1.401833504
ENSG00000155090.15,8552.585473,-1.401590412,0.206391089,1.72E-12,2.62E-11,KLF10,1.401590412
ENSG00000131037.15,1596.99028,1.401434061,0.304282206,9.45E-07,5.75E-06,EPS8L1,1.401434061
ENSG00000261535.1,1.430771504,1.401417589,0.586609928,0.003060048,0.008841639,AC005086.2,1.401417589
ENSG00000272414.6,2.388889275,-1.401403797,0.51815486,0.001382939,0.004365829,FAM47E-STBD1,1.401403797
ENSG00000224106.1,1.366250224,-1.401269568,0.643259581,0.00640456,0.016900431,CYP4F25P,1.401269568
ENSG00000240869.3,1.768089795,1.401197564,0.555615347,0.002287124,0.0068316,RN7SL128P,1.401197564
ENSG00000232724.1,3.34797721,1.401020686,0.447766226,0.000372953,0.00135006,TRIM80P,1.401020686
ENSG00000224299.1,2.957068618,-1.400955873,0.607024609,0.004182455,0.011627171,MTATP6P16,1.400955873
ENSG00000277493.1,7.154753426,1.400770046,0.348678216,1.40E-05,6.83E-05,AC139769.3,1.400770046
ENSG00000231606.2,5.730760025,-1.40076531,0.347568416,1.42E-05,6.90E-05,AL357873.1,1.40076531
ENSG00000167371.21,184.7631486,1.400745688,0.247714128,3.72E-09,3.40E-08,PRRT2,1.400745688
ENSG00000101825.8,19383.78648,1.400613244,0.204380188,3.06E-12,4.49E-11,MXRA5,1.400613244
ENSG00000249167.2,13.98385518,-1.400612269,0.259255031,1.55E-08,1.28E-07,SEMA6A-AS2,1.400612269
ENSG00000180769.10,264.0784346,-1.400498438,0.18456714,7.89E-15,1.64E-13,WDFY3-AS2,1.400498438
ENSG00000243063.1,77.47072526,-1.400422323,0.494000945,0.000889688,0.002948414,IGKV3-7,1.400422323
ENSG00000145506.14,316.3250693,1.400407133,0.280337511,1.40E-07,9.85E-07,NKD2,1.400407133
ENSG00000286042.1,72.78834202,-1.400391558,0.932589886,0.016122522,0.0375345,LCAL1,1.400391558
ENSG00000232912.6,11.58369493,-1.400172104,0.26246153,1.91E-08,1.55E-07,RERE-AS1,1.400172104
ENSG00000234949.2,90.61164996,1.399960597,0.276925836,1.01E-07,7.30E-07,AC104667.2,1.399960597
ENSG00000229781.1,2.331539771,-1.39966421,0.546487437,0.002075315,0.006269353,RRN3P4,1.39966421
ENSG00000233862.7,5.144929262,-1.399338724,0.279565871,1.45E-07,1.02E-06,AC016907.2,1.399338724
ENSG00000226581.2,12.75238851,-1.399165929,0.362101788,2.51E-05,0.000116741,LINC02848,1.399165929
ENSG00000281195.1,38.70081158,-1.398715931,0.262024863,2.16E-08,1.74E-07,AC007878.1,1.398715931
ENSG00000165521.15,66.37555797,-1.398453005,0.40457359,0.000117843,0.000477006,EML5,1.398453005
ENSG00000255507.6,24.28390896,-1.398408712,0.367035602,3.08E-05,0.000140867,UVRAG-DT,1.398408712
ENSG00000249859.12,890.8988008,1.398389016,0.271467578,6.05E-08,4.52E-07,PVT1,1.398389016
ENSG00000256968.1,32.56682634,1.398020375,0.182591794,4.93E-15,1.05E-13,SNRPEP2,1.398020375
ENSG00000131018.24,5176.000562,-1.397848293,0.171875067,9.81E-17,2.62E-15,SYNE1,1.397848293
ENSG00000057704.13,1114.448187,-1.397774739,0.224224579,1.04E-10,1.21E-09,TMCC3,1.397774739
ENSG00000100583.4,163.4316122,1.397720842,0.25227779,7.35E-09,6.39E-08,SAMD15,1.397720842
ENSG00000277968.1,2.860390526,-1.397714978,0.500956399,0.001090801,0.003536148,AC091825.2,1.397714978
ENSG00000283554.1,2.175139709,1.39767958,0.564825013,0.002724671,0.007977638,LINC02341,1.39767958
ENSG00000262471.1,0.985550937,1.397545099,0.7401359,0.011305871,0.027648148,AC009171.1,1.397545099
ENSG00000254781.1,3.178902184,-1.397377258,0.572244402,0.002675348,0.007850191,GVINP2,1.397377258
ENSG00000239472.3,4.076521704,1.397352938,0.357750806,2.27E-05,0.000106929,RN7SL221P,1.397352938
ENSG00000232709.1,11.79178953,-1.3973109,0.373943912,3.93E-05,0.000175307,MARK2P9,1.3973109
ENSG00000136275.10,0.885376845,-1.397111883,0.752951176,0.010043821,0.024945404,C7orf69,1.397111883
ENSG00000286550.1,7.189007014,-1.39711111,0.298010373,5.87E-07,3.71E-06,AL591002.1,1.39711111
ENSG00000279217.1,3.326235474,-1.397103179,0.496698278,0.001038455,0.003382924,Z95114.1,1.397103179
ENSG00000104369.5,295.8868733,-1.397013071,0.230999679,9.80E-06,4.92E-05,JPH1,1.397013071
ENSG00000238246.1,6.399693288,-1.397005879,0.347063426,1.35E-05,6.62E-05,AC069549.1,1.397005879
ENSG00000251323.3,17.61431417,-1.396960882,0.320994182,2.95E-06,1.64E-05,LINC02728,1.396960882
ENSG00000189045.15,31.15271173,-1.396682256,0.210340702,6.68E-12,9.23E-11,ANKDD1B,1.396682256
ENSG00000267107.8,534.9398,-1.396479307,0.164583443,5.13E-18,1.61E-16,PCAT19,1.396479307
ENSG00000284976.1,850.888132,1.396334656,0.177289496,1.01E-15,2.34E-14,BX255925.3,1.396334656
ENSG00000279443.1,53.24357697,1.395848348,0.28549375,2.34E-07,1.59E-06,AL513497.1,1.395848348
ENSG00000149656.8,1.609729156,-1.395700769,0.530567453,0.001995307,0.006047189,LINC00266-1,1.395700769
ENSG00000241204.1,2.365469587,1.395614492,0.698490641,0.007190643,0.018670007,AC022730.2,1.395614492
ENSG00000007306.15,23.87453048,1.395479628,0.447540346,0.000384662,0.001387718,CEACAM7,1.395479628
ENSG00000198075.10,339.1064359,-1.395006671,0.206136781,3.18E-12,4.65E-11,SULT1C4,1.395006671
ENSG00000258274.1,6.566503824,-1.394943057,0.387417165,6.53E-05,0.000279638,AC012085.2,1.394943057
ENSG00000180198.16,2591.001813,1.394789825,0.189215644,4.56E-14,8.53E-13,RCC1,1.394789825
ENSG00000144130.11,2.832242701,1.394078289,0.63011984,0.004931037,0.013414879,NT5DC4,1.394078289
ENSG00000285043.2,118.3322913,1.393438661,0.208314125,5.51E-12,7.73E-11,AC093512.2,1.393438661
ENSG00000248150.1,1.92484841,1.39335045,0.689278424,0.007549849,0.019472671,LINC02150,1.39335045
ENSG00000124875.10,22.628464,-1.393275757,0.40514848,2.03E-12,3.05E-11,CXCL6,1.393275757
ENSG00000134762.17,2052.930913,-1.393264255,0.507432623,0.001146327,0.003695716,DSC3,1.393264255
ENSG00000133104.14,3582.520524,-1.393139658,0.138915707,3.02E-24,1.78E-22,SPART,1.393139658
ENSG00000255002.2,2.823616016,1.393116635,0.522551372,0.001521241,0.00474779,LINC02324,1.393116635
ENSG00000244301.6,3.034459629,-1.393002171,0.416121897,0.000196381,0.00075552,AOX3P,1.393002171
ENSG00000163923.10,569.0007203,1.392913757,0.247824288,4.72E-09,4.23E-08,RPL39L,1.392913757
ENSG00000237470.3,1.745778954,-1.392823596,0.56721061,0.002414907,0.007170836,DCLRE1CP1,1.392823596
ENSG00000228022.6,10.35926753,1.392569092,0.357647793,2.27E-05,0.000106677,HCG20,1.392569092
ENSG00000285106.2,23.47636881,-1.392548002,0.238851463,1.35E-09,1.32E-08,AC016831.6,1.392548002
ENSG00000111110.12,2921.975048,1.392170251,0.217663124,3.85E-11,4.80E-10,PPM1H,1.392170251
ENSG00000104967.8,439.4436272,-1.392089416,0.209033185,6.59E-12,9.13E-11,NOVA2,1.392089416
ENSG00000178752.16,35.10818366,1.391989969,0.453638798,0.000422662,0.001510953,ERFE,1.391989969
ENSG00000176749.9,297.9816068,1.391876879,0.247916387,4.94E-09,4.42E-08,CDK5R1,1.391876879
ENSG00000122707.12,1979.563389,-1.391869438,0.214239148,1.97E-11,2.57E-10,RECK,1.391869438
ENSG00000250933.1,1.011602213,1.391789233,0.640361813,0.005542823,0.014866465,GAPDHP66,1.391789233
ENSG00000250659.2,6.13128553,-1.391515044,0.332016238,5.66E-06,2.99E-05,AP001363.1,1.391515044
ENSG00000138623.10,473.2654923,1.391338688,0.216703162,3.61E-11,4.52E-10,SEMA7A,1.391338688
ENSG00000254163.1,0.837229429,-1.391307774,0.725427038,0.015482688,0.03623604,AC025434.1,1.391307774
ENSG00000130202.10,9151.141658,1.391217939,0.171472956,1.62E-16,4.19E-15,NECTIN2,1.391217939
ENSG00000284959.2,31.86135189,-1.391189248,0.178295993,1.78E-15,4.02E-14,AC007262.2,1.391189248
ENSG00000100626.17,1642.387692,-1.391011737,0.27001244,5.81E-08,4.36E-07,GALNT16,1.391011737
ENSG00000226279.2,3.91182322,-1.391008432,0.331360932,6.87E-06,3.57E-05,RPL12P10,1.391008432
ENSG00000198216.12,21.78142112,1.390906632,0.343975139,1.20E-05,5.93E-05,CACNA1E,1.390906632
ENSG00000105538.10,1183.016667,-1.390851887,0.188474315,2.90E-14,5.56E-13,RASIP1,1.390851887
ENSG00000140563.15,439.6117016,-1.390630887,0.288313195,3.27E-07,2.16E-06,MCTP2,1.390630887
ENSG00000214402.7,6.597532067,-1.390627704,0.401610381,0.000102034,0.000418886,LCNL1,1.390627704
ENSG00000258769.1,2.230449252,-1.390562707,0.355841942,2.65E-05,0.000122521,RAP1AP,1.390562707
ENSG00000101443.18,4864.881766,1.390451879,0.458542889,0.000518742,0.001815274,WFDC2,1.390451879
ENSG00000250328.6,3.45563063,-1.390329465,0.391882179,8.97E-05,0.000372779,MGC32805,1.390329465
ENSG00000123136.15,2502.312444,1.390144734,0.156190957,1.67E-19,6.06E-18,DDX39A,1.390144734
ENSG00000126952.17,4.759296551,1.389971172,0.449603891,0.000437296,0.001557457,NXF5,1.389971172
ENSG00000109586.12,4298.679831,1.389966291,0.245142921,3.00E-09,2.78E-08,GALNT7,1.389966291
ENSG00000265646.2,1.688438307,1.389914382,0.613121932,0.00433718,0.011995339,TUFMP1,1.389914382
ENSG00000261265.1,2.687230551,-1.389911404,0.47180066,0.000723996,0.002454813,AC025271.2,1.389911404
ENSG00000286458.1,9.484055419,-1.389119682,0.30441038,1.33E-06,7.88E-06,AC083870.1,1.389119682
ENSG00000272609.1,1.128877585,-1.388915493,0.594560457,0.004179552,0.011621568,AC016252.1,1.388915493
ENSG00000236384.7,6.038614441,-1.388841595,0.500528459,0.001028511,0.003353865,LINC00479,1.388841595
ENSG00000213830.3,9.04076988,1.3888284,0.264519146,3.29E-08,2.58E-07,CFL1P5,1.3888284
ENSG00000074071.15,2578.985812,1.38844507,0.175741186,6.74E-16,1.61E-14,MRPS34,1.38844507
ENSG00000248196.1,1.61396757,-1.387957022,0.538528053,0.002302068,0.006871917,AC092658.1,1.387957022
ENSG00000213225.7,127.9830396,1.38780523,0.565300022,0.002692051,0.007893307,NOC2LP1,1.38780523
ENSG00000267709.1,2.353464998,1.387749675,0.759660166,0.010464993,0.025850894,AC024592.2,1.387749675
ENSG00000168528.12,8807.846294,1.387649043,0.221109145,9.68E-11,1.14E-09,SERINC2,1.387649043
ENSG00000158352.16,1184.212877,-1.387479225,0.181388375,4.58E-15,9.82E-14,SHROOM4,1.387479225
ENSG00000243797.6,3.162985582,-1.387248648,0.460069884,0.000585056,0.002023539,AC004917.1,1.387248648
ENSG00000288539.1,1.254180472,-1.386871438,0.512302666,0.001468783,0.004601335,AC022133.2,1.386871438
ENSG00000244217.1,0.538385233,1.386768507,0.723300311,0.014488146,0.034253269,RPS4XP10,1.386768507
ENSG00000170382.12,1136.755981,1.386734885,0.239202862,1.62E-09,1.56E-08,LRRN2,1.386734885
ENSG00000118946.12,508.2084222,1.38672978,0.217897198,5.01E-11,6.14E-10,PCDH17,1.38672978
ENSG00000202260.1,0.697399198,-1.386368301,0.647558617,0.007966753,0.020395303,RN7SKP69,1.386368301
ENSG00000275361.1,1.90322862,-1.386258679,0.586418733,4.25E-07,2.76E-06,AC245517.5,1.386258679
ENSG00000234471.1,4.574132563,-1.386227467,0.694334898,0.007001822,0.018244865,AC147651.1,1.386227467
ENSG00000136002.20,484.4881292,-1.386131427,0.263138744,3.08E-08,2.42E-07,ARHGEF4,1.386131427
ENSG00000168267.7,0.581010671,-1.385895757,0.737492951,0.017581619,0.040461414,PTF1A,1.385895757
ENSG00000271474.1,57.66887438,-1.385657034,0.295089874,5.99E-07,3.78E-06,AC106881.1,1.385657034
ENSG00000243710.8,108.2841794,1.385612766,0.280072961,1.81E-07,1.25E-06,CFAP57,1.385612766
ENSG00000213754.2,6.121956859,-1.385587557,0.272124198,8.78E-08,6.40E-07,KPNA4P1,1.385587557
ENSG00000152076.19,242.2970034,1.385551914,0.323735857,4.50E-06,2.42E-05,CCDC74B,1.385551914
ENSG00000285812.1,11.82635927,1.385419389,0.275172586,1.15E-07,8.22E-07,AL390719.3,1.385419389
ENSG00000229178.1,5.498089506,1.385361909,0.390544818,8.88E-05,0.000369338,AC233280.1,1.385361909
ENSG00000233321.2,37.98267356,-1.385262084,0.259277607,2.23E-08,1.79E-07,LINC02669,1.385262084
ENSG00000203663.4,0.989300115,-1.385142172,0.566603705,0.003067557,0.008860078,OR2L2,1.385142172
ENSG00000283473.4,3.868748115,-1.384933816,0.497788938,2.94E-16,7.38E-15,FAM240A,1.384933816
ENSG00000168101.14,1559.211524,1.384725783,0.154258207,9.65E-20,3.63E-18,NUDT16L1,1.384725783
ENSG00000184986.11,160.6255528,1.384723585,0.237777297,1.43E-09,1.40E-08,TMEM121,1.384723585
ENSG00000079819.19,7945.925274,-1.384683367,0.22091268,6.08E-11,7.36E-10,EPB41L2,1.384683367
ENSG00000258602.1,4.476140981,-1.384563214,0.59708453,0.003898081,0.010927868,LINC01629,1.384563214
ENSG00000232618.2,10.1631071,-1.384412833,0.248594316,6.89E-09,6.02E-08,AL355304.1,1.384412833
ENSG00000259728.5,70.45264137,-1.384371413,0.203622305,2.75E-12,4.05E-11,LINC00933,1.384371413
ENSG00000149609.6,12.55450696,1.384321099,0.206711698,6.01E-12,8.38E-11,C20orf144,1.384321099
ENSG00000163362.11,409.0507818,1.383987181,0.395367859,0.000104397,0.000427782,INAVA,1.383987181
ENSG00000254102.2,11.9706396,-1.383901517,0.285888547,2.82E-07,1.89E-06,AC090136.3,1.383901517
ENSG00000287682.1,3.023199582,1.383685603,0.763357559,0.010830285,0.026644346,AC020651.2,1.383685603
ENSG00000287405.1,4.921569892,1.383665544,0.401351895,0.00012587,0.00050611,AC017028.2,1.383665544
ENSG00000101146.13,2923.885905,1.38344868,0.205592149,4.85E-12,6.88E-11,RAE1,1.38344868
ENSG00000154319.16,403.1218465,1.383439183,0.334566991,8.47E-06,4.31E-05,FAM167A,1.383439183
ENSG00000241749.4,6.822820603,1.383298527,0.34069005,1.22E-05,6.02E-05,RPSAP52,1.383298527
ENSG00000151835.16,2052.47628,-1.383162022,0.230810298,4.72E-10,4.97E-09,SACS,1.383162022
ENSG00000242766.1,24.92424651,-1.38283801,0.629175786,0.004862699,0.013255587,IGKV1D-17,1.38283801
ENSG00000175471.19,980.7125145,-1.382495273,0.195100436,2.94E-13,4.94E-12,MCTP1,1.382495273
ENSG00000236809.2,26.92983485,1.3822134,0.22622565,2.57E-10,2.82E-09,SNX25P1,1.3822134
ENSG00000157510.14,1332.831605,-1.381677424,0.22924999,3.75E-10,4.02E-09,AFAP1L1,1.381677424
ENSG00000230481.2,4.192405069,-1.38146791,0.516793308,0.00155329,0.004834757,IGKV1OR22-5,1.38146791
ENSG00000285966.1,3.659637048,-1.381336928,0.389632161,9.60E-05,0.000396883,AC007686.4,1.381336928
ENSG00000163686.15,610.0779375,-1.381038517,0.174764309,6.74E-16,1.61E-14,ABHD6,1.381038517
ENSG00000122971.9,1749.404258,-1.381009975,0.249457132,6.07E-09,5.37E-08,ACADS,1.381009975
ENSG00000117139.18,9471.103456,1.380846598,0.145137754,6.58E-22,3.09E-20,KDM5B,1.380846598
ENSG00000128596.17,201.5165108,-1.380526153,0.187279385,4.07E-14,7.67E-13,CCDC136,1.380526153
ENSG00000219881.1,2.590127076,-1.380510709,0.391218678,9.66E-05,0.000398946,GAPDHP42,1.380510709
ENSG00000136379.12,1397.738661,1.380390456,0.214691885,3.12E-11,3.95E-10,ABHD17C,1.380390456
ENSG00000165841.11,1.077680851,-1.380163802,0.700680756,0.008033175,0.020545263,CYP2C19,1.380163802
ENSG00000271524.1,11.33835429,1.379979768,0.304860699,1.48E-06,8.64E-06,BNIP3P17,1.379979768
ENSG00000020181.18,3094.777519,-1.379864418,0.201771799,1.90E-12,2.87E-11,ADGRA2,1.379864418
ENSG00000132622.11,918.7332663,-1.379660757,0.193706825,2.57E-13,4.36E-12,HSPA12B,1.379660757
ENSG00000103495.14,761.2911543,1.379563016,0.125160119,7.05E-29,7.12E-27,MAZ,1.379563016
ENSG00000153395.10,4443.847119,1.379267198,0.180399346,7.42E-15,1.54E-13,LPCAT1,1.379267198
ENSG00000255642.1,162.5173068,-1.378912326,0.205251708,4.59E-12,6.54E-11,PABPC1P4,1.378912326
ENSG00000255545.8,73.66615065,-1.378686482,0.603930155,0.004060888,0.011326662,B3GAT1-DT,1.378686482
ENSG00000079931.15,745.4551754,1.378211914,0.353905849,2.32E-05,0.000109004,MOXD1,1.378211914
ENSG00000237604.1,1.796834524,-1.377918664,0.550679354,0.002064491,0.006239053,AP001056.1,1.377918664
ENSG00000174963.18,35.52231457,1.377796809,0.527874485,0.001758274,0.00539836,ZIC4,1.377796809
ENSG00000154265.16,2130.083864,-1.377781257,0.248078076,6.34E-09,5.58E-08,ABCA5,1.377781257
ENSG00000141367.12,43529.67156,1.37775243,0.229403547,4.33E-10,4.60E-09,CLTC,1.37775243
ENSG00000198838.14,371.076488,-1.377731203,0.243282139,1.99E-27,1.72E-25,RYR3,1.377731203
ENSG00000103534.17,1939.964926,1.377473044,0.389766662,9.98E-05,0.00041037,TMC5,1.377473044
ENSG00000171488.15,1873.279884,-1.377390491,0.154052541,5.88E-20,2.25E-18,LRRC8C,1.377390491
ENSG00000287798.1,1.231332202,1.37735681,0.505955521,0.001639357,0.005072504,AC107918.6,1.37735681
ENSG00000233493.4,149.6492076,1.377219567,0.303095959,1.28E-06,7.61E-06,TMEM238,1.377219567
ENSG00000287470.1,6.368752939,-1.377188576,0.304587406,1.32E-06,7.83E-06,AP001037.1,1.377188576
ENSG00000167191.12,3208.01083,-1.376904279,0.213668911,2.41E-11,3.10E-10,GPRC5B,1.376904279
ENSG00000221955.11,895.4951084,1.37689256,0.209557951,1.36E-11,1.81E-10,SLC12A8,1.37689256
ENSG00000135272.12,3551.654656,-1.376761207,0.215613033,2.94E-11,3.73E-10,MDFIC,1.376761207
ENSG00000217801.10,143.9104379,1.376653527,0.31978266,3.85E-06,2.10E-05,AL390719.1,1.376653527
ENSG00000278989.1,63.85148966,-1.376464723,0.231886484,7.29E-10,7.46E-09,AP001148.1,1.376464723
ENSG00000173272.16,1536.59556,1.376448884,0.226616387,3.26E-10,3.52E-09,MZT2A,1.376448884
ENSG00000107104.20,5790.950361,-1.375986069,0.266272088,4.49E-08,3.43E-07,KANK1,1.375986069
ENSG00000237980.2,5.219461375,-1.375978116,0.328360936,6.60E-06,3.43E-05,LINC02773,1.375978116
ENSG00000185101.13,691.0013753,1.375423538,0.305702179,1.58E-06,9.20E-06,ANO9,1.375423538
ENSG00000175592.9,244.0928769,-1.37535942,0.311690322,2.35E-06,1.33E-05,FOSL1,1.37535942
ENSG00000250056.8,81.11457343,-1.375249859,0.483074291,0.000899515,0.002976711,LINC01018,1.375249859
ENSG00000197847.12,37.14579771,1.375146624,0.27725997,1.62E-07,1.13E-06,SLC22A20P,1.375146624
ENSG00000227312.2,1.086365514,-1.374947904,0.747637563,0.010988431,0.026970916,AL445686.1,1.374947904
ENSG00000253338.1,1.746299397,-1.374850013,0.738931616,0.009475619,0.023718394,IGLV3-29,1.374850013
ENSG00000234389.1,3.969617882,-1.374575045,0.544597657,0.002260497,0.006765818,AC007278.1,1.374575045
ENSG00000277893.2,21.80699683,1.374471752,0.323710263,8.14E-15,1.69E-13,SRD5A2,1.374471752
ENSG00000100263.14,917.8183868,1.374440764,0.143475714,1.56E-10,1.77E-09,RHBDD3,1.374440764
ENSG00000287684.1,4.205668089,-1.374288909,0.332372588,1.01E-05,5.06E-05,AL392172.1,1.374288909
ENSG00000262529.1,2.929150673,-1.374267416,0.483725834,0.001059834,0.003444856,AC130650.1,1.374267416
ENSG00000147202.18,1670.03745,-1.374002017,0.169091001,8.23E-17,2.21E-15,DIAPH2,1.374002017
ENSG00000226840.1,0.635008328,-1.37389741,0.686421891,0.010854951,0.02669834,PAICSP3,1.37389741
ENSG00000279135.1,2.314520041,-1.373230482,0.384295026,8.02E-05,0.000336738,AL512652.2,1.373230482
ENSG00000171302.17,6625.977462,1.373077894,0.121822092,4.29E-30,5.00E-28,CANT1,1.373077894
ENSG00000171495.17,1.992721919,-1.372935059,0.423778066,0.000318443,0.001170007,MROH2B,1.372935059
ENSG00000286913.1,4.375904158,-1.372912533,0.373063065,5.19E-05,0.000226931,AC092943.2,1.372912533
ENSG00000227913.1,0.87331772,1.372905336,0.657207002,0.006880777,0.01797715,KRT8P44,1.372905336
ENSG00000132698.15,4543.053917,1.372862381,0.29213955,6.65E-07,4.16E-06,RAB25,1.372862381
ENSG00000288675.1,20.98233795,1.37274112,0.243511088,4.04E-09,3.67E-08,AP006621.6,1.37274112
ENSG00000287313.1,17.03670479,-1.372726137,0.614844395,0.004708467,0.012878945,AC016995.1,1.372726137
ENSG00000171433.12,32.19021354,1.372632174,0.303116281,1.46E-06,8.53E-06,GLOD5,1.372632174
ENSG00000204442.4,186.9544431,1.372601503,0.320579869,4.47E-06,2.41E-05,FAM155A,1.372601503
ENSG00000163501.7,2.450120556,1.372426658,0.53568817,0.001739545,0.005347126,IHH,1.372426658
ENSG00000179772.8,147.2299476,1.372331296,0.293919638,7.09E-07,4.41E-06,FOXS1,1.372331296
ENSG00000204220.12,1685.565156,1.372242811,0.184254295,2.92E-14,5.60E-13,PFDN6,1.372242811
ENSG00000261083.3,10.25570078,1.371834553,0.349332031,1.98E-05,9.39E-05,LINC02516,1.371834553
ENSG00000224963.3,1.789471439,1.371803358,0.475115887,0.000830635,0.002774953,U82695.1,1.371803358
ENSG00000259583.3,246.1746934,-1.371645359,0.286695139,4.07E-07,2.65E-06,AC015712.2,1.371645359
ENSG00000248265.2,39.18966852,1.371180838,0.328199518,6.99E-06,3.62E-05,FLJ12825,1.371180838
ENSG00000100304.13,4331.638934,1.371167946,0.205976838,7.99E-12,1.10E-10,TTLL12,1.371167946
ENSG00000139618.16,461.1867163,1.371003394,0.204393567,5.37E-12,7.55E-11,BRCA2,1.371003394
ENSG00000266036.1,1.568511031,1.370949137,0.617891141,0.004862093,0.013254856,AC016888.1,1.370949137
ENSG00000267461.1,2.827659335,-1.370728882,0.423460263,0.000288315,0.001068708,AC079210.1,1.370728882
ENSG00000137216.19,3459.734676,1.370677503,0.127809577,2.19E-27,1.89E-25,TMEM63B,1.370677503
ENSG00000229092.2,6.980892272,-1.370371236,0.414144092,0.000193131,0.000745212,IGHV3-47,1.370371236
ENSG00000109084.14,1535.160431,1.370121483,0.198681062,1.36E-12,2.10E-11,TMEM97,1.370121483
ENSG00000198797.7,261.8839662,1.370086403,0.53008278,0.001981015,0.006008507,BRINP2,1.370086403
ENSG00000188643.11,10508.21935,1.369988222,0.23512953,1.18E-09,1.17E-08,S100A16,1.369988222
ENSG00000150175.13,5.279931027,-1.369713287,0.657753925,0.006564843,0.017260778,FRMPD2B,1.369713287
ENSG00000259871.1,0.900125638,1.369603305,0.759070424,0.013716802,0.032670278,AC130456.1,1.369603305
ENSG00000188487.12,10.59306597,-1.369566529,0.422082065,0.000266922,0.000997764,INSC,1.369566529
ENSG00000254244.1,2.899359854,1.369417578,0.312404778,3.37E-06,1.86E-05,PAICSP4,1.369417578
ENSG00000176912.5,22.885161,1.369077856,0.299551995,1.21E-06,7.20E-06,TYMSOS,1.369077856
ENSG00000091592.16,1168.532135,-1.368876016,0.176995982,2.55E-15,5.64E-14,NLRP1,1.368876016
ENSG00000101680.15,532.4415573,-1.368848691,0.280631263,2.56E-07,1.73E-06,LAMA1,1.368848691
ENSG00000197943.10,1647.345122,-1.368744327,0.123751714,6.04E-29,6.18E-27,PLCG2,1.368744327
ENSG00000185652.12,90.3907425,-1.368662205,0.363368971,3.76E-05,0.000168795,NTF3,1.368662205
ENSG00000232696.1,0.580234089,-1.368605898,0.762651202,0.020256173,0.045637961,AC017006.2,1.368605898
ENSG00000197406.7,80.29249526,-1.368531018,0.38685331,8.85E-05,0.000368422,DIO3,1.368531018
ENSG00000246548.3,10.98454756,-1.368120502,0.213295578,3.55E-11,4.45E-10,LINC02288,1.368120502
ENSG00000204071.10,5.970546272,-1.367740127,0.395193139,0.000131426,0.000526507,TCEAL6,1.367740127
ENSG00000198331.11,483.8174056,1.367696988,0.135135468,1.25E-24,7.77E-23,HYLS1,1.367696988
ENSG00000257878.1,0.809761077,1.367536911,0.854433281,0.019979892,0.045131969,AC007298.2,1.367536911
ENSG00000287099.1,1.036876,-1.367481291,0.66344795,0.004604737,0.012633922,AL121750.1,1.367481291
ENSG00000253541.1,7.709644654,-1.367342761,0.310441511,2.64E-06,1.48E-05,SEPTIN10P1,1.367342761
ENSG00000164509.15,8.472432386,1.367268416,0.412735285,5.02E-09,4.48E-08,IL31RA,1.367268416
ENSG00000134463.15,1685.455147,-1.367245596,0.214793694,3.80E-11,4.73E-10,ECHDC3,1.367245596
ENSG00000279019.1,16.80886442,-1.36703573,0.275025096,1.61E-07,1.12E-06,AC009090.4,1.36703573
ENSG00000228544.1,100.2915518,1.366929116,0.224553054,2.85E-10,3.11E-09,CCDC183-AS1,1.366929116
ENSG00000254040.2,8.938487653,-1.366810443,0.426160824,0.000306771,0.001130294,AC103719.1,1.366810443
ENSG00000275812.1,1.944589443,1.366763466,0.544341787,0.002539042,0.007495019,AL121829.2,1.366763466
ENSG00000271761.1,1.694506592,-1.366600167,0.556489897,0.002920747,0.008480694,AL021368.1,1.366600167
ENSG00000214754.3,1.419330096,-1.36618632,0.711977102,0.011712925,0.028514007,AC004870.1,1.36618632
ENSG00000229525.1,19.91543604,1.365910851,0.283394546,3.07E-07,2.04E-06,AC053503.1,1.365910851
ENSG00000259354.5,41.02455548,1.365828073,0.300240555,1.34E-06,7.91E-06,AC025580.2,1.365828073
ENSG00000226849.1,10.88229547,-1.365717333,0.270913822,1.03E-07,7.44E-07,AL109811.1,1.365717333
ENSG00000069812.11,202.9873894,1.365505966,0.440659026,0.000420536,0.001504309,HES2,1.365505966
ENSG00000167414.4,3.301642162,1.365492328,0.445439387,0.000487169,0.001714716,GNG8,1.365492328
ENSG00000176619.13,2995.752386,1.365313288,0.165540511,4.37E-17,1.22E-15,LMNB2,1.365313288
ENSG00000271730.1,6.072257326,-1.365202818,0.291487182,6.39E-07,4.01E-06,AL390208.1,1.365202818
ENSG00000164778.4,38.45122028,1.36508058,0.440702487,0.000416882,0.00149287,EN2,1.36508058
ENSG00000226548.1,0.980941667,-1.3649762,0.507332322,0.001819982,0.005570406,AC016722.1,1.3649762
ENSG00000252200.1,0.596103937,1.364759357,0.698338729,0.010780945,0.026542177,AC243964.2,1.364759357
ENSG00000138135.7,221.2421587,-1.364710427,0.297860689,1.08E-06,6.52E-06,CH25H,1.364710427
ENSG00000186675.7,7.066225677,-1.364670432,0.303202428,1.96E-06,1.12E-05,MAGEE2,1.364670432
ENSG00000242244.1,1.40751282,-1.364669628,0.576124706,0.004259815,0.011812139,ATP5MC1P3,1.364669628
ENSG00000234206.5,2.063495017,-1.364538473,0.471671204,0.000848991,0.002828338,AL121957.1,1.364538473
ENSG00000176597.12,698.2488129,-1.364538359,0.317676623,2.55E-10,2.80E-09,B3GNT5,1.364538359
ENSG00000284651.1,2.255680278,1.364428663,0.466009976,0.000795948,0.002671109,AP000553.6,1.364428663
ENSG00000277383.1,4.919322671,1.364225859,0.340449136,1.40E-05,6.83E-05,AC010331.1,1.364225859
ENSG00000106341.11,1.376156933,-1.363854752,0.632374354,0.006869326,0.017951444,PPP1R17,1.363854752
ENSG00000255669.2,2.827612831,-1.36382031,0.348604295,2.48E-05,0.000115633,AC092471.1,1.36382031
ENSG00000146476.11,4752.304095,1.363356241,0.244420903,6.07E-09,5.36E-08,ARMT1,1.363356241
ENSG00000149679.11,834.4081311,1.363077446,0.146287593,3.14E-21,1.39E-19,CABLES2,1.363077446
ENSG00000234693.1,2.508393753,1.362942918,0.541177277,0.002546114,0.007513073,RIPOR3-AS1,1.362942918
ENSG00000271204.1,1.725792269,-1.362915748,0.459086231,0.000727594,0.002464672,AC016831.4,1.362915748
ENSG00000285649.1,2.445958047,1.362912484,0.374961322,5.99E-05,0.000258546,AL357079.2,1.362912484
ENSG00000198189.11,1490.797077,-1.362739717,0.176189261,2.61E-15,5.78E-14,HSD17B11,1.362739717
ENSG00000109272.4,2.252420769,-1.362585028,0.643982551,0.005671871,0.015168752,PF4V1,1.362585028
ENSG00000143418.20,7144.981579,1.362512443,0.148939328,2.43E-20,9.71E-19,CERS2,1.362512443
ENSG00000257259.3,8.56503897,-1.361338193,0.482640975,0.000991438,0.003247804,LINC02388,1.361338193
ENSG00000162267.12,107.4050506,-1.361034752,0.296733069,1.06E-06,6.39E-06,ITIH3,1.361034752
ENSG00000272196.2,4.44896789,1.360966434,0.492132894,0.001245469,0.003980071,H2AC19,1.360966434
ENSG00000213328.3,1.717222785,-1.360938664,0.429167575,0.000382022,0.001379479,AC104117.1,1.360938664
ENSG00000155367.15,298.3705046,1.360926854,0.376922739,6.88E-05,0.000292932,PPM1J,1.360926854
ENSG00000283208.2,13.34784047,-1.360877018,0.226096124,4.49E-10,4.75E-09,AC001226.2,1.360877018
ENSG00000182040.9,9.206093148,1.360647404,0.479726778,0.000969918,0.003184475,USH1G,1.360647404
ENSG00000223931.2,9.138085006,-1.360431239,0.424565954,0.000301063,0.00111208,AC142381.1,1.360431239
ENSG00000204335.4,73.35060114,1.360056852,0.429353163,0.000339448,0.001240453,SP5,1.360056852
ENSG00000165209.19,3142.682383,1.360045882,0.110661462,4.25E-35,9.28E-33,STRBP,1.360045882
ENSG00000225774.2,4.723902782,-1.359847903,0.326203163,8.49E-06,4.31E-05,SIRPAP1,1.359847903
ENSG00000198771.11,1550.778026,-1.359831543,0.147253397,1.92E-12,2.91E-11,RCSD1,1.359831543
ENSG00000151012.13,218.6200761,1.359561707,0.289410973,6.65E-07,4.16E-06,SLC7A11,1.359561707
ENSG00000279440.1,0.715504267,-1.359530839,0.648876122,0.009377126,0.023507618,AL008638.3,1.359530839
ENSG00000073605.18,1215.035038,1.359394274,0.37377884,6.73E-05,0.000287143,GSDMB,1.359394274
ENSG00000228807.1,0.85337039,-1.359251024,0.550796465,0.003434292,0.009788153,MRPS18CP6,1.359251024
ENSG00000156170.13,1477.242626,1.359107188,0.175609618,2.67E-15,5.90E-14,NDUFAF6,1.359107188
ENSG00000162571.14,34.48521669,-1.358486247,0.304822798,1.88E-06,1.08E-05,TTLL10,1.358486247
ENSG00000100298.16,45.36439859,1.358436237,0.312903348,3.47E-06,1.91E-05,APOBEC3H,1.358436237
ENSG00000198010.13,30.93151376,-1.358357297,0.393709569,0.000114685,0.000465422,DLGAP2,1.358357297
ENSG00000106077.18,2300.405712,1.358172224,0.194841388,9.17E-13,1.45E-11,ABHD11,1.358172224
ENSG00000181847.12,267.1920292,1.35725066,0.377945215,7.53E-05,0.000317925,TIGIT,1.35725066
ENSG00000206127.11,4.953093175,-1.356895864,0.299311441,1.49E-06,8.70E-06,GOLGA8O,1.356895864
ENSG00000279092.1,7.563001281,-1.356832066,0.532730723,0.002067189,0.006245765,AC025678.3,1.356832066
ENSG00000274600.1,1.324896518,1.356775567,0.50574605,0.001662699,0.005135828,RIMBP3B,1.356775567
ENSG00000104953.20,171.942963,1.356728826,0.262233192,5.67E-08,4.26E-07,TLE6,1.356728826
ENSG00000108375.13,795.5379394,1.356727854,0.313261425,3.62E-06,1.98E-05,RNF43,1.356727854
ENSG00000166979.13,1179.620275,-1.356600018,0.215627771,7.66E-11,9.11E-10,EVA1C,1.356600018
ENSG00000285424.1,2.06365341,-1.356382338,0.498584996,0.001316609,0.004182571,AL162718.1,1.356382338
ENSG00000161981.11,1760.780606,1.356317835,0.192756718,5.25E-13,8.57E-12,SNRNP25,1.356317835
ENSG00000217181.1,1.206601105,-1.356302171,0.647370648,0.006813526,0.017822782,AL139039.2,1.356302171
ENSG00000269959.1,12.23128299,1.356118845,0.326694671,8.48E-06,4.31E-05,SPACA6P-AS,1.356118845
ENSG00000215866.8,5.586537823,-1.355823851,0.323852568,7.36E-06,3.79E-05,LINC01356,1.355823851
ENSG00000222421.1,1.62314402,-1.355410879,0.493807629,0.001522129,0.004750027,Y_RNA,1.355410879
ENSG00000196154.12,6825.613971,-1.354779576,0.261107323,5.15E-08,3.91E-07,S100A4,1.354779576
ENSG00000280083.1,6.164670833,-1.354645205,0.287546747,6.15E-07,3.87E-06,AC079777.1,1.354645205
ENSG00000250523.1,0.783776787,-1.354641676,0.665102477,0.008323726,0.021193158,AC093909.3,1.354641676
ENSG00000153551.14,1745.869341,-1.354636259,0.226873086,5.88E-10,6.09E-09,CMTM7,1.354636259
ENSG00000130589.16,3085.209471,1.35422665,0.220140225,1.97E-10,2.20E-09,HELZ2,1.35422665
ENSG00000228933.8,4.317411659,1.353798907,0.695869688,0.009006712,0.02270549,AC107419.1,1.353798907
ENSG00000271511.1,1.328907536,-1.353721383,0.506545524,0.001787864,0.005479362,AL161756.2,1.353721383
ENSG00000147862.17,13515.69345,-1.353428723,0.285760433,4.61E-07,2.97E-06,NFIB,1.353428723
ENSG00000100625.9,1002.108282,1.353234089,0.190921713,7.68E-29,7.72E-27,SIX4,1.353234089
ENSG00000259498.1,12.05950371,-1.352996568,0.330862857,9.52E-06,4.80E-05,TPM1-AS,1.352996568
ENSG00000170779.11,663.5227666,1.352687541,0.165022306,6.98E-17,1.89E-15,CDCA4,1.352687541
ENSG00000226674.11,38.6604047,-1.352651399,0.176757879,4.82E-15,1.03E-13,TEX41,1.352651399
ENSG00000169327.5,2.661056641,-1.352568306,0.599738256,0.004243921,0.011773051,OR5AU1,1.352568306
ENSG00000112182.15,553.8549883,-1.352543624,0.21160365,4.14E-11,5.15E-10,BACH2,1.352543624
ENSG00000143369.15,4726.35856,1.352365004,0.3620728,4.46E-05,0.000197363,ECM1,1.352365004
ENSG00000270321.2,1.40617137,-1.352235321,0.724800045,0.013046065,0.031305457,AC007953.2,1.352235321
ENSG00000162594.16,3.301189291,-1.352038178,0.387191597,0.000127878,0.000513447,IL23R,1.352038178
ENSG00000133687.16,4863.135802,-1.351816312,0.347664455,2.28E-05,0.000107033,TMTC1,1.351816312
ENSG00000163220.11,2646.933692,1.351742345,0.468274479,0.000866481,0.002880028,S100A9,1.351742345
ENSG00000236882.8,53.28439784,-1.351723737,0.362242046,2.68E-12,3.96E-11,LINC01554,1.351723737
ENSG00000198515.16,152.6052867,-1.35149354,0.429590108,0.000361594,0.001313197,CNGA1,1.35149354
ENSG00000231073.1,4.306802987,1.351408348,0.345144178,2.26E-05,0.000106346,AL590133.1,1.351408348
ENSG00000288111.1,1.359790528,1.351378785,0.678801946,0.009090845,0.022892613,AC130888.1,1.351378785
ENSG00000285053.1,71.54051774,1.3513285,0.173345185,1.81E-15,4.09E-14,AL357556.3,1.3513285
ENSG00000255537.1,1.159111052,-1.351304868,0.471845907,0.000990806,0.003246275,AP000708.1,1.351304868
ENSG00000229955.1,1.064050723,-1.351239622,0.576002731,0.004842356,0.013208381,Z98749.1,1.351239622
ENSG00000271824.2,3.000222348,1.351155769,0.952517378,0.017653243,0.040597705,SMIM32,1.351155769
ENSG00000233822.4,117.3324663,1.351135905,0.25443338,2.80E-08,2.22E-07,H2BC15,1.351135905
ENSG00000177535.8,4.966855964,-1.35093164,0.326450007,8.56E-06,4.35E-05,OR2B11,1.35093164
ENSG00000274818.1,28.23590162,-1.350715457,0.200588163,3.79E-12,5.48E-11,AC004825.2,1.350715457
ENSG00000163531.15,2009.642497,-1.350566972,0.27981929,2.83E-07,1.89E-06,NFASC,1.350566972
ENSG00000257596.1,18.37030811,1.350286195,0.293710765,1.03E-06,6.20E-06,SCAT2,1.350286195
ENSG00000079215.14,1687.802659,-1.350206596,0.235721757,2.53E-09,2.38E-08,SLC1A3,1.350206596
ENSG00000259485.2,0.91086293,1.350171629,0.824858885,0.016101144,0.037493619,LINC02253,1.350171629
ENSG00000286976.1,0.858962469,-1.350138931,0.538408349,0.003169205,0.009113466,AC084335.1,1.350138931
ENSG00000228318.3,8.983446208,1.350121587,0.498821915,0.001431179,0.004495997,AP001610.2,1.350121587
ENSG00000146021.15,529.2439311,-1.350061649,0.178133247,8.97E-15,1.84E-13,KLHL3,1.350061649
ENSG00000144366.16,859.2266009,-1.35003049,0.187102208,1.26E-13,2.22E-12,GULP1,1.35003049
ENSG00000162076.13,1367.617544,1.34946358,0.169402711,4.21E-16,1.03E-14,FLYWCH2,1.34946358
ENSG00000279653.1,3.420169232,1.348827862,0.440707042,0.000536949,0.001872148,AC004678.2,1.348827862
ENSG00000225857.5,2.265403872,1.348314058,0.44510192,0.000598859,0.002066183,LINC02816,1.348314058
ENSG00000286981.1,2.212802137,-1.347952193,0.434213171,0.000464973,0.001644993,AL731553.1,1.347952193
ENSG00000265939.1,18.67289807,-1.347695913,0.282845587,5.21E-07,3.32E-06,UBE2CP2,1.347695913
ENSG00000276505.1,3.594733001,-1.347579827,0.318025978,5.32E-06,2.82E-05,AP000892.3,1.347579827
ENSG00000235649.2,100.3132674,1.347530052,0.37326175,7.10E-05,0.000301294,MXRA5Y,1.347530052
ENSG00000105649.10,279.2170505,1.347404353,0.211113035,4.52E-11,5.58E-10,RAB3A,1.347404353
ENSG00000156222.12,20.83929196,-1.347384259,0.357310614,7.64E-12,1.05E-10,SLC28A1,1.347384259
ENSG00000009724.17,106.1414582,-1.34733375,0.231187288,1.41E-09,1.38E-08,MASP2,1.34733375
ENSG00000229162.1,5.896266717,-1.347139029,0.344095215,2.40E-05,0.000112105,RUNX3-AS1,1.347139029
ENSG00000270457.1,3.624496017,-1.34700859,0.426463994,0.000367342,0.001331734,AC093424.1,1.34700859
ENSG00000257551.1,5.487921208,-1.346999172,0.325361007,8.18E-06,4.17E-05,HLX-AS1,1.346999172
ENSG00000146918.20,1574.518025,1.346692924,0.169238239,5.08E-16,1.23E-14,NCAPG2,1.346692924
ENSG00000165030.4,2012.770793,-1.346536977,0.197579298,2.08E-12,3.12E-11,NFIL3,1.346536977
ENSG00000228886.1,2.713444668,-1.346261758,0.359368765,3.80E-05,0.000170103,AL138963.1,1.346261758
ENSG00000256779.2,2.673430219,-1.34604824,0.456704319,0.000756095,0.002551976,AP002383.3,1.34604824
ENSG00000182173.13,1664.942953,1.345719139,0.189976995,4.21E-13,6.95E-12,TSEN54,1.345719139
ENSG00000225434.3,57.20574968,-1.345459417,0.221310636,3.04E-10,3.30E-09,LINC01504,1.345459417
ENSG00000178772.7,25.90394512,1.345417655,0.520372409,0.001991609,0.00603691,CPN2,1.345417655
ENSG00000255427.1,3.956162883,1.345280714,0.600308428,0.005096188,0.013807757,LINC02707,1.345280714
ENSG00000287095.1,3.195957714,-1.345130617,0.494376811,0.001544623,0.004810445,AF228727.1,1.345130617
ENSG00000178966.17,952.1881786,1.345065423,0.131986216,5.42E-25,3.48E-23,RMI1,1.345065423
ENSG00000144476.6,4095.854343,-1.344714257,0.355076822,3.35E-05,0.000152173,ACKR3,1.344714257
ENSG00000238311.1,1.062425736,-1.34467465,0.496116565,0.001626691,0.005038075,SNORD13E,1.34467465
ENSG00000196604.13,23.89760499,1.344479535,0.533817677,0.002447227,0.007255611,POTEF,1.344479535
ENSG00000181781.9,11.65225668,-1.344445559,0.40590368,0.000198382,0.000762251,ODF3L2,1.344445559
ENSG00000273077.1,2.138596468,-1.344413504,0.424082805,0.000319148,0.00117216,AC110609.1,1.344413504
ENSG00000286622.1,4.020628612,-1.344252411,0.377189072,8.53E-05,0.000356451,AC034111.2,1.344252411
ENSG00000244187.8,1001.309074,1.344201577,0.184216745,7.49E-14,1.36E-12,TMEM141,1.344201577
ENSG00000225111.1,2.569434501,-1.344141273,0.430207369,0.000444305,0.001579268,AC083900.1,1.344141273
ENSG00000274038.1,4.877646012,1.344095659,0.373754533,7.22E-05,0.000305825,AC007014.2,1.344095659
ENSG00000241054.1,1.080849645,1.343799893,0.764618685,0.003615049,0.010238163,AL035454.1,1.343799893
ENSG00000228067.1,4.248305545,1.343733975,0.473164682,0.000995341,0.003258687,LINC01740,1.343733975
ENSG00000171867.17,8798.721125,-1.343624496,0.197714259,1.78E-12,2.70E-11,PRNP,1.343624496
ENSG00000225930.4,1.197259434,-1.343477321,0.834350496,0.021453151,0.047947065,LINC02249,1.343477321
ENSG00000258847.1,3.396599902,-1.343258698,0.389319947,0.000130217,0.000522037,AL391261.1,1.343258698
ENSG00000242067.1,2.577617096,-1.343192782,0.386741479,0.000120373,0.000485935,RPL9P28,1.343192782
ENSG00000116574.6,2657.619467,-1.342969211,0.214735696,9.79E-11,1.15E-09,RHOU,1.342969211
ENSG00000116586.12,2378.489647,1.342558572,0.162235924,4.64E-17,1.29E-15,LAMTOR2,1.342558572
ENSG00000158856.18,2044.597098,-1.341922397,0.248102698,1.50E-08,1.23E-07,DMTN,1.341922397
ENSG00000140876.11,91.95121916,-1.341874881,0.220952835,3.13E-10,3.39E-09,NUDT7,1.341874881
ENSG00000246228.6,60.9850981,-1.341815151,0.465884619,0.000857114,0.002851532,CASC8,1.341815151
ENSG00000253291.1,1.700291945,1.341356472,0.673803699,0.009062438,0.022825513,TRBV7-7,1.341356472
ENSG00000233817.1,5.004857368,-1.34118558,0.263797497,9.44E-08,6.85E-07,AL162727.1,1.34118558
ENSG00000078401.7,1299.262974,-1.340663731,0.308831548,3.39E-06,1.87E-05,EDN1,1.340663731
ENSG00000248576.1,11.30980541,-1.340505949,0.279784672,4.20E-07,2.73E-06,AC023794.1,1.340505949
ENSG00000123977.10,1.940740602,1.340375324,0.606274824,4.49E-06,2.42E-05,DAW1,1.340375324
ENSG00000236616.3,4.183827608,1.340339456,0.578890217,0.003942615,0.011038534,BAK1P2,1.340339456
ENSG00000124721.18,11.88633406,1.340024014,0.396896938,0.00017058,0.000665911,DNAH8,1.340024014
ENSG00000253746.1,8.897086078,1.339737987,0.372707357,7.17E-05,0.000304023,AC091182.2,1.339737987
ENSG00000174567.8,242.3908021,1.339254745,0.297368625,1.72E-06,9.93E-06,GOLT1A,1.339254745
ENSG00000160401.15,131.3461127,1.339230632,0.147768202,3.33E-20,1.31E-18,CFAP157,1.339230632
ENSG00000260860.2,0.917298254,-1.339117786,0.660558852,0.009906234,0.024650439,AC126773.5,1.339117786
ENSG00000106003.13,2912.895064,1.338940237,0.24687477,1.59E-08,1.31E-07,LFNG,1.338940237
ENSG00000233058.2,229.251927,1.338803079,0.253467878,3.16E-08,2.48E-07,LINC00884,1.338803079
ENSG00000140557.12,159.1107733,-1.338800858,0.384079334,0.000112743,0.000458583,ST8SIA2,1.338800858
ENSG00000285366.1,0.570323049,-1.338765425,0.783318172,0.019975296,0.045126375,AC008533.1,1.338765425
ENSG00000227934.1,3.263742562,-1.338407859,0.446257581,0.000507748,0.001780767,AL732414.1,1.338407859
ENSG00000249928.2,0.680357014,-1.338117975,0.716310645,0.012676288,0.030533773,UQCRBP3,1.338117975
ENSG00000254997.4,13.96416401,1.337866227,0.36036557,5.14E-05,0.000224893,KRTAP5-9,1.337866227
ENSG00000147804.10,699.2623127,1.337361738,0.290132926,1.02E-06,6.20E-06,SLC39A4,1.337361738
ENSG00000261687.1,1.30879758,1.337360935,0.704930156,0.0110416,0.027091264,AC068724.1,1.337360935
ENSG00000288003.1,5.838803179,-1.337254997,0.754104683,0.012554735,0.030278114,AC079768.4,1.337254997
ENSG00000165233.18,1358.119903,1.337245536,0.203488808,1.49E-11,1.96E-10,CARD19,1.337245536
ENSG00000103485.19,1342.17848,1.337169321,0.321869292,7.70E-06,3.95E-05,QPRT,1.337169321
ENSG00000180318.4,10.11934144,-1.337042454,0.5856033,0.004355082,0.01203987,ALX1,1.337042454
ENSG00000262712.1,24.44318189,1.337034487,0.247917452,1.75E-08,1.43E-07,AC012676.1,1.337034487
ENSG00000178038.17,808.8970278,-1.33698242,0.180927416,3.79E-14,7.18E-13,ALS2CL,1.33698242
ENSG00000138109.11,3.529346276,-1.336467811,0.608883144,0.005045838,0.013680773,CYP2C9,1.336467811
ENSG00000189184.12,2710.829748,-1.336450539,0.245840319,1.01E-08,8.64E-08,PCDH18,1.336450539
ENSG00000200873.1,0.830694501,1.336316675,0.754400361,0.01427414,0.033814467,RNA5SP399,1.336316675
ENSG00000124602.10,142.7676232,1.336098697,0.277809283,3.88E-07,2.53E-06,UNC5CL,1.336098697
ENSG00000176435.7,1815.455995,-1.336056134,0.199244831,4.94E-12,6.99E-11,CLEC14A,1.336056134
ENSG00000263934.5,65.29273112,1.335795401,0.399753558,0.000193264,0.000745574,SNORD3A,1.335795401
ENSG00000103024.7,1858.766615,1.335265737,0.197473483,3.54E-12,5.15E-11,NME3,1.335265737
ENSG00000268555.2,50.06410237,-1.33513453,0.42538344,0.000385599,0.001390142,AC123912.4,1.33513453
ENSG00000104687.14,4221.651205,1.334929373,0.245990734,1.59E-08,1.30E-07,GSR,1.334929373
ENSG00000038295.8,508.2625347,-1.334805877,0.264572903,1.14E-07,8.13E-07,TLL1,1.334805877
ENSG00000143493.13,2195.092566,1.334648277,0.133812143,5.79E-24,3.29E-22,INTS7,1.334648277
ENSG00000261103.3,2.712769687,-1.334261651,0.426336387,0.000406415,0.001457513,AC009063.3,1.334261651
ENSG00000188581.9,1.584673468,-1.334134398,0.6083843,0.006526429,0.01717357,KRTAP1-1,1.334134398
ENSG00000233014.1,2.460975893,1.333998568,0.709676053,0.011059943,0.027129491,TBC1D3P7,1.333998568
ENSG00000273760.1,6.947321979,-1.333660586,0.462002668,0.000890094,0.002949512,AC245041.1,1.333660586
ENSG00000234175.1,24.59185421,-1.333609679,0.292218757,1.21E-06,7.22E-06,AL355355.2,1.333609679
ENSG00000248132.3,3.665859783,-1.33350117,0.360198595,5.37E-05,0.000233844,LINC02101,1.33350117
ENSG00000185028.4,36.07864694,-1.333399359,0.449818099,1.47E-06,8.63E-06,LRRC14B,1.333399359
ENSG00000260193.1,17.85515818,1.333254836,0.308361317,3.43E-06,1.89E-05,LINC02846,1.333254836
ENSG00000130762.15,1046.857712,1.333224276,0.202018018,1.18E-11,1.58E-10,ARHGEF16,1.333224276
ENSG00000257924.1,2.570688272,1.333160756,0.60268201,0.005300689,0.014291852,LINC02416,1.333160756
ENSG00000181017.6,1.470721734,-1.332835532,0.503410827,0.001481484,0.004638078,OR56B2P,1.332835532
ENSG00000110171.20,1600.333218,1.332732218,0.18663354,2.95E-13,4.95E-12,TRIM3,1.332732218
ENSG00000226398.1,1.760572825,1.332661924,0.817066914,0.016955377,0.039183188,AC013480.1,1.332661924
ENSG00000229388.1,21.67583577,-1.332461931,0.263245285,8.47E-08,6.19E-07,LINC01715,1.332461931
ENSG00000167553.16,2660.962037,1.332371454,0.139125377,3.92E-22,1.87E-20,TUBA1C,1.332371454
ENSG00000204709.4,4.187531814,1.331723705,0.399191595,0.000181792,0.000705616,LINC01556,1.331723705
ENSG00000236266.1,7.789297871,-1.33169469,0.287116122,9.56E-07,5.81E-06,Z98884.1,1.33169469
ENSG00000261600.1,8.571304351,-1.331656516,0.320849772,8.07E-06,4.12E-05,AC233266.2,1.331656516
ENSG00000130669.17,4143.366839,1.33156563,0.170876049,2.27E-15,5.07E-14,PAK4,1.33156563
ENSG00000248774.1,12.19932842,-1.331396063,0.223330769,7.21E-10,7.37E-09,AC097534.1,1.331396063
ENSG00000230435.1,11.06915022,-1.331359736,0.491853287,0.001387456,0.004378601,AC004160.2,1.331359736
ENSG00000266289.1,9.358225314,1.331346182,0.242704371,1.11E-08,9.37E-08,AC012213.3,1.331346182
ENSG00000103550.14,1201.012607,1.331303423,0.13580237,3.13E-23,1.67E-21,KNOP1,1.331303423
ENSG00000283108.1,6.547120125,-1.33129768,0.290104164,1.22E-06,7.29E-06,AC011451.3,1.33129768
ENSG00000115459.18,2165.73036,-1.331082666,0.208552652,4.50E-11,5.56E-10,ELMOD3,1.331082666
ENSG00000119943.13,818.4333011,-1.330674715,0.198261548,4.80E-12,6.81E-11,PYROXD2,1.330674715
ENSG00000214264.4,2.113470974,-1.330586155,0.443632721,0.000604707,0.002085264,KCTD9P4,1.330586155
ENSG00000231150.5,0.650208744,1.330506354,0.791892787,0.022284172,0.049559071,DNAH8-AS1,1.330506354
ENSG00000234289.6,0.714451725,1.330377066,0.752159404,0.014259943,0.033784911,H2BS1,1.330377066
ENSG00000172250.16,11.78370035,-1.330108147,0.554244425,0.003200998,0.009195953,SERHL,1.330108147
ENSG00000286380.1,1.411878307,1.330103548,0.678270154,0.009397395,0.023552844,AC084864.2,1.330103548
ENSG00000115504.15,3042.80072,-1.329485648,0.178622474,1.53E-14,3.05E-13,EHBP1,1.329485648
ENSG00000101311.16,304.3230606,-1.329397181,0.370506753,7.35E-05,0.000310823,FERMT1,1.329397181
ENSG00000276116.2,18.48055974,1.329263083,0.319758539,7.97E-06,4.07E-05,FUT8-AS1,1.329263083
ENSG00000223345.3,5.648610816,-1.329074153,0.325363292,1.20E-05,5.92E-05,H2BP1,1.329074153
ENSG00000286292.1,22.11278915,-1.328924367,0.258144547,6.47E-08,4.82E-07,AC099343.3,1.328924367
ENSG00000235112.1,0.769581254,-1.328881156,0.616051609,0.006240974,0.016510904,HSPE1P27,1.328881156
ENSG00000284946.1,53.13229672,1.328818036,0.206554113,3.49E-11,4.38E-10,AC068831.6,1.328818036
ENSG00000288079.1,42.13734104,-1.328770221,0.362402074,5.80E-05,0.000251072,AC026329.1,1.328770221
ENSG00000233576.1,0.590644347,-1.328643508,0.643383621,0.010785095,0.026549797,HTR3C2P,1.328643508
ENSG00000153707.17,645.8120474,1.328562595,0.327907424,1.24E-05,6.14E-05,PTPRD,1.328562595
ENSG00000229652.1,1.824166024,1.328463814,0.443025433,0.000649045,0.002220612,AL359837.1,1.328463814
ENSG00000263011.1,21.92849926,1.328433041,0.275566526,3.36E-07,2.22E-06,AC108134.4,1.328433041
ENSG00000129048.7,192.679133,-1.328254081,0.295324708,1.63E-06,9.45E-06,ACKR4,1.328254081
ENSG00000248988.1,4.769053454,1.328108263,0.332431317,1.82E-05,8.70E-05,PSME2P3,1.328108263
ENSG00000121005.9,2487.352017,-1.327917584,0.412516167,0.000268833,0.001003976,CRISPLD1,1.327917584
ENSG00000280281.1,0.755174773,-1.327819397,0.840270596,0.019611764,0.044415344,AL049781.1,1.327819397
ENSG00000198910.14,526.4722161,1.32756882,0.45293991,0.000768413,0.00258773,L1CAM,1.32756882
ENSG00000133142.18,10390.90978,1.327524487,0.23422977,3.10E-09,2.87E-08,TCEAL4,1.327524487
ENSG00000188996.4,10.64994433,1.327434084,0.412719257,0.000291022,0.001077928,HUS1B,1.327434084
ENSG00000204361.10,7.085248862,-1.327294417,0.368922164,7.76E-05,0.000326901,NXPE2,1.327294417
ENSG00000145423.5,26037.69327,1.326800376,0.301940615,2.79E-06,1.56E-05,SFRP2,1.326800376
ENSG00000279384.1,21.91458293,-1.326721195,0.333101766,1.56E-05,7.56E-05,AC080188.2,1.326721195
ENSG00000188641.14,2146.294981,-1.326624908,0.165622585,3.00E-16,7.54E-15,DPYD,1.326624908
ENSG00000236908.2,14.15988452,1.32644274,0.327883384,1.35E-05,6.61E-05,LINC02827,1.32644274
ENSG00000214860.5,3.044273793,1.326184381,0.54031337,0.002818413,0.008216588,EVPLL,1.326184381
ENSG00000165490.13,287.8979772,1.325438595,0.203056543,1.83E-11,2.38E-10,DDIAS,1.325438595
ENSG00000269489.1,7.233897413,1.325253106,0.320275959,8.74E-06,4.43E-05,AL589765.6,1.325253106
ENSG00000279927.1,1.297319843,-1.325115131,0.611252716,0.006108914,0.016209563,Z95114.4,1.325115131
ENSG00000061492.12,0.983534424,-1.325072862,0.63490972,0.00524811,0.014167997,WNT8A,1.325072862
ENSG00000288553.1,0.790037331,-1.324643084,0.658867616,0.008761569,0.022172871,AC106870.3,1.324643084
ENSG00000272690.6,34.73481786,-1.324523471,0.242663825,1.26E-08,1.06E-07,LINC02018,1.324523471
ENSG00000256039.2,30.0819522,1.324494697,0.407251859,0.00027,0.00100757,LINC02446,1.324494697
ENSG00000118762.8,2878.937661,-1.324421466,0.171053616,2.35E-15,5.22E-14,PKD2,1.324421466
ENSG00000277075.2,229.6430951,1.324275128,0.450914268,0.000746553,0.002523672,H2AC8,1.324275128
ENSG00000149403.13,110.1648808,1.324159352,0.352751764,4.21E-05,0.000186943,GRIK4,1.324159352
ENSG00000139132.14,1528.164851,-1.32399309,0.165326199,3.11E-16,7.77E-15,FGD4,1.32399309
ENSG00000233514.1,1.29984894,1.323812537,0.413013964,0.000375493,0.001358274,AL356653.1,1.323812537
ENSG00000071553.18,13040.33401,1.323347953,0.126942595,9.92E-26,7.05E-24,ATP6AP1,1.323347953
ENSG00000164032.12,5367.550731,1.323335612,0.117726069,2.56E-29,2.68E-27,H2AZ1,1.323335612
ENSG00000214290.8,70.09024438,-1.323190396,0.240715632,1.03E-08,8.74E-08,COLCA2,1.323190396
ENSG00000161594.7,11.45299289,-1.322650834,0.254201619,5.03E-08,3.82E-07,KLHL10,1.322650834
ENSG00000215553.3,0.552741624,1.322625507,0.649735768,0.011533289,0.028135584,KRT18P3,1.322625507
ENSG00000230611.1,1.477702743,-1.322503388,0.434545314,0.000587807,0.002032336,HMGB1P27,1.322503388
ENSG00000250274.2,2.997800794,1.322354853,0.337283535,2.34E-05,0.000109689,AC034199.1,1.322354853
ENSG00000145390.11,4069.134713,-1.322257884,0.175262951,8.37E-15,1.73E-13,USP53,1.322257884
ENSG00000110492.15,6655.618759,1.322123915,0.23977738,1.01E-08,8.59E-08,MDK,1.322123915
ENSG00000250049.7,2.257713141,-1.321779887,0.371086635,1.56E-11,2.06E-10,AC114316.1,1.321779887
ENSG00000253768.1,301.5224192,1.32174496,0.614986981,0.006225914,0.016481052,AC008663.1,1.32174496
ENSG00000167971.16,83.39686905,1.320999571,0.289001261,1.25E-06,7.43E-06,CASKIN1,1.320999571
ENSG00000272485.1,4.622313874,1.320972166,0.562343643,0.003709937,0.010469912,AL392183.1,1.320972166
ENSG00000003989.18,12386.45281,1.320885195,0.393000482,0.00019767,0.000760033,SLC7A2,1.320885195
ENSG00000287370.1,1.140521298,-1.320738635,0.507946791,0.002310253,0.006893209,AL356317.1,1.320738635
ENSG00000279302.3,12.34317075,-1.320669519,0.300541804,3.23E-06,1.78E-05,AC013643.3,1.320669519
ENSG00000228767.1,1.444796401,1.320594114,0.50261664,0.001989319,0.006030435,KRT8P18,1.320594114
ENSG00000264017.2,4.590677383,-1.320524366,0.343847745,2.96E-05,0.000135747,RN7SL336P,1.320524366
ENSG00000284966.3,16.45755317,-1.320354941,0.279596233,5.57E-07,3.53E-06,AL138689.2,1.320354941
ENSG00000141378.15,1514.542153,1.320275473,0.201228813,1.54E-11,2.03E-10,PTRH2,1.320275473
ENSG00000189369.9,634.3421046,-1.320231776,0.207324544,5.12E-11,6.26E-10,GSPT2,1.320231776
ENSG00000152467.10,55.95130963,1.320227139,0.422890346,0.000416494,0.001491617,ZSCAN1,1.320227139
ENSG00000175600.16,347.2458776,1.320198966,0.252180014,4.47E-08,3.41E-07,SUGCT,1.320198966
ENSG00000262714.1,65.48224488,1.320160779,0.375883869,0.000109051,0.00044518,AC007342.5,1.320160779
ENSG00000254278.1,0.937863869,-1.320135408,0.640720536,0.010012068,0.02487755,AC107953.2,1.320135408
ENSG00000201563.1,1.555878508,-1.32007493,0.53668928,0.003347338,0.009562711,Y_RNA,1.32007493
ENSG00000230533.4,9.624326281,1.320046724,0.601462966,0.005511522,0.014791272,AL356234.2,1.320046724
ENSG00000027869.12,167.5799988,1.319943254,0.287896255,1.14E-06,6.84E-06,SH2D2A,1.319943254
ENSG00000251013.1,0.985019267,1.319913064,0.493061568,0.001642806,0.005081975,GAPDHP62,1.319913064
ENSG00000248275.2,464.4727509,-1.319816924,0.177045364,2.35E-14,4.57E-13,TRIM52-AS1,1.319816924
ENSG00000131746.13,3547.18743,-1.319738077,0.415948295,0.00033911,0.001239563,TNS4,1.319738077
ENSG00000182351.7,0.952198181,1.319625011,0.779806117,0.010873508,0.026735613,CRIP1P4,1.319625011
ENSG00000287599.1,0.980659221,-1.319561347,0.637928581,0.005835931,0.015550343,AL157813.2,1.319561347
ENSG00000121361.5,714.5934017,-1.319516623,0.228540587,1.68E-09,1.62E-08,KCNJ8,1.319516623
ENSG00000243822.1,2.82196102,1.319288686,0.889938331,0.020061871,0.0452833,AC073522.1,1.319288686
ENSG00000105619.13,601.9080144,1.31897487,0.212114917,1.41E-10,1.61E-09,TFPT,1.31897487
ENSG00000287744.1,1.005872399,-1.318945841,0.698501217,0.010569526,0.026069771,AC005998.1,1.318945841
ENSG00000226762.5,5.575260528,-1.318937652,0.451715008,0.000889481,0.00294805,LINC02668,1.318937652
ENSG00000266909.1,1.543916038,1.318919191,0.522764007,0.002796438,0.008157369,SLC25A6P4,1.318919191
ENSG00000235655.3,354.5835158,1.318824973,0.200276714,1.16E-11,1.56E-10,H3P6,1.318824973
ENSG00000077420.16,1573.265109,-1.318774982,0.244336768,1.74E-08,1.42E-07,APBB1IP,1.318774982
ENSG00000120318.16,1288.392156,-1.31864029,0.149109603,2.52E-19,9.02E-18,ARAP3,1.31864029
ENSG00000146411.6,223.5902658,-1.318616972,0.371545884,9.22E-05,0.000382246,SLC2A12,1.318616972
ENSG00000253333.1,5.379125335,1.318515811,0.924074142,0.020948521,0.046966197,AC146944.1,1.318515811
ENSG00000176007.10,0.564367583,1.318339072,0.759157836,0.020325377,0.045767633,FAM220BP,1.318339072
ENSG00000175267.15,38.96901442,1.318171825,0.37840013,0.000119115,0.000481509,VWA3A,1.318171825
ENSG00000271551.2,6.697491797,-1.318154955,0.26478453,1.81E-07,1.25E-06,AL355297.3,1.318154955
ENSG00000280276.1,1.749926478,-1.318138748,0.46189988,0.001079607,0.003503906,AC009229.4,1.318138748
ENSG00000114019.15,6463.025034,-1.317979965,0.177323266,1.60E-14,3.18E-13,AMOTL2,1.317979965
ENSG00000249064.1,3.565871418,1.317669565,0.350756175,4.40E-05,0.000195051,KRT18P25,1.317669565
ENSG00000252027.1,1.040275422,1.317414398,0.549745761,0.003669863,0.010370226,RNU6ATAC14P,1.317414398
ENSG00000119986.7,811.4252487,-1.317401995,0.19542818,4.13E-12,5.92E-11,AVPI1,1.317401995
ENSG00000196358.11,78.55151188,1.317162566,0.239740554,1.03E-08,8.74E-08,NTNG2,1.317162566
ENSG00000272768.1,31.52725756,1.317036024,0.240058204,1.07E-08,9.09E-08,AC004854.2,1.317036024
ENSG00000255374.3,1.529093427,-1.316885595,0.47229373,0.001195317,0.00383697,TAS2R43,1.316885595
ENSG00000105419.18,1172.548028,1.316817178,0.244242142,1.82E-08,1.48E-07,MEIS3,1.316817178
ENSG00000124224.17,386.8396823,-1.316558491,0.165488928,4.64E-16,1.13E-14,PPP4R1L,1.316558491
ENSG00000285987.1,0.781463688,-1.316445375,0.572773907,0.006176292,0.016361823,AL157886.1,1.316445375
ENSG00000287427.1,3.659039141,-1.316435709,0.340958962,2.94E-05,0.000134876,AL390236.1,1.316435709
ENSG00000272512.1,101.4497056,1.316388092,0.343902419,3.18E-05,0.000144969,AL645608.7,1.316388092
ENSG00000184785.6,341.681244,-1.316010307,0.180717808,8.82E-14,1.58E-12,SMIM10,1.316010307
ENSG00000172817.4,1755.453923,-1.315728943,0.194518425,3.40E-12,4.97E-11,CYP7B1,1.315728943
ENSG00000246422.2,0.902400863,-1.315647824,0.534689122,0.003608962,0.010223873,DIAPH1-AS1,1.315647824
ENSG00000108018.15,364.576989,1.315197683,0.529788617,0.002790587,0.008143323,SORCS1,1.315197683
ENSG00000226979.9,42.25292772,1.315049333,0.37657522,0.000116095,0.00047061,LTA,1.315049333
ENSG00000172348.15,1325.797713,-1.314955452,0.244811388,1.67E-08,1.36E-07,RCAN2,1.314955452
ENSG00000122012.14,43.0903961,-1.314900628,0.349546902,4.22E-05,0.000187274,SV2C,1.314900628
ENSG00000233920.2,1.649499048,-1.314757423,0.531761953,0.003144523,0.009051766,AL162595.2,1.314757423
ENSG00000266601.1,34.24978026,-1.31428086,0.18206374,1.41E-13,2.47E-12,AC018521.6,1.31428086
ENSG00000269397.1,48.22171567,1.314131988,0.179747701,7.47E-14,1.36E-12,AC011503.2,1.314131988
ENSG00000138798.13,1287.618647,-1.314070104,0.411988379,0.000302343,0.001115966,EGF,1.314070104
ENSG00000231715.1,1.099747767,1.313636372,0.559727663,0.004423497,0.012203522,COX6CP2,1.313636372
ENSG00000279225.1,1.251333892,1.313607429,0.54088902,0.00314122,0.009042919,AC138305.3,1.313607429
ENSG00000234183.1,1.390898322,1.313510505,0.443475782,0.000765982,0.002580688,LINC01952,1.313510505
ENSG00000068366.20,3504.170012,-1.313386884,0.177652008,3.83E-14,7.23E-13,ACSL4,1.313386884
ENSG00000253658.6,3.361952617,1.313308976,0.606795792,0.006054133,0.016081586,LINC01592,1.313308976
ENSG00000100181.22,1063.371241,-1.313183754,0.334083918,2.05E-05,9.71E-05,TPTEP1,1.313183754
ENSG00000248243.1,10.76641265,1.312634647,0.413096666,0.000367595,0.001332529,LINC02014,1.312634647
ENSG00000188895.12,9242.097336,1.312386922,0.252153157,4.76E-08,3.63E-07,MSL1,1.312386922
ENSG00000259709.1,3.051763869,-1.312331651,0.340624071,3.21E-05,0.000146016,AC023906.4,1.312331651
ENSG00000280789.2,545.9550742,1.312273026,0.148949206,3.30E-19,1.17E-17,PAGR1,1.312273026
ENSG00000177462.7,3.947846369,1.312177258,0.475760527,0.001344161,0.004259421,OR2T8,1.312177258
ENSG00000178750.3,105.2258347,-1.312176656,0.431756418,0.000541906,0.001887591,STX19,1.312176656
ENSG00000263508.6,4.515365384,-1.311840266,0.355489265,7.05E-05,0.000299363,AC015908.2,1.311840266
ENSG00000265487.1,1.378349283,-1.311524514,0.658115482,0.010805897,0.026591916,AP001021.2,1.311524514
ENSG00000205177.6,5.539401804,-1.31148558,0.422542067,0.000430078,0.001534392,C11orf91,1.31148558
ENSG00000249506.3,2.030773804,1.311054062,0.697165433,0.01108652,0.027184499,ZEB2P1,1.311054062
ENSG00000022556.16,1515.855452,1.310771794,0.372558309,0.000109455,0.000446597,NLRP2,1.310771794
ENSG00000260329.1,74.825245,-1.310694201,0.186494407,5.68E-13,9.21E-12,AC007541.1,1.310694201
ENSG00000169397.3,2.310954193,-1.310668444,0.404951662,0.000318726,0.001170829,RNASE3,1.310668444
ENSG00000184271.17,773.6903466,-1.310612772,0.130996207,4.24E-24,2.46E-22,POU6F1,1.310612772
ENSG00000124019.10,196.1905504,-1.310518222,0.224492619,1.40E-09,1.37E-08,FAM124B,1.310518222
ENSG00000167771.6,141.9581758,1.310503165,0.308896735,5.51E-06,2.92E-05,RCOR2,1.310503165
ENSG00000253174.2,1.276185155,1.310372199,0.631420884,0.007959394,0.020381777,AC009630.2,1.310372199
ENSG00000212719.13,599.8045084,-1.310319759,0.17763957,4.35E-14,8.16E-13,LINC02693,1.310319759
ENSG00000265625.1,5.525949932,-1.310310392,0.402668956,0.000251567,0.000945519,AC104564.5,1.310310392
ENSG00000287985.1,33.61968361,1.310239485,0.299664996,3.05E-06,1.70E-05,AC073270.2,1.310239485
ENSG00000272476.1,42.32646412,1.310187407,0.251220383,4.75E-08,3.62E-07,AL024507.2,1.310187407
ENSG00000250116.2,15.67674076,-1.310092477,0.232798497,4.82E-09,4.31E-08,RHOQ-AS1,1.310092477
ENSG00000178146.9,10.53009499,1.309943627,0.237326706,1.00E-08,8.56E-08,GK4P,1.309943627
ENSG00000285856.1,4.193371805,-1.309936972,0.319798846,1.09E-05,5.43E-05,AL353704.1,1.309936972
ENSG00000262061.6,40.67740484,-1.309537292,0.221212682,8.35E-10,8.47E-09,AC129507.1,1.309537292
ENSG00000186907.8,119.9220302,1.309428498,0.180912439,1.26E-13,2.22E-12,RTN4RL2,1.309428498
ENSG00000139117.14,616.4062471,-1.30934447,0.17210621,7.72E-15,1.60E-13,CPNE8,1.30934447
ENSG00000163749.17,207.5604078,-1.309007001,0.314191807,7.77E-06,3.98E-05,CCDC158,1.309007001
ENSG00000171631.15,228.1422747,1.308733107,0.285481627,1.20E-06,7.18E-06,P2RY6,1.308733107
ENSG00000259251.2,7.989651815,-1.30863142,0.335665452,2.44E-05,0.000114056,AC104590.1,1.30863142
ENSG00000265460.6,5.132521719,-1.30858488,0.55992055,0.003478387,0.009898938,AC015910.1,1.30858488
ENSG00000236411.1,14.19955614,-1.308574488,0.294017508,2.40E-06,1.36E-05,NDUFAF4P3,1.308574488
ENSG00000186897.5,14.59931669,1.308511068,0.455695072,0.012287787,0.029718242,C1QL4,1.308511068
ENSG00000173320.12,479.8926725,-1.308459273,0.255232971,1.66E-14,3.29E-13,STOX2,1.308459273
ENSG00000256299.1,1.478512061,-1.308052052,0.654807298,0.008503486,0.021597655,AC073912.2,1.308052052
ENSG00000261839.1,3.802779169,-1.307910856,0.313954171,8.38E-06,4.27E-05,AL358933.1,1.307910856
ENSG00000284052.1,39.94838494,-1.30741845,0.190265395,2.07E-12,3.11E-11,AC006460.2,1.30741845
ENSG00000197776.8,266.4670659,-1.307281744,0.167096275,1.36E-15,3.12E-14,KLHDC1,1.307281744
ENSG00000144554.12,752.8642262,1.307236433,0.17624469,3.70E-14,7.03E-13,FANCD2,1.307236433
ENSG00000102100.16,2234.187911,1.307208913,0.105995133,1.74E-35,3.97E-33,SLC35A2,1.307208913
ENSG00000187323.12,17.22771109,-1.307072482,0.266890366,2.47E-07,1.67E-06,DCC,1.307072482
ENSG00000279465.1,0.861287971,-1.306741285,0.604161943,0.007400585,0.019146772,AC090950.2,1.306741285
ENSG00000285758.2,6.179049832,-1.306518036,0.255189174,8.89E-08,6.47E-07,AC036214.4,1.306518036
ENSG00000105514.8,2521.094179,1.30649461,0.173734004,1.34E-14,2.69E-13,RAB3D,1.30649461
ENSG00000265390.1,0.626762669,-1.306475537,0.733065911,0.021125188,0.04731098,MIR4999,1.306475537
ENSG00000165548.11,1045.528588,1.306145891,0.349348469,4.75E-05,0.000208872,TMEM63C,1.306145891
ENSG00000254340.2,9.546220232,1.305548079,0.303600332,4.37E-06,2.36E-05,AC022784.5,1.305548079
ENSG00000239944.1,1.428860013,1.305498212,0.599373343,0.005600675,0.015003881,TRBV8-2,1.305498212
ENSG00000248360.7,556.2870987,1.305456981,0.322060323,1.33E-05,6.54E-05,LINC00504,1.305456981
ENSG00000232739.1,2.196509619,-1.305012939,0.470393091,0.001382964,0.004365829,AL607028.1,1.305012939
ENSG00000283075.1,6.29967575,1.304984,0.500221612,0.00205384,0.006212124,AL157931.2,1.304984
ENSG00000235173.7,1753.215651,1.304882152,0.157833437,3.12E-17,8.88E-16,HGH1,1.304882152
ENSG00000141756.19,6542.505664,1.304841043,0.206758496,9.54E-11,1.12E-09,FKBP10,1.304841043
ENSG00000138379.5,23.28750698,-1.304605321,0.262216346,0.000146004,0.000579178,MSTN,1.304605321
ENSG00000169683.8,999.1890518,1.304585988,0.212955682,2.69E-10,2.95E-09,LRRC45,1.304585988
ENSG00000287087.1,3.286913194,-1.304412213,0.489040309,0.001854702,0.005665197,AC025175.2,1.304412213
ENSG00000241935.9,76.06722133,-1.304310778,0.398505506,0.000251858,0.000946432,HOGA1,1.304310778
ENSG00000103067.14,2728.08125,1.304284491,0.266752758,2.87E-07,1.91E-06,ESRP2,1.304284491
ENSG00000007402.12,675.4903821,1.304165152,0.256591103,1.05E-07,7.57E-07,CACNA2D2,1.304165152
ENSG00000120693.14,477.8912371,-1.304068012,0.214113234,3.02E-10,3.28E-09,SMAD9,1.304068012
ENSG00000265542.5,5.558272929,1.30405326,0.458557497,0.001007519,0.003293616,AC015845.2,1.30405326
ENSG00000144158.4,2.168681877,1.303953446,0.422210693,0.000468848,0.00165736,SNRPA1P1,1.303953446
ENSG00000115415.20,18157.31368,1.303860812,0.233763675,8.49E-09,7.32E-08,STAT1,1.303860812
ENSG00000115705.22,234.3311889,-1.303368623,0.229635772,3.58E-09,3.28E-08,TPO,1.303368623
ENSG00000122548.5,8.579036743,-1.303315932,0.435679034,0.000661145,0.002256903,KIAA0087,1.303315932
ENSG00000170442.12,126.9025524,1.30331515,0.366818559,9.35E-05,0.000387374,KRT86,1.30331515
ENSG00000224479.6,16.61570913,-1.303080993,0.261723375,1.74E-07,1.20E-06,AC104162.1,1.303080993
ENSG00000285914.1,3.129968423,-1.303056318,0.672659976,0.009353954,0.023457436,AC022440.1,1.303056318
ENSG00000104804.8,10.12026518,-1.302423291,0.242419721,1.78E-08,1.45E-07,TULP2,1.302423291
ENSG00000163793.13,1.474853264,-1.302345644,0.497901117,0.001935932,0.005889504,DNAJC5G,1.302345644
ENSG00000168454.12,5.351775672,1.302296041,0.318239161,1.16E-05,5.77E-05,TXNDC2,1.302296041
ENSG00000163472.19,791.7737519,1.302226895,0.17168034,1.05E-14,2.14E-13,TMEM79,1.302226895
ENSG00000128310.3,0.798285529,1.301852199,0.647443883,0.008422807,0.021417669,GALR3,1.301852199
ENSG00000187726.9,11.3654405,1.301735669,0.359501282,6.75E-05,0.000287934,DNAJB13,1.301735669
ENSG00000229914.1,3.175481109,-1.301591016,0.40777826,0.000361283,0.001312191,AL138899.2,1.301591016
ENSG00000139714.12,120.3515536,1.301401249,0.186664448,8.77E-13,1.39E-11,MORN3,1.301401249
ENSG00000081138.14,33.83735168,1.301368578,0.647475993,0.008549744,0.021696908,CDH7,1.301368578
ENSG00000249984.1,0.763743002,-1.301345977,0.636851583,0.010076062,0.02501283,AC026780.2,1.301345977
ENSG00000185090.14,321.2196343,1.301157817,0.233871658,7.36E-09,6.40E-08,MANEAL,1.301157817
ENSG00000065361.16,17668.18604,1.300996776,0.251555528,5.64E-08,4.24E-07,ERBB3,1.300996776
ENSG00000186715.11,34.31378647,-1.300651062,0.338125445,2.96E-05,0.000135573,MST1L,1.300651062
ENSG00000184363.10,3016.854807,1.300576218,0.262335951,2.06E-07,1.41E-06,PKP3,1.300576218
ENSG00000106211.10,25447.73678,1.30037974,0.323045238,1.45E-05,7.08E-05,HSPB1,1.30037974
ENSG00000279791.1,5.330501174,1.299838224,0.312546748,8.90E-06,4.51E-05,AC018892.3,1.299838224
ENSG00000241101.1,1.722899001,-1.298974553,0.551381051,0.004236336,0.011756163,PRICKLE2-AS2,1.298974553
ENSG00000176769.9,13.28539549,-1.298614895,0.548851226,0.003784063,0.010650794,TCERG1L,1.298614895
ENSG00000258733.6,34.74213227,-1.298556149,0.190891759,2.46E-12,3.66E-11,LINC02328,1.298556149
ENSG00000271784.1,24.57465552,1.298336316,0.228133201,3.19E-09,2.94E-08,AL031055.1,1.298336316
ENSG00000111913.20,564.4783656,-1.298298178,0.215424827,2.96E-05,0.000135759,RIPOR2,1.298298178
ENSG00000231806.3,129.9204036,1.298258639,0.453570516,0.000969898,0.003184475,PCAT7,1.298258639
ENSG00000203859.10,2.800857224,-1.298211672,0.46973931,0.001206025,0.003865655,HSD3B2,1.298211672
ENSG00000182397.14,12.48387013,-1.298013006,0.332356017,2.38E-05,0.000111321,DNM1P46,1.298013006
ENSG00000161179.14,692.6644359,1.297758962,0.202328328,4.07E-11,5.06E-10,YDJC,1.297758962
ENSG00000145934.16,804.4312699,-1.297515847,0.395077342,0.000243812,0.000918831,TENM2,1.297515847
ENSG00000189136.9,89.03526406,-1.297450566,0.2341864,7.99E-09,6.91E-08,UBE2Q2P1,1.297450566
ENSG00000007174.18,81.82119165,-1.297249612,0.361319707,8.05E-05,0.000337747,DNAH9,1.297249612
ENSG00000286375.1,3.804731169,1.29720844,0.464585262,0.001270426,0.004051495,AL512590.3,1.29720844
ENSG00000167080.9,81.13702649,1.297202791,0.528895742,0.00306833,0.008861659,B4GALNT2,1.297202791
ENSG00000146386.8,1726.231023,1.297131394,0.204779098,6.49E-11,7.81E-10,ABRACL,1.297131394
ENSG00000105613.10,46.1060111,1.297004476,0.267883719,3.48E-07,2.29E-06,MAST1,1.297004476
ENSG00000286850.1,1.060612346,1.296891606,0.768806917,0.015718883,0.0367101,AL358232.2,1.296891606
ENSG00000256906.1,0.762673535,-1.296852229,0.687842144,0.01368706,0.032606577,LINC02419,1.296852229
ENSG00000162460.7,2.016771962,1.296753795,0.733052831,0.013914674,0.033080613,TMEM82,1.296753795
ENSG00000287616.1,10.84889127,-1.296276397,0.558911591,0.004206457,0.011684802,AL357522.1,1.296276397
ENSG00000123989.14,5357.371559,1.296170641,0.158975094,1.38E-16,3.61E-15,CHPF,1.296170641
ENSG00000138796.17,7012.439427,-1.296161182,0.183872054,3.40E-13,5.65E-12,HADH,1.296161182
ENSG00000185662.10,3.780772707,1.295704871,0.555896898,0.004190329,0.011645766,SMIM23,1.295704871
ENSG00000221869.5,2388.494665,-1.295678878,0.218290139,6.62E-10,6.80E-09,CEBPD,1.295678878
ENSG00000250821.3,2.841546952,-1.295634446,1.001770431,0.022044086,0.049069576,EXOC1L,1.295634446
ENSG00000120334.15,454.9950212,1.295478487,0.129587303,4.44E-24,2.56E-22,CENPL,1.295478487
ENSG00000232747.2,1.217201607,-1.295350032,0.850930209,0.018394146,0.042043151,IGKV1D-35,1.295350032
ENSG00000268223.6,1.004954801,-1.295306501,0.784550416,0.008965526,0.022620534,ARL14EPL,1.295306501
ENSG00000285662.2,0.809987482,-1.29491249,0.571062536,0.007014954,0.0182737,FAM245B,1.29491249
ENSG00000259518.2,0.891184865,1.29469818,0.629729551,0.006998602,0.018237685,LINC01583,1.29469818
ENSG00000236106.2,1.424355865,1.293612953,0.725157516,0.014448949,0.034183228,AC010729.1,1.293612953
ENSG00000100191.6,32.31633036,-1.293568114,0.282178872,1.21E-06,7.24E-06,SLC5A4,1.293568114
ENSG00000232294.6,6.364424452,-1.293529623,0.437894209,0.000741153,0.002506497,AL031674.1,1.293529623
ENSG00000137310.12,1351.544509,1.293289201,0.159137017,1.62E-16,4.19E-15,TCF19,1.293289201
ENSG00000250938.6,13.47490637,-1.293265071,0.2256332,2.45E-09,2.31E-08,AC073475.1,1.293265071
ENSG00000285128.1,29.43077681,1.292655283,0.308332902,7.30E-06,3.77E-05,AC092306.1,1.292655283
ENSG00000271614.1,113.0020716,-1.292577634,0.163161051,6.95E-16,1.66E-14,ATP2B1-AS1,1.292577634
ENSG00000138738.11,366.8260938,-1.29254801,0.218001662,8.27E-10,8.39E-09,PRDM5,1.29254801
ENSG00000175509.8,1.761309089,1.292489397,0.61528006,0.006476633,0.017063111,ACRP1,1.292489397
ENSG00000143793.13,986.0317811,1.29247798,0.155941655,3.03E-17,8.61E-16,C1orf35,1.29247798
ENSG00000198028.4,1.959362749,-1.292259198,0.491435959,0.001927066,0.005864348,ZNF560,1.292259198
ENSG00000164885.13,759.9659263,1.292192117,0.137246864,1.28E-21,5.87E-20,CDK5,1.292192117
ENSG00000286071.1,3.391451965,-1.291796268,0.392842966,0.000261367,0.000979075,AL136171.2,1.291796268
ENSG00000254528.7,13.00672313,-1.291785789,0.337114631,3.32E-05,0.000150845,AP000757.1,1.291785789
ENSG00000198598.6,376.1095704,1.291663798,0.326874016,2.02E-05,9.56E-05,MMP17,1.291663798
ENSG00000212807.2,11.33673776,-1.291656302,0.297257389,3.87E-06,2.11E-05,OR2A42,1.291656302
ENSG00000276747.1,1.389167564,1.29151682,0.604912616,0.005381696,0.014484416,PADI6,1.29151682
ENSG00000132357.14,829.3252676,-1.291462262,0.180362704,2.22E-13,3.80E-12,CARD6,1.291462262
ENSG00000082438.17,4151.400473,-1.29114865,0.231700194,6.03E-09,5.33E-08,COBLL1,1.29114865
ENSG00000151702.17,1700.823677,-1.290903795,0.164106965,9.44E-16,2.20E-14,FLI1,1.290903795
ENSG00000235730.2,1.237105461,-1.290742401,0.957169086,0.017941657,0.041186236,OR2AF1P,1.290742401
ENSG00000234337.4,6.641269286,1.290675305,0.331879554,2.47E-05,0.000115319,AC026462.1,1.290675305
ENSG00000198768.11,756.3587556,-1.290436088,0.354365517,7.70E-16,1.82E-14,APCDD1L,1.290436088
ENSG00000092470.12,600.9595994,1.29022686,0.16196446,5.39E-16,1.31E-14,WDR76,1.29022686
ENSG00000217027.1,23.57727961,-1.290185665,0.209376617,2.02E-10,2.25E-09,TPT1P4,1.290185665
ENSG00000237415.2,0.671495186,-1.2901466,0.706085291,0.017298671,0.03988502,NRBF2P3,1.2901466
ENSG00000097046.13,415.9136184,1.289764809,0.191020623,3.90E-12,5.62E-11,CDC7,1.289764809
ENSG00000272619.1,1.265069623,1.289756399,0.876934699,0.022269135,0.049528432,AC093673.2,1.289756399
ENSG00000228063.2,37.43463006,-1.289687097,0.256614705,1.39E-07,9.79E-07,LYPLAL1-DT,1.289687097
ENSG00000270281.1,0.95318511,-1.289642134,0.538517176,0.004405371,0.012160818,AC020910.3,1.289642134
ENSG00000251381.8,79.88870033,1.289430448,0.459383163,0.000337684,0.001234811,LINC00958,1.289430448
ENSG00000137673.9,4398.482285,-1.289367234,0.418778653,0.000468198,0.00165536,MMP7,1.289367234
ENSG00000180815.14,12.08049813,-1.289337139,0.247499535,5.33E-08,4.03E-07,MAP3K15,1.289337139
ENSG00000258476.6,7.574852519,-1.289317228,0.371726398,0.000135842,0.000542155,LINC02207,1.289317228
ENSG00000287762.1,2.21297558,-1.289249367,0.45193603,0.001173994,0.003777166,AC108050.1,1.289249367
ENSG00000258655.2,115.8647083,-1.289152891,0.185142439,8.89E-13,1.41E-11,ARHGAP5-AS1,1.289152891
ENSG00000278987.1,22.96412627,1.289142013,0.299145697,4.42E-06,2.39E-05,AL031009.1,1.289142013
ENSG00000285402.1,1.921897947,-1.288979444,0.56248755,0.00461991,0.012670243,AC244230.2,1.288979444
ENSG00000126838.10,30.22581402,-1.288879812,0.314478212,1.05E-05,5.26E-05,PZP,1.288879812
ENSG00000238045.9,35.6270221,1.288621287,0.259933382,1.88E-07,1.30E-06,AC009133.1,1.288621287
ENSG00000188175.10,185.3852032,-1.288373425,0.457770106,0.001121353,0.003626809,HEPACAM2,1.288373425
ENSG00000105655.19,3169.493928,1.288259325,0.22878025,5.40E-09,4.80E-08,ISYNA1,1.288259325
ENSG00000254238.1,1.781802681,-1.28816468,0.603006107,0.007684894,0.01977813,AC100782.1,1.28816468
ENSG00000196109.9,95.54881417,-1.288069862,0.34937591,5.65E-05,0.000245048,ZNF676,1.288069862
ENSG00000167311.14,54.03988338,-1.287886793,0.33738108,3.30E-05,0.000149968,ART5,1.287886793
ENSG00000188403.7,16.42803868,-1.287613191,0.511735442,0.002612962,0.00768723,IGHV1OR15-9,1.287613191
ENSG00000243321.3,1.499894029,1.287504643,0.74054122,0.014098767,0.033459553,LINC01998,1.287504643
ENSG00000065057.9,747.0823023,1.287415239,0.201964095,5.05E-11,6.19E-10,NTHL1,1.287415239
ENSG00000174460.4,20.74382243,-1.28739185,0.310325807,8.21E-06,4.18E-05,ZCCHC12,1.28739185
ENSG00000158714.11,158.154176,1.28718875,0.341451958,4.22E-05,0.000187318,SLAMF8,1.28718875
ENSG00000227835.8,1.806523381,-1.286914749,0.757005474,0.017599418,0.040495257,CARM1P1,1.286914749
ENSG00000263698.1,1.862742375,-1.286903753,0.440423566,0.000894696,0.002962761,AC012417.1,1.286903753
ENSG00000228484.3,15.31860922,-1.286898123,0.350442681,6.05E-05,0.000260857,AL137025.1,1.286898123
ENSG00000261758.1,1.54210152,1.286412955,0.476165533,0.001657535,0.005121892,AC117382.2,1.286412955
ENSG00000105852.11,341.5151173,-1.286365324,0.41309344,0.000440115,0.00156565,PON3,1.286365324
ENSG00000163462.18,193.2806511,1.286273981,0.263200736,2.71E-07,1.82E-06,TRIM46,1.286273981
ENSG00000280739.3,124.8065646,-1.28615483,0.131891756,5.69E-23,2.95E-21,EIF1B-AS1,1.28615483
ENSG00000282849.1,2.295427865,-1.286006157,0.425235736,0.000606218,0.002090106,AL359834.1,1.286006157
ENSG00000138772.13,2481.592237,-1.285780468,0.248834006,5.04E-08,3.83E-07,ANXA3,1.285780468
ENSG00000144730.19,3011.287834,-1.285712464,0.245067115,3.29E-08,2.57E-07,IL17RD,1.285712464
ENSG00000165215.6,3283.546641,1.285643853,0.394565522,0.00028802,0.001067888,CLDN3,1.285643853
ENSG00000247925.2,3.775268471,-1.285588202,0.342189547,5.13E-05,0.000224223,AL139807.1,1.285588202
ENSG00000285816.1,9.011768474,-1.28539444,0.293834211,3.02E-06,1.68E-05,AP000944.5,1.28539444
ENSG00000155016.18,1007.852164,-1.285109824,0.15093872,5.27E-18,1.65E-16,CYP2U1,1.285109824
ENSG00000232028.1,1.197081888,-1.284808803,0.551561169,0.005270603,0.014221469,AC007391.1,1.284808803
ENSG00000145990.11,1352.642991,-1.284648123,0.207432513,1.64E-10,1.85E-09,GFOD1,1.284648123
ENSG00000119185.13,3991.641373,-1.284548197,0.218981658,8.57E-10,8.65E-09,ITGB1BP1,1.284548197
ENSG00000204851.7,197.7188232,-1.284413854,0.221907867,1.94E-09,1.85E-08,PNMA8B,1.284413854
ENSG00000256894.1,50.73384308,-1.284386133,0.238350023,1.84E-08,1.50E-07,AC022509.3,1.284386133
ENSG00000278177.1,1.956901117,-1.284287825,0.526476836,0.003493461,0.009935359,AL354811.1,1.284287825
ENSG00000167711.14,315.5953227,-1.284247294,0.238820734,2.02E-08,1.63E-07,SERPINF2,1.284247294
ENSG00000130054.5,153.5930756,1.284108376,0.274854886,7.91E-07,4.87E-06,FAM155B,1.284108376
ENSG00000259392.2,2.402462565,1.28409669,0.493149975,0.001996106,0.00604887,AC090877.1,1.28409669
ENSG00000155966.14,234.9911955,-1.283976709,0.397287282,0.000298802,0.001104663,AFF2,1.283976709
ENSG00000225724.1,1.308536464,1.283626355,0.589302888,0.006320895,0.016697603,ASH2LP3,1.283626355
ENSG00000253187.2,7.623739261,-1.283509368,0.282034624,1.15E-06,6.90E-06,HOXA10-AS,1.283509368
ENSG00000136811.16,3225.296857,1.283411292,0.130685789,5.81E-23,3.00E-21,ODF2,1.283411292
ENSG00000288100.1,1.00935798,-1.283383007,0.707903514,0.016568429,0.038420055,AL161663.2,1.283383007
ENSG00000271895.2,42.53966666,-1.283271869,0.227844593,4.51E-09,4.06E-08,AL109811.2,1.283271869
ENSG00000075239.14,2884.319552,-1.283249222,0.168890687,4.21E-06,2.28E-05,ACAT1,1.283249222
ENSG00000214050.8,149.5124438,1.283238097,0.258676607,1.97E-07,1.35E-06,FBXO16,1.283238097
ENSG00000241294.1,295.5069704,-1.282470205,0.416854345,0.000499232,0.001754504,IGKV2-24,1.282470205
ENSG00000205669.4,4.894492016,1.282449871,0.515810212,0.002848192,0.008292328,ACOT6,1.282449871
ENSG00000172059.11,2238.037172,-1.282432753,0.16927139,7.15E-15,1.49E-13,KLF11,1.282432753
ENSG00000082196.21,859.0271617,1.282158496,0.341496727,4.64E-05,0.000204541,C1QTNF3,1.282158496
ENSG00000127191.18,1360.612663,1.282044302,0.163930746,1.68E-15,3.82E-14,TRAF2,1.282044302
ENSG00000244513.7,81.85851978,-1.281916361,0.162168993,7.46E-16,1.77E-14,AC109587.1,1.281916361
ENSG00000286010.1,19.45532032,-1.281552887,0.349283678,6.46E-05,0.000276821,AC108925.1,1.281552887
ENSG00000259459.6,474.6355108,1.281368839,0.426059209,0.000639027,0.002190919,LINC02568,1.281368839
ENSG00000213123.11,67.15760117,1.281146429,0.218113034,1.24E-09,1.22E-08,TCTEX1D2,1.281146429
ENSG00000253227.2,7.558660987,1.28094563,0.489519744,1.60E-10,1.82E-09,AC090192.2,1.28094563
ENSG00000226957.1,5.392077874,1.280942858,0.345626363,5.20E-05,0.000227423,AL358075.1,1.280942858
ENSG00000243478.9,8.365874256,1.280838957,0.412046441,0.000477203,0.001683559,AOX2P,1.280838957
ENSG00000230026.2,2.476966454,1.280713683,0.498320413,0.002530299,0.007471394,AL357556.1,1.280713683
ENSG00000217862.2,3.88001451,1.280668277,0.475662915,0.001709269,0.005262298,H4C10P,1.280668277
ENSG00000213994.3,5.246058797,-1.280385766,0.383706044,0.000200869,0.000770674,AL157395.1,1.280385766
ENSG00000224273.2,0.960033769,1.280340119,0.619416209,0.009265616,0.023276025,AC005077.2,1.280340119
ENSG00000198246.9,1208.854373,1.28033944,0.195019683,1.68E-11,2.20E-10,SLC29A3,1.28033944
ENSG00000249493.1,0.75012098,1.280331667,0.600243753,0.007346498,0.019021034,ANKRD20A18P,1.280331667
ENSG00000167977.9,2084.438465,1.280317079,0.121183623,1.38E-26,1.08E-24,KCTD5,1.280317079
ENSG00000237781.3,25.7661263,-1.280226572,0.294878155,3.42E-06,1.88E-05,ADAMTSL4-AS2,1.280226572
ENSG00000251307.1,13.11415721,1.280193019,0.415402921,0.00050322,0.001766938,AC026704.1,1.280193019
ENSG00000124942.14,156186.2844,-1.280084014,0.189770378,4.20E-12,6.01E-11,AHNAK,1.280084014
ENSG00000277363.5,1036.675287,1.280078021,0.231512072,9.38E-09,8.05E-08,SRCIN1,1.280078021
ENSG00000159961.2,1.50908508,-1.280063547,0.495304658,0.002313182,0.0069009,OR3A3,1.280063547
ENSG00000262497.1,11.04245054,-1.2798832,0.2014946,6.17E-11,7.45E-10,FAM187B2P,1.2798832
ENSG00000101400.6,1344.390893,-1.279794947,0.185324595,0.001628274,0.005042181,SNTA1,1.279794947
ENSG00000248445.5,50.31401161,-1.279662397,0.233201373,1.10E-08,9.30E-08,SEMA6A-AS1,1.279662397
ENSG00000251775.1,1.769288873,-1.279515316,0.450759163,0.001178673,0.003790322,AC114748.1,1.279515316
ENSG00000202081.1,2.045978197,-1.279318655,0.482951465,0.001823122,0.005579147,RNU6-1280P,1.279318655
ENSG00000251034.2,91.8324053,-1.279302903,0.16777481,7.15E-15,1.49E-13,AC087854.1,1.279302903
ENSG00000284194.3,5.767140256,1.279121843,0.461774511,0.001307314,0.004156404,SCO2,1.279121843
ENSG00000268416.1,352.3415713,-1.279098165,0.367994951,0.000127071,0.000510572,AC010329.1,1.279098165
ENSG00000259192.1,1.812931362,-1.279088486,0.422435412,0.000691869,0.002354008,AC109631.1,1.279088486
ENSG00000166796.12,32.39248177,1.278991602,0.486501115,0.001986324,0.006022286,LDHC,1.278991602
ENSG00000287742.1,7.52053506,1.278966687,0.30820356,8.46E-06,4.30E-05,AC068282.2,1.278966687
ENSG00000171044.11,58.64426689,-1.278858035,0.272116294,7.24E-07,4.49E-06,XKR6,1.278858035
ENSG00000258623.1,9.336366142,-1.278524478,0.311297349,1.14E-05,5.65E-05,AL121820.1,1.278524478
ENSG00000167608.12,4525.509397,1.278478331,0.278070315,1.30E-06,7.67E-06,TMC4,1.278478331
ENSG00000153406.14,2490.769294,1.278411851,0.192159715,9.09E-12,1.24E-10,NMRAL1,1.278411851
ENSG00000129925.11,2716.566748,1.278153075,0.154115193,4.03E-17,1.13E-15,PGAP6,1.278153075
ENSG00000099864.18,3023.485816,-1.278099251,0.246664199,4.47E-08,3.41E-07,PALM,1.278099251
ENSG00000213057.5,36.58414847,1.278082441,0.255637964,1.62E-07,1.13E-06,C1orf220,1.278082441
ENSG00000234432.4,67.11133845,1.27807138,0.24297233,4.02E-08,3.09E-07,AC092171.3,1.27807138
ENSG00000199161.1,3.275260472,-1.277867149,0.451740644,0.001022341,0.003335131,MIR126,1.277867149
ENSG00000225867.1,2.165696071,-1.277700648,0.552725532,0.004309446,0.011927032,AL022315.1,1.277700648
ENSG00000143502.15,1091.1914,1.277136769,0.283826512,1.93E-06,1.11E-05,SUSD4,1.277136769
ENSG00000005020.13,2786.931028,-1.277105358,0.157858223,1.64E-16,4.24E-15,SKAP2,1.277105358
ENSG00000236471.1,2.560125407,-1.276473127,0.331872368,3.39E-05,0.000153818,AF127577.5,1.276473127
ENSG00000231419.6,33.08116981,-1.276032324,0.347881051,6.28E-05,0.000269754,LINC00689,1.276032324
ENSG00000273180.1,1.909613282,-1.276022849,0.491480263,0.002458343,0.007284721,AC019193.3,1.276022849
ENSG00000070601.10,101.6679082,-1.27583194,0.352182103,7.47E-05,0.000315722,FRMPD1,1.27583194
ENSG00000221933.3,0.699069079,-1.275713482,0.657004661,0.012650836,0.030478071,OR2A25,1.275713482
ENSG00000257023.1,1.845827495,-1.275682007,0.399094717,0.000371107,0.001343896,AC087241.2,1.275682007
ENSG00000126561.17,5155.875365,-1.275464455,0.191592026,4.88E-12,6.92E-11,STAT5A,1.275464455
ENSG00000277449.1,98.24216378,-1.275456793,0.222252857,2.58E-09,2.42E-08,CEBPB-AS1,1.275456793
ENSG00000234371.6,1.728937225,-1.275340817,0.50150555,0.002658797,0.007806875,RPSAP31,1.275340817
ENSG00000198053.12,5073.800929,-1.275331839,0.15604113,4.09E-17,1.14E-15,SIRPA,1.275331839
ENSG00000231160.10,201.5288406,-1.275172819,0.23015007,8.32E-09,7.18E-08,KLF3-AS1,1.275172819
ENSG00000243504.1,5.324076689,-1.275080889,0.356731958,9.45E-05,0.000391247,RPS23P1,1.275080889
ENSG00000273234.1,5.986032871,-1.274934515,0.330025563,3.39E-05,0.000153558,OR2A13P,1.274934515
ENSG00000111704.11,1.83019957,-1.274858864,0.538024859,0.003943447,0.011040077,NANOG,1.274858864
ENSG00000133710.16,82.60436165,-1.2747663,0.329014328,2.24E-10,2.48E-09,SPINK5,1.2747663
ENSG00000233087.7,10.86797338,1.274621405,0.335709694,3.70E-05,0.00016645,RAB6D,1.274621405
ENSG00000197550.3,0.904080168,-1.274602952,0.784391031,0.01818565,0.041663561,AL359955.1,1.274602952
ENSG00000139116.19,1733.553551,1.274473855,0.227207433,6.26E-09,5.52E-08,KIF21A,1.274473855
ENSG00000070193.5,1334.961979,-1.274441069,0.430245255,0.000670118,0.002284951,FGF10,1.274441069
ENSG00000197992.7,38.95173171,-1.274340438,0.278935258,1.32E-06,7.79E-06,CLEC9A,1.274340438
ENSG00000144810.16,6182.511142,1.274329432,0.324860037,2.33E-05,0.000109191,COL8A1,1.274329432
ENSG00000272989.1,21.75944072,1.273743706,0.313721679,1.33E-05,6.52E-05,LINC02012,1.273743706
ENSG00000235021.1,4.885443907,1.273681378,0.468873617,0.001476283,0.004622902,AL591848.1,1.273681378
ENSG00000175356.14,16346.18255,1.273579786,0.424674865,0.000694484,0.002362293,SCUBE2,1.273579786
ENSG00000167654.18,2.450396979,-1.273437726,0.500982775,0.002436176,0.007227196,ATCAY,1.273437726
ENSG00000237588.2,3.801870771,1.273241114,0.382001424,0.000245611,0.000924813,AL590666.3,1.273241114
ENSG00000231233.1,22.1205195,1.273215923,0.300138291,5.98E-06,3.14E-05,CFAP58-DT,1.273215923
ENSG00000162944.11,402.9790351,-1.273150887,0.201249287,6.77E-11,8.14E-10,RFTN2,1.273150887
ENSG00000141096.6,6.207926154,-1.273070323,0.317757214,1.57E-05,7.60E-05,DPEP3,1.273070323
ENSG00000141858.12,2380.221487,1.272801478,0.146923907,1.51E-18,5.04E-17,SAMD1,1.272801478
ENSG00000287629.1,4.60526842,-1.272791326,0.395949867,0.000279217,0.001038907,AC006059.5,1.272791326
ENSG00000211810.3,11.61019762,1.272552095,0.483701851,0.001963999,0.005964726,TRAV29DV5,1.272552095
ENSG00000260969.2,1.357209843,1.27235708,0.721025205,0.014044869,0.033347756,WWOX-AS1,1.27235708
ENSG00000152936.10,2.235270674,1.272150175,0.715480068,0.013553933,0.032336494,LMNTD1,1.272150175
ENSG00000287322.1,5.65719636,1.271984168,0.342578311,5.51E-05,0.000239374,AC068189.2,1.271984168
ENSG00000169891.18,2478.898085,1.271777219,0.233494234,1.43E-08,1.18E-07,REPS2,1.271777219
ENSG00000254990.5,3.828020416,-1.271698721,0.333343912,3.73E-05,0.000167288,AP001781.1,1.271698721
ENSG00000269887.1,102.0994987,1.271426178,0.234269633,1.58E-08,1.30E-07,AL391001.1,1.271426178
ENSG00000257198.6,0.860952616,-1.271338763,0.618908906,0.008745503,0.022142199,FAM205BP,1.271338763
ENSG00000255178.1,2.488064629,1.271307226,0.515196415,0.003008311,0.008714586,LINC02720,1.271307226
ENSG00000243364.8,847.4261699,1.271299209,0.219865635,2.22E-09,2.11E-08,EFNA4,1.271299209
ENSG00000066735.14,475.1530298,-1.271227447,0.212967597,6.62E-10,6.80E-09,KIF26A,1.271227447
ENSG00000287916.1,7.077313308,-1.270766158,0.286295043,2.57E-06,1.45E-05,AC091607.2,1.270766158
ENSG00000164938.14,5068.368261,1.270746154,0.182628235,1.00E-12,1.57E-11,TP53INP1,1.270746154
ENSG00000104327.7,13.01511302,-1.2707267,0.292218848,3.67E-06,2.01E-05,CALB1,1.2707267
ENSG00000112769.20,11460.63245,-1.270617608,0.255305802,1.34E-07,9.49E-07,LAMA4,1.270617608
ENSG00000228232.1,290.629198,1.270561497,0.406775819,0.000449104,0.001594885,GAPDHP1,1.270561497
ENSG00000288043.1,1.102141022,1.270484011,0.713383073,0.014623099,0.034518315,AC006511.6,1.270484011
ENSG00000123728.10,2820.718552,1.27044169,0.160302415,8.63E-16,2.02E-14,RAP2C,1.27044169
ENSG00000187840.5,1830.590362,1.270356771,0.245907494,7.21E-08,5.33E-07,EIF4EBP1,1.270356771
ENSG00000178685.14,3865.583974,1.270282969,0.235093833,2.02E-08,1.63E-07,PARP10,1.270282969
ENSG00000244748.3,1.44760923,1.270079285,0.61433501,0.008797032,0.022245422,RN7SL153P,1.270079285
ENSG00000105989.10,581.3992513,1.269858894,0.332483965,3.46E-05,0.000156595,WNT2,1.269858894
ENSG00000251365.4,19.76507421,1.269853759,0.292491222,4.06E-06,2.20E-05,LINC02236,1.269853759
ENSG00000151689.13,906.3962036,-1.269683012,0.111844865,2.10E-30,2.55E-28,INPP1,1.269683012
ENSG00000279141.3,10.27050682,-1.269619601,0.313727513,1.31E-05,6.43E-05,LINC01451,1.269619601
ENSG00000172382.10,165.9151833,1.269573855,0.32233988,2.19E-05,0.000103162,PRSS27,1.269573855
ENSG00000228382.1,2.459484565,-1.269456718,0.435249801,0.000887083,0.002941269,ITPKB-IT1,1.269456718
ENSG00000168062.10,378.7631207,1.269431002,0.329263209,3.08E-05,0.000140496,BATF2,1.269431002
ENSG00000172172.8,2131.305324,1.269266369,0.166411463,8.51E-15,1.76E-13,MRPL13,1.269266369
ENSG00000136111.14,4558.826189,-1.26918935,0.186705022,2.66E-12,3.94E-11,TBC1D4,1.26918935
ENSG00000287164.1,1.0320258,1.269021324,0.6166052,0.009111146,0.022929036,AC112254.1,1.269021324
ENSG00000145147.20,2017.965979,-1.269014312,0.21602609,8.88E-10,8.95E-09,SLIT2,1.269014312
ENSG00000233532.6,8.723677763,1.268545998,0.392121212,0.000324931,0.001190949,LINC00460,1.268545998
ENSG00000224984.1,7.482869639,1.268506852,0.520217139,0.003247524,0.009312776,AL512363.1,1.268506852
ENSG00000276740.1,2.915728093,1.268452294,0.568654582,0.005333148,0.014367535,AL445649.1,1.268452294
ENSG00000166446.15,2083.548202,1.268436416,0.228007888,8.06E-09,6.97E-08,CDYL2,1.268436416
ENSG00000147454.14,3154.443793,-1.268423992,0.170327535,1.99E-14,3.91E-13,SLC25A37,1.268423992
ENSG00000099994.11,2937.627723,1.268408453,0.359315321,0.000108213,0.000441897,SUSD2,1.268408453
ENSG00000272281.6,13.88089967,1.267803761,0.361576876,0.000123412,0.000496886,TPTE2P2,1.267803761
ENSG00000270490.1,1.675278178,-1.26770071,0.431614227,0.000971503,0.003189147,AC110048.1,1.26770071
ENSG00000237451.3,13.13918434,1.267617073,0.385314047,0.000259624,0.000973287,CDK2AP2P2,1.267617073
ENSG00000279086.1,27.90914914,-1.26760025,0.240968018,3.76E-08,2.91E-07,AC073130.3,1.26760025
ENSG00000275437.1,32.04603823,1.267424239,0.242593991,4.91E-08,3.73E-07,AL121832.3,1.267424239
ENSG00000286694.1,7.546925182,-1.267397327,0.240289194,4.02E-08,3.09E-07,AL161935.3,1.267397327
ENSG00000237166.2,5.009783623,1.267184179,0.495188226,0.002583702,0.007610839,LINC01792,1.267184179
ENSG00000161558.11,369.255304,-1.26679142,0.130680526,0.001375554,0.004345228,TMEM143,1.26679142
ENSG00000283283.2,1.417418697,1.266781055,0.560764555,0.006044084,0.016057062,AC013268.4,1.266781055
ENSG00000069696.7,33.44192739,1.266769909,0.302789683,7.52E-06,3.87E-05,DRD4,1.266769909
ENSG00000147872.10,5039.115199,-1.266315186,0.21122812,4.71E-10,4.96E-09,PLIN2,1.266315186
ENSG00000224186.8,48.67132941,1.266278077,0.223893263,4.34E-09,3.92E-08,C5orf66,1.266278077
ENSG00000204625.10,3.84663329,-1.265937716,0.348654818,7.40E-05,0.000312997,HCG9,1.265937716
ENSG00000183773.15,58.42937961,1.265554586,0.225165455,5.25E-09,4.67E-08,AIFM3,1.265554586
ENSG00000223658.8,69.76759914,-1.265519347,0.259408818,2.97E-07,1.98E-06,C1GALT1C1L,1.265519347
ENSG00000160404.18,730.6092377,1.265216905,0.146336634,1.90E-18,6.24E-17,TOR2A,1.265216905
ENSG00000150764.14,3432.306758,-1.265071358,0.161657814,1.37E-15,3.14E-14,DIXDC1,1.265071358
ENSG00000268108.1,1.455897765,-1.264730246,0.515257868,0.003676585,0.010387727,AC008687.2,1.264730246
ENSG00000287814.1,16.40444622,-1.26451799,0.280726698,1.77E-06,1.02E-05,AC011407.1,1.26451799
ENSG00000275228.1,0.772984527,-1.264472154,0.67720353,0.012325234,0.029797803,AC024257.5,1.264472154
ENSG00000141431.12,97.62831868,-1.264336326,0.375795505,0.000195425,0.000752582,ASXL3,1.264336326
ENSG00000272650.1,9.210738562,-1.264126535,0.272971807,9.41E-07,5.73E-06,AC110792.3,1.264126535
ENSG00000196844.9,2.588962349,1.264068281,0.550393403,0.004601633,0.012626287,PATE2,1.264068281
ENSG00000243250.1,1.515849307,-1.263973624,0.419505805,0.000706484,0.002400382,RPS6P16,1.263973624
ENSG00000245526.11,5.763762106,1.263961772,0.643475747,0.009929694,0.024706592,LINC00461,1.263961772
ENSG00000185187.13,1931.11926,1.263779507,0.185271705,2.94E-12,4.33E-11,SIGIRR,1.263779507
ENSG00000183161.6,1268.901687,1.263462616,0.136993938,9.03E-21,3.78E-19,FANCF,1.263462616
ENSG00000253460.2,5.29497283,-1.263451427,0.636260809,0.009732224,0.024268166,IGKV2OR22-3,1.263451427
ENSG00000260876.6,13.94494239,-1.26317395,0.266896875,6.07E-07,3.83E-06,LINC01229,1.26317395
ENSG00000234676.1,1.748183049,-1.263159774,0.447512444,0.001273337,0.00405922,IFT74-AS1,1.263159774
ENSG00000158555.15,2240.394856,-1.262637992,0.263280212,3.73E-07,2.44E-06,GDPD5,1.262637992
ENSG00000259278.2,4.566031697,1.262626018,0.456864389,0.001385613,0.004373487,AC087878.1,1.262626018
ENSG00000157193.18,372.5428286,1.262496298,0.263369411,4.73E-07,3.04E-06,LRP8,1.262496298
ENSG00000277130.1,6.423861005,-1.26229872,0.265295653,5.79E-07,3.66E-06,AC073569.3,1.26229872
ENSG00000154556.18,4351.437437,-1.26216174,0.285556554,2.14E-06,1.22E-05,SORBS2,1.26216174
ENSG00000088854.12,2137.165111,-1.262043251,0.147202135,2.77E-18,8.99E-17,C20orf194,1.262043251
ENSG00000236769.3,1.064290084,-1.261998445,0.543704361,0.005679905,0.015188168,LINC02659,1.261998445
ENSG00000026025.16,50215.1234,-1.261737915,0.207198072,8.95E-10,9.01E-09,VIM,1.261737915
ENSG00000147535.17,3084.798986,1.261504829,0.231510732,1.50E-08,1.24E-07,PLPP5,1.261504829
ENSG00000211654.2,36.03559465,-1.261402378,0.582137534,0.006317152,0.016688837,IGLV5-37,1.261402378
ENSG00000104450.13,740.3223655,1.261296122,0.167718562,1.50E-14,3.00E-13,SPAG1,1.261296122
ENSG00000267203.1,9.815173054,-1.261216948,0.391410693,0.000337242,0.001233426,SNRPGP4,1.261216948
ENSG00000260954.1,7.799706327,1.261196041,0.286437607,2.71E-06,1.52E-05,AL133297.1,1.261196041
ENSG00000253936.1,8.602700615,-1.261002698,0.392562807,0.000319623,0.001173684,IGHV3-63,1.261002698
ENSG00000226089.2,1.089587802,-1.260859551,0.533196261,0.004195586,0.0116579,AL122017.1,1.260859551
ENSG00000233975.1,2.990482436,1.260650004,0.590652976,0.007073005,0.01840593,LINC02574,1.260650004
ENSG00000257941.1,1.806585807,-1.260511084,0.388101095,0.000326458,0.001196432,AC011611.5,1.260511084
ENSG00000273113.1,14.83228644,1.260362653,0.275564347,1.30E-06,7.68E-06,AC133528.1,1.260362653
ENSG00000155324.10,2105.639865,-1.260317769,0.204680653,2.09E-10,2.33E-09,GRAMD2B,1.260317769
ENSG00000210194.1,1.604515211,-1.260246276,0.550359459,0.004973611,0.013513123,MT-TE,1.260246276
ENSG00000101425.14,27.6106254,-1.25997826,0.42140703,0.000693768,0.002360264,BPI,1.25997826
ENSG00000197620.11,1072.450229,1.259959517,0.174978437,1.92E-13,3.30E-12,EOLA1,1.259959517
ENSG00000125285.6,2.989578442,-1.259720817,0.463772046,0.001552476,0.004832889,SOX21,1.259720817
ENSG00000276058.1,7.499863685,1.259321905,0.313998494,1.89E-05,9.00E-05,STMN1P1,1.259321905
ENSG00000170790.5,0.998766651,-1.259115331,0.589452415,0.007377212,0.019092415,OR10A2,1.259115331
ENSG00000187098.17,1452.142157,-1.259082151,0.230028205,9.98E-09,8.53E-08,MITF,1.259082151
ENSG00000072858.11,2096.256903,1.259054541,0.253481459,1.90E-07,1.31E-06,SIDT1,1.259054541
ENSG00000237101.1,13.87047637,1.25869494,0.358415303,0.000115553,0.000468559,AC092809.4,1.25869494
ENSG00000262370.6,80.69487717,-1.258665563,0.300556759,7.51E-06,3.86E-05,AC108134.3,1.258665563
ENSG00000248587.8,4.325049497,-1.25848403,0.34077838,0.000165922,0.000649213,GDNF-AS1,1.25848403
ENSG00000250777.2,2.801082752,-1.25829822,0.543283232,0.004242939,0.011771991,AC131956.2,1.25829822
ENSG00000286804.1,2.669336976,1.258232163,0.512626103,0.003018161,0.008737964,AC025871.3,1.258232163
ENSG00000226266.6,35.57278559,1.258023014,0.192036791,1.62E-11,2.13E-10,AC009961.1,1.258023014
ENSG00000127990.19,2648.887038,-1.257847886,0.187223421,5.25E-12,7.39E-11,SGCE,1.257847886
ENSG00000143653.10,5379.273447,1.25780937,0.175599842,2.31E-13,3.94E-12,SCCPDH,1.25780937
ENSG00000250654.7,31.59888734,-1.257642081,0.212217357,8.61E-10,8.69E-09,AC023794.3,1.257642081
ENSG00000265683.1,9.382648078,1.257558985,0.408479588,0.000477481,0.001684238,SYPL1P2,1.257558985
ENSG00000129675.16,6620.43113,-1.257123806,0.266870955,6.65E-07,4.16E-06,ARHGEF6,1.257123806
ENSG00000287245.1,2.248799963,-1.257097837,0.516392089,0.003196511,0.009183919,AP001981.2,1.257097837
ENSG00000154473.18,7053.501298,1.25702274,0.128212372,6.26E-23,3.22E-21,BUB3,1.25702274
ENSG00000236278.2,0.865156068,-1.256965088,0.624600883,0.005738526,0.015320935,PEBP1P3,1.256965088
ENSG00000117394.24,4154.688587,1.256754549,0.19374126,2.55E-11,3.27E-10,SLC2A1,1.256754549
ENSG00000163191.6,22264.66276,1.256471669,0.208000737,7.52E-10,7.67E-09,S100A11,1.256471669
ENSG00000161996.19,1554.217987,1.256410349,0.185929746,4.74E-12,6.74E-11,WDR90,1.256410349
ENSG00000207631.1,1.994590516,-1.256211719,0.498270515,0.002942968,0.008542936,MIR641,1.256211719
ENSG00000169689.15,1472.093186,1.256146959,0.200856602,1.26E-10,1.45E-09,CENPX,1.256146959
ENSG00000236816.3,12.76254791,-1.256112133,0.637919284,0.010101686,0.025062128,ANKRD20A7P,1.256112133
ENSG00000229268.1,1.069261163,-1.256009084,0.607136441,0.009567726,0.02391527,PES1P2,1.256009084
ENSG00000196653.12,412.4443963,-1.255982658,0.241885052,5.79E-08,4.35E-07,ZNF502,1.255982658
ENSG00000256072.1,0.951698499,-1.255869422,0.620489454,0.012453789,0.030064195,AC078889.1,1.255869422
ENSG00000260442.5,9.217669156,1.255805963,0.380705988,0.000209781,0.00080158,ATP2A1-AS1,1.255805963
ENSG00000267543.1,16.46170842,-1.255390865,0.245315437,8.59E-08,6.27E-07,AC015802.3,1.255390865
ENSG00000105675.9,2.626623969,-1.255386336,0.397941917,0.000391568,0.001409414,ATP4A,1.255386336
ENSG00000141198.16,2226.057214,1.255357955,0.208607931,5.82E-10,6.03E-09,TOM1L1,1.255357955
ENSG00000280384.1,2.285750635,-1.255309665,0.416177123,0.000769794,0.002591089,FP325332.1,1.255309665
ENSG00000184313.20,14.11535392,-1.255297066,0.314134325,1.74E-05,8.33E-05,MROH7,1.255297066
ENSG00000259649.4,1.978873381,-1.255281237,0.437206603,0.001112046,0.003599671,AC027808.2,1.255281237
ENSG00000238057.10,4.03180664,-1.255197686,0.410732469,0.000570935,0.001978879,ZEB2-AS1,1.255197686
ENSG00000235489.4,7.316558093,1.255149322,0.315114263,1.77E-05,8.50E-05,DBF4P1,1.255149322
ENSG00000159899.15,918.6554785,-1.254958591,0.231253944,1.33E-08,1.11E-07,NPR2,1.254958591
ENSG00000272361.2,8.672482685,-1.254742199,0.21093957,8.96E-10,9.02E-09,AC005014.2,1.254742199
ENSG00000147119.4,239.9708275,-1.254615229,0.16840982,2.64E-14,5.10E-13,CHST7,1.254615229
ENSG00000168994.14,2495.982687,-1.254578985,0.170385941,4.58E-14,8.57E-13,PXDC1,1.254578985
ENSG00000258535.1,5.680021048,-1.254153958,0.294108537,5.74E-06,3.03E-05,AL079307.1,1.254153958
ENSG00000176842.15,2554.535841,1.254041559,0.210451829,8.11E-10,8.25E-09,IRX5,1.254041559
ENSG00000228329.3,1.086673036,-1.254030528,0.53039814,0.004828853,0.013173379,LINC01890,1.254030528
ENSG00000197670.6,63.68662971,1.253901854,0.240819955,5.62E-08,4.23E-07,AL157838.1,1.253901854
ENSG00000047648.23,407.0508009,-1.253820234,0.242740976,6.71E-08,4.98E-07,ARHGAP6,1.253820234
ENSG00000203288.4,29.16394828,1.25352536,0.193796738,2.78E-11,3.55E-10,TDRKH-AS1,1.25352536
ENSG00000219430.2,0.829122628,-1.253473891,0.533201814,0.00446339,0.012298506,MBL3P,1.253473891
ENSG00000214888.3,0.84918563,1.253308741,0.789340464,0.0222913,0.049572116,AL772337.1,1.253308741
ENSG00000160688.19,2660.865987,1.253176095,0.114023702,1.30E-28,1.27E-26,FLAD1,1.253176095
ENSG00000106236.4,108.4097628,1.253057545,0.373191672,0.000202765,0.000777038,NPTX2,1.253057545
ENSG00000146757.14,1920.752431,1.252993389,0.260658858,4.30E-07,2.79E-06,ZNF92,1.252993389
ENSG00000178021.11,1.233652459,-1.252938897,0.507585137,0.003611774,0.010231102,TSPYL6,1.252938897
ENSG00000226191.3,4.052337311,-1.252652035,0.514554625,0.003367216,0.009616001,CLK3P2,1.252652035
ENSG00000253562.1,1.067594794,1.252504242,0.545715207,0.005391926,0.014508968,AC107909.2,1.252504242
ENSG00000276141.4,176.68608,-1.252502356,0.203088288,2.01E-10,2.25E-09,WHAMMP3,1.252502356
ENSG00000169692.13,5752.032747,-1.252477061,0.306224852,1.13E-05,5.63E-05,AGPAT2,1.252477061
ENSG00000159147.18,578.2071645,1.252281446,0.148788622,1.11E-17,3.35E-16,DONSON,1.252281446
ENSG00000224747.1,7.608530594,-1.252230241,0.357743853,0.000123241,0.0004963,MTCYBP21,1.252230241
ENSG00000181072.11,1.285419601,-1.252200688,0.542223351,0.004533628,0.012464067,CHRM2,1.252200688
ENSG00000145819.18,1944.818185,-1.251923052,0.176317952,3.21E-13,5.37E-12,ARHGAP26,1.251923052
ENSG00000149654.11,33.03660755,-1.25182255,0.416158312,0.000666004,0.002271908,CDH22,1.25182255
ENSG00000275567.1,1.139634269,-1.251809464,0.688018438,0.01258532,0.030340701,AC008250.2,1.251809464
ENSG00000268535.1,1.989520195,1.251799308,0.721127443,0.015174583,0.035612541,MTDHP4,1.251799308
ENSG00000117155.17,1345.290652,1.251595978,0.147078545,5.72E-18,1.78E-16,SSX2IP,1.251595978
ENSG00000226580.1,4.343456402,-1.251406177,0.553788483,0.005126616,0.013878712,RPL39P40,1.251406177
ENSG00000232474.1,0.907603814,1.251323652,0.702145943,0.015278045,0.035823249,NCKAP5-IT1,1.251323652
ENSG00000228430.9,1.319267031,-1.251169772,0.508170064,0.003706037,0.010461911,AL162726.3,1.251169772
ENSG00000232638.1,2.146392778,1.250786926,0.716639467,0.01508605,0.035438641,AL390294.1,1.250786926
ENSG00000092978.11,1847.790009,1.250575945,0.147841318,1.21E-17,3.64E-16,GPATCH2,1.250575945
ENSG00000176928.7,354.9758756,-1.250560073,0.27373511,1.33E-06,7.87E-06,GCNT4,1.250560073
ENSG00000244753.2,6.457112812,-1.25040259,0.425198646,0.00089555,0.002965339,RPL15P21,1.25040259
ENSG00000105963.15,128.7391012,1.250359,0.276930668,1.80E-06,1.04E-05,ADAP1,1.250359
ENSG00000138496.16,5808.610697,1.250357748,0.195834138,5.96E-11,7.23E-10,PARP9,1.250357748
ENSG00000236754.5,5.026254808,-1.250321182,0.346884549,7.09E-05,0.000301007,AC007666.1,1.250321182
ENSG00000283071.1,4.296424225,-1.250306839,0.570287699,0.006117856,0.016227278,LBHD2,1.250306839
ENSG00000267406.1,1.562373976,1.250184978,0.615537212,0.009431127,0.023623822,AC011509.1,1.250184978
ENSG00000005810.18,5787.551101,-1.250023316,0.168356066,3.06E-14,5.87E-13,MYCBP2,1.250023316
ENSG00000233560.2,9.931754798,1.249956055,0.260767058,5.21E-07,3.32E-06,KRT8P39,1.249956055
ENSG00000265752.3,14.47663757,-1.249889611,0.288637606,3.94E-06,2.14E-05,AC010754.1,1.249889611
ENSG00000118276.11,354.0467481,-1.249717405,0.247770547,1.29E-07,9.13E-07,B4GALT6,1.249717405
ENSG00000279659.1,9.207383384,-1.249689852,0.351669639,0.000104962,0.000429873,AL451064.2,1.249689852
ENSG00000236861.6,20.9485663,-1.249211368,0.196576806,7.34E-11,8.76E-10,BET1-AS1,1.249211368
ENSG00000077684.16,2488.149798,-1.249158168,0.143910367,9.98E-19,3.38E-17,JADE1,1.249158168
ENSG00000021826.17,492.9342754,-1.249098265,0.28569358,3.38E-06,1.86E-05,CPS1,1.249098265
ENSG00000171989.6,3.970387056,-1.249011071,0.317052502,2.45E-05,0.000114056,LDHAL6B,1.249011071
ENSG00000106367.15,2184.955305,1.24896255,0.137215581,4.44E-20,1.72E-18,AP1S1,1.24896255
ENSG00000175556.17,159.1972257,-1.248842943,0.270879069,1.10E-06,6.64E-06,LONRF3,1.248842943
ENSG00000197822.11,1094.879315,1.248788029,0.241056735,6.26E-08,4.67E-07,OCLN,1.248788029
ENSG00000276445.1,15.65332746,-1.248745688,0.27131007,1.08E-05,5.38E-05,AC005393.1,1.248745688
ENSG00000286859.1,14.40282896,1.24855261,0.270757294,1.18E-06,7.07E-06,AL158214.2,1.24855261
ENSG00000286511.1,42.39310848,-1.248470129,0.270695102,1.11E-06,6.68E-06,Z95118.2,1.248470129
ENSG00000197614.11,6807.889651,-1.248375092,0.362141314,0.000128798,0.000516928,MFAP5,1.248375092
ENSG00000249363.1,3.355915934,-1.248289583,0.381578121,0.000315899,0.001161746,AC011411.1,1.248289583
ENSG00000242097.1,0.893505901,-1.248275129,0.578194061,0.008781804,0.022216925,AC068647.1,1.248275129
ENSG00000253286.6,1.938218402,1.248001271,0.66157802,0.01190022,0.028903689,AC135166.1,1.248001271
ENSG00000157388.19,925.9381216,1.247968068,0.309749464,1.60E-05,7.74E-05,CACNA1D,1.247968068
ENSG00000235286.1,3.318344718,-1.247940509,0.351475697,0.000103832,0.000425599,AP000925.1,1.247940509
ENSG00000110900.16,401.280709,-1.247900254,0.207801427,4.75E-10,4.99E-09,TSPAN11,1.247900254
ENSG00000167210.17,49.45640669,-1.247794755,0.282385084,2.68E-06,1.51E-05,LOXHD1,1.247794755
ENSG00000163918.11,996.3478268,1.247579898,0.179640334,1.18E-12,1.84E-11,RFC4,1.247579898
ENSG00000269066.1,0.884355417,-1.247569336,0.547343399,0.006294917,0.016636809,AC020908.3,1.247569336
ENSG00000234521.2,2.008988622,1.247365949,0.435542962,0.001231302,0.003939926,AC005041.2,1.247365949
ENSG00000101199.13,4216.1447,1.247243082,0.185852394,6.68E-12,9.23E-11,ARFGAP1,1.247243082
ENSG00000259732.1,7.636014894,-1.247208056,0.304702402,1.28E-05,6.29E-05,AC092757.2,1.247208056
ENSG00000234020.1,1.89337816,-1.247109969,0.500630004,0.00314825,0.009061167,CHIAP3,1.247109969
ENSG00000229057.1,1.239537765,1.246994163,0.674325118,0.013634371,0.032500765,RPS3AP54,1.246994163
ENSG00000259424.1,16.40174137,1.246896884,0.444786344,0.001265446,0.004037998,IRAIN,1.246896884
ENSG00000167550.11,62.73900196,1.246830734,0.170747648,8.38E-14,1.51E-12,RHEBL1,1.246830734
ENSG00000167754.13,1407.194548,-1.246669344,0.538670737,1.25E-06,7.44E-06,KLK5,1.246669344
ENSG00000277013.1,274.2494558,1.246385335,0.297143391,7.81E-06,4.00E-05,AC008556.1,1.246385335
ENSG00000231680.1,3.810924104,-1.246307264,0.32737293,3.91E-05,0.000174623,LINC02723,1.246307264
ENSG00000131142.13,3.266349075,1.246259663,0.463022969,0.001787622,0.005479046,CCL25,1.246259663
ENSG00000105737.9,131.1973791,-1.246100132,0.278114534,2.02E-06,1.16E-05,GRIK5,1.246100132
ENSG00000250218.1,0.800200358,-1.246071228,0.734611895,0.020022516,0.045215252,ALDH1L1-AS1,1.246071228
ENSG00000169427.8,8.544052686,1.246016855,0.355236631,0.000114718,0.000465509,KCNK9,1.246016855
ENSG00000269994.3,18.77627086,-1.245882532,0.4099434,0.000616637,0.002122489,AL513318.1,1.245882532
ENSG00000167074.15,2662.4295,-1.245808732,0.209512343,7.83E-10,7.98E-09,TEF,1.245808732
ENSG00000138684.9,5.196143544,1.245795645,0.571548099,8.84E-12,1.21E-10,IL21,1.245795645
ENSG00000233338.1,0.936845537,1.245731853,0.708426182,0.011567521,0.02820198,TLR8-AS1,1.245731853
ENSG00000124107.5,3822.576157,-1.245539096,0.420819657,0.000761142,0.002567026,SLPI,1.245539096
ENSG00000166634.6,1.058413177,-1.245507366,0.728095443,0.01896375,0.043189283,SERPINB12,1.245507366
ENSG00000272071.1,0.932001633,1.245394036,0.568407082,0.007257594,0.018813999,AC122710.2,1.245394036
ENSG00000248408.1,0.66638278,-1.245336874,0.676786283,0.017190203,0.039665195,LINC02469,1.245336874
ENSG00000232987.2,1.361951199,-1.244924726,0.8629174,0.012852905,0.030906497,LINC01219,1.244924726
ENSG00000163586.10,1.731769113,-1.244839829,0.622935593,0.009210018,0.023155607,FABP1,1.244839829
ENSG00000237417.1,5.492521074,-1.24473039,0.479931379,0.002071963,0.006259708,XRCC6P1,1.24473039
ENSG00000171016.13,449.7208797,-1.244496445,0.207308144,5.24E-05,0.000228663,PYGO1,1.244496445
ENSG00000200525.1,2.127060889,1.244398243,0.557159569,0.005344434,0.014394974,RNU6-1209P,1.244398243
ENSG00000129295.9,602.1029498,1.2442353,0.236494131,4.24E-08,3.25E-07,LRRC6,1.2442353
ENSG00000135363.12,1183.317282,-1.244024251,0.134079499,5.45E-21,2.34E-19,LMO2,1.244024251
ENSG00000285879.1,1.507116513,-1.243900319,0.465777354,0.001753515,0.005386697,AC018628.2,1.243900319
ENSG00000248323.7,66.30425039,-1.243880935,0.286099287,3.59E-06,1.97E-05,LUCAT1,1.243880935
ENSG00000138639.18,657.4577858,-1.243840583,0.164060442,9.89E-15,2.02E-13,ARHGAP24,1.243840583
ENSG00000088340.17,255.0876983,1.24364597,0.406014229,0.000560986,0.00194815,FER1L4,1.24364597
ENSG00000231424.3,38.61090511,-1.243638057,0.299064576,9.02E-06,4.56E-05,BX284613.2,1.243638057
ENSG00000196468.8,31.9152717,-1.243610765,0.460881723,0.001670729,0.005157387,FGF16,1.243610765
ENSG00000087253.13,1998.007926,-1.243482063,0.16573785,1.82E-14,3.61E-13,LPCAT2,1.243482063
ENSG00000070778.13,1862.686505,-1.243370072,0.176803523,5.91E-13,9.56E-12,PTPN21,1.243370072
ENSG00000158850.15,3120.627485,1.243304063,0.117924181,1.99E-26,1.53E-24,B4GALT3,1.243304063
ENSG00000234650.6,4.259226369,-1.243149415,0.371901368,0.000235561,0.000890128,PCCA-AS1,1.243149415
ENSG00000163141.20,1528.756828,1.242647844,0.315126608,2.23E-05,0.000105035,BNIPL,1.242647844
ENSG00000256235.2,2034.124801,-1.242001648,0.226123159,9.27E-09,7.96E-08,SMIM3,1.242001648
ENSG00000089558.9,16.8784059,-1.241915807,0.257917241,3.97E-07,2.59E-06,KCNH4,1.241915807
ENSG00000178081.12,1.8206978,-1.241810417,0.624604078,0.008882078,0.022433043,ULK4P3,1.241810417
ENSG00000280890.1,0.831175831,1.241669964,0.592770199,0.00910352,0.022915716,ELDR,1.241669964
ENSG00000120436.4,14.3086316,1.241649657,0.317263334,2.60E-05,0.000120464,GPR31,1.241649657
ENSG00000260714.1,2.024929383,-1.24162016,0.352243985,0.000131454,0.000526565,AC133552.1,1.24162016
ENSG00000234362.6,15.32320474,-1.241500661,0.340946238,7.17E-05,0.000303828,LINC01914,1.241500661
ENSG00000111961.18,6554.922988,-1.241481967,0.195626001,6.73E-11,8.09E-10,SASH1,1.241481967
ENSG00000116985.12,391.2560977,1.241364616,0.265847791,8.39E-07,5.15E-06,BMP8B,1.241364616
ENSG00000250091.3,196.1695481,1.241309167,0.195002052,5.79E-11,7.04E-10,DNAH10OS,1.241309167
ENSG00000167183.3,2088.861687,1.24129373,0.341741621,8.02E-05,0.000336654,PRR15L,1.24129373
ENSG00000142273.13,698.7419224,1.240677418,0.341125067,7.53E-05,0.000317926,CBLC,1.240677418
ENSG00000207200.1,2.502027535,1.240644249,0.471639103,0.00203402,0.006155968,RNU6-45P,1.240644249
ENSG00000255026.1,261.5109175,1.240604559,0.477456353,0.002315491,0.006906739,AC136475.3,1.240604559
ENSG00000263080.1,4.510543455,1.240543902,0.391893227,0.000452442,0.001606013,AC009121.3,1.240543902
ENSG00000103740.10,20.79602101,-1.240395893,0.369999715,0.000203535,0.00077961,ACSBG1,1.240395893
ENSG00000232093.1,89.59108722,1.240125811,0.247785031,1.60E-07,1.11E-06,DCST1-AS1,1.240125811
ENSG00000225008.1,1.145585446,-1.239972447,0.558565873,0.007002625,0.018245747,AC234781.2,1.239972447
ENSG00000102547.19,2903.878027,-1.239778205,0.183180806,3.83E-12,5.53E-11,CAB39L,1.239778205
ENSG00000227544.10,22.65555766,-1.239763001,0.181286039,2.60E-12,3.86E-11,AC018647.1,1.239763001
ENSG00000257696.1,13.54928219,1.239652655,0.270513257,1.34E-06,7.89E-06,AC010203.2,1.239652655
ENSG00000130711.5,4.711911096,1.239353451,0.300254337,1.11E-05,5.53E-05,PRDM12,1.239353451
ENSG00000176533.13,1004.10026,-1.239226053,0.218562148,3.39E-09,3.11E-08,GNG7,1.239226053
ENSG00000204965.9,20.43178222,1.239178977,0.380352776,0.00029481,0.001090828,PCDHA5,1.239178977
ENSG00000233609.3,6.878049033,-1.238910931,0.322745755,3.20E-05,0.000145715,RPL10P19,1.238910931
ENSG00000134324.12,3106.062303,-1.238813996,0.222947589,6.60E-09,5.79E-08,LPIN1,1.238813996
ENSG00000237738.1,1.591351972,-1.238761583,0.446949318,0.001565429,0.004867525,RNF216-IT1,1.238761583
ENSG00000111912.20,4435.222337,-1.238607574,0.244076809,1.03E-07,7.44E-07,NCOA7,1.238607574
ENSG00000239650.4,1.926578763,-1.238487607,0.412069593,0.000806255,0.002701315,GUSBP4,1.238487607
ENSG00000278962.1,223.4635527,-1.238174556,0.26584161,8.51E-07,5.21E-06,AC092645.1,1.238174556
ENSG00000213025.2,30.49084688,1.238167372,0.560166686,0.006111255,0.016213585,COX20P1,1.238167372
ENSG00000148154.10,7154.591191,1.237982959,0.224392937,1.38E-08,1.14E-07,UGCG,1.237982959
ENSG00000237139.1,1.79362235,1.237980751,0.598222653,0.00836848,0.021287791,RPS26P41,1.237980751
ENSG00000180035.13,906.7062031,1.237734103,0.126971878,6.30E-23,3.24E-21,ZNF48,1.237734103
ENSG00000229636.2,0.621378136,1.237456278,0.725887854,0.018849956,0.042964994,KRT8P21,1.237456278
ENSG00000123095.6,3949.844853,-1.237455416,0.183035769,3.15E-12,4.62E-11,BHLHE41,1.237455416
ENSG00000234998.1,4.38009538,-1.237426592,0.316354616,2.61E-05,0.000120935,AC244453.3,1.237426592
ENSG00000251803.1,1.017330814,1.23737608,0.677087928,0.015401486,0.036076083,Y_RNA,1.23737608
ENSG00000231956.1,1.60888351,-1.237207792,0.470951092,0.002406053,0.007147023,HNRNPA1P9,1.237207792
ENSG00000177119.16,10899.42301,-1.237024544,0.183720194,3.13E-12,4.59E-11,ANO6,1.237024544
ENSG00000211798.3,4.600920671,1.237002666,0.399541194,0.000535925,0.001869205,TRAV18,1.237002666
ENSG00000286743.1,2.879214992,-1.236979287,0.448505928,0.00144831,0.004545815,AC127540.2,1.236979287
ENSG00000172366.20,1086.849338,1.23687239,0.228405535,1.90E-08,1.54E-07,MCRIP2,1.23687239
ENSG00000211454.15,68.62776041,1.236822374,0.282048017,3.25E-06,1.80E-05,AKR7L,1.236822374
ENSG00000184925.12,72.28010599,1.2367956,0.338641554,7.12E-05,0.000302081,LCN12,1.2367956
ENSG00000127399.15,466.0760416,1.236657674,0.170937142,1.66E-13,2.88E-12,LRRC61,1.236657674
ENSG00000230782.1,0.84427922,-1.236332992,0.642085282,0.015630991,0.036528478,AL807761.4,1.236332992
ENSG00000061656.10,198.7516111,1.236264312,0.263287874,7.50E-07,4.64E-06,SPAG4,1.236264312
ENSG00000160326.14,242.8966396,1.235957318,0.256862105,4.30E-07,2.79E-06,SLC2A6,1.235957318
ENSG00000108691.9,2358.636417,-1.235941295,0.313457027,2.18E-05,0.000102892,CCL2,1.235941295
ENSG00000283646.2,153.3050077,-1.235826987,0.478736359,0.002367734,0.007045451,LINC02009,1.235826987
ENSG00000167642.13,4578.981121,1.235590551,0.264237953,8.62E-07,5.27E-06,SPINT2,1.235590551
ENSG00000244582.2,5.411941863,-1.235556568,0.277929665,2.70E-06,1.52E-05,RPL21P120,1.235556568
ENSG00000162413.16,4563.822526,-1.235405774,0.172182522,1.66E-13,2.87E-12,KLHL21,1.235405774
ENSG00000184979.10,584.5099741,1.235245579,0.22619412,1.37E-08,1.14E-07,USP18,1.235245579
ENSG00000243607.3,0.864538326,-1.23521028,0.613213272,0.011721952,0.028534214,RPL35AP26,1.23521028
ENSG00000253959.1,6.215243563,1.23472414,0.443252706,0.001404411,0.004423579,LINC01863,1.23472414
ENSG00000286349.1,4.712292359,-1.234664756,0.271792665,1.55E-06,9.01E-06,AC108471.3,1.234664756
ENSG00000166557.14,6764.819242,1.234550232,0.17710715,1.09E-12,1.71E-11,TMED3,1.234550232
ENSG00000283914.1,0.642970888,-1.23427719,0.626721642,0.013850777,0.032946649,AC087645.4,1.23427719
ENSG00000128886.12,8.667517439,1.234084399,0.338140479,7.04E-05,0.000299336,ELL3,1.234084399
ENSG00000267496.4,1.849275997,-1.233739079,0.367346775,0.000228172,0.000864534,FAM215A,1.233739079
ENSG00000237422.2,5.757753992,-1.233659549,0.313555678,2.10E-05,9.92E-05,AL158071.3,1.233659549
ENSG00000138376.11,826.9186773,1.233657985,0.159141612,2.57E-15,5.68E-14,BARD1,1.233657985
ENSG00000163378.14,2139.788148,-1.233636133,0.141545651,8.15E-19,2.79E-17,EOGT,1.233636133
ENSG00000233626.2,5.418614377,1.233457012,0.298967276,1.07E-05,5.33E-05,AC092814.2,1.233457012
ENSG00000124496.12,1433.997074,1.233306103,0.193789567,6.79E-11,8.15E-10,TRERF1,1.233306103
ENSG00000274929.1,6.314652626,-1.233181045,0.236755075,5.34E-08,4.04E-07,AL157813.1,1.233181045
ENSG00000258441.1,800.8550982,-1.233056116,0.244876237,1.36E-07,9.58E-07,LINC00641,1.233056116
ENSG00000164104.12,5697.359349,1.232879578,0.190933819,3.81E-11,4.75E-10,HMGB2,1.232879578
ENSG00000143799.14,12875.01375,1.232552048,0.134612241,3.01E-20,1.19E-18,PARP1,1.232552048
ENSG00000178896.9,738.4758157,1.232199681,0.188691668,2.27E-11,2.93E-10,EXOSC4,1.232199681
ENSG00000267296.2,209.1066037,-1.232077113,0.253335876,3.25E-07,2.15E-06,CEBPA-DT,1.232077113
ENSG00000171700.14,882.8285436,1.231861407,0.21248238,1.98E-09,1.89E-08,RGS19,1.231861407
ENSG00000158815.11,9.934821159,-1.231348704,0.464960118,0.001983758,0.006015899,FGF17,1.231348704
ENSG00000255274.9,28.90819045,-1.231159125,0.434811101,0.00114458,0.003691601,SMIM35,1.231159125
ENSG00000139343.10,2360.066239,1.231068328,0.163256487,1.85E-14,3.65E-13,SNRPF,1.231068328
ENSG00000175344.19,20.68672887,-1.231054256,0.219363626,6.44E-09,5.67E-08,CHRNA7,1.231054256
ENSG00000130962.18,851.1124845,-1.230997244,0.217398097,4.36E-09,3.93E-08,PRRG1,1.230997244
ENSG00000261587.2,2.53807633,1.230632594,0.448827856,0.001631408,0.00505149,TMEM249,1.230632594
ENSG00000229195.1,1.864380073,-1.230500729,0.461686775,0.001862259,0.005686069,AC009495.1,1.230500729
ENSG00000152939.17,1824.989156,1.230485171,0.220494114,7.82E-09,6.77E-08,MARVELD2,1.230485171
ENSG00000165140.11,1880.063016,1.230318893,0.260882565,6.57E-07,4.12E-06,FBP1,1.230318893
ENSG00000245281.8,58.9461307,-1.230077776,0.211461996,1.82E-09,1.75E-08,AC124242.1,1.230077776
ENSG00000180263.14,2097.4035,1.229922003,0.205581961,7.30E-10,7.46E-09,FGD6,1.229922003
ENSG00000127472.11,101.8037862,-1.22980046,0.314471953,2.56E-05,0.000118838,PLA2G5,1.22980046
ENSG00000162782.16,598.4744599,1.229771254,0.341428079,8.68E-05,0.000362053,TDRD5,1.229771254
ENSG00000260920.2,184.7258072,1.22976258,0.160467748,5.68E-15,1.20E-13,AL031985.3,1.22976258
ENSG00000236675.1,122.5906848,1.229446378,0.147437826,2.32E-17,6.70E-16,MTX1P1,1.229446378
ENSG00000146281.6,1117.545317,-1.229310971,0.333921978,6.27E-05,0.000269255,PM20D2,1.229310971
ENSG00000123080.12,1628.412378,-1.228709827,0.264282132,9.48E-07,5.77E-06,CDKN2C,1.228709827
ENSG00000226642.1,2.203444691,-1.228675642,0.527545178,0.004331561,0.011982329,ACTG1P12,1.228675642
ENSG00000286757.2,19.06858441,-1.228666105,0.250053073,2.60E-07,1.75E-06,AL137139.2,1.228666105
ENSG00000171931.13,10.08777807,1.228507611,0.43239726,0.001144253,0.003691152,FBXW10,1.228507611
ENSG00000261136.1,33.57043824,1.228391241,0.338638603,8.02E-05,0.000336834,AC023908.3,1.228391241
ENSG00000260545.1,2.669448755,-1.228371296,0.425394549,0.000980818,0.003217842,AC026771.1,1.228371296
ENSG00000042493.16,8016.099538,1.228134434,0.198946491,2.09E-10,2.33E-09,CAPG,1.228134434
ENSG00000101144.13,698.7411224,1.228114596,0.412360491,0.000781588,0.002628084,BMP7,1.228114596
ENSG00000166596.15,22.97970281,1.227994866,0.363118496,0.0001908,0.000737299,CFAP52,1.227994866
ENSG00000162496.9,4005.672664,-1.227856375,0.202707961,3.06E-10,3.32E-09,DHRS3,1.227856375
ENSG00000129173.13,196.2708512,1.227652908,0.307244282,4.54E-25,2.94E-23,E2F8,1.227652908
ENSG00000265190.7,196.1529105,-1.227592215,0.445413829,0.001463324,0.004586709,ANXA8,1.227592215
ENSG00000261064.1,15.996875,-1.22732988,0.223214376,1.25E-08,1.05E-07,LINC02256,1.22732988
ENSG00000259565.2,1.414863602,1.227291289,0.486400297,0.003051155,0.008820484,KRT8P23,1.227291289
ENSG00000204583.10,7.147642196,-1.227099275,0.449609192,0.001281558,0.004082114,LRCOL1,1.227099275
ENSG00000130590.14,514.3822084,1.226748075,0.221035955,9.19E-09,7.90E-08,SAMD10,1.226748075
ENSG00000240674.1,2.232523338,-1.226742664,0.425886998,0.001150574,0.003708193,AC106872.2,1.226742664
ENSG00000168476.12,1029.129512,1.226526705,0.160042984,5.87E-15,1.24E-13,REEP4,1.226526705
ENSG00000250886.1,3.966148317,1.225982904,0.380951677,0.000384042,0.001385883,AC010368.1,1.225982904
ENSG00000197329.12,2641.1363,-1.225931206,0.172651429,3.34E-13,5.57E-12,PELI1,1.225931206
ENSG00000136114.17,562.6153072,-1.225708871,0.158474189,3.08E-15,6.74E-14,THSD1,1.225708871
ENSG00000188820.13,23.90361027,1.225638703,0.358415528,0.000168339,0.000657883,CALHM6,1.225638703
ENSG00000168070.12,8.148232046,1.225443134,0.572733834,0.007544919,0.019462323,MAJIN,1.225443134
ENSG00000042832.12,37.38760424,1.22535591,0.259454706,6.64E-07,4.15E-06,TG,1.22535591
ENSG00000286417.1,3.606610603,1.225286758,0.708138205,0.016359772,0.038012804,AL133334.1,1.225286758
ENSG00000257135.7,38.86979505,-1.225228107,0.184938016,7.99E-12,1.10E-10,ODC1-DT,1.225228107
ENSG00000259126.1,5.752287969,1.224987446,0.68976669,0.015768645,0.036815372,AL161752.1,1.224987446
ENSG00000171223.6,9144.362808,-1.224841251,0.270337996,1.44E-06,8.43E-06,JUNB,1.224841251
ENSG00000251361.1,0.902605753,-1.224669287,0.661502477,0.013254969,0.031719554,AC012625.1,1.224669287
ENSG00000270980.1,0.818899642,1.224631448,0.791958857,0.019168376,0.043587084,AC060764.1,1.224631448
ENSG00000091972.18,1207.947022,-1.224562582,0.159983516,5.74E-15,1.21E-13,CD200,1.224562582
ENSG00000130052.13,873.4147342,-1.224548044,0.170018923,1.77E-13,3.06E-12,STARD8,1.224548044
ENSG00000286159.1,8.292291491,1.224383048,0.469940087,0.00225833,0.006760876,AL035106.1,1.224383048
ENSG00000198466.12,1990.277223,1.224333591,0.246262774,2.22E-07,1.51E-06,ZNF587,1.224333591
ENSG00000255649.2,2.060327338,1.224298953,0.544118973,0.005647672,0.015111234,AC008114.1,1.224298953
ENSG00000095713.14,310.3760872,-1.224240003,0.442549581,0.001422446,0.004472497,CRTAC1,1.224240003
ENSG00000211904.2,11.30726813,-1.224231288,0.414063846,0.000804412,0.002695831,IGHJ2,1.224231288
ENSG00000179698.14,93.88508102,1.22407327,0.379868345,0.000344039,0.001255013,WDR97,1.22407327
ENSG00000259725.1,76.39539602,1.223998348,0.345593733,0.000111879,0.000455542,AC106738.2,1.223998348
ENSG00000205869.2,25.67720942,1.223742458,0.305952761,1.73E-05,8.32E-05,KRTAP5-1,1.223742458
ENSG00000128228.5,727.1329049,1.223730426,0.195370325,1.24E-10,1.43E-09,SDF2L1,1.223730426
ENSG00000053702.15,370.4906803,-1.223680753,0.155451358,1.06E-15,2.46E-14,NRIP2,1.223680753
ENSG00000250966.2,37.145172,1.223548387,0.235302832,6.17E-08,4.60E-07,H3P14,1.223548387
ENSG00000234997.2,4.198951931,1.223532951,0.376154563,0.000321669,0.001179983,AC016745.1,1.223532951
ENSG00000254952.1,2.265896746,-1.223386668,0.556797498,0.006709521,0.017585856,LINC02705,1.223386668
ENSG00000256249.1,3.480569838,-1.22335627,0.382150724,0.0003664,0.001328932,AC026333.3,1.22335627
ENSG00000237609.1,0.947182842,-1.223230209,0.630501926,0.01323205,0.031678216,AF064858.2,1.223230209
ENSG00000278998.1,2.54935352,-1.223094121,0.569698537,0.007611606,0.019610069,AC099552.4,1.223094121
ENSG00000163382.12,4838.750528,1.22298033,0.129609121,1.26E-21,5.78E-20,NAXE,1.22298033
ENSG00000111860.14,520.863133,-1.222943075,0.231819372,3.79E-08,2.93E-07,CEP85L,1.222943075
ENSG00000287763.1,11.5085811,1.222822291,0.431545245,0.001191029,0.003823517,AC068279.2,1.222822291
ENSG00000224646.2,1.188647697,-1.222666753,0.620302418,0.012343247,0.029835842,RPS28P5,1.222666753
ENSG00000264553.1,2.1614595,-1.222641242,0.460401195,0.001849667,0.005651576,MIR4257,1.222641242
ENSG00000239605.11,4.585068856,-1.222603733,0.391523154,0.000496487,0.001745325,STPG4,1.222603733
ENSG00000223884.7,8.536689946,-1.222487139,0.299478493,1.28E-05,6.28E-05,AC068481.1,1.222487139
ENSG00000211958.2,8.048236894,-1.222322026,0.448500825,0.001616821,0.00501106,IGHV3-38,1.222322026
ENSG00000214559.3,1.917922202,1.222283507,0.404777857,0.000750769,0.002535524,AC019077.1,1.222283507
ENSG00000242600.8,8.965496806,-1.222203898,0.264916563,1.12E-06,6.75E-06,MBL1P,1.222203898
ENSG00000247416.4,1.461025396,-1.221628739,0.514280285,0.004973684,0.013513123,AP000802.1,1.221628739
ENSG00000286724.1,98.55038001,-1.221145221,0.193125414,7.91E-11,9.39E-10,AL732509.1,1.221145221
ENSG00000248530.1,1.07048161,-1.221085706,0.579202934,0.009020142,0.02273456,BCL2L12P1,1.221085706
ENSG00000171487.15,43.70486071,-1.221023478,0.783642701,0.021107891,0.047277632,NLRP5,1.221023478
ENSG00000280381.1,2.683027811,-1.220960859,0.364689551,0.000259764,0.00097372,AC026362.2,1.220960859
ENSG00000179918.19,6180.138391,1.220840529,0.130748017,6.91E-21,2.93E-19,SEPHS2,1.220840529
ENSG00000136908.18,2666.122317,1.220768822,0.141116493,2.38E-18,7.77E-17,DPM2,1.220768822
ENSG00000130035.9,48.22918773,-1.220746275,0.312141316,2.61E-05,0.000120882,GALNT8,1.220746275
ENSG00000145103.15,636.1232289,1.220726585,0.257712034,6.77E-07,4.22E-06,ILDR1,1.220726585
ENSG00000198046.12,452.0485878,-1.220505234,0.256176153,5.33E-07,3.40E-06,ZNF667,1.220505234
ENSG00000132972.19,4.808653624,-1.22029121,0.782515748,0.021877302,0.048745275,RNF17,1.22029121
ENSG00000154917.11,668.2941241,-1.220211911,0.22122391,9.75E-09,8.34E-08,RAB6B,1.220211911
ENSG00000219274.1,1.688067369,-1.220078551,0.378900418,0.000389433,0.001402502,RPS20P2,1.220078551
ENSG00000168298.7,19.7726721,1.21994546,0.388490059,0.000435259,0.001550764,H1-4,1.21994546
ENSG00000158077.5,4.049093192,-1.219637085,0.411874439,0.000852382,0.00283819,NLRP14,1.219637085
ENSG00000204110.6,2.69170198,1.219553306,0.613875019,0.010810178,0.026599876,LINC02520,1.219553306
ENSG00000155530.3,79.95629945,1.219397793,0.242435161,1.50E-07,1.05E-06,LRGUK,1.219397793
ENSG00000157870.17,1910.096451,1.219046111,0.161231991,1.27E-14,2.56E-13,PRXL2B,1.219046111
ENSG00000272491.1,14.03531325,-1.219039013,0.315191401,3.09E-05,0.000141089,AL109659.2,1.219039013
ENSG00000251867.4,80.57911602,-1.219010135,0.204194117,6.59E-10,6.78E-09,AC009812.1,1.219010135
ENSG00000214822.8,0.953011064,-1.218929312,0.648634413,0.017606424,0.040506632,KRT16P3,1.218929312
ENSG00000166451.13,277.3773054,1.218856472,0.159918762,7.85E-15,1.63E-13,CENPN,1.218856472
ENSG00000121900.19,1379.248147,1.21880542,0.161528301,1.69E-14,3.36E-13,TMEM54,1.21880542
ENSG00000273062.1,23.77306553,1.218632993,0.300114579,1.42E-05,6.94E-05,AL449106.1,1.218632993
ENSG00000186577.14,1185.483316,1.218623036,0.162042757,2.23E-14,4.35E-13,SMIM29,1.218623036
ENSG00000253395.1,16.49272723,1.218600498,0.344918713,0.000110472,0.000450324,AP003469.2,1.218600498
ENSG00000240163.1,3.301518797,-1.218449531,0.362844012,0.000191956,0.000741256,AC087385.1,1.218449531
ENSG00000185760.17,137.0843239,-1.218255046,0.383662048,0.001289856,0.004104219,KCNQ5,1.218255046
ENSG00000272745.1,5.041991649,1.218250875,0.353645895,0.000158998,0.000624794,AC004948.1,1.218250875
ENSG00000271771.1,0.804790269,1.218248264,0.66754284,0.019810798,0.04481701,AC139792.1,1.218248264
ENSG00000011523.14,3077.061615,-1.218183555,0.112315762,6.82E-28,6.23E-26,CEP68,1.218183555
ENSG00000173486.14,7.672959452,1.218099082,0.341345854,9.85E-05,0.000405821,FKBP2,1.218099082
ENSG00000170802.16,1298.072567,-1.218092628,0.185257455,1.47E-11,1.94E-10,FOXN2,1.218092628
ENSG00000260156.1,1.58113002,1.218048794,0.511644232,0.004398416,0.012143326,AC020763.1,1.218048794
ENSG00000262950.2,1.899113147,-1.217539116,0.37311563,0.000340812,0.001244742,AC007861.1,1.217539116
ENSG00000093100.13,10.86295571,-1.217322843,0.389129198,0.000486306,0.001712138,AC016026.1,1.217322843
ENSG00000000460.17,464.5486687,1.217301208,0.143256052,6.31E-18,1.95E-16,C1orf112,1.217301208
ENSG00000136518.17,2767.023943,1.217211152,0.155044625,1.84E-15,4.14E-14,ACTL6A,1.217211152
ENSG00000280172.1,2.567594316,-1.217169222,0.542689142,0.006276776,0.016596679,FP475955.4,1.217169222
ENSG00000131435.13,1642.718771,-1.217166808,0.203199609,5.77E-10,5.98E-09,PDLIM4,1.217166808
ENSG00000228307.2,36.83005303,-1.217042392,0.441232424,0.001513827,0.004727655,OR2S1P,1.217042392
ENSG00000224061.1,1.175056632,-1.216704945,0.597464041,0.009071592,0.02284706,SRSF3P4,1.216704945
ENSG00000258354.1,2.636916249,1.21657698,0.395948027,0.000596336,0.002058201,AC138932.1,1.21657698
ENSG00000178573.7,3082.155639,-1.216506059,0.181666583,6.44E-12,8.94E-11,MAF,1.216506059
ENSG00000275630.1,5.456667754,-1.216307332,0.371495933,0.000294781,0.001090828,AC004816.2,1.216307332
ENSG00000175336.10,32.75408384,1.216010491,0.516728067,0.004510878,0.012411076,APOF,1.216010491
ENSG00000259370.2,64.85291529,-1.215660745,0.305010737,1.93E-05,9.19E-05,AC103740.1,1.215660745
ENSG00000267366.1,9.86046972,1.215603414,0.312063576,2.77E-05,0.000127385,AP005131.2,1.215603414
ENSG00000265511.1,28.61496875,-1.215468262,0.239544786,1.10E-07,7.91E-07,AC020558.2,1.215468262
ENSG00000164742.16,2692.040296,1.215432198,0.420685343,0.001050622,0.003417741,ADCY1,1.215432198
ENSG00000239552.2,38.69161254,1.215237365,0.470162751,0.002457165,0.007282109,HOXB-AS2,1.215237365
ENSG00000251087.3,2.842114296,1.215183921,0.567372474,0.007905423,0.020262064,ALG1L3P,1.215183921
ENSG00000243069.8,89.57548492,1.215175124,0.310238507,2.63E-05,0.000121647,ARHGEF26-AS1,1.215175124
ENSG00000203362.2,26.75657878,1.214871125,0.192706764,9.13E-11,1.07E-09,POLH-AS1,1.214871125
ENSG00000273258.1,5.239099354,-1.214511578,0.364617872,0.000250905,0.000943301,AC016737.2,1.214511578
ENSG00000276627.3,2.541087082,1.214425582,0.303103183,5.46E-15,1.16E-13,AL117372.1,1.214425582
ENSG00000228271.2,2.985945946,1.214415378,0.438142328,0.001471035,0.004607568,LINC02048,1.214415378
ENSG00000253653.1,1.775024239,1.214263101,0.525630619,0.005146638,0.013926197,AC009185.1,1.214263101
ENSG00000267466.1,6.764313067,1.214115187,0.266165963,0.004989706,0.013552901,AC021683.1,1.214115187
ENSG00000172731.14,614.9335601,-1.214036034,0.154859206,1.56E-09,1.51E-08,LRRC20,1.214036034
ENSG00000211961.3,39.65768344,-1.213929366,0.564108725,0.007223943,0.018740576,IGHV1-45,1.213929366
ENSG00000107242.20,417.8688351,-1.213926864,0.253059896,4.63E-07,2.98E-06,PIP5K1B,1.213926864
ENSG00000186231.17,34.75794157,-1.213602642,0.272242604,2.31E-06,1.31E-05,KLHL32,1.213602642
ENSG00000261970.1,3.196993819,-1.213429689,0.368637385,0.000316641,0.001164039,AL391840.2,1.213429689
ENSG00000138670.18,1074.365925,-1.213427988,0.176485826,1.86E-12,2.82E-11,RASGEF1B,1.213427988
ENSG00000152818.18,12353.71464,-1.213397784,0.19229469,4.22E-11,5.24E-10,UTRN,1.213397784
ENSG00000111537.5,12.29355183,1.213274283,0.466004987,0.002355215,0.00701192,IFNG,1.213274283
ENSG00000237798.1,0.868094912,-1.213176898,0.697727452,0.011890116,0.028882717,AC010894.3,1.213176898
ENSG00000115541.11,1001.959421,1.213160538,0.205863471,1.21E-09,1.20E-08,HSPE1,1.213160538
ENSG00000253545.1,7.283056736,-1.213141851,0.511349614,0.00410855,0.011444394,IGHV3-52,1.213141851
ENSG00000267632.1,28.24274269,-1.212991072,0.280016646,4.43E-06,2.39E-05,AC067852.3,1.212991072
ENSG00000218014.1,18.85674933,1.212986032,0.375845058,0.000343492,0.00125325,KRT19P1,1.212986032
ENSG00000237154.2,3.91204638,-1.212910113,0.329571704,6.28E-05,0.000269411,MCFD2P1,1.212910113
ENSG00000172519.9,1.373134062,-1.212750364,0.471218102,0.002706217,0.007928335,OR10H5,1.212750364
ENSG00000248846.3,3.031624576,-1.212673577,0.433371133,0.001447501,0.004544,LINC02065,1.212673577
ENSG00000177675.9,493.8228812,-1.212372082,0.301405544,1.64E-05,7.89E-05,CD163L1,1.212372082
ENSG00000215252.11,854.2232145,-1.212029,0.283435511,5.09E-06,2.71E-05,GOLGA8B,1.212029
ENSG00000274678.1,2.653157572,-1.212017738,0.460944131,0.001821628,0.005575011,AC106886.3,1.212017738
ENSG00000152078.10,950.6192388,-1.211935871,0.28602176,5.87E-06,3.09E-05,TLCD4,1.211935871
ENSG00000254176.1,2.837061287,-1.211642673,0.514976495,0.004434375,0.012229709,IGHV3-75,1.211642673
ENSG00000233203.6,11.87737409,1.211545183,0.291982244,9.95E-06,4.99E-05,DHCR24-DT,1.211545183
ENSG00000248971.2,18.54895108,1.211411243,0.23550233,7.92E-08,5.82E-07,KRT8P46,1.211411243
ENSG00000177558.3,1.12416512,-1.211354884,0.462833205,0.002470507,0.0073158,FAM187B,1.211354884
ENSG00000230542.6,1.689620217,-1.211343758,0.507938656,0.004504427,0.012397014,LINC00102,1.211343758
ENSG00000248019.3,158.5656679,-1.211228854,0.210997285,2.82E-09,2.64E-08,FAM13A-AS1,1.211228854
ENSG00000163468.15,18361.88742,1.211168522,0.112781943,7.19E-27,5.80E-25,CCT3,1.211168522
ENSG00000140479.18,1873.398986,1.211158983,0.265595863,1.41E-06,8.27E-06,PCSK6,1.211158983
ENSG00000135960.10,45.98887078,-1.211042988,0.57206622,0.00778492,0.02000149,EDAR,1.211042988
ENSG00000232917.5,1.372037957,1.211016226,0.471521994,0.002849897,0.008296678,HSPE1P6,1.211016226
ENSG00000278399.1,2.18399218,1.210704237,0.467027557,0.002656002,0.007801207,AC026120.1,1.210704237
ENSG00000179348.12,893.2934011,1.210425163,0.335540138,9.13E-05,0.000378737,GATA2,1.210425163
ENSG00000149557.14,526.9690051,-1.210305867,0.2009647,5.20E-10,5.43E-09,FEZ1,1.210305867
ENSG00000257298.1,43.73654146,-1.210290917,0.274722186,3.08E-06,1.71E-05,AC008147.2,1.210290917
ENSG00000160113.5,2484.396463,1.210232218,0.166337156,1.43E-13,2.50E-12,NR2F6,1.210232218
ENSG00000179101.5,18.0799914,1.210034633,0.18633823,2.82E-11,3.59E-10,H3P47,1.210034633
ENSG00000264350.1,79.37987324,1.210001922,0.185065811,1.92E-11,2.50E-10,SNRPGP2,1.210001922
ENSG00000286334.1,5.514160788,-1.21000047,0.306793838,2.00E-05,9.50E-05,AL161430.1,1.21000047
ENSG00000254855.1,3.382612096,-1.209759686,0.346878244,0.000147512,0.000584692,AP001107.8,1.209759686
ENSG00000175806.15,737.5003503,-1.20953371,0.140961674,3.38E-18,1.08E-16,MSRA,1.20953371
ENSG00000236511.2,1.32655116,-1.209425522,0.6477017,0.015861423,0.037000435,LINC01231,1.209425522
ENSG00000165914.15,1171.421188,-1.209184344,0.191946884,6.91E-11,8.29E-10,TTC7B,1.209184344
ENSG00000242353.1,3.397811212,-1.209077992,0.518635052,0.00487068,0.013273664,RPL12P30,1.209077992
ENSG00000018607.7,3.016446261,-1.209028431,0.416069894,0.001042504,0.003394987,ZNF806,1.209028431
ENSG00000158423.17,179.0561278,1.208992109,0.241040866,1.65E-07,1.15E-06,RIBC1,1.208992109
ENSG00000278146.1,0.976438992,-1.208834069,0.596377126,0.007467587,0.019294705,AC012409.4,1.208834069
ENSG00000286707.1,63.74668356,-1.208813748,0.233559911,6.76E-08,5.02E-07,AC010896.1,1.208813748
ENSG00000161509.14,88.23675797,1.208774664,0.337958026,9.94E-05,0.000409171,GRIN2C,1.208774664
ENSG00000130731.16,1910.830244,1.208718869,0.189924147,7.50E-11,8.94E-10,METTL26,1.208718869
ENSG00000231494.1,1.397375589,-1.208620064,0.463459964,0.0026058,0.007669033,RPL21P35,1.208620064
ENSG00000153446.16,978.8277111,-1.208239953,0.418184038,0.000997391,0.003264036,C16orf89,1.208239953
ENSG00000113916.18,5164.032321,-1.208219391,0.174847132,1.27E-12,1.97E-11,BCL6,1.208219391
ENSG00000160712.13,1248.164218,-1.208180764,0.170831534,4.95E-13,8.10E-12,IL6R,1.208180764
ENSG00000287917.1,34.78775539,-1.207859734,0.232033028,5.73E-08,4.30E-07,AP000944.7,1.207859734
ENSG00000259363.6,95.2155141,-1.207445359,0.24532386,2.60E-07,1.75E-06,AC090825.1,1.207445359
ENSG00000243083.7,4.901624026,1.207338119,0.372778895,0.000327698,0.001200755,LINC00870,1.207338119
ENSG00000257808.1,1.91178498,1.207233581,0.692066263,0.017184873,0.039655225,AC073573.1,1.207233581
ENSG00000286264.2,6.027084354,1.207113814,0.425919261,0.001244019,0.003975761,AP001453.3,1.207113814
ENSG00000226779.1,1.170453581,1.207065254,0.573062025,0.00982748,0.024476175,NAALADL2-AS2,1.207065254
ENSG00000095587.9,68.85414884,1.206902583,0.379816136,0.00039725,0.001426599,TLL2,1.206902583
ENSG00000279414.1,5.327850153,-1.206792753,0.555675031,0.006893023,0.018002302,CDRT15P9,1.206792753
ENSG00000277423.1,9.788541506,-1.20674204,0.270866576,2.45E-06,1.39E-05,AC069234.5,1.20674204
ENSG00000185989.11,3019.92622,-1.206617106,0.221302998,1.31E-08,1.09E-07,RASA3,1.206617106
ENSG00000164078.13,719.0931675,1.206515885,0.263091066,1.43E-06,8.39E-06,MST1R,1.206515885
ENSG00000257531.2,3.797509479,-1.206192203,0.460487811,0.002198073,0.006601109,AC008147.3,1.206192203
ENSG00000149527.18,761.6550644,-1.206178626,0.371893743,0.000321136,0.001178358,PLCH2,1.206178626
ENSG00000218896.1,1.745919753,-1.205816529,0.436847907,0.001504693,0.004702496,TUBB8P2,1.205816529
ENSG00000267248.3,41.55750766,1.205767404,0.314544884,3.70E-05,0.000166204,AC025048.2,1.205767404
ENSG00000267364.2,75.77706016,-1.205405857,0.240780564,1.54E-07,1.08E-06,AC022706.1,1.205405857
ENSG00000150672.17,218.3009583,-1.205303377,0.194606351,1.68E-10,1.90E-09,DLG2,1.205303377
ENSG00000225173.1,4.103415552,1.205060664,0.389467127,0.000540839,0.001884206,AL662890.1,1.205060664
ENSG00000225793.3,47.95192678,-1.205018137,0.166114946,1.17E-13,2.07E-12,TMEM30A-DT,1.205018137
ENSG00000187010.21,41.062666,-1.204983994,0.403466164,0.000758943,0.002560536,RHD,1.204983994
ENSG00000280560.2,5.771817869,-1.204806627,0.320059107,4.98E-05,0.00021852,LINC01374,1.204806627
ENSG00000233907.1,4.344045559,-1.204670686,0.607123173,0.011086127,0.027184499,LINC01761,1.204670686
ENSG00000115687.14,808.9377965,1.204582041,0.180543627,9.34E-12,1.27E-10,PASK,1.204582041
ENSG00000259005.1,7.285685884,-1.204529106,0.323937638,6.03E-05,0.000259973,AC005479.1,1.204529106
ENSG00000213967.11,148.0155042,1.20450278,0.197794963,3.62E-10,3.89E-09,ZNF726,1.20450278
ENSG00000255532.1,2.803678105,-1.204293185,0.627546706,0.011615626,0.028305207,AC118942.1,1.204293185
ENSG00000147853.17,4953.914616,-1.204253701,0.1807739,7.69E-12,1.06E-10,AK3,1.204253701
ENSG00000287975.1,6.856606072,1.204043039,0.371837568,0.000342308,0.00124951,AC113143.2,1.204043039
ENSG00000131355.15,9.577283196,-1.203957621,0.355199186,0.000214618,0.000817915,ADGRE3,1.203957621
ENSG00000226284.1,7.6583893,1.203796748,0.320186937,5.06E-05,0.000221657,ARPC3P1,1.203796748
ENSG00000237053.1,4.017641026,1.203769249,0.425736398,0.001290168,0.004104881,FUCA1P1,1.203769249
ENSG00000239732.3,2.713111586,-1.203724425,0.305174195,2.36E-05,0.000110445,TLR9,1.203724425
ENSG00000261617.2,2.741795947,-1.203667109,0.380466352,0.000431117,0.001537539,LINC02177,1.203667109
ENSG00000217653.1,1.159749273,1.203521452,0.529356052,0.005393143,0.014511248,PIMREGP3,1.203521452
ENSG00000244242.2,116.9721852,1.203314863,0.409620859,0.000894436,0.002962617,IFITM10,1.203314863
ENSG00000126603.9,1490.375191,1.203284033,0.175722136,2.49E-12,3.69E-11,GLIS2,1.203284033
ENSG00000139835.14,739.2199711,1.203250379,0.160766853,2.48E-14,4.81E-13,GRTP1,1.203250379
ENSG00000196196.3,269.4442095,-1.203243435,0.339120129,7.28E-14,1.32E-12,HRCT1,1.203243435
ENSG00000112299.8,122.087136,-1.203148496,0.246686219,3.14E-07,2.08E-06,VNN1,1.203148496
ENSG00000280295.1,2.742378624,-1.202867597,0.388295442,0.000579841,0.002007091,AC099811.6,1.202867597
ENSG00000121898.13,3123.545168,-1.202777706,0.262535457,1.27E-06,7.55E-06,CPXM2,1.202777706
ENSG00000242411.2,2.976937848,-1.202738209,0.349481122,0.000163319,0.000639789,AC011506.1,1.202738209
ENSG00000205231.1,9.91511679,-1.202726802,0.428639193,0.001353536,0.004287052,TTLL10-AS1,1.202726802
ENSG00000112655.16,6949.53109,1.202470919,0.233370689,1.03E-07,7.45E-07,PTK7,1.202470919
ENSG00000236782.7,10.12114986,-1.202409765,0.322558707,5.67E-05,0.000245658,AL391650.1,1.202409765
ENSG00000224781.1,2.851865662,-1.202257049,0.30513671,2.76E-05,0.00012724,EIF4A2P4,1.202257049
ENSG00000231437.3,24.01884651,-1.201958174,0.332696992,8.70E-05,0.000362783,LINC01750,1.201958174
ENSG00000287021.1,2.868995305,-1.201771403,0.467201657,0.002673803,0.007846831,AC097462.3,1.201771403
ENSG00000256134.1,0.801134766,-1.201767049,0.583033575,0.0102807,0.025442045,EGLN3P1,1.201767049
ENSG00000187079.20,7327.674527,-1.201642631,0.220795885,1.15E-08,9.70E-08,TEAD1,1.201642631
ENSG00000206149.10,519.5560458,-1.201424442,0.171200749,6.82E-13,1.10E-11,HERC2P9,1.201424442
ENSG00000189292.16,117.0754991,-1.201421981,0.494852231,4.52E-13,7.43E-12,ALKAL2,1.201421981
ENSG00000006634.8,646.6217654,1.201409362,0.141580003,5.67E-18,1.76E-16,DBF4,1.201409362
ENSG00000021852.13,4.778993218,-1.201395836,0.75076949,0.020273429,0.045663746,C8B,1.201395836
ENSG00000288610.1,1.748084573,1.201234001,0.664427717,0.01354267,0.032313547,AL161669.4,1.201234001
ENSG00000275675.1,1.70860644,1.200987609,0.682711679,0.016371788,0.038033667,AL161931.1,1.200987609
ENSG00000158828.8,936.0464305,-1.200961183,0.174256874,4.55E-05,0.000200771,PINK1,1.200961183
ENSG00000203985.11,37.98724157,1.200775513,0.42372039,0.001237609,0.00395785,LDLRAD1,1.200775513
ENSG00000259188.6,3.124165477,-1.200505312,0.431279642,0.001283829,0.004087031,AC025040.1,1.200505312
ENSG00000180730.5,2371.980809,1.200371504,0.487556505,0.003584122,0.010162298,SHISA2,1.200371504
ENSG00000133135.14,474.6212668,-1.200250659,0.360095011,0.000234779,0.000887429,RNF128,1.200250659
ENSG00000110080.20,1720.542493,1.200149526,0.187467814,5.46E-11,6.65E-10,ST3GAL4,1.200149526
ENSG00000155511.18,127.1598624,-1.199762321,0.505416116,2.60E-12,3.86E-11,GRIA1,1.199762321
ENSG00000142627.13,1488.672279,-1.199734504,0.192414979,1.13E-10,1.32E-09,EPHA2,1.199734504
ENSG00000237438.7,428.8052253,-1.199532085,0.36900088,0.000317837,0.001168108,CECR7,1.199532085
ENSG00000128872.10,1355.293351,-1.199482188,0.189921664,8.32E-11,9.84E-10,TMOD2,1.199482188
ENSG00000280213.1,34.06415108,1.199041045,0.2857866,7.59E-06,3.90E-05,UCKL1-AS1,1.199041045
ENSG00000261615.7,1.270424418,-1.198899937,0.494055747,0.004206803,0.011684936,LINC01858,1.198899937
ENSG00000181135.16,699.9973041,1.198866602,0.168427444,3.26E-13,5.43E-12,ZNF707,1.198866602
ENSG00000196172.9,498.2391541,1.198646576,0.174219384,2.03E-12,3.05E-11,ZNF681,1.198646576
ENSG00000184792.16,554.1445299,1.198537735,0.215916932,9.28E-09,7.96E-08,OSBP2,1.198537735
ENSG00000235852.1,0.790760584,-1.198329534,0.603513233,0.013996965,0.033250091,AC005540.1,1.198329534
ENSG00000214688.6,4.801260974,-1.198311681,0.367462018,0.00026384,0.000987679,C10orf105,1.198311681
ENSG00000143631.11,32.73392947,-1.197253731,0.336192642,0.000107226,0.000438048,FLG,1.197253731
ENSG00000101353.15,130.4912335,-1.197057261,0.209709078,3.51E-09,3.22E-08,MROH8,1.197057261
ENSG00000273604.2,461.232235,1.197027588,0.312362563,3.81E-05,0.000170782,EPOP,1.197027588
ENSG00000262052.1,0.843075364,-1.196984531,0.647845659,0.011779792,0.02864666,AC090618.1,1.196984531
ENSG00000173757.10,7021.396565,-1.196875524,0.137596918,1.22E-18,4.12E-17,STAT5B,1.196875524
ENSG00000172232.10,48.58184852,1.196711515,0.470242499,0.002814799,0.008206662,AZU1,1.196711515
ENSG00000136026.14,7272.648515,1.196568659,0.131784173,5.83E-20,2.23E-18,CKAP4,1.196568659
ENSG00000163041.13,2727.609345,1.196479396,0.1422994,1.10E-17,3.31E-16,H3-3A,1.196479396
ENSG00000224420.3,57.74224214,-1.196159472,0.264705283,1.66E-06,9.64E-06,ADM5,1.196159472
ENSG00000226823.1,22.04822313,-1.196114136,0.253650185,6.71E-07,4.19E-06,SUGT1P1,1.196114136
ENSG00000171903.16,425.5893257,1.195964601,0.499764696,0.004234771,0.011752649,CYP4F11,1.195964601
ENSG00000269345.1,8.548564426,-1.195903911,0.408755308,0.000915819,0.003025824,VN1R85P,1.195903911
ENSG00000240038.6,410.7733673,-1.195874808,0.263093594,1.58E-06,9.22E-06,AMY2B,1.195874808
ENSG00000186452.11,4.298498742,-1.195732159,0.417475487,0.001178759,0.003790322,TMPRSS12,1.195732159
ENSG00000287913.1,2.216106739,-1.195517333,0.460869632,0.002460147,0.007289516,AL132986.1,1.195517333
ENSG00000254577.1,5.972172192,-1.195356286,0.29277797,1.24E-05,6.10E-05,AC087276.1,1.195356286
ENSG00000059804.16,2557.363185,-1.195246277,0.268231129,2.00E-06,1.14E-05,SLC2A3,1.195246277
ENSG00000275092.1,2.725932499,1.19484926,0.419745418,0.001186223,0.003809956,AL031710.2,1.19484926
ENSG00000078081.8,550.5279776,1.194807349,0.414675158,0.001084862,0.003519216,LAMP3,1.194807349
ENSG00000278948.1,44.05668373,-1.194657679,0.247755689,4.27E-07,2.77E-06,AL031587.5,1.194657679
ENSG00000251350.2,4.994346433,1.194554881,0.691841663,0.017668752,0.040628614,LINC02475,1.194554881
ENSG00000277481.1,8.317256087,-1.194523988,0.25821128,1.09E-06,6.57E-06,PKD1L3,1.194523988
ENSG00000271755.1,37.16581265,-1.194483556,0.181819352,1.72E-11,2.25E-10,AL031118.1,1.194483556
ENSG00000271917.1,2.438312392,1.19446462,0.624799731,0.012390792,0.029936033,AL357568.1,1.19446462
ENSG00000183763.9,247.4561384,1.194351883,0.135355097,3.53E-19,1.24E-17,TRAIP,1.194351883
ENSG00000285188.1,1.191202668,-1.194199867,0.639782208,0.015075301,0.035417625,AC008397.2,1.194199867
ENSG00000185942.13,50.30256231,-1.194097847,0.354398639,0.000213357,0.000813897,NKAIN3,1.194097847
ENSG00000167523.14,414.9380762,1.194096652,0.148903229,3.45E-16,8.57E-15,SPATA33,1.194096652
ENSG00000007541.17,2386.66066,1.193620691,0.144956136,7.39E-17,1.99E-15,PIGQ,1.193620691
ENSG00000204603.7,11.55345614,1.193340808,0.512604533,0.005004446,0.013587302,LINC01257,1.193340808
ENSG00000228566.2,10.03098453,-1.19331135,0.511075394,0.004850981,0.013228233,AC013287.1,1.19331135
ENSG00000111879.20,400.1326506,-1.19327268,0.255980551,9.36E-07,5.70E-06,FAM184A,1.19327268
ENSG00000166091.21,26.63701799,-1.193094478,0.413266247,3.90E-10,4.16E-09,CMTM5,1.193094478
ENSG00000151388.11,2505.327867,1.19291167,0.283509604,8.26E-06,4.21E-05,ADAMTS12,1.19291167
ENSG00000182902.14,140.147496,-1.192649172,0.292851547,1.33E-05,6.53E-05,SLC25A18,1.192649172
ENSG00000082458.12,3950.546825,1.192586168,0.177892161,7.86E-12,1.08E-10,DLG3,1.192586168
ENSG00000174844.14,59.27054814,1.192579873,0.361069366,0.000268705,0.001003593,DNAH12,1.192579873
ENSG00000204618.8,657.854611,-1.192540771,0.346031636,0.000152923,0.00060376,RNF39,1.192540771
ENSG00000157680.15,358.7138134,-1.192425416,0.28275351,7.22E-06,3.73E-05,DGKI,1.192425416
ENSG00000254672.1,1.803384002,1.19236862,0.54806068,0.007131311,0.018536784,AL136146.1,1.19236862
ENSG00000104341.17,10745.98513,1.192318149,0.258822872,1.35E-06,7.97E-06,LAPTM4B,1.192318149
ENSG00000161681.16,72.807546,1.192297015,0.284945951,8.56E-06,4.35E-05,SHANK1,1.192297015
ENSG00000235246.1,2.071334661,-1.192227445,0.50909854,0.005294725,0.014276749,AL020993.1,1.192227445
ENSG00000268038.3,4.270904633,1.192092153,0.747968559,0.005350491,0.01440734,LINC01785,1.192092153
ENSG00000286596.1,3.323577279,1.192030803,0.362882664,0.000300282,0.001109819,AC098595.1,1.192030803
ENSG00000260128.6,3.071415514,-1.191966512,0.389961715,0.000659069,0.002250989,ULK4P2,1.191966512
ENSG00000237461.2,6.03890025,-1.191787487,0.268911042,3.10E-06,1.72E-05,AL359710.1,1.191787487
ENSG00000250635.1,1.224753268,1.191765911,0.5585066,0.007679098,0.019765803,CXXC5-AS1,1.191765911
ENSG00000228674.4,2.605159872,-1.191574832,0.40741493,0.001027073,0.003349454,PPIAP59,1.191574832
ENSG00000066056.14,2334.983068,-1.191523361,0.182040236,1.79E-11,2.34E-10,TIE1,1.191523361
ENSG00000205155.8,992.1507525,1.191440453,0.216282765,1.23E-08,1.03E-07,PSENEN,1.191440453
ENSG00000010438.17,9.981441944,-1.191333267,0.435736274,0.001681537,0.005185454,PRSS3,1.191333267
ENSG00000143375.15,4188.692959,1.191259555,0.32234283,6.79E-05,0.000289465,CGN,1.191259555
ENSG00000270813.2,3.899161033,1.191190486,0.31455064,4.47E-05,0.000197585,NANOGNBP3,1.191190486
ENSG00000105668.7,24.39829625,1.191089053,0.453275945,0.002287171,0.0068316,UPK1A,1.191089053
ENSG00000274653.1,10.31469303,1.191044965,0.252242643,6.77E-07,4.23E-06,AC106782.5,1.191044965
ENSG00000230118.1,6.345870114,1.191003268,0.393205545,0.000658829,0.002250365,AC092569.1,1.191003268
ENSG00000286785.1,6.557768286,1.19099389,0.500639077,0.00445804,0.012287214,LINC01622,1.19099389
ENSG00000222317.1,1.435081909,-1.190966785,0.649142546,0.016688633,0.038646767,RNA5SP118,1.190966785
ENSG00000238290.1,14.36484493,-1.19091481,0.282258382,7.09E-06,3.67E-05,AL034417.2,1.19091481
ENSG00000252026.1,3.062444899,-1.190746234,0.400001067,0.000714594,0.002425028,RNU6-1262P,1.190746234
ENSG00000271550.1,53.7184827,1.190677256,0.248429817,5.11E-07,3.27E-06,BNIP3P11,1.190677256
ENSG00000187922.14,6.077630016,-1.190631154,0.598840533,0.010673997,0.026307628,LCN10,1.190631154
ENSG00000254507.2,2.565246249,1.190598396,0.440642357,0.001918891,0.005840826,DEFB131E,1.190598396
ENSG00000261764.1,0.90213445,1.190497295,0.691973059,0.018244736,0.041781872,KRT18P18,1.190497295
ENSG00000181408.4,8.351779094,-1.190454656,0.38509291,0.000526759,0.001839888,UTS2R,1.190454656
ENSG00000284654.1,3.829069156,1.190378124,0.460788826,0.002639686,0.007760039,AP000553.7,1.190378124
ENSG00000232858.1,3.547843374,-1.190299885,0.374085306,0.000439816,0.001564728,RPL34P27,1.190299885
ENSG00000234648.1,246.6045585,-1.190277821,0.260954308,1.53E-06,8.90E-06,AL162151.2,1.190277821
ENSG00000278705.1,2.205226654,1.19006362,0.632276395,0.013595548,0.032421995,H4C2,1.19006362
ENSG00000140332.17,6509.774229,1.18995302,0.137052653,2.56E-18,8.34E-17,TLE3,1.18995302
ENSG00000232934.8,27.59709822,-1.189841226,0.19207931,1.80E-10,2.03E-09,AL157786.1,1.189841226
ENSG00000259579.1,0.97589284,-1.189768394,0.603949401,0.011123603,0.027261813,AC087762.1,1.189768394
ENSG00000122574.11,512.969254,-1.189743466,0.270301864,3.21E-06,1.78E-05,WIPF3,1.189743466
ENSG00000254319.6,30.82486204,-1.18955888,0.345988304,0.000166348,0.000650618,AC246817.2,1.18955888
ENSG00000288253.1,10.80018128,-1.189542739,0.334113404,9.96E-05,0.000409957,AC010332.3,1.189542739
ENSG00000260844.2,2.595215146,-1.189266364,0.345575496,0.000166989,0.0006528,AC055876.4,1.189266364
ENSG00000261594.4,34.27173602,1.189163996,0.214222733,8.55E-09,7.37E-08,TPBGL,1.189163996
ENSG00000180481.11,111.7514901,-1.189162272,0.224672705,3.70E-08,2.87E-07,GLIPR1L2,1.189162272
ENSG00000163606.11,131.6334001,-1.189085371,0.270169609,3.22E-06,1.78E-05,CD200R1,1.189085371
ENSG00000257595.3,6.301461289,-1.188973542,0.315574664,4.50E-05,0.000199017,LINC02356,1.188973542
ENSG00000284615.1,6.23540945,1.188853496,0.434420558,0.001655992,0.005117526,AL078582.1,1.188853496
ENSG00000263727.1,1.440977632,1.18861429,0.488395073,0.004126715,0.011487751,AP001178.1,1.18861429
ENSG00000222057.1,3.901991068,-1.188549162,0.423373655,0.001357452,0.004297723,RNU4-62P,1.188549162
ENSG00000155093.19,933.5602949,1.188437045,0.333284159,0.000110626,0.000450904,PTPRN2,1.188437045
ENSG00000181378.14,22.03713262,1.188399024,0.436209303,0.001723485,0.005301081,CFAP65,1.188399024
ENSG00000102221.14,1855.858132,1.188335952,0.160096073,3.89E-14,7.35E-13,JADE3,1.188335952
ENSG00000238258.1,1.288609754,-1.188326806,0.545531535,0.00749875,0.019358395,AL121748.1,1.188326806
ENSG00000186838.13,3.094910079,-1.188325757,0.558504945,0.008102211,0.020698075,SELENOV,1.188325757
ENSG00000231519.1,4.896998917,1.188297779,0.303509298,2.98E-05,0.000136333,AC007285.1,1.188297779
ENSG00000181610.13,2770.905576,1.188253181,0.176886817,6.02E-12,8.38E-11,MRPS23,1.188253181
ENSG00000162490.7,79.76906305,1.188119657,0.330126845,9.49E-05,0.000392673,DRAXIN,1.188119657
ENSG00000143951.16,675.8543588,-1.188103623,0.165628874,2.39E-13,4.07E-12,WDPCP,1.188103623
ENSG00000136378.15,513.2604172,1.188103122,0.230256966,7.89E-08,5.80E-07,ADAMTS7,1.188103122
ENSG00000254529.1,4.046753137,-1.187962962,0.561935659,0.008448069,0.021476345,MRGPRX7P,1.187962962
ENSG00000230953.2,43.65276042,-1.187815025,0.331355458,9.84E-05,0.000405749,AC099677.1,1.187815025
ENSG00000228672.4,228.3273581,-1.187710422,0.196024966,0.000205192,0.000785421,PROB1,1.187710422
ENSG00000054523.18,4831.3543,-1.187588686,0.140155439,0.00019814,0.000761544,KIF1B,1.187588686
ENSG00000173013.6,215.7245715,1.187515662,0.229398562,7.31E-08,5.40E-07,CCDC96,1.187515662
ENSG00000287974.1,4.02902804,-1.186854777,0.519052918,0.005876906,0.015649972,Z84486.1,1.186854777
ENSG00000168005.9,1062.991422,1.186790016,0.162622678,1.04E-13,1.85E-12,SPINDOC,1.186790016
ENSG00000236548.2,55.76407946,-1.186673444,0.288653296,1.17E-05,5.78E-05,RNF217-AS1,1.186673444
ENSG00000242052.1,5.487214202,-1.186594273,0.37155334,0.000357943,0.001301622,RPL10P7,1.186594273
ENSG00000278473.1,6.534015259,-1.186574483,0.470573908,0.003074296,0.008876004,IGHV3-41,1.186574483
ENSG00000272914.1,36.62971934,-1.186546901,0.309739072,3.72E-05,0.000167162,AL359532.1,1.186546901
ENSG00000134490.14,1790.229625,1.186503208,0.136698294,1.27E-18,4.28E-17,TMEM241,1.186503208
ENSG00000242628.6,9.239716475,-1.186394214,0.268579999,3.04E-06,1.69E-05,AC009228.1,1.186394214
ENSG00000268751.1,58.7881445,1.186379726,0.287357463,3.78E-12,5.47E-11,SCGB1B2P,1.186379726
ENSG00000166923.12,3409.28456,1.186369116,0.372004568,0.000422593,0.001510843,GREM1,1.186369116
ENSG00000139354.11,377.9035933,1.186321494,0.184387827,4.29E-11,5.32E-10,GAS2L3,1.186321494
ENSG00000182004.13,3217.747367,1.186284647,0.119951036,1.72E-23,9.45E-22,SNRPE,1.186284647
ENSG00000116544.12,36.04447493,1.186143588,0.30343039,2.78E-05,0.000127997,DLGAP3,1.186143588
ENSG00000125531.7,40.45729676,1.185982201,0.253684489,8.79E-07,5.38E-06,FNDC11,1.185982201
ENSG00000257702.3,395.6176328,1.185967763,0.211097887,6.08E-09,5.37E-08,LBX2-AS1,1.185967763
ENSG00000196562.14,10593.17604,1.185816138,0.175922041,4.06E-12,5.84E-11,SULF2,1.185816138
ENSG00000164105.4,542.7531534,1.185690568,0.179944901,1.35E-11,1.79E-10,SAP30,1.185690568
ENSG00000166171.13,855.229982,1.185639176,0.159372633,3.05E-14,5.84E-13,DPCD,1.185639176
ENSG00000276972.1,2.266293935,-1.185577239,0.583190022,0.010274626,0.025430217,AC078880.5,1.185577239
ENSG00000163046.15,1.355610707,-1.185200867,0.522761329,0.005559042,0.014904546,ANKRD30BL,1.185200867
ENSG00000128965.13,106.151874,1.185156456,0.234391721,1.28E-07,9.10E-07,CHAC1,1.185156456
ENSG00000196843.17,3465.715994,-1.185029789,0.207707813,3.01E-09,2.79E-08,ARID5A,1.185029789
ENSG00000148700.15,6792.697435,-1.184815923,0.215794804,9.17E-09,7.88E-08,ADD3,1.184815923
ENSG00000075213.11,435.4649466,-1.184785288,0.331184445,0.000100169,0.000411917,SEMA3A,1.184785288
ENSG00000166025.18,4926.672853,-1.184499428,0.219672461,2.11E-08,1.69E-07,AMOTL1,1.184499428
ENSG00000279878.1,40.77547945,1.184330537,0.394237649,0.000755383,0.002550011,AP003108.5,1.184330537
ENSG00000111674.9,1656.230718,1.184278158,0.222207441,3.26E-08,2.55E-07,ENO2,1.184278158
ENSG00000125931.11,11.37941689,-1.184249393,0.692973686,0.018462569,0.042192178,CITED1,1.184249393
ENSG00000134072.11,80.59294934,-1.184245066,0.209148543,4.65E-09,4.17E-08,CAMK1,1.184245066
ENSG00000247735.2,46.55872633,1.184119179,0.262299784,1.94E-06,1.11E-05,AC120114.1,1.184119179
ENSG00000286656.1,16.00481665,-1.184094647,0.248028853,5.69E-07,3.61E-06,AC008875.2,1.184094647
ENSG00000196376.11,72.67149757,-1.184001565,0.331397076,0.000100825,0.000414311,SLC35F1,1.184001565
ENSG00000274443.4,7.299299943,-1.183954276,0.268836179,3.29E-06,1.82E-05,C8orf89,1.183954276
ENSG00000102172.16,5155.879012,1.183929668,0.12938244,2.13E-20,8.58E-19,SMS,1.183929668
ENSG00000184564.11,1363.330089,1.183898733,0.454905982,0.002541294,0.007501105,SLITRK6,1.183898733
ENSG00000256817.1,1.085975498,-1.183897542,0.684818436,0.020250017,0.045626708,TPT1P12,1.183897542
ENSG00000246705.4,5823.618861,1.183827742,0.24160473,3.24E-07,2.15E-06,H2AJ,1.183827742
ENSG00000269421.1,5.291887562,1.183742717,0.317827562,6.39E-05,0.000273961,AC011503.3,1.183742717
ENSG00000198650.11,3548.853702,-1.183683308,0.67754439,0.016487254,0.038261181,TAT,1.183683308
ENSG00000230371.1,2.726622102,-1.183580681,0.429704084,0.001755734,0.005391406,KARS1P2,1.183580681
ENSG00000109047.8,11.1298598,-1.183546397,0.277005479,5.63E-06,2.98E-05,RCVRN,1.183546397
ENSG00000033170.17,3228.480878,1.183111154,0.186825404,9.28E-11,1.09E-09,FUT8,1.183111154
ENSG00000148339.12,2328.335913,-1.183011811,0.237273589,1.78E-07,1.23E-06,SLC25A25,1.183011811
ENSG00000148143.13,1724.393528,-1.182993205,0.284236324,8.64E-06,4.39E-05,ZNF462,1.182993205
ENSG00000154229.12,930.7277509,-1.182904842,0.247962591,5.44E-07,3.46E-06,PRKCA,1.182904842
ENSG00000179148.10,53.85886755,1.182805719,0.402000449,0.000914807,0.003022734,ALOXE3,1.182805719
ENSG00000129204.17,134.143174,-1.182670113,0.322718545,7.21E-05,0.000305603,USP6,1.182670113
ENSG00000135472.9,607.8445901,1.182635402,0.448297231,0.002275845,0.006805533,FAIM2,1.182635402
ENSG00000204118.2,10.23870362,-1.182579823,0.340154589,0.000153513,0.000605598,NAP1L6P,1.182579823
ENSG00000241666.2,6.188300062,-1.182538846,0.39202055,0.000693927,0.002360601,AL031733.2,1.182538846
ENSG00000145675.15,15412.18285,-1.182308368,0.203266096,1.36E-09,1.33E-08,PIK3R1,1.182308368
ENSG00000263753.8,2040.65679,-1.181989137,0.142721222,3.67E-17,1.03E-15,LINC00667,1.181989137
ENSG00000183690.13,107.2729945,1.18183267,0.264418851,2.43E-06,1.38E-05,EFHC2,1.18183267
ENSG00000264968.1,22.40073804,-1.181669299,0.360771448,0.000287325,0.001065729,AC090844.2,1.181669299
ENSG00000114268.12,500.1529873,1.181644692,0.165372888,3.32E-13,5.53E-12,PFKFB4,1.181644692
ENSG00000180210.15,1.043444738,1.181470638,0.615497652,0.015286343,0.035838427,F2,1.181470638
ENSG00000246250.3,16.92006409,-1.181174734,0.249595135,6.55E-07,4.10E-06,AC087521.2,1.181174734
ENSG00000283973.2,2.039512348,1.181150968,0.524553071,0.006118069,0.016227278,AC099795.1,1.181150968
ENSG00000168594.15,7.517196575,-1.180949094,0.580406134,0.009693469,0.024186879,ADAM29,1.180949094
ENSG00000189051.5,9.40515194,-1.180721619,0.414334864,0.001256203,0.004010784,RNF222,1.180721619
ENSG00000073792.16,406.1857519,-1.180578586,0.305828089,3.36E-05,0.000152384,IGF2BP2,1.180578586
ENSG00000169750.9,725.8449205,1.180544898,0.263908147,2.51E-06,1.42E-05,RAC3,1.180544898
ENSG00000117601.14,11.66518161,1.180504002,0.384643195,0.000623397,0.002143502,SERPINC1,1.180504002
ENSG00000132688.11,6319.172043,-1.180389892,0.202185481,1.53E-09,1.48E-08,NES,1.180389892
ENSG00000125534.10,13221.12217,1.180376339,0.225678409,4.59E-08,3.50E-07,PPDPF,1.180376339
ENSG00000117410.14,5352.47642,1.180117721,0.14210721,4.82E-17,1.34E-15,ATP6V0B,1.180117721
ENSG00000236841.8,14.55265842,1.179940163,0.288505262,1.27E-05,6.24E-05,AC007750.1,1.179940163
ENSG00000145757.16,50.4205615,-1.179879445,0.312817235,4.56E-05,0.000201346,SPATA9,1.179879445
ENSG00000079112.10,17.40645628,-1.179516351,0.220320688,2.37E-08,1.89E-07,CDH17,1.179516351
ENSG00000166035.11,40.45459342,-1.179485722,0.239478636,2.54E-07,1.71E-06,LIPC,1.179485722
ENSG00000188051.7,40.26845978,-1.179476365,0.162788384,1.36E-13,2.39E-12,TMEM221,1.179476365
ENSG00000141337.12,1045.305054,1.179432684,0.235129616,1.83E-07,1.26E-06,ARSG,1.179432684
ENSG00000214760.3,1.280454202,-1.179242133,0.490657329,0.004772469,0.013037669,RPL21P1,1.179242133
ENSG00000260549.2,153.4437635,-1.179146925,0.305775431,3.39E-05,0.00015359,MT1L,1.179146925
ENSG00000271716.1,1.241293315,-1.179114443,0.49711244,0.004777022,0.013049198,AC022001.2,1.179114443
ENSG00000254205.1,0.638923099,1.179109373,0.66106814,0.020156018,0.045454019,AC009686.1,1.179109373
ENSG00000174943.11,1142.856755,1.179094177,0.140163409,1.36E-17,4.07E-16,KCTD13,1.179094177
ENSG00000271553.1,46.60155605,-1.17903484,0.228400314,7.55E-08,5.57E-07,AC018638.7,1.17903484
ENSG00000166402.9,903.5674722,-1.178940104,0.201705671,1.29E-09,1.27E-08,TUB,1.178940104
ENSG00000267336.1,6.11201644,-1.178795968,0.316624545,5.99E-05,0.000258691,EIF4A2P1,1.178795968
ENSG00000229425.3,38.7462922,-1.178708774,0.271430059,4.38E-06,2.36E-05,AJ009632.2,1.178708774
ENSG00000179958.10,1753.74041,1.178546031,0.129520878,3.26E-20,1.28E-18,DCTPP1,1.178546031
ENSG00000249741.2,13.41757567,-1.178319863,0.278862745,7.12E-06,3.68E-05,AC093890.1,1.178319863
ENSG00000139410.15,702.2913105,1.178146594,0.208705709,5.21E-09,4.64E-08,SDSL,1.178146594
ENSG00000228551.1,1.315607103,1.178047197,0.460756862,0.003167559,0.009109398,SNRPGP9,1.178047197
ENSG00000155660.11,10800.8494,1.178024535,0.133757417,7.55E-19,2.59E-17,PDIA4,1.178024535
ENSG00000183117.19,117.2537544,-1.178004308,0.455902911,0.00256961,0.007575578,CSMD1,1.178004308
ENSG00000156398.13,1477.098204,1.177925548,0.250214244,8.43E-07,5.17E-06,SFXN2,1.177925548
ENSG00000188991.3,19.65964991,-1.177590668,0.622515661,0.012612006,0.030391979,SLC15A5,1.177590668
ENSG00000237851.1,1.601830078,-1.177522887,0.599059616,0.011726435,0.028543359,AL023584.2,1.177522887
ENSG00000179813.7,3.099780625,1.177515144,0.628462879,0.01354562,0.032318623,FAM216B,1.177515144
ENSG00000244593.1,6.757600501,-1.177443657,0.30045603,2.99E-05,0.000136945,AC025062.1,1.177443657
ENSG00000148468.17,1525.037458,-1.177323315,0.190077557,8.51E-14,1.53E-12,FAM171A1,1.177323315
ENSG00000275438.1,3.578021322,1.177292134,0.410227923,0.001125425,0.003638182,AL031008.1,1.177292134
ENSG00000161643.13,41.69746818,-1.177226812,0.280508333,7.70E-06,3.95E-05,SIGLEC16,1.177226812
ENSG00000251546.1,63.92511969,-1.177199868,0.462816673,0.002873665,0.008360912,IGKV1D-39,1.177199868
ENSG00000259056.1,1.416681513,-1.177068991,0.420599002,0.00163343,0.005056953,DUXAP1,1.177068991
ENSG00000260136.6,43.3026762,1.176801605,0.249776819,7.39E-07,4.57E-06,AC008915.2,1.176801605
ENSG00000285458.1,7.293463325,-1.17669482,0.268031817,3.85E-06,2.10E-05,AC093827.5,1.17669482
ENSG00000113231.14,344.0724589,-1.176638541,0.320257943,6.81E-05,0.000290203,PDE8B,1.176638541
ENSG00000207340.1,4.034718638,-1.176470705,0.36765069,0.00043284,0.001543123,RNVU1-1,1.176470705
ENSG00000184210.6,3.199255118,1.17643766,0.496108252,0.005078655,0.013765948,DGAT2L6,1.17643766
ENSG00000196118.12,14.74282578,1.176081768,0.314253415,5.26E-05,0.000229514,CCDC189,1.176081768
ENSG00000235501.6,296.766984,-1.17584075,0.187432793,1.14E-10,1.33E-09,AC105942.1,1.17584075
ENSG00000164181.14,800.2691352,-1.175535229,0.284774172,0.008209754,0.020943696,ELOVL7,1.175535229
ENSG00000249142.1,5.988465354,-1.175440926,0.447161878,0.002326341,0.006935944,AC074134.1,1.175440926
ENSG00000213938.3,11.61895983,-1.174980918,0.315098904,5.43E-05,0.000236311,SEPHS1P6,1.174980918
ENSG00000136327.7,7.138704091,-1.174862323,0.417654013,0.001280049,0.0040783,NKX2-8,1.174862323
ENSG00000253194.2,33.5807073,-1.174643354,0.314835101,5.33E-05,0.00023239,AL137009.1,1.174643354
ENSG00000167123.19,4128.58977,1.174589248,0.170128619,2.05E-12,3.08E-11,CERCAM,1.174589248
ENSG00000256188.3,1.943897973,-1.174407836,0.483456804,0.004227735,0.011735609,TAS2R30,1.174407836
ENSG00000279605.1,15.48912126,1.174257839,0.279048595,7.36E-06,3.79E-05,AC067930.5,1.174257839
ENSG00000010327.10,3816.700632,-1.174128767,0.24204286,3.43E-07,2.26E-06,STAB1,1.174128767
ENSG00000261670.1,5.086831315,1.173822981,0.395038153,0.000786351,0.002642036,AC012213.2,1.173822981
ENSG00000281831.1,6.741654953,-1.173610727,0.355254174,0.000276308,0.001029058,HCP5B,1.173610727
ENSG00000171055.15,3986.656806,-1.173385682,0.20380584,2.19E-09,2.08E-08,FEZ2,1.173385682
ENSG00000286379.1,531.1305484,1.173263437,0.461287033,0.002999789,0.008693746,AL591845.1,1.173263437
ENSG00000162433.15,3881.011438,-1.17323529,0.203854199,1.98E-09,1.90E-08,AK4,1.17323529
ENSG00000092964.18,8971.295713,-1.173143093,0.192011047,2.26E-10,2.50E-09,DPYSL2,1.173143093
ENSG00000144136.11,3555.576669,1.173045934,0.113297719,1.79E-25,1.22E-23,SLC20A1,1.173045934
ENSG00000242021.2,1.328386406,1.172889505,0.702906744,0.020218004,0.045572875,AC112493.1,1.172889505
ENSG00000277695.1,0.796468338,-1.172844541,0.684919493,0.019699861,0.044591723,AC097478.3,1.172844541
ENSG00000228741.2,9.449672741,1.172525111,0.353493814,0.000264117,0.00098862,AL445985.1,1.172525111
ENSG00000109436.8,19378.61317,1.172416199,0.259852394,2.12E-06,1.21E-05,TBC1D9,1.172416199
ENSG00000188215.10,1478.419969,-1.172401536,0.169188878,1.33E-12,2.04E-11,DCUN1D3,1.172401536
ENSG00000278840.1,3.189108725,1.17231818,0.551350882,0.008550581,0.02169763,AC009878.1,1.17231818
ENSG00000248268.1,2.124266583,1.172295737,0.676243475,0.018575938,0.042416715,AC010275.1,1.172295737
ENSG00000229414.2,2.628854217,-1.172162165,0.392592146,0.000882221,0.002927372,KCNQ1-AS1,1.172162165
ENSG00000286939.1,1.164970743,1.172068371,0.622503296,0.016075706,0.037447701,U82671.1,1.172068371
ENSG00000085276.19,1237.456966,-1.171974255,0.226228523,6.72E-08,4.99E-07,MECOM,1.171974255
ENSG00000235207.1,1.141741079,1.171651579,0.577073365,0.010564669,0.026061064,TUBBP6,1.171651579
ENSG00000185697.16,453.773232,1.171457781,0.251093686,9.59E-07,5.82E-06,MYBL1,1.171457781
ENSG00000171604.12,5192.282775,1.171174061,0.201418964,2.26E-09,2.14E-08,CXXC5,1.171174061
ENSG00000158055.16,201.7674873,1.171101209,0.27806148,7.76E-06,3.98E-05,GRHL3,1.171101209
ENSG00000179627.10,1543.298697,1.171040238,0.168082463,1.04E-12,1.62E-11,ZBTB42,1.171040238
ENSG00000224183.1,12.26673618,-1.170966935,0.371009079,0.000473083,0.001670825,SDHDP6,1.170966935
ENSG00000144824.21,3164.889678,-1.170901621,0.243916143,3.95E-07,2.58E-06,PHLDB2,1.170901621
ENSG00000125841.13,2486.572852,1.170642394,0.121858832,2.92E-22,1.42E-20,NRSN2,1.170642394
ENSG00000165621.8,116.5393633,-1.17026668,0.474817293,0.003585097,0.010164329,OXGR1,1.17026668
ENSG00000130520.11,3730.580619,1.170155699,0.1478781,1.33E-15,3.07E-14,LSM4,1.170155699
ENSG00000254035.1,16.47617295,-1.170060294,0.229547101,1.12E-07,8.05E-07,AC104117.3,1.170060294
ENSG00000064961.19,4364.372504,1.169889892,0.148499794,1.67E-15,3.80E-14,HMG20B,1.169889892
ENSG00000173258.13,836.1931774,-1.169870413,0.1831321,4.83E-11,5.94E-10,ZNF483,1.169870413
ENSG00000269951.1,13.28619849,-1.169845632,0.262388858,2.47E-06,1.40E-05,AC090181.2,1.169845632
ENSG00000248925.1,8.142612144,-1.169691853,0.368469713,0.000439045,0.001562693,AC021087.1,1.169691853
ENSG00000179588.9,305.8691241,1.169339527,0.178512733,1.87E-11,2.43E-10,ZFPM1,1.169339527
ENSG00000163590.14,1627.38356,-1.169250929,0.235412618,1.68E-07,1.17E-06,PPM1L,1.169250929
ENSG00000072310.17,14013.15715,1.169212823,0.259795167,2.80E-06,1.56E-05,SREBF1,1.169212823
ENSG00000089351.14,4147.321992,1.169178344,0.143636779,1.86E-16,4.79E-15,GRAMD1A,1.169178344
ENSG00000103363.15,6182.935197,1.169143374,0.178276631,2.15E-11,2.78E-10,ELOB,1.169143374
ENSG00000253636.1,88.95599631,-1.169010938,0.192502811,3.79E-10,4.05E-09,AC022893.1,1.169010938
ENSG00000165704.15,1846.634747,1.168988046,0.152079548,5.81E-15,1.23E-13,HPRT1,1.168988046
ENSG00000145040.4,13.62804417,1.168932507,0.362732278,0.00038075,0.001375393,UCN2,1.168932507
ENSG00000215007.3,2.291362982,1.16884132,0.552141156,0.008831628,0.022322847,DNAJA1P3,1.16884132
ENSG00000104044.16,37.43999524,-1.168766196,0.567987559,0.009601506,0.02399094,OCA2,1.168766196
ENSG00000285805.1,9.728457741,-1.168698584,0.342566433,0.000191486,0.000739706,AC012378.2,1.168698584
ENSG00000232600.3,7.01432314,1.16852619,0.300511768,2.93E-05,0.000134583,TONSL-AS1,1.16852619
ENSG00000184635.16,529.3478759,1.168184457,0.171829629,3.88E-12,5.60E-11,ZNF93,1.168184457
ENSG00000132326.12,3491.064108,-1.168129207,0.146147009,4.17E-16,1.02E-14,PER2,1.168129207
ENSG00000258561.2,24.59230924,-1.168079965,0.209028946,7.05E-09,6.16E-08,AL359232.1,1.168079965
ENSG00000050730.16,21.34055283,1.167987144,0.360511214,0.000356323,0.001295971,TNIP3,1.167987144
ENSG00000160813.7,229.7458501,1.167823134,0.21789619,2.82E-08,2.23E-07,PPP1R35,1.167823134
ENSG00000287688.1,6.547579179,1.16756735,0.317205209,7.73E-05,0.000325737,AC011317.1,1.16756735
ENSG00000102054.18,10110.08694,1.167442792,0.199685118,2.29E-09,2.16E-08,RBBP7,1.167442792
ENSG00000231407.6,34.84547963,1.167439918,0.212592232,1.30E-08,1.08E-07,GORAB-AS1,1.167439918
ENSG00000265321.1,9.097187559,1.167376974,0.250355883,1.15E-06,6.87E-06,MIR4263,1.167376974
ENSG00000286729.1,12.03031831,1.167335037,0.272041688,5.47E-06,2.90E-05,AC137695.3,1.167335037
ENSG00000185974.7,2.842460987,1.167294,0.636371478,0.014603956,0.034484354,GRK1,1.167294
ENSG00000105647.19,4.559889035,1.167287468,0.388767489,0.000761651,0.002568302,PIK3R2,1.167287468
ENSG00000143321.19,17357.03081,1.167243226,0.120277877,1.41E-22,7.01E-21,HDGF,1.167243226
ENSG00000163914.5,3.247352549,1.167238522,0.423647752,0.001542964,0.00480566,RHO,1.167238522
ENSG00000129235.11,1516.662881,1.167223234,0.135844093,4.05E-18,1.28E-16,TXNDC17,1.167223234
ENSG00000281560.1,16.60389107,-1.167222029,0.516621408,0.006239678,0.016508589,LSINCT5,1.167222029
ENSG00000271817.2,5.210373508,-1.167020407,0.419824583,0.001618298,0.005015243,U3,1.167020407
ENSG00000224114.1,43.8484658,-1.166739766,0.522807796,0.006461916,0.017028907,AL591846.1,1.166739766
ENSG00000197046.12,358.5998338,1.166566138,0.404297065,0.001141273,0.003682143,SIGLEC15,1.166566138
ENSG00000280027.1,46.74799744,1.166538249,0.365516475,0.000417406,0.001494476,AC007342.9,1.166538249
ENSG00000230450.1,0.859269283,1.166312154,0.794737162,0.020453119,0.046020983,NEK2P4,1.166312154
ENSG00000159176.14,29128.92201,-1.166121681,0.177076833,9.78E-12,1.32E-10,CSRP1,1.166121681
ENSG00000271576.1,28.0362446,-1.166117316,0.269235469,4.17E-06,2.26E-05,AL359504.1,1.166117316
ENSG00000260196.1,61.44152247,1.165722643,0.247605206,8.20E-07,5.03E-06,AC124798.1,1.165722643
ENSG00000092051.17,66.1788582,-1.165639722,0.272229425,5.90E-06,3.11E-05,JPH4,1.165639722
ENSG00000134824.14,8768.498155,1.16548257,0.436665409,0.002208315,0.006627813,FADS2,1.16548257
ENSG00000185133.14,1672.986915,1.165279604,0.305030173,4.10E-05,0.000182242,INPP5J,1.165279604
ENSG00000251359.4,33.53024689,-1.164996285,0.19102446,3.57E-10,3.84E-09,WWC2-AS2,1.164996285
ENSG00000280138.1,236.7023756,-1.164901519,0.227668715,9.78E-08,7.09E-07,AC027290.2,1.164901519
ENSG00000100312.11,19.78844456,-1.164727356,0.265532836,3.52E-06,1.93E-05,ACR,1.164727356
ENSG00000121671.12,4718.160046,-1.164693664,0.156173768,2.20E-14,4.29E-13,CRY2,1.164693664
ENSG00000205930.10,102.2512413,-1.164426314,0.136322611,4.38E-18,1.38E-16,C21orf62-AS1,1.164426314
ENSG00000157856.12,25.28836103,1.164187766,0.432719685,0.001949852,0.005926028,DRC1,1.164187766
ENSG00000162889.11,12241.16686,1.164145818,0.154353882,2.16E-14,4.24E-13,MAPKAPK2,1.164145818
ENSG00000204776.6,1.215102402,-1.164121956,0.650446992,0.013455145,0.032137891,IGKV1OR-3,1.164121956
ENSG00000230772.1,3.513881734,-1.163986582,0.358357443,0.000360321,0.001309299,VN1R108P,1.163986582
ENSG00000257354.2,250.9309934,-1.163649731,0.198020409,1.35E-09,1.32E-08,AC048341.1,1.163649731
ENSG00000232445.2,48.36911252,1.163361888,0.276028933,8.03E-06,4.10E-05,EMSLR,1.163361888
ENSG00000107821.15,598.1230075,1.163275732,0.273917185,7.13E-06,3.69E-05,KAZALD1,1.163275732
ENSG00000049247.14,5.359591047,1.163250818,0.461182374,0.003270577,0.009369992,UTS2,1.163250818
ENSG00000285868.1,3.967334667,1.163229701,0.435562294,0.002193173,0.006588409,AC008676.3,1.163229701
ENSG00000188229.6,13219.46513,1.163087275,0.147353649,1.19E-15,2.75E-14,TUBB4B,1.163087275
ENSG00000035664.11,1272.155742,-1.162707111,0.221077384,4.43E-08,3.39E-07,DAPK2,1.162707111
ENSG00000267128.2,23.44067311,1.162635972,0.272483523,6.40E-06,3.34E-05,RNF157-AS1,1.162635972
ENSG00000261558.2,0.845374716,-1.162533288,0.526349638,0.008701306,0.022040241,LINC01859,1.162533288
ENSG00000279286.2,19.24181894,1.162370153,0.372045606,0.000525441,0.001835774,AL133373.3,1.162370153
ENSG00000211642.3,235.2057165,-1.162136291,0.622966865,0.01411942,0.033500471,IGLV10-54,1.162136291
ENSG00000117984.15,20298.34461,1.161992969,0.243262481,4.79E-07,3.07E-06,CTSD,1.161992969
ENSG00000145860.12,3537.383909,-1.161927806,0.153022629,9.34E-15,1.91E-13,RNF145,1.161927806
ENSG00000081052.13,274.092302,-1.161779632,0.338641456,0.000177508,0.000690282,COL4A4,1.161779632
ENSG00000226314.8,50.43558146,-1.161678004,0.272019931,5.68E-06,3.00E-05,ZNF192P1,1.161678004
ENSG00000273129.1,2.803927308,-1.161552797,0.469450639,0.003916451,0.010974668,PACERR,1.161552797
ENSG00000260563.3,219.2031156,-1.161092879,0.204443394,4.28E-09,3.87E-08,AC132872.1,1.161092879
ENSG00000285520.1,5.254001261,-1.160927124,0.251558421,1.32E-06,7.80E-06,AL353586.1,1.160927124
ENSG00000090530.10,831.1205546,-1.160764886,0.216168557,9.57E-19,3.25E-17,P3H2,1.160764886
ENSG00000273777.5,2.823386373,-1.160707633,0.455753661,0.00283075,0.00824766,CEACAM20,1.160707633
ENSG00000151136.15,414.2379877,-1.160335761,0.255264775,1.67E-06,9.70E-06,BTBD11,1.160335761
ENSG00000100154.14,2330.074226,-1.160166129,0.143676524,1.94E-16,4.96E-15,TTC28,1.160166129
ENSG00000225521.1,7.914796785,-1.159981461,0.274254613,8.18E-06,4.17E-05,SNED1-AS1,1.159981461
ENSG00000283443.1,0.853101152,-1.159966042,0.575431618,0.014845109,0.034954164,AC018688.1,1.159966042
ENSG00000099364.18,1050.772598,1.159919068,0.150761001,4.76E-15,1.02E-13,FBXL19,1.159919068
ENSG00000135338.14,729.1071221,-1.159702759,0.175445273,1.26E-11,1.68E-10,LCA5,1.159702759
ENSG00000214851.5,10.84486372,-1.159514515,0.258707675,2.12E-06,1.21E-05,LINC00612,1.159514515
ENSG00000226380.9,17.1052144,-1.159016944,0.24084028,4.74E-07,3.05E-06,AC016831.1,1.159016944
ENSG00000007216.15,798.2340748,-1.158948391,0.554465385,0.008933888,0.022550849,SLC13A2,1.158948391
ENSG00000186792.17,160.9883306,1.15880264,0.197240047,1.42E-09,1.38E-08,HYAL3,1.15880264
ENSG00000240392.1,4.486855835,-1.158735782,0.337472207,0.000165347,0.000647153,RPL9P3,1.158735782
ENSG00000154783.12,2257.49964,-1.158709997,0.178451644,2.62E-11,3.35E-10,FGD5,1.158709997
ENSG00000226709.1,2.31301531,-1.158621017,0.495313874,0.00523347,0.014131951,FGF12-AS3,1.158621017
ENSG00000161036.13,778.876927,1.158335522,0.145213552,5.68E-16,1.37E-14,LRWD1,1.158335522
ENSG00000215110.7,23.39548811,-1.158234821,1.856869183,0.000185216,0.00071777,UGT2B25P,1.158234821
ENSG00000170667.15,168.9658822,-1.158158627,0.246336553,8.03E-07,4.93E-06,RASA4B,1.158158627
ENSG00000169946.14,712.842343,-1.158120225,0.286506587,1.63E-05,7.85E-05,ZFPM2,1.158120225
ENSG00000230147.2,1.665150291,-1.158117309,0.479615033,0.004690166,0.012835144,AL158071.1,1.158117309
ENSG00000267044.1,0.993694786,1.158095826,0.519589108,0.00764002,0.019674241,AC005757.1,1.158095826
ENSG00000234213.1,0.773734169,1.157582784,0.660210156,0.020324055,0.045767278,FHP1,1.157582784
ENSG00000251169.2,40.05255131,1.157563276,0.39993832,0.001105683,0.003580551,LINC01843,1.157563276
ENSG00000172771.12,160.3655747,1.157556074,0.308412146,5.30E-05,0.000231177,EFCAB12,1.157556074
ENSG00000285929.1,1.388251544,-1.157406437,0.639613564,0.019066097,0.043382134,AL353789.1,1.157406437
ENSG00000212242.1,3.512688124,-1.157388903,0.30605446,5.30E-05,0.000231153,RNA5SP219,1.157388903
ENSG00000253883.1,9.039508793,-1.157336252,0.438551412,0.002354556,0.007011019,IGHV3-19,1.157336252
ENSG00000184117.12,3381.923148,1.157333843,0.20923667,1.05E-08,8.89E-08,NIPSNAP1,1.157333843
ENSG00000249937.8,2.262769039,1.157170665,0.42537425,0.001897651,0.005781999,LINC02223,1.157170665
ENSG00000263787.1,2.445398611,1.157057244,0.511212894,0.006011901,0.015978047,SKAP1-AS1,1.157057244
ENSG00000159335.18,14309.6333,1.156994427,0.184930654,1.60E-10,1.82E-09,PTMS,1.156994427
ENSG00000247287.3,121.3007879,-1.156802922,0.190465115,3.72E-10,3.98E-09,AL359220.1,1.156802922
ENSG00000286802.1,14.2941941,-1.156572175,0.355874711,0.000350982,0.001277965,AC104459.1,1.156572175
ENSG00000111716.14,393.155284,-1.156519876,0.286787734,1.65E-05,7.93E-05,LDHB,1.156519876
ENSG00000223519.8,28.56326793,1.156366318,0.333192479,0.000154762,0.000609856,KIF28P,1.156366318
ENSG00000244486.9,551.4384807,1.155980365,0.186338382,1.77E-10,1.99E-09,SCARF2,1.155980365
ENSG00000259291.2,514.017485,-1.155758012,0.223029582,0.003692968,0.010430264,ZNF710-AS1,1.155758012
ENSG00000159346.13,10070.11212,1.155707928,0.147676887,3.51E-15,7.61E-14,ADIPOR1,1.155707928
ENSG00000109743.11,427.5191751,-1.155693935,0.217966781,3.68E-08,2.86E-07,BST1,1.155693935
ENSG00000260337.4,26.86314082,1.155420902,0.376713098,0.000629063,0.002161474,AC091544.4,1.155420902
ENSG00000228203.7,75.6088759,1.155226522,0.272288511,6.91E-06,3.59E-05,GRASLND,1.155226522
ENSG00000157927.17,280.8663197,-1.155219907,0.229122381,1.46E-07,1.02E-06,RADIL,1.155219907
ENSG00000152082.15,1045.97465,1.155163185,0.201437371,3.37E-09,3.10E-08,MZT2B,1.155163185
ENSG00000100060.18,801.3591393,-1.155118062,0.18442256,1.22E-10,1.41E-09,MFNG,1.155118062
ENSG00000231882.1,1.057008192,1.155003332,0.555113083,0.010862977,0.026714735,F10-AS1,1.155003332
ENSG00000213683.4,2.489091317,1.15495649,0.330609243,0.000148632,0.000588774,AC002056.1,1.15495649
ENSG00000146938.16,567.8270089,-1.154918413,0.325781618,0.000118039,0.000477603,NLGN4X,1.154918413
ENSG00000239096.1,1.452584608,1.154902311,0.509379739,0.00626619,0.016573152,AC090425.1,1.154902311
ENSG00000263946.1,2.125208442,1.15484975,0.678285496,0.019125241,0.043496554,AC015818.3,1.15484975
ENSG00000229589.1,151.7729663,-1.15460229,0.25418903,1.74E-06,1.00E-05,ACVR2B-AS1,1.15460229
ENSG00000076826.10,1823.163303,1.154547764,0.298169984,3.40E-05,0.000154176,CAMSAP3,1.154547764
ENSG00000277051.1,4.34551885,-1.154410838,0.313780157,7.17E-05,0.000303794,Metazoa_SRP,1.154410838
ENSG00000161609.10,8.097763952,1.154327884,0.55626814,0.009668338,0.024128772,KASH5,1.154327884
ENSG00000068079.8,2098.65722,1.154237137,0.238717841,4.46E-07,2.88E-06,IFI35,1.154237137
ENSG00000124839.13,1203.884157,1.154233228,0.287015907,1.93E-05,9.17E-05,RAB17,1.154233228
ENSG00000285999.1,9.405632406,1.154000105,0.277648755,1.10E-05,5.48E-05,AC025442.2,1.154000105
ENSG00000200253.1,11.30762986,-1.153835942,0.263344817,3.36E-06,1.85E-05,RNU6-529P,1.153835942
ENSG00000287851.1,4.041730741,1.153813595,0.401450175,0.001183753,0.003802958,AP001885.2,1.153813595
ENSG00000197971.16,2376.711144,-1.153745435,0.198162553,1.34E-09,1.31E-08,MBP,1.153745435
ENSG00000136997.21,7333.440327,-1.153681577,0.265646654,4.15E-06,2.25E-05,MYC,1.153681577
ENSG00000234174.1,1.510802829,1.153672098,0.50418237,0.006883931,0.017982999,AC016683.1,1.153672098
ENSG00000146205.14,96.10092535,1.153671448,0.215657715,3.03E-08,2.38E-07,ANO7,1.153671448
ENSG00000134602.16,1276.537394,1.153626981,0.203374815,5.15E-09,4.59E-08,STK26,1.153626981
ENSG00000281189.1,30.94297552,1.153626895,0.234355954,2.74E-07,1.84E-06,GHET1,1.153626895
ENSG00000163251.4,701.8803916,-1.153617404,0.187284928,2.38E-10,2.63E-09,FZD5,1.153617404
ENSG00000216863.10,20.92555586,-1.153530729,0.365845037,0.00046716,0.001651987,LY86-AS1,1.153530729
ENSG00000130224.15,212.765657,-1.153352452,0.187682394,2.69E-10,2.94E-09,LRCH2,1.153352452
ENSG00000170011.14,446.8001134,-1.152993237,0.29573391,2.98E-05,0.000136666,MYRIP,1.152993237
ENSG00000230373.8,35.14899033,-1.152960438,0.27347265,7.84E-06,4.01E-05,GOLGA6L5P,1.152960438
ENSG00000172167.8,393.4967379,1.152748713,0.191366463,5.91E-10,6.11E-09,MTBP,1.152748713
ENSG00000251008.1,2.829664036,-1.152703693,0.399437026,0.00107459,0.00348993,ORAOV1P1,1.152703693
ENSG00000158023.10,302.4635806,1.152603443,0.263701965,4.14E-06,2.24E-05,CFAP251,1.152603443
ENSG00000211816.2,2.11621019,1.152498426,0.55088501,0.009995225,0.024840413,TRAV38-1,1.152498426
ENSG00000159761.15,98.76758421,-1.152464129,0.2036294,4.75E-09,4.26E-08,C16orf86,1.152464129
ENSG00000113248.6,170.247765,-1.152248278,0.199997201,2.70E-09,2.54E-08,PCDHB15,1.152248278
ENSG00000108819.11,3983.207776,1.152090967,0.199763525,2.66E-09,2.50E-08,PPP1R9B,1.152090967
ENSG00000280073.1,46.39348326,-1.15172598,0.307891329,5.75E-05,0.00024902,AL157996.1,1.15172598
ENSG00000108443.14,3011.534199,1.151712029,0.178631625,0.011327079,0.027687946,RPS6KB1,1.151712029
ENSG00000128285.4,48.75839742,1.15168581,0.375137356,0.000635286,0.002180564,MCHR1,1.15168581
ENSG00000287205.1,7.625198715,1.151621456,0.370403133,0.000590426,0.002040853,AL451054.4,1.151621456
ENSG00000155066.16,6481.637921,1.151470121,0.268957578,7.38E-06,3.80E-05,PROM2,1.151470121
ENSG00000156873.16,1342.06526,1.151444055,0.147586204,1.97E-15,4.43E-14,PHKG2,1.151444055
ENSG00000260917.1,367.2419425,-1.151414716,0.208361957,1.03E-08,8.78E-08,AL158212.3,1.151414716
ENSG00000235268.2,4.959740345,-1.151384083,0.474205471,0.004304838,0.011918477,KDM4E,1.151384083
ENSG00000287167.1,4.275056746,-1.150912928,0.369721755,0.000589221,0.002037048,AL133313.1,1.150912928
ENSG00000112902.12,3962.051865,-1.150910284,0.244189778,7.32E-07,4.54E-06,SEMA5A,1.150910284
ENSG00000156787.17,494.3165616,1.150899364,0.159145274,1.62E-13,2.81E-12,TBC1D31,1.150899364
ENSG00000260510.1,4.630984527,-1.150894627,0.325405984,0.00013206,0.000528834,AC004381.1,1.150894627
ENSG00000030110.13,953.8873501,1.15089197,0.164814049,1.10E-12,1.71E-11,BAK1,1.15089197
ENSG00000255040.1,1.242316898,-1.150720939,0.49451371,0.006094302,0.01617506,MORF4L1P3,1.150720939
ENSG00000278910.4,3.354449173,-1.150543147,0.470824172,0.004139361,0.011520415,BANCR,1.150543147
ENSG00000176485.12,7786.642392,-1.150214082,0.27793346,9.28E-06,4.68E-05,PLAAT3,1.150214082
ENSG00000248388.5,2.246130008,-1.150067884,0.414907433,0.001681692,0.005185526,AC093801.1,1.150067884
ENSG00000215548.2,48.65605527,-1.15001722,0.413242305,0.001538958,0.004795821,FRG1JP,1.15001722
ENSG00000237017.1,24.33622468,1.149859451,0.345834486,0.000266381,0.000995955,AC245052.4,1.149859451
ENSG00000233261.3,2.817011878,-1.149824324,0.403729372,0.00120924,0.003874696,FAM238A,1.149824324
ENSG00000286811.1,6.689222522,-1.149510167,0.347313427,0.000301935,0.001114568,AL353138.1,1.149510167
ENSG00000152492.15,6079.51309,-1.149466603,0.150829717,4.09E-15,8.80E-14,CCDC50,1.149466603
ENSG00000151704.16,7.437810201,-1.14914129,0.307704809,4.81E-05,0.00021142,KCNJ1,1.14914129
ENSG00000254263.1,3.421804989,1.149097176,0.476227218,0.004060877,0.011326662,AC022973.4,1.149097176
ENSG00000272583.1,4.260398122,1.149026051,0.547352034,0.009483872,0.023733242,AL592494.2,1.149026051
ENSG00000274659.2,12.70257346,-1.14898308,0.224916351,1.05E-07,7.56E-07,LINC02371,1.14898308
ENSG00000134545.14,28.72258234,-1.148905552,0.329406695,0.000144937,0.000575469,KLRC1,1.148905552
ENSG00000224650.2,814.7837692,-1.148901212,0.422866,0.001843771,0.005636173,IGHV3-74,1.148901212
ENSG00000235665.6,3.173618784,1.148895208,0.405120681,0.001337818,0.004240688,LINC00298,1.148895208
ENSG00000278893.1,3.214967187,1.148892244,0.548524238,0.009873124,0.024580505,AC010533.1,1.148892244
ENSG00000115252.18,390.1900467,-1.148773546,0.201988862,4.18E-09,3.79E-08,PDE1A,1.148773546
ENSG00000286113.1,0.803613563,-1.148753168,0.676934742,0.021220765,0.047490195,AC022868.1,1.148753168
ENSG00000143869.7,30.98765361,-1.148674235,0.349939932,0.000304558,0.001122983,GDF7,1.148674235
ENSG00000197320.5,11.44760875,-1.148549319,0.543078869,0.008964816,0.022620195,AC060834.1,1.148549319
ENSG00000267909.3,21.30414338,1.148516373,0.469340309,0.003997139,0.011168109,CCDC177,1.148516373
ENSG00000246523.8,55.33832413,-1.148052032,0.274047684,8.77E-06,4.45E-05,FZD4-DT,1.148052032
ENSG00000148362.11,1139.345193,1.14799608,0.192382864,8.39E-10,8.49E-09,PAXX,1.14799608
ENSG00000205537.2,1.587359379,1.147582469,0.450265001,0.003260482,0.009345842,AC121338.1,1.147582469
ENSG00000102383.14,251.1635437,-1.14738153,0.255296871,2.25E-06,1.28E-05,ZDHHC15,1.14738153
ENSG00000122863.6,2719.733267,-1.147217099,0.243787392,6.43E-07,4.03E-06,CHST3,1.147217099
ENSG00000286430.1,5.910815517,-1.14717964,0.365506823,0.000526351,0.001838624,AC020558.6,1.14717964
ENSG00000251463.2,1.293455803,1.147146791,0.442039574,0.002913399,0.008462106,FKBP4P1,1.147146791
ENSG00000106772.18,886.4915505,-1.147097691,0.313239981,6.74E-05,0.000287731,PRUNE2,1.147097691
ENSG00000165801.10,4233.074979,-1.146988957,0.144675877,7.10E-16,1.69E-14,ARHGEF40,1.146988957
ENSG00000288059.1,2.771905981,1.146988676,0.532397464,0.008356404,0.021259825,AL445213.2,1.146988676
ENSG00000180287.17,56.14046909,-1.146964234,0.419453505,5.91E-12,8.25E-11,PLD5,1.146964234
ENSG00000165644.11,328.0008508,1.146936463,0.233916677,3.08E-07,2.04E-06,COMTD1,1.146936463
ENSG00000171310.11,1463.609144,1.146905085,0.186639558,3.15E-10,3.41E-09,CHST11,1.146905085
ENSG00000260135.7,40.52183721,1.146789104,0.418175783,0.001755351,0.005391072,MMP2-AS1,1.146789104
ENSG00000239332.6,48.17076043,-1.146764749,0.156753755,8.53E-14,1.53E-12,LINC01119,1.146764749
ENSG00000232527.8,20.93729933,-1.146658961,0.27336425,8.20E-06,4.18E-05,LINC02802,1.146658961
ENSG00000123562.18,17161.07425,1.146526917,0.147391139,3.94E-15,8.49E-14,MORF4L2,1.146526917
ENSG00000159261.12,21.67998367,1.146501356,0.42170733,0.001876511,0.005725582,CLDN14,1.146501356
ENSG00000285703.1,1.46340041,-1.146459786,0.420186088,0.002043205,0.006181861,AL021918.3,1.146459786
ENSG00000100908.14,472.1898514,1.146458749,0.23132202,2.49E-07,1.69E-06,EMC9,1.146458749
ENSG00000284713.1,13.43742694,-1.146367274,0.310936464,7.29E-05,0.000308812,SMIM38,1.146367274
ENSG00000122375.12,7.386508416,-1.146327351,0.422281903,0.001787317,0.005478538,OPN4,1.146327351
ENSG00000107371.14,947.1700853,1.146107286,0.144531314,7.75E-16,1.83E-14,EXOSC3,1.146107286
ENSG00000164934.14,2830.691555,1.146024581,0.123485237,3.77E-21,1.64E-19,DCAF13,1.146024581
ENSG00000165626.17,853.6828351,-1.145947315,0.272052199,7.72E-06,3.96E-05,BEND7,1.145947315
ENSG00000238247.2,1.037478615,-1.145891413,0.497640845,0.00671057,0.017587433,RDXP3,1.145891413
ENSG00000186714.12,4.978456657,1.145889963,0.356898224,0.000396521,0.001424763,CCDC73,1.145889963
ENSG00000065600.13,507.7607348,1.145868165,0.11449638,4.94E-24,2.83E-22,PACC1,1.145868165
ENSG00000162344.4,7.635280408,-1.145677121,0.496393212,0.005542946,0.014866465,FGF19,1.145677121
ENSG00000175773.13,25.75982423,-1.145668558,0.190376236,6.60E-10,6.78E-09,ZBTB44-DT,1.145668558
ENSG00000134326.11,818.2340155,1.145605028,0.297202413,3.66E-05,0.000164567,CMPK2,1.145605028
ENSG00000143543.15,587.8224601,1.145539183,0.186101315,2.52E-10,2.77E-09,JTB,1.145539183
ENSG00000101134.12,232.4894181,-1.145422166,0.223863583,0.013840742,0.032924774,DOK5,1.145422166
ENSG00000151892.15,16595.89708,1.145352876,0.397159412,0.00131283,0.004171241,GFRA1,1.145352876
ENSG00000104866.11,2580.928247,1.145322261,0.153714362,3.49E-14,6.65E-13,PPP1R37,1.145322261
ENSG00000256407.2,2.961122884,-1.144791332,0.362317591,0.000486162,0.001712093,AL357673.1,1.144791332
ENSG00000174442.12,778.3098446,1.144755531,0.139851724,8.91E-17,2.39E-15,ZWILCH,1.144755531
ENSG00000258404.1,1.020075961,-1.144690854,0.58181874,0.010088664,0.025031457,LINC02320,1.144690854
ENSG00000280159.1,6.467185485,-1.144534271,0.249421303,1.55E-06,9.01E-06,AC016583.1,1.144534271
ENSG00000260859.1,1.298585638,-1.144204313,0.499177673,0.00668099,0.017520428,AC025280.1,1.144204313
ENSG00000287811.1,24.37409421,-1.144181587,0.187629322,3.42E-10,3.68E-09,AL391840.3,1.144181587
ENSG00000203724.11,79.22539416,1.14402516,0.206225134,9.39E-09,8.05E-08,C1orf53,1.14402516
ENSG00000101189.7,998.7701585,1.144024573,0.138027551,4.84E-17,1.34E-15,MRGBP,1.144024573
ENSG00000128011.5,241.0477808,1.143908732,0.185772837,2.49E-10,2.74E-09,LRFN1,1.143908732
ENSG00000230022.1,0.814850618,-1.143848836,0.590374773,0.018942937,0.043149388,FNTAP2,1.143848836
ENSG00000136161.13,1192.723198,-1.143774418,0.112526091,9.47E-25,5.96E-23,RCBTB2,1.143774418
ENSG00000184207.9,787.3718732,1.143594001,0.206998153,1.07E-08,9.08E-08,PGP,1.143594001
ENSG00000160190.14,1521.932307,1.143592391,0.143057139,4.44E-16,1.09E-14,SLC37A1,1.143592391
ENSG00000125730.17,46228.48972,-1.143198246,0.247501602,5.58E-07,3.54E-06,C3,1.143198246
ENSG00000272205.1,7.119375872,1.143072775,0.309589029,6.64E-05,0.000283692,AL451050.2,1.143072775
ENSG00000270578.1,4.793706517,-1.142479181,0.386293307,0.00095623,0.003144791,AP000787.2,1.142479181
ENSG00000224090.1,7.052338193,1.142308114,0.499410056,0.006170293,0.016347031,AC097468.1,1.142308114
ENSG00000272754.1,2.820331485,-1.142005606,0.284959785,2.13E-05,0.000100615,AL133245.1,1.142005606
ENSG00000135517.9,0.926023066,1.141881809,0.575942804,0.013241988,0.031692351,MIP,1.141881809
ENSG00000158301.18,999.3740019,-1.141863919,0.169008554,4.71E-12,6.69E-11,GPRASP2,1.141863919
ENSG00000101871.16,1545.150669,-1.141861217,0.341575099,0.000225308,0.00085492,MID1,1.141861217
ENSG00000254481.1,7.626505,1.141702881,0.28174897,1.44E-05,7.01E-05,PTP4A2P2,1.141702881
ENSG00000260439.1,11.62379991,-1.141672612,0.369287148,0.000601271,0.002073594,LMF1-AS1,1.141672612
ENSG00000260171.1,0.975285458,-1.14161034,0.539101317,0.010160604,0.02519086,AC008269.2,1.14161034
ENSG00000172757.13,29118.15138,1.141575872,0.126689708,1.11E-19,4.16E-18,CFL1,1.141575872
ENSG00000204315.4,464.3103297,1.141518245,0.144660391,1.06E-15,2.46E-14,FKBPL,1.141518245
ENSG00000280273.2,10.5478414,-1.141442947,0.256896455,2.92E-06,1.63E-05,AF131216.4,1.141442947
ENSG00000251537.4,5.184463189,1.141086538,0.481203573,0.004812481,0.0131351,AC005324.2,1.141086538
ENSG00000163348.4,4682.627498,1.141050039,0.091097966,1.94E-36,5.14E-34,PYGO2,1.141050039
ENSG00000248079.3,11.8620217,-1.140948693,0.255928793,3.06E-06,1.70E-05,DPH6-DT,1.140948693
ENSG00000230490.3,65.75759191,-1.140788982,0.255130017,2.55E-06,1.44E-05,AL139383.1,1.140788982
ENSG00000274536.7,41.0939333,-1.140723222,0.325055754,0.000135721,0.000541892,MIR223HG,1.140723222
ENSG00000250579.2,15.91862191,-1.140671939,0.382870688,0.000845144,0.002818391,CTD-2297D10.2,1.140671939
ENSG00000099250.18,8821.284701,-1.140645339,0.218787772,5.11E-08,3.87E-07,NRP1,1.140645339
ENSG00000006704.11,1771.200059,1.140545372,0.143082786,6.75E-16,1.61E-14,GTF2IRD1,1.140545372
ENSG00000197451.12,6814.28897,1.140534394,0.127015849,1.27E-19,4.72E-18,HNRNPAB,1.140534394
ENSG00000157778.9,1280.67595,1.140474761,0.151523871,1.84E-14,3.64E-13,PSMG3,1.140474761
ENSG00000124491.16,5930.960155,-1.140454091,0.35663657,0.000380322,0.001374225,F13A1,1.140454091
ENSG00000228791.8,17.79018576,-1.140246522,0.204662798,7.70E-09,6.67E-08,THRB-AS1,1.140246522
ENSG00000229647.2,32.51544744,-1.140197062,0.254834325,2.53E-06,1.43E-05,MYOSLID,1.140197062
ENSG00000171793.16,1504.146311,1.139855102,0.153455038,5.43E-14,1.00E-12,CTPS1,1.139855102
ENSG00000131652.14,1212.191344,1.139715264,0.152081065,2.31E-14,4.49E-13,THOC6,1.139715264
ENSG00000131044.17,63.25952965,1.139670811,0.303175713,5.40E-05,0.000235025,TTLL9,1.139670811
ENSG00000284968.1,117.9673117,-1.139244263,0.158392,2.16E-13,3.71E-12,AC093827.4,1.139244263
ENSG00000147408.14,1100.295409,-1.138863618,0.156722883,1.24E-13,2.19E-12,CSGALNACT1,1.138863618
ENSG00000161544.10,995.152769,-1.13875085,0.219498608,6.97E-08,5.16E-07,CYGB,1.13875085
ENSG00000136108.15,1422.637576,1.13874624,0.15502986,9.87E-14,1.76E-12,CKAP2,1.13874624
ENSG00000275695.1,0.85322028,-1.138629454,0.572642423,0.012241453,0.029626247,UBE2Q2P6,1.138629454
ENSG00000128346.11,140.6722131,-1.138514968,0.238427517,5.88E-07,3.72E-06,C22orf23,1.138514968
ENSG00000270959.1,224.5224652,-1.138395909,0.174953257,2.64E-11,3.37E-10,LPP-AS2,1.138395909
ENSG00000197562.10,1709.227898,1.138227927,0.143217497,6.98E-16,1.66E-14,RAB40C,1.138227927
ENSG00000229950.1,39.52174345,1.138196896,0.286100789,2.26E-05,0.000106301,TFAP2A-AS1,1.138196896
ENSG00000235169.11,99.59038021,1.137854347,0.226838459,1.78E-07,1.23E-06,SMIM1,1.137854347
ENSG00000167747.15,2292.308135,1.137690226,0.198536832,3.55E-09,3.25E-08,C19orf48,1.137690226
ENSG00000169884.14,67.19316979,-1.137578767,0.395229868,0.00117018,0.003766574,WNT10B,1.137578767
ENSG00000101187.16,199.213409,-1.137548183,0.292602171,3.04E-05,0.000139059,SLCO4A1,1.137548183
ENSG00000277879.1,67.73962547,-1.137409472,0.219767481,7.27E-08,5.37E-07,AL391988.1,1.137409472
ENSG00000268746.1,2.56052764,-1.137334371,0.361753592,0.000553363,0.001924938,AC010519.1,1.137334371
ENSG00000271620.1,1.279016028,-1.13727749,0.629699266,0.015242254,0.035752132,IGHV3OR16-7,1.13727749
ENSG00000254877.1,21.12823483,1.137162609,0.446415236,0.003119071,0.008990359,AP001636.2,1.137162609
ENSG00000286529.1,23.17340322,1.136844629,0.260165822,4.17E-06,2.26E-05,AC090398.2,1.136844629
ENSG00000239593.1,5.270367596,-1.13637736,0.441854122,0.002346353,0.006990303,AL513122.2,1.13637736
ENSG00000278876.1,11.82158531,1.136342477,0.324219797,0.000137126,0.000546779,AC145207.9,1.136342477
ENSG00000147437.10,88.81613457,-1.136260055,0.23906083,6.58E-07,4.12E-06,GNRH1,1.136260055
ENSG00000250726.1,0.89113347,-1.136234739,0.563073819,0.014672897,0.034612988,AC107222.1,1.136234739
ENSG00000285278.1,80.27424971,1.136196352,0.242911594,9.91E-07,6.00E-06,TFAP2A-AS2,1.136196352
ENSG00000234191.1,1.044900054,1.136052217,0.763920465,0.020240109,0.045614849,LINC01283,1.136052217
ENSG00000214313.8,216.2120629,1.136036658,0.359080267,0.000488109,0.001717716,AZGP1P1,1.136036658
ENSG00000198018.7,1272.785862,1.136004764,0.139097261,1.52E-16,3.94E-15,ENTPD7,1.136004764
ENSG00000173898.14,4427.880743,1.135912267,0.362088968,0.000591464,0.002043722,SPTBN2,1.135912267
ENSG00000263293.2,19.2527684,-1.135884301,0.27879894,1.54E-05,7.47E-05,THCAT158,1.135884301
ENSG00000249242.8,3207.243742,1.13586192,0.321581499,0.00013047,0.000522999,TMEM150C,1.13586192
ENSG00000258501.1,2.079184536,-1.135855773,0.437240353,0.002656072,0.007801207,EIF3LP1,1.135855773
ENSG00000227145.2,3.345850605,1.135784969,0.623296684,7.53E-06,3.87E-05,IL21-AS1,1.135784969
ENSG00000223117.1,1.659577641,-1.13570447,0.427704237,0.002494324,0.007375765,RN7SKP296,1.13570447
ENSG00000235081.1,2.430346149,-1.135595767,0.374389466,0.000746322,0.002523107,AC245052.3,1.135595767
ENSG00000271215.1,1.573589186,-1.13558422,0.464435228,0.004397656,0.01214208,RPL21P136,1.13558422
ENSG00000278743.1,8.118053689,1.135522707,0.371110408,0.000646866,0.002214896,AC087239.1,1.135522707
ENSG00000273001.1,7.175345038,-1.135392199,0.279448971,1.68E-05,8.08E-05,AL731533.2,1.135392199
ENSG00000278875.1,8.629384208,-1.135369821,0.294762311,3.60E-05,0.000162216,AC025809.2,1.135369821
ENSG00000184058.14,386.8464364,1.135352297,0.307121666,6.89E-05,0.000293206,TBX1,1.135352297
ENSG00000204580.13,19204.3876,1.135280351,0.168091851,6.51E-12,9.03E-11,DDR1,1.135280351
ENSG00000286792.1,0.934314305,1.135175212,0.637928479,0.020687229,0.046454618,AC005703.6,1.135175212
ENSG00000121207.12,163.4658529,-1.135165117,0.394741039,0.001186584,0.003810804,LRAT,1.135165117
ENSG00000287134.1,29.14562025,-1.135044171,0.248349789,1.63E-06,9.47E-06,AC106845.1,1.135044171
ENSG00000198542.14,1153.096328,1.134959862,0.265606476,6.55E-06,3.41E-05,ITGBL1,1.134959862
ENSG00000250067.12,114.1927136,1.134942505,0.281889586,1.84E-05,8.81E-05,YJEFN3,1.134942505
ENSG00000272033.1,3.153019182,-1.134893328,0.448507164,0.003297111,0.009439128,AL136984.1,1.134893328
ENSG00000282939.1,41.33495362,1.134873402,0.382664135,0.000911703,0.003012984,TRBV7-2,1.134873402
ENSG00000268041.2,16.49195083,1.134815978,0.323936361,0.000148189,0.000587197,ERFL,1.134815978
ENSG00000124766.7,11194.10982,1.134715315,0.196823645,3.24E-09,2.99E-08,SOX4,1.134715315
ENSG00000142552.8,2141.136047,1.134588629,0.202135434,7.25E-09,6.32E-08,RCN3,1.134588629
ENSG00000179344.16,4072.118511,1.134566816,0.284019458,2.13E-05,0.000100865,HLA-DQB1,1.134566816
ENSG00000261150.3,2267.622335,1.134387408,0.349136777,0.000374474,0.001355087,EPPK1,1.134387408
ENSG00000287613.1,1.575705292,-1.134202027,0.474603717,0.00515034,0.013934295,AC069549.2,1.134202027
ENSG00000225057.2,11.0763811,-1.134193411,0.295856592,3.87E-05,0.000172886,AC012485.1,1.134193411
ENSG00000153789.13,11.39759721,1.134141367,0.462305727,0.003959772,0.011077888,CIBAR2,1.134141367
ENSG00000274721.1,2.797174746,-1.133983297,0.408681761,0.001761758,0.005407792,AC091825.1,1.133983297
ENSG00000173040.13,369.8406697,-1.133650144,0.161685442,8.14E-13,1.29E-11,EVC2,1.133650144
ENSG00000163659.13,3804.115831,-1.133363067,0.174029288,1.59E-11,2.09E-10,TIPARP,1.133363067
ENSG00000198794.12,1133.254513,1.133231239,0.230057084,3.02E-07,2.01E-06,SCAMP5,1.133231239
ENSG00000135525.18,3385.843278,1.13302355,0.195385714,2.49E-09,2.34E-08,MAP7,1.13302355
ENSG00000266993.3,23.1177403,-1.132905159,0.231223631,3.19E-07,2.11E-06,AL050343.2,1.132905159
ENSG00000220392.1,1.491825655,-1.132858668,0.432058724,0.002890983,0.008406319,FCF1P5,1.132858668
ENSG00000136522.14,2036.118936,1.132852165,0.169836807,1.11E-11,1.50E-10,MRPL47,1.132852165
ENSG00000286067.1,143.7113296,-1.132631435,0.237013277,5.75E-07,3.64E-06,AC004263.2,1.132631435
ENSG00000001617.12,4157.3077,1.132399522,0.155516593,9.68E-14,1.73E-12,SEMA3F,1.132399522
ENSG00000284308.1,36.63110586,1.132330721,0.247884336,1.59E-06,9.27E-06,C2orf81,1.132330721
ENSG00000154096.14,6166.272319,1.132301259,0.258643719,4.28E-06,2.31E-05,THY1,1.132301259
ENSG00000259921.1,7.592510411,-1.132296968,0.334801641,0.000253188,0.000951063,AC022819.1,1.132296968
ENSG00000114770.17,3540.383383,1.132206054,0.173353548,2.59E-11,3.31E-10,ABCC5,1.132206054
ENSG00000275655.1,1.768325856,1.132093897,0.498660766,0.007052615,0.01835895,RN7SL313P,1.132093897
ENSG00000254027.1,7.079861235,-1.131912954,0.335324082,0.000223074,0.000847343,AC009902.2,1.131912954
ENSG00000167114.13,2214.209047,1.131560275,0.151856612,3.19E-14,6.10E-13,SLC27A4,1.131560275
ENSG00000237773.7,36.37281723,-1.131504272,0.228287532,2.31E-07,1.57E-06,AC073332.1,1.131504272
ENSG00000260412.1,6.863305586,-1.131498502,0.468046025,0.004460826,0.012293167,AL353746.1,1.131498502
ENSG00000159166.15,1657.719313,1.131358841,0.2855798,2.31E-05,0.000108562,LAD1,1.131358841
ENSG00000182685.7,73.22197487,1.131093487,0.260479915,4.63E-06,2.49E-05,BRICD5,1.131093487
ENSG00000226819.1,1.664292328,-1.130970332,0.492740486,0.006398236,0.016886012,MEIS1-AS3,1.130970332
ENSG00000074966.11,40.45206299,-1.13095315,0.239419845,7.21E-07,4.48E-06,TXK,1.13095315
ENSG00000259308.3,2.248728538,-1.130856724,0.370247114,0.000700889,0.002382636,FABP5P8,1.130856724
ENSG00000249252.5,8.850031525,-1.130808427,0.324565036,0.000154093,0.000607524,C1QTNF7-AS1,1.130808427
ENSG00000008838.20,6946.738851,1.130702263,0.256303194,3.71E-06,2.03E-05,MED24,1.130702263
ENSG00000008394.13,15553.13934,-1.130653959,0.327251185,0.000148821,0.000589448,MGST1,1.130653959
ENSG00000068831.19,304.9138373,-1.130640875,0.230307432,2.86E-07,1.91E-06,RASGRP2,1.130640875
ENSG00000198535.5,124.7246794,1.130302228,0.540081289,0.009660556,0.024112414,C2CD4A,1.130302228
ENSG00000168439.17,9289.192316,1.130076214,0.134613637,1.97E-17,5.77E-16,STIP1,1.130076214
ENSG00000267986.1,3.329407156,-1.130063708,0.324109402,0.000148832,0.000589448,AC130469.1,1.130063708
ENSG00000187908.20,68.32134561,-1.129926274,0.473171942,0.00467506,0.012799153,DMBT1,1.129926274
ENSG00000133958.13,43.89375732,-1.129846305,0.179361125,9.75E-11,1.14E-09,UNC79,1.129846305
ENSG00000087088.20,1712.460856,1.129440911,0.140837876,3.72E-16,9.21E-15,BAX,1.129440911
ENSG00000105255.11,8.691910778,1.129231731,0.345987953,0.000349839,0.001274277,FSD1,1.129231731
ENSG00000150783.10,3.313894264,-1.12892062,0.424950438,0.002061875,0.006233545,TEX12,1.12892062
ENSG00000264635.1,5.189368982,-1.128791118,0.345873969,0.000351474,0.00127952,AP001020.2,1.128791118
ENSG00000250126.1,1.452027993,-1.128737465,0.62842575,0.016850185,0.03896531,AC116563.1,1.128737465
ENSG00000142178.9,188.9153435,-1.128530372,0.549185072,0.010248595,0.025373782,SIK1,1.128530372
ENSG00000172531.16,6610.52122,1.128348131,0.149295017,2.05E-14,4.03E-13,PPP1CA,1.128348131
ENSG00000234918.1,496.6168638,1.128347455,0.540762696,0.009808474,0.024435037,AL157387.1,1.128347455
ENSG00000265971.1,4.437528404,-1.128267526,0.314674433,9.76E-05,0.000402616,AC005828.5,1.128267526
ENSG00000101935.10,1033.780402,1.128025894,0.149290719,1.20E-14,2.43E-13,AMMECR1,1.128025894
ENSG00000239532.1,2.185150808,-1.127913093,0.347722582,0.000376648,0.00136195,AC108022.1,1.127913093
ENSG00000234076.1,33.84861814,-1.127783958,0.355252483,0.000463499,0.001640812,TPRG1-AS1,1.127783958
ENSG00000162174.12,371.8587543,1.127564548,0.332715228,0.000223901,0.000850156,ASRGL1,1.127564548
ENSG00000253307.1,4.136268948,1.127537151,0.360377802,0.000502993,0.001766299,AC011676.1,1.127537151
ENSG00000119383.20,10003.57884,1.12750694,0.15815981,5.51E-13,8.96E-12,PTPA,1.12750694
ENSG00000160219.12,349.4163607,-1.127485535,0.175706502,4.70E-11,5.79E-10,GAB3,1.127485535
ENSG00000228763.1,7.930677858,-1.127377295,0.297116802,4.66E-05,0.000205278,LIMS1-AS1,1.127377295
ENSG00000127663.15,6325.182752,1.127317694,0.192264934,1.85E-09,1.78E-08,KDM4B,1.127317694
ENSG00000278829.1,2.970325703,-1.127170681,0.359090222,0.000562223,0.001951438,AC099811.5,1.127170681
ENSG00000229065.1,1.514180689,-1.12711432,0.454451842,0.003657133,0.010340206,AL354893.2,1.12711432
ENSG00000272744.1,15.1044176,1.126988903,0.188575059,8.46E-10,8.55E-09,AC107214.2,1.126988903
ENSG00000196277.16,24.98332514,-1.126987587,0.398043585,0.001415153,0.004453129,GRM7,1.126987587
ENSG00000240006.1,5.117916531,-1.126954855,0.390430587,0.00124362,0.00397481,LINC02004,1.126954855
ENSG00000111490.15,266.5439482,1.126952929,0.20059274,7.22E-09,6.30E-08,TBC1D30,1.126952929
ENSG00000095585.17,769.5782421,1.126830524,0.207336133,1.83E-08,1.48E-07,BLNK,1.126830524
ENSG00000273093.1,2.180081597,-1.126756012,0.592491301,0.015546073,0.036358393,AC097065.2,1.126756012
ENSG00000267589.1,1.42244599,-1.126613001,0.564799749,0.012221597,0.029581837,AC011444.4,1.126613001
ENSG00000273792.1,5.033994642,1.126392979,0.362917898,0.000592292,0.002045862,AC022898.2,1.126392979
ENSG00000198814.13,348.4844116,1.126348818,0.150084391,2.19E-14,4.29E-13,GK,1.126348818
ENSG00000183036.11,31.51635598,1.12629328,0.515035236,0.007847284,0.020135383,PCP4,1.12629328
ENSG00000259349.2,16.90657006,1.126258323,0.220446471,1.04E-07,7.50E-07,AC011921.1,1.126258323
ENSG00000146038.12,661.6325521,-1.126045845,0.437652067,0.002884835,0.008390306,DCDC2,1.126045845
ENSG00000102053.12,144.6806509,-1.125935801,0.169619248,1.05E-11,1.42E-10,ZC3H12B,1.125935801
ENSG00000227356.2,1.334794391,-1.125930585,0.597763889,0.015726458,0.036725608,LINC00866,1.125930585
ENSG00000245614.4,32.18764543,1.125612206,0.193522739,2.22E-09,2.10E-08,DDX11-AS1,1.125612206
ENSG00000267251.2,56.79583774,1.125549671,0.324474028,0.000167375,0.000654246,AC139100.1,1.125549671
ENSG00000189099.11,0.888757338,-1.125495615,0.631257414,0.018398212,0.042049998,PRSS48,1.125495615
ENSG00000267048.1,6.174923717,1.125397085,0.343699565,0.000303055,0.001117965,AC092143.3,1.125397085
ENSG00000234775.2,2.728160932,1.125257023,0.621674269,0.018021287,0.041335215,AC105940.2,1.125257023
ENSG00000227619.3,18.70135004,1.125234439,0.280758497,2.06E-05,9.77E-05,AL391056.1,1.125234439
ENSG00000158042.9,2651.50425,1.125232517,0.138836606,3.36E-16,8.35E-15,MRPL17,1.125232517
ENSG00000273045.7,220.6890608,1.125105389,0.183641996,2.98E-10,3.25E-09,C2orf15,1.125105389
ENSG00000285244.1,2.031688606,-1.124896732,0.464153308,0.004390592,0.012125986,DINOL,1.124896732
ENSG00000164107.9,85.55445849,-1.124786295,0.234244808,5.31E-07,3.38E-06,HAND2,1.124786295
ENSG00000165194.15,572.8584279,-1.124678461,0.332435876,0.000220572,0.000838491,PCDH19,1.124678461
ENSG00000076604.15,3680.006145,1.124494056,0.232856786,5.05E-07,3.23E-06,TRAF4,1.124494056
ENSG00000076003.5,3146.663989,1.124331854,0.15092877,4.91E-14,9.15E-13,MCM6,1.124331854
ENSG00000093144.19,3212.969984,-1.124009394,0.181081704,1.21E-10,1.40E-09,ECHDC1,1.124009394
ENSG00000260008.1,1.26938972,-1.123953844,0.465401706,0.005275576,0.014230977,AP001527.1,1.123953844
ENSG00000227258.6,14.98617797,-1.123943895,0.284524053,2.59E-05,0.000120146,SMIM2-AS1,1.123943895
ENSG00000014138.9,221.4173893,1.12361379,0.159466691,6.30E-13,1.02E-11,POLA2,1.12361379
ENSG00000184445.12,1413.646137,1.122986305,0.127305926,4.84E-19,1.68E-17,KNTC1,1.122986305
ENSG00000142677.4,78.19390084,-1.122975885,0.294842967,4.54E-05,0.000200389,IL22RA1,1.122975885
ENSG00000172292.15,3565.20903,1.122812927,0.1913628,1.85E-09,1.78E-08,CERS6,1.122812927
ENSG00000255031.5,31.75739984,1.122686416,0.347110666,0.000382228,0.001379968,AP002807.1,1.122686416
ENSG00000230849.2,3.801098674,1.12256143,0.47001174,0.004577552,0.012570748,GOT2P2,1.12256143
ENSG00000162702.8,2759.389902,1.122541183,0.173936253,3.76E-11,4.69E-10,ZNF281,1.122541183
ENSG00000198363.18,23068.31208,-1.122512067,0.278457464,1.63E-05,7.88E-05,ASPH,1.122512067
ENSG00000247728.2,3.666506097,-1.122411571,0.311946002,0.000112466,0.000457786,AC091057.2,1.122411571
ENSG00000049192.15,163.5083883,1.122395636,0.252912984,3.14E-06,1.74E-05,ADAMTS6,1.122395636
ENSG00000251679.1,1.220412594,-1.122334727,0.643277636,0.020710703,0.046502015,AC073848.1,1.122334727
ENSG00000261549.2,1.560076038,-1.122303207,0.426376924,0.002647839,0.00777877,AC107954.1,1.122303207
ENSG00000282199.1,1.583583393,-1.122195679,0.449739373,0.003819457,0.010737337,AC007993.3,1.122195679
ENSG00000248712.7,103.2199304,1.122192636,0.267023743,8.77E-06,4.44E-05,CCDC153,1.122192636
ENSG00000285591.1,2.314131587,1.122143712,0.401889119,0.001724687,0.00530436,AC092617.1,1.122143712
ENSG00000272275.1,30.4230216,1.121897632,0.243606844,1.30E-06,7.69E-06,AC092687.3,1.121897632
ENSG00000214146.3,11.03272314,1.121735026,0.265843956,7.93E-06,4.06E-05,LINC02026,1.121735026
ENSG00000165046.13,186.9849004,1.121695504,0.272208965,1.24E-05,6.10E-05,LETM2,1.121695504
ENSG00000101846.8,2797.526514,-1.121688077,0.254764457,2.91E-06,1.62E-05,STS,1.121688077
ENSG00000283390.1,3.060928168,1.121675151,0.324224053,0.000170498,0.000665725,AC068631.3,1.121675151
ENSG00000176014.13,4861.898387,-1.121662171,0.190849881,1.02E-09,1.02E-08,TUBB6,1.121662171
ENSG00000200209.1,1.364800307,1.121392741,0.484693937,0.006743135,0.017666889,Y_RNA,1.121392741
ENSG00000186204.15,137.8555579,-1.121350491,0.373158861,0.000792191,0.002659185,CYP4F12,1.121350491
ENSG00000271749.1,2.431870631,1.120983814,0.55207364,0.011538907,0.028146191,AC005828.6,1.120983814
ENSG00000235264.1,2.159426406,-1.120980158,0.444768167,0.003582956,0.010159726,RPL5P28,1.120980158
ENSG00000111775.3,1493.775422,1.120883997,0.176855863,8.34E-11,9.87E-10,COX6A1,1.120883997
ENSG00000125967.17,1752.446149,1.120809311,0.213447027,5.23E-08,3.96E-07,NECAB3,1.120809311
ENSG00000138092.11,368.8520098,1.120499327,0.108410068,1.73E-25,1.18E-23,CENPO,1.120499327
ENSG00000214145.7,15.96242612,1.120435161,0.297977849,5.63E-05,0.000244342,LINC00887,1.120435161
ENSG00000283582.1,0.896261027,-1.120195744,0.596296249,0.019890744,0.04497427,SULT6B2P,1.120195744
ENSG00000224822.1,7.410655409,-1.119997392,0.446700416,0.003407827,0.009720671,THRB-IT1,1.119997392
ENSG00000113648.16,8826.217983,1.119843137,0.089299684,6.40E-37,1.89E-34,MACROH2A1,1.119843137
ENSG00000230191.1,5.243853196,1.119796857,0.468553072,0.004913233,0.01337478,IFITM3P4,1.119796857
ENSG00000274026.2,7.933310621,-1.119511125,0.270876159,1.19E-05,5.91E-05,FAM27E3,1.119511125
ENSG00000234678.2,241.0700013,1.119422986,0.191713119,1.83E-09,1.76E-08,ELF3-AS1,1.119422986
ENSG00000258951.1,6.259296498,-1.119400572,0.356536741,0.000535962,0.001869205,KRT18P7,1.119400572
ENSG00000233124.2,5.032791149,1.118789351,0.645973871,0.020267318,0.045657834,LINC00456,1.118789351
ENSG00000162947.5,1.027387775,-1.118764833,0.621858096,0.020013692,0.045203121,LINC01931,1.118764833
ENSG00000165895.19,996.1858543,-1.118485452,0.187755849,8.24E-10,8.36E-09,ARHGAP42,1.118485452
ENSG00000232454.2,3.684164527,1.11843779,0.401956646,0.001547156,0.004817954,AL138752.1,1.11843779
ENSG00000084710.14,513.5003469,1.118229034,0.275311674,1.62E-05,7.84E-05,EFR3B,1.118229034
ENSG00000265660.1,25.02301749,1.118197721,0.320225418,0.000155252,0.000611419,MIR4664,1.118197721
ENSG00000185339.9,1982.734497,-1.117971006,0.189084439,1.12E-09,1.11E-08,TCN2,1.117971006
ENSG00000077274.9,837.8352916,-1.117892381,0.432831546,1.23E-11,1.65E-10,CAPN6,1.117892381
ENSG00000272631.1,129.0626253,-1.11780769,0.154336574,1.49E-13,2.60E-12,AC067750.1,1.11780769
ENSG00000165899.11,34.03343787,-1.117453831,0.289940451,3.83E-05,0.000171559,OTOGL,1.117453831
ENSG00000064835.11,2.680263775,-1.117032902,0.328282326,0.000225195,0.000854577,POU1F1,1.117032902
ENSG00000249494.6,10.98666684,-1.116966314,0.25159793,3.15E-06,1.74E-05,AC008629.1,1.116966314
ENSG00000104447.13,20384.89887,1.116963493,0.222789832,2.04E-07,1.40E-06,TRPS1,1.116963493
ENSG00000276298.1,1.093911824,1.116938949,0.618775506,0.018266099,0.04182348,AC234782.1,1.116938949
ENSG00000230978.2,38.49100224,1.116882313,0.374696535,0.000895996,0.002966314,LINC00160,1.116882313
ENSG00000249335.2,3.166000404,-1.11687917,0.446389922,0.003764515,0.010603371,AC093523.1,1.11687917
ENSG00000261143.1,7.711260655,1.116847569,0.313070531,9.83E-05,0.000405417,ADAMTS7P3,1.116847569
ENSG00000169551.13,1.028010583,1.116801153,0.489920817,0.006909541,0.018039106,CT55,1.116801153
ENSG00000156687.11,4.076016716,1.116246332,0.479422787,0.009346718,0.023442282,UNC5D,1.116246332
ENSG00000233916.1,4.443992587,-1.116029738,0.332312894,0.000229297,0.000868379,ZDHHC20P1,1.116029738
ENSG00000254370.1,3.518242412,1.115814181,0.418760758,0.002322985,0.006926988,AC025871.2,1.115814181
ENSG00000121073.15,3059.066916,1.115742187,0.17831549,1.52E-10,1.73E-09,SLC35B1,1.115742187
ENSG00000171446.7,1.040033494,-1.115495114,0.617979882,0.020640261,0.046359748,KRT27,1.115495114
ENSG00000274767.1,15.43550711,1.115452842,0.42329189,0.002484223,0.007351982,AC243829.1,1.115452842
ENSG00000041515.16,162.7811122,-1.115336382,0.408261183,0.001879666,0.005734318,MYO16,1.115336382
ENSG00000104518.11,3351.239442,1.115285166,0.201956947,1.19E-08,9.98E-08,GSDMD,1.115285166
ENSG00000187122.17,44.02096873,-1.115217432,0.238109507,0.019395679,0.044022199,SLIT1,1.115217432
ENSG00000143368.10,5579.306063,1.115028184,0.123810211,1.12E-19,4.19E-18,SF3B4,1.115028184
ENSG00000278071.1,16.99854025,1.115018966,0.313966486,0.000122591,0.000494035,AL161669.3,1.115018966
ENSG00000250803.6,1.414413089,1.114912207,0.666325666,0.020983239,0.04702793,AC010255.2,1.114912207
ENSG00000135926.15,11279.47253,-1.114661297,0.170804091,2.12E-11,2.74E-10,TMBIM1,1.114661297
ENSG00000266994.1,1.113168922,1.114561746,0.559765305,0.013030302,0.031273362,AC020663.1,1.114561746
ENSG00000232341.2,9.420113371,-1.114543065,0.272516861,1.47E-05,7.14E-05,RPL4P2,1.114543065
ENSG00000169116.11,3422.373991,-1.114327186,0.237518357,7.49E-07,4.63E-06,PARM1,1.114327186
ENSG00000261204.1,3.571475053,1.11390648,0.380444623,0.001002304,0.003278205,AC004449.1,1.11390648
ENSG00000286990.1,13.96397835,-1.113877741,0.339411013,0.000322496,0.001182684,AC016026.2,1.113877741
ENSG00000019144.19,6635.718793,-1.113776102,0.189010924,1.09E-09,1.08E-08,PHLDB1,1.113776102
ENSG00000231482.3,16.72337152,1.113390932,0.229155101,4.05E-07,2.64E-06,AC105450.1,1.113390932
ENSG00000224745.1,6.610993922,-1.113185167,0.277038421,2.06E-05,9.77E-05,AC063965.2,1.113185167
ENSG00000176393.11,4166.518901,1.113040284,0.125612758,3.16E-19,1.12E-17,RNPEP,1.113040284
ENSG00000251442.6,216.8259523,1.113009413,0.194391894,3.65E-09,3.34E-08,LINC01094,1.113009413
ENSG00000223387.6,13.63553914,1.112969899,0.455260367,0.004307424,0.011922275,LINC02068,1.112969899
ENSG00000267429.1,2.694649351,-1.11295239,0.398625352,0.001676327,0.005172138,AC006116.6,1.11295239
ENSG00000102970.11,29.79056258,1.112656723,0.361815684,0.000668924,0.002281076,CCL17,1.112656723
ENSG00000082497.12,2944.131544,1.112567189,0.186598664,1.02E-09,1.02E-08,SERTAD4,1.112567189
ENSG00000270733.1,1.359540286,-1.112265826,0.366644706,0.001205295,0.003863947,AL355877.1,1.112265826
ENSG00000267673.6,1.198146469,1.11223555,0.628611182,0.019586616,0.044368621,FDX2,1.11223555
ENSG00000170909.13,203.7297217,1.112190588,0.251366035,3.27E-06,1.81E-05,OSCAR,1.112190588
ENSG00000051596.10,462.6158808,1.112118065,0.171005472,3.30E-11,4.16E-10,THOC3,1.112118065
ENSG00000235903.9,24.6231235,-1.112074956,0.242743918,1.59E-06,9.27E-06,CPB2-AS1,1.112074956
ENSG00000275719.1,13.6024032,-1.111959395,0.266910198,1.07E-05,5.33E-05,AC008622.2,1.111959395
ENSG00000168275.16,804.7212446,1.111833603,0.163751051,3.75E-12,5.44E-11,COA6,1.111833603
ENSG00000164185.6,21.50790525,1.111751858,0.264726236,8.33E-06,4.24E-05,ZNF474,1.111751858
ENSG00000233868.1,1.257658871,1.111711974,0.424772335,0.002969065,0.008612326,LLPHP3,1.111711974
ENSG00000187808.5,37.84392255,1.111490147,0.286359981,3.49E-05,0.000157675,SOWAHD,1.111490147
ENSG00000174165.8,1311.739747,1.111356351,0.1335706,1.60E-06,9.30E-06,ZDHHC24,1.111356351
ENSG00000258759.1,1.241567342,1.111263889,0.408218756,0.002194109,0.006590715,AL049779.2,1.111263889
ENSG00000268279.4,20.50971657,-1.111242944,0.210818635,4.75E-08,3.62E-07,AC090004.1,1.111242944
ENSG00000176101.12,2169.542777,1.110921209,0.167123384,1.32E-11,1.75E-10,SSNA1,1.110921209
ENSG00000272455.1,120.8488478,1.110841319,0.214435553,7.87E-08,5.79E-07,MRPL20-DT,1.110841319
ENSG00000270016.1,2.205696903,-1.110796296,0.321217413,0.000212812,0.000812056,AC026150.3,1.110796296
ENSG00000167972.14,5602.504909,1.110650359,0.249224141,3.33E-06,1.84E-05,ABCA3,1.110650359
ENSG00000255968.1,23.4533858,-1.110595874,0.302320375,7.79E-05,0.000327941,AC024145.1,1.110595874
ENSG00000279707.1,1.381268113,-1.110256563,0.493296486,0.007755108,0.019937936,AC120349.3,1.110256563
ENSG00000214676.4,0.919735617,1.110181424,0.634012977,0.020055287,0.045271039,RPL9P16,1.110181424
ENSG00000173137.12,404.92876,1.110119735,0.194209312,3.90E-09,3.55E-08,ADCK5,1.110119735
ENSG00000084444.14,3264.49629,1.110020813,0.265424691,1.15E-05,5.68E-05,FAM234B,1.110020813
ENSG00000181392.17,619.4179025,1.109867519,0.275360721,1.97E-05,9.36E-05,SYNE4,1.109867519
ENSG00000197594.13,5445.810729,1.109796784,0.223606514,2.54E-07,1.72E-06,ENPP1,1.109796784
ENSG00000286900.1,2.070097743,1.109762118,0.514254687,0.009106843,0.022919675,AL590235.2,1.109762118
ENSG00000285618.1,1.932630649,-1.109753114,0.504555508,0.008663396,0.021956958,AC074132.1,1.109753114
ENSG00000108604.16,8150.607327,1.10974712,0.167288299,0.000160515,0.000630002,SMARCD2,1.10974712
ENSG00000230023.2,0.684014097,-1.109686561,0.609849481,0.018388898,0.04203599,LINC02800,1.109686561
ENSG00000213701.4,1.880341979,1.109680416,0.350448236,0.000551902,0.001920366,SETP22,1.109680416
ENSG00000251532.1,7.982012039,1.109107495,0.370611608,0.000885661,0.002937301,AC091849.2,1.109107495
ENSG00000259577.2,31.67131631,-1.109069948,0.205947179,2.57E-08,2.04E-07,CERNA1,1.109069948
ENSG00000233155.1,4.351785983,1.109052252,0.390313211,0.001389731,0.004384723,HMGA1P8,1.109052252
ENSG00000088356.6,1319.306132,1.108904953,0.163906626,5.75E-12,8.05E-11,PDRG1,1.108904953
ENSG00000226937.9,4.344166019,-1.108800152,0.381339098,0.001237474,0.00395774,CEP164P1,1.108800152
ENSG00000204971.3,2.072869606,-1.108706668,0.489867092,0.00676067,0.017702204,AP000812.1,1.108706668
ENSG00000118640.11,5817.97866,1.108412824,0.175482494,9.72E-11,1.14E-09,VAMP8,1.108412824
ENSG00000267731.1,31.40436658,-1.108360866,0.274146295,1.77E-05,8.47E-05,AC005332.2,1.108360866
ENSG00000110092.4,20121.26964,1.108344757,0.258578311,6.68E-06,3.48E-05,CCND1,1.108344757
ENSG00000271155.1,3.162236489,-1.108278342,0.335140167,0.000296613,0.001097188,AL161729.1,1.108278342
ENSG00000275339.1,4.234799623,-1.108246088,0.381911742,0.001251217,0.003995838,Z99129.1,1.108246088
ENSG00000277258.5,1233.757379,1.10786842,0.150101235,5.31E-14,9.83E-13,PCGF2,1.10786842
ENSG00000177548.13,1307.910444,1.107651316,0.186840433,1.14E-09,1.13E-08,RABEP2,1.107651316
ENSG00000274286.2,88.13570255,-1.107422304,0.310829434,0.000120327,0.000485856,ADRA2B,1.107422304
ENSG00000006652.15,564.7450315,-1.107014667,0.160851728,2.03E-12,3.05E-11,IFRD1,1.107014667
ENSG00000267174.5,16.52862641,1.106824499,0.278498726,2.42E-05,0.000112979,AC011472.2,1.106824499
ENSG00000228201.1,10.01888207,1.106817725,0.312866197,0.000136907,0.000546071,AL022341.1,1.106817725
ENSG00000175274.19,9059.254068,1.106801949,0.134184334,6.67E-17,1.81E-15,TP53I11,1.106801949
ENSG00000251682.1,1.527678953,-1.106689002,0.516523902,0.008777326,0.022208456,AC122718.2,1.106689002
ENSG00000287306.1,60.12804756,1.106680355,0.338297579,0.000342122,0.001249064,AC016821.1,1.106680355
ENSG00000237505.8,23.2096262,-1.106325865,0.286463646,3.52E-05,0.000158919,PKN2-AS1,1.106325865
ENSG00000056291.17,24.37791595,1.106006658,0.523469197,0.009736522,0.024277342,NPFFR2,1.106006658
ENSG00000134853.12,4558.032107,-1.105988774,0.214535791,6.62E-08,4.92E-07,PDGFRA,1.105988774
ENSG00000228216.1,0.929437279,1.105904064,0.650100561,0.019965623,0.045107519,AL355607.1,1.105904064
ENSG00000133818.14,1285.294556,-1.10573534,0.182471046,3.59E-10,3.85E-09,RRAS2,1.10573534
ENSG00000223558.1,5.644360441,-1.105537788,0.352339986,0.000553782,0.001926222,TRIM60P17,1.105537788
ENSG00000186603.6,73.92095458,1.10544759,0.367780594,0.000844578,0.002816743,HPDL,1.10544759
ENSG00000250802.7,142.0232504,-1.105181236,0.226156132,3.47E-07,2.28E-06,ZBED3-AS1,1.105181236
ENSG00000254876.5,42.41962723,-1.105140526,0.193831177,4.35E-09,3.93E-08,SUGT1P4-STRA6LP,1.105140526
ENSG00000180745.5,8.250241242,-1.105139151,0.365482389,0.000813363,0.002722853,CLRN3,1.105139151
ENSG00000213145.10,97.11529338,1.105020064,0.274675888,1.94E-05,9.21E-05,CRIP1,1.105020064
ENSG00000157827.20,2620.456584,-1.105017546,0.207965792,4.02E-08,3.09E-07,FMNL2,1.105017546
ENSG00000259529.2,9.663025062,1.104935128,0.28465451,3.60E-05,0.00016232,AL136295.5,1.104935128
ENSG00000223572.10,139.5159018,1.104877301,0.365585817,0.000791141,0.002656114,CKMT1A,1.104877301
ENSG00000011332.19,29.26949503,1.104618611,0.249672021,3.37E-06,1.86E-05,DPF1,1.104618611
ENSG00000172725.14,5458.189186,1.104530405,0.188645826,2.14E-09,2.04E-08,CORO1B,1.104530405
ENSG00000143450.18,106.6254707,1.104381421,0.215748694,1.10E-07,7.92E-07,OAZ3,1.104381421
ENSG00000248491.6,3.814309073,-1.104288437,0.468685656,0.005739555,0.015322641,AC093772.1,1.104288437
ENSG00000149636.16,1174.540122,1.104264704,0.120771984,2.53E-20,1.01E-18,DSN1,1.104264704
ENSG00000148737.17,2750.153341,-1.104219883,0.163623659,5.23E-12,7.36E-11,TCF7L2,1.104219883
ENSG00000219607.4,102.4275327,-1.104051176,0.232487347,7.09E-07,4.41E-06,PPP1R3G,1.104051176
ENSG00000273472.1,225.4014672,1.104034927,0.294762902,6.15E-05,0.000264612,AC096733.2,1.104034927
ENSG00000245468.4,36.83416282,-1.103573225,0.210166463,5.55E-08,4.18E-07,LINC02447,1.103573225
ENSG00000240671.4,77.03830905,-1.103509126,0.486299291,0.006543528,0.017211528,IGKV1-8,1.103509126
ENSG00000138641.18,20.26735567,-1.103467339,0.195612579,6.19E-09,5.47E-08,HERC3,1.103467339
ENSG00000171503.12,1882.894602,-1.103420785,0.204267743,1.90E-08,1.54E-07,ETFDH,1.103420785
ENSG00000188649.15,37.09592198,-1.103271245,0.193716133,4.29E-09,3.88E-08,CC2D2B,1.103271245
ENSG00000225556.1,67.06186588,1.102943431,0.226331132,3.89E-07,2.54E-06,C2CD4D,1.102943431
ENSG00000181562.5,2.54468381,1.102789958,0.625393392,0.019523036,0.044250113,EDDM3A,1.102789958
ENSG00000232946.1,1.504691638,1.102672399,0.599638453,0.017110477,0.039499794,RPL35AP20,1.102672399
ENSG00000155846.17,524.5716444,-1.102615401,0.24403685,2.06E-06,1.17E-05,PPARGC1B,1.102615401
ENSG00000224003.1,19.41194285,-1.102467798,0.322698706,0.00020832,0.00079646,YES1P1,1.102467798
ENSG00000274114.2,12.16186456,-1.102437689,0.323325503,0.000218242,0.000830276,ALOX15P1,1.102437689
ENSG00000179051.14,7937.082554,1.102321759,0.130644586,2.56E-17,7.36E-16,RCC2,1.102321759
ENSG00000275454.1,12.81002429,-1.101931344,0.204417716,2.55E-08,2.03E-07,AC105020.6,1.101931344
ENSG00000259262.1,3.147166322,-1.101777469,0.420993708,0.002609754,0.007678943,NDUFA3P4,1.101777469
ENSG00000230393.1,47.64783763,1.101561706,0.333897348,0.000319931,0.001174485,AC092667.1,1.101561706
ENSG00000223274.6,2.009356557,-1.101537891,0.526014637,0.009441185,0.023643987,RNA5SP498,1.101537891
ENSG00000081059.20,1287.609588,-1.10152437,0.209583294,5.01E-08,3.80E-07,TCF7,1.10152437
ENSG00000171475.14,6459.212759,1.101517604,0.247806665,3.28E-06,1.81E-05,WIPF2,1.101517604
ENSG00000169435.14,960.0452891,-1.101490078,0.37388525,0.001001149,0.003274699,RASSF6,1.101490078
ENSG00000240244.3,2.105573569,-1.101334281,0.450559471,0.004585221,0.012587662,GAPDHP33,1.101334281
ENSG00000124126.14,9911.029637,1.101294388,0.276917855,2.75E-05,0.000126624,PREX1,1.101294388
ENSG00000188886.3,18.57845008,1.101205096,0.386875923,0.001396882,0.004404101,ASTL,1.101205096
ENSG00000185112.6,746.2250759,-1.101176427,0.158050448,1.11E-12,1.73E-11,FAM43A,1.101176427
ENSG00000236993.2,2.3743444,1.101117815,0.517222212,0.008611643,0.021838321,GAPDHP21,1.101117815
ENSG00000136810.13,7960.56929,1.10068148,0.143066483,6.87E-15,1.44E-13,TXN,1.10068148
ENSG00000204380.4,62.33092139,1.100642162,0.345507481,0.000462771,0.00163853,PKP4-AS1,1.100642162
ENSG00000276128.2,4.78133599,-1.100500668,0.606650921,0.018551031,0.042364765,AL591441.1,1.100500668
ENSG00000226856.7,20.56974169,1.100454375,0.368774582,0.0009044,0.002990863,THORLNC,1.100454375
ENSG00000286723.1,0.775004443,-1.100329501,0.577464551,0.016393582,0.038075292,AL021368.5,1.100329501
ENSG00000261236.8,2175.745364,1.100274987,0.195755498,6.88E-09,6.02E-08,BOP1,1.100274987
ENSG00000100731.16,5038.929533,-1.100254368,0.150696639,8.47E-14,1.53E-12,PCNX1,1.100254368
ENSG00000126453.9,628.9427295,1.100214879,0.178594238,2.45E-10,2.69E-09,BCL2L12,1.100214879
ENSG00000286133.2,20.29719886,-1.100105421,0.485852614,0.006774204,0.01773055,AC093817.2,1.100105421
ENSG00000229953.1,36.30405922,1.099931413,0.382443485,0.001288323,0.004099673,AL590666.2,1.099931413
ENSG00000233508.3,74.98066884,1.099716334,0.484465471,0.006771676,0.017726295,AL021395.1,1.099716334
ENSG00000136295.15,4195.795534,1.099697197,0.178968405,3.53E-10,3.79E-09,TTYH3,1.099697197
ENSG00000236494.2,3.493048839,-1.099578455,0.274100558,2.08E-05,9.82E-05,AC008080.4,1.099578455
ENSG00000112096.19,23205.96715,-1.099486788,0.183193055,4.50E-10,4.75E-09,SOD2,1.099486788
ENSG00000139438.6,434.2184762,1.099339481,0.236271129,1.20E-06,7.17E-06,FAM222A,1.099339481
ENSG00000255328.1,8.007263736,-1.099332543,0.334438447,0.000346239,0.001262098,AC136475.5,1.099332543
ENSG00000108384.15,1394.421827,1.099323247,0.210545722,7.34E-08,5.42E-07,RAD51C,1.099323247
ENSG00000286153.1,22.60861392,-1.099294634,0.298544474,7.56E-05,0.000319324,AP000331.1,1.099294634
ENSG00000089723.10,163.2095965,1.099175964,0.154022602,3.75E-13,6.22E-12,OTUB2,1.099175964
ENSG00000243759.1,32.31327822,-1.098742079,0.241248463,1.88E-06,1.08E-05,ST13P15,1.098742079
ENSG00000230790.2,1.263751693,-1.098611671,0.548814822,0.012700195,0.030581983,AC012456.2,1.098611671
ENSG00000183814.15,574.9741522,1.098544494,0.166739876,1.84E-11,2.39E-10,LIN9,1.098544494
ENSG00000164794.9,1.220648302,-1.098504508,0.5367803,0.012952866,0.031119834,KCNV1,1.098504508
ENSG00000108395.14,2825.446823,1.098464205,0.196379677,9.22E-09,7.92E-08,TRIM37,1.098464205
ENSG00000266445.1,3.224193394,1.098231735,0.407154759,0.002380362,0.007077131,NARF-AS1,1.098231735
ENSG00000000971.16,5361.824044,-1.098210275,0.234865208,8.44E-07,5.17E-06,CFH,1.098210275
ENSG00000227308.2,1.639078464,-1.098194907,0.550658857,0.012853843,0.030906497,LINC02832,1.098194907
ENSG00000278330.1,15.02448931,-1.097970149,0.216979765,1.54E-07,1.07E-06,AC018529.2,1.097970149
ENSG00000174680.10,84.97124466,-1.097816811,0.522996659,0.00988867,0.024611446,GRIK1-AS1,1.097816811
ENSG00000279254.1,17.71284443,-1.097765848,0.321943416,0.000199894,0.000767292,AC020604.1,1.097765848
ENSG00000288045.1,23.22415178,-1.097748623,0.254045447,4.78E-06,2.56E-05,AL352979.4,1.097748623
ENSG00000153982.11,361.2449329,1.097702963,0.238088916,1.45E-06,8.50E-06,GDPD1,1.097702963
ENSG00000224153.3,4.419190495,1.097464403,0.442269362,0.003716716,0.010485277,LINC02054,1.097464403
ENSG00000287997.1,3.212123429,-1.097454468,0.454179632,0.004562394,0.012536132,AL354950.3,1.097454468
ENSG00000273004.1,10.74719574,1.097436141,0.215219715,1.21E-07,8.65E-07,AL078644.1,1.097436141
ENSG00000236801.1,30.03039836,-1.097291766,0.206399326,3.83E-08,2.96E-07,RPL24P8,1.097291766
ENSG00000197122.12,2882.306588,1.097273451,0.151946928,2.52E-13,4.30E-12,SRC,1.097273451
ENSG00000287189.1,24.04154241,1.097229029,0.562101388,0.013643093,0.03251761,AL121956.7,1.097229029
ENSG00000164176.13,2356.388585,1.097217037,0.323906233,0.000244879,0.000922322,EDIL3,1.097217037
ENSG00000214617.9,1.720972121,1.097091424,0.570310559,0.00215699,0.006491128,SLC6A10P,1.097091424
ENSG00000273125.2,7.866466788,-1.096855543,0.229260476,7.35E-07,4.55E-06,LINC01990,1.096855543
ENSG00000185823.5,0.773034502,1.096827838,0.739964566,0.006683236,0.017525148,NPAP1,1.096827838
ENSG00000229598.1,16.58698764,-1.096720569,0.226646022,4.70E-07,3.02E-06,PRDX3P1,1.096720569
ENSG00000280216.1,13.31263812,-1.096531407,0.254701804,6.35E-06,3.32E-05,AL022326.2,1.096531407
ENSG00000116729.14,4432.670236,-1.096500544,0.235781315,1.04E-06,6.26E-06,WLS,1.096500544
ENSG00000268981.5,2.733190547,-1.096167862,0.430972754,0.003413358,0.009735374,AC024563.1,1.096167862
ENSG00000282863.1,1.960230279,-1.095977356,0.546746225,0.012655429,0.030485399,AC012560.1,1.095977356
ENSG00000242741.2,11.29758435,-1.095950011,0.486195713,0.007078434,0.018417619,LINC02005,1.095950011
ENSG00000163359.16,65056.548,1.095775694,0.255077754,7.07E-06,3.66E-05,COL6A3,1.095775694
ENSG00000227456.9,55.56577002,-1.095674719,0.35704534,0.000684233,0.002329642,LINC00310,1.095674719
ENSG00000270553.1,0.834298232,-1.095533426,0.561671888,0.015266536,0.035798401,AC011921.3,1.095533426
ENSG00000288534.1,7.147585463,1.095481725,0.339028,0.000429993,0.001534227,AP001931.2,1.095481725
ENSG00000279013.1,21.12117133,-1.095333986,0.321338865,8.04E-10,8.18E-09,AC110774.1,1.095333986
ENSG00000128203.7,137.6887755,1.095208916,0.194334624,6.68E-09,5.86E-08,ASPHD2,1.095208916
ENSG00000275645.1,7.107900485,-1.095063337,0.2762709,2.57E-05,0.000119199,AC068338.3,1.095063337
ENSG00000260388.2,14.81743014,-1.094909414,0.200897348,1.65E-08,1.35E-07,LINC00562,1.094909414
ENSG00000205913.7,131.8442591,1.094865284,0.184682177,1.08E-09,1.07E-08,SRRM2-AS1,1.094865284
ENSG00000259039.3,2.507148293,-1.094823233,0.360135627,0.00078641,0.002642036,AL161804.1,1.094823233
ENSG00000237737.6,3.858636488,1.094364996,0.354778594,0.000644927,0.002208641,DCTN1-AS1,1.094364996
ENSG00000243020.1,1.167126443,1.094293778,0.515501846,0.011048605,0.027103372,RPL7P39,1.094293778
ENSG00000174501.14,310.1320981,-1.094194283,0.254349207,5.81E-06,3.06E-05,ANKRD36C,1.094194283
ENSG00000262728.6,7.136902111,-1.094124455,0.303099429,0.000105748,0.000432731,AC123768.2,1.094124455
ENSG00000232004.1,17.37176804,1.094053478,0.24873111,3.76E-06,2.05E-05,CAP1P2,1.094053478
ENSG00000259984.1,3.135710917,-1.094038898,0.406738357,0.002418668,0.007179608,AL928711.1,1.094038898
ENSG00000119922.10,1980.056097,1.093885761,0.297042501,8.19E-05,0.000343186,IFIT2,1.093885761
ENSG00000062096.15,3.693552471,1.09374193,0.382194978,9.78E-05,0.000403547,ARSF,1.09374193
ENSG00000274204.1,4.382664239,-1.093705588,0.316853467,0.000161193,0.000632218,AL138689.1,1.093705588
ENSG00000233332.1,21.738464,-1.09358381,0.596293779,0.017307677,0.039901102,AL122008.3,1.09358381
ENSG00000211653.2,3111.654238,1.093578091,0.537773412,0.012109326,0.029340823,IGLV1-40,1.093578091
ENSG00000163235.16,749.2086461,-1.093445431,0.308977361,0.000123305,0.000496507,TGFA,1.093445431
ENSG00000122378.14,10482.90782,-1.093432135,0.247674098,2.86E-06,1.60E-05,PRXL2A,1.093432135
ENSG00000272472.1,2.287018975,1.093392234,0.547516069,0.012160163,0.02944584,AL512283.1,1.093392234
ENSG00000058668.15,13761.56271,-1.093288765,0.192430005,4.71E-09,4.22E-08,ATP2B4,1.093288765
ENSG00000258359.1,9.988564509,1.093218193,0.228707985,6.25E-07,3.93E-06,PCNPP1,1.093218193
ENSG00000228431.1,1.468564537,-1.093098523,0.459721875,0.005452666,0.014649333,ARL5AP3,1.093098523
ENSG00000137558.9,4933.449908,-1.093076177,0.553461832,0.011675011,0.028435808,PI15,1.093076177
ENSG00000243544.3,1.586784162,-1.093013812,0.451516794,0.00501058,0.013599255,RN7SL172P,1.093013812
ENSG00000222033.1,49.57304722,1.092924455,0.382680016,0.001364237,0.004314337,LINC01124,1.092924455
ENSG00000260868.1,12.92496875,-1.092720054,0.294428196,6.58E-05,0.000281676,LINC01960,1.092720054
ENSG00000258870.1,1.636226306,1.092464944,0.596512028,0.016439863,0.038165171,EIF4EBP1P1,1.092464944
ENSG00000255120.5,4.391668752,1.092426546,0.398904133,0.001890908,0.005763688,OVOL1-AS1,1.092426546
ENSG00000270640.1,10.19511977,-1.092403533,0.383463444,0.001400902,0.004414297,AC104695.3,1.092403533
ENSG00000213551.7,555.1812976,1.092400391,0.133774963,1.31E-16,3.44E-15,DNAJC9,1.092400391
ENSG00000225101.6,13.76920592,1.092246832,0.338890784,0.000430347,0.001535213,OR52K3P,1.092246832
ENSG00000156486.8,20.28870664,-1.092147711,0.325400068,0.000253138,0.00095097,KCNS2,1.092147711
ENSG00000172183.15,977.5803056,1.092117633,0.227408678,6.07E-07,3.82E-06,ISG20,1.092117633
ENSG00000184588.18,3366.38888,-1.091350477,0.262914176,1.10E-05,5.48E-05,PDE4B,1.091350477
ENSG00000212864.3,372.6911073,1.091350425,0.194875931,8.07E-09,6.97E-08,RNF208,1.091350425
ENSG00000280587.1,56.75785714,1.091325089,0.369802504,0.001012347,0.003307196,LINC01348,1.091325089
ENSG00000285413.1,1.299897866,-1.091234817,0.507675694,0.009954192,0.024755437,AP001056.2,1.091234817
ENSG00000119411.11,2637.547906,1.091110165,0.290912824,6.41E-05,0.000274669,BSPRY,1.091110165
ENSG00000139648.7,2.721669934,1.090922267,0.57373471,0.015912666,0.037100907,KRT71,1.090922267
ENSG00000175550.8,3082.72283,1.09091177,0.184335614,1.35E-09,1.32E-08,DRAP1,1.09091177
ENSG00000223511.7,10.94226348,1.090741558,0.352177237,0.000643476,0.002204441,AL683807.1,1.090741558
ENSG00000249774.1,2.275256535,-1.090687268,0.359950512,0.000880814,0.002923199,AC025458.1,1.090687268
ENSG00000249216.1,5.736804897,-1.090585406,0.394172347,0.001761602,0.005407734,AC105389.2,1.090585406
ENSG00000186827.11,156.5060373,1.090473873,0.235337222,1.25E-06,7.41E-06,TNFRSF4,1.090473873
ENSG00000231672.8,45.35147682,-1.090278511,0.241511931,2.17E-06,1.24E-05,DIRC3,1.090278511
ENSG00000241061.3,15.3375786,-1.090093878,0.274609312,2.59E-05,0.00012023,RPL5P1,1.090093878
ENSG00000260589.1,12.8289708,1.09004879,0.275199975,2.64E-05,0.00012202,STAM-AS1,1.09004879
ENSG00000181097.5,29.74549907,1.090011502,0.229844098,7.52E-07,4.65E-06,LINC02878,1.090011502
ENSG00000142494.13,165.2605801,-1.089989151,0.226082848,1.16E-07,8.28E-07,SLC47A1,1.089989151
ENSG00000278991.1,13.40688022,-1.089972806,0.369787672,0.001042016,0.003393945,AC090181.3,1.089972806
ENSG00000285907.1,24.03323993,1.089952926,0.323929616,0.000253263,0.000951255,AL161910.1,1.089952926
ENSG00000171017.11,64.4541715,1.089630384,0.273911775,2.44E-05,0.000113769,LRRC8E,1.089630384
ENSG00000185332.8,39.85571674,1.089307306,0.360397786,0.000814364,0.002725925,TMEM105,1.089307306
ENSG00000273261.1,20.25485946,-1.089070183,0.190945533,4.77E-09,4.27E-08,AC092953.2,1.089070183
ENSG00000161513.12,666.1496038,1.088837831,0.188927036,3.33E-09,3.06E-08,FDXR,1.088837831
ENSG00000149927.18,124.4542752,1.08883665,0.353044369,0.000660474,0.0022552,DOC2A,1.08883665
ENSG00000176531.10,686.6281302,1.088825371,0.239112211,1.90E-06,1.09E-05,PHLDB3,1.088825371
ENSG00000166145.14,10015.09905,1.088772748,0.263623645,1.37E-05,6.71E-05,SPINT1,1.088772748
ENSG00000163517.15,2000.017978,1.088601251,0.189941406,3.58E-09,3.28E-08,HDAC11,1.088601251
ENSG00000279741.1,19.67782498,1.088449766,0.412665831,0.002658324,0.007806069,AC007342.8,1.088449766
ENSG00000250551.1,2.836411823,-1.088374717,0.385074332,0.00161933,0.005017253,MIR583HG,1.088374717
ENSG00000117877.11,247.9088333,1.088351644,0.143272135,1.12E-14,2.27E-13,POLR1G,1.088351644
ENSG00000163882.9,2239.176229,1.088291944,0.124947559,1.29E-18,4.33E-17,POLR2H,1.088291944
ENSG00000154898.15,14.12466125,1.088163891,0.421754573,0.003129428,0.009014776,CCDC144CP,1.088163891
ENSG00000167178.16,145.7813673,-1.08806935,0.203721702,3.27E-08,2.56E-07,ISLR2,1.08806935
ENSG00000228290.7,6.596213987,-1.088045559,0.363893365,0.000957953,0.003149669,TBX18-AS1,1.088045559
ENSG00000180992.7,1972.502007,1.088043287,0.187461237,2.90E-09,2.70E-08,MRPL14,1.088043287
ENSG00000272758.6,91.49202639,-1.087988199,0.159737606,3.64E-12,5.29E-11,AC083798.2,1.087988199
ENSG00000234806.1,1.018562795,1.087866899,0.592094844,0.01832468,0.04193317,RPL26P29,1.087866899
ENSG00000279807.1,4.159511418,-1.087752654,0.328681226,0.000316753,0.001164343,AC011472.5,1.087752654
ENSG00000101224.17,2636.065675,1.087706729,0.189715596,3.85E-09,3.51E-08,CDC25B,1.087706729
ENSG00000203392.3,60.93643713,-1.087624384,0.214936714,1.40E-07,9.84E-07,AC105020.1,1.087624384
ENSG00000204186.10,724.0562334,-1.087622938,0.28490055,4.46E-05,0.000197107,ZDBF2,1.087622938
ENSG00000207721.1,18.82399585,-1.087271088,0.318697844,0.000222784,0.000846407,MIR186,1.087271088
ENSG00000279513.1,4.87366906,-1.08725484,0.307795173,0.000161699,0.000634012,AL157902.2,1.08725484
ENSG00000164754.15,17521.55571,1.087207272,0.160770758,6.60E-12,9.14E-11,RAD21,1.087207272
ENSG00000169877.10,1.607596932,-1.087181887,0.511796581,0.009765162,0.024342573,AHSP,1.087181887
ENSG00000050344.9,698.9828475,1.087086456,0.202620401,3.26E-08,2.55E-07,NFE2L3,1.087086456
ENSG00000107201.10,3296.332979,1.0870802,0.228709953,7.98E-07,4.91E-06,DDX58,1.0870802
ENSG00000227055.1,1.166259934,-1.086992206,0.572722385,0.015132754,0.035535602,AC009961.2,1.086992206
ENSG00000130816.17,4807.40436,1.086966085,0.125495841,3.07E-18,9.91E-17,DNMT1,1.086966085
ENSG00000119900.9,5815.344854,-1.086921496,0.20509396,3.84E-08,2.97E-07,OGFRL1,1.086921496
ENSG00000180549.8,18.5053565,1.086829476,0.43413941,0.003777457,0.01063525,FUT7,1.086829476
ENSG00000002834.18,18559.60321,1.086466742,0.211605854,1.33E-07,9.37E-07,LASP1,1.086466742
ENSG00000228709.1,6.502954283,-1.086391665,0.343754278,0.000455518,0.001615326,LINC02575,1.086391665
ENSG00000226386.1,8.820846652,-1.086327751,0.308094352,0.000134223,0.000536455,PARD3-AS1,1.086327751
ENSG00000197629.6,2818.479233,-1.08630729,0.253882344,5.42E-06,2.87E-05,MPEG1,1.08630729
ENSG00000258414.1,62.09763676,1.086168434,0.526645859,0.011188398,0.027394978,AL121790.1,1.086168434
ENSG00000203446.2,11.83654236,1.085953953,0.442440216,0.00435512,0.01203987,SUGCT-AS1,1.085953953
ENSG00000286179.1,6.176247264,1.085918893,0.441320088,0.004286926,0.011875581,AL139351.2,1.085918893
ENSG00000118298.12,62.55388199,-1.085883989,0.238562938,0.013233871,0.031680646,CA14,1.085883989
ENSG00000162729.14,4055.221459,1.08580353,0.172008354,1.26E-10,1.45E-09,IGSF8,1.08580353
ENSG00000160191.18,677.6839328,-1.085676914,0.202950386,7.91E-16,1.86E-14,PDE9A,1.085676914
ENSG00000176320.2,2.810916336,-1.085605867,0.398011552,0.002245361,0.006726665,AL138899.1,1.085605867
ENSG00000119938.9,1472.890332,-1.085313536,0.287698553,0.002258961,0.006762252,PPP1R3C,1.085313536
ENSG00000183048.12,374.5696286,1.085279189,0.214171162,1.44E-07,1.01E-06,SLC25A10,1.085279189
ENSG00000287725.1,76.19007083,-1.085154668,0.268675481,1.81E-05,8.66E-05,AP003071.5,1.085154668
ENSG00000208028.1,5.264370745,-1.085065992,0.410297973,0.002566718,0.007568187,MIR616,1.085065992
ENSG00000273108.1,35.01065953,1.084977846,0.3480749,0.000596946,0.002059944,AL121929.2,1.084977846
ENSG00000270236.1,0.829242018,-1.084917466,0.577968939,0.020146685,0.045438188,AL162730.1,1.084917466
ENSG00000249306.6,53.59636778,1.084469516,0.424920179,8.80E-06,4.46E-05,LINC01411,1.084469516
ENSG00000143742.14,11042.1367,1.084449494,0.117321931,2.01E-20,8.11E-19,SRP9,1.084449494
ENSG00000258676.5,30.09190498,1.08422517,0.403171311,0.002286097,0.006829952,AC091544.2,1.08422517
ENSG00000284237.1,85.01109506,-1.0841866,0.240952464,2.41E-06,1.36E-05,LINC02767,1.0841866
ENSG00000257178.5,9.213480207,1.084153016,0.458723585,0.005446023,0.014634924,AC103702.1,1.084153016
ENSG00000113302.5,11.40643962,1.084038285,0.483979809,0.007499136,0.019358395,IL12B,1.084038285
ENSG00000249042.6,104.1898227,1.083819856,0.170610656,8.06E-11,9.55E-10,AC008771.1,1.083819856
ENSG00000143217.9,3574.733179,1.083801771,0.26454674,1.67E-05,8.06E-05,NECTIN4,1.083801771
ENSG00000163814.8,2763.812883,1.083778561,0.247586463,4.45E-06,2.40E-05,CDCP1,1.083778561
ENSG00000186862.20,75.06761806,1.083645535,0.237219771,1.74E-06,1.00E-05,PDZD7,1.083645535
ENSG00000224019.1,1.981104532,-1.083606669,0.443603511,0.004944954,0.013446223,RPL21P32,1.083606669
ENSG00000183831.7,13.67832681,-1.083516661,0.322396883,0.000272841,0.001017302,ANKRD45,1.083516661
ENSG00000182628.13,2080.516879,1.083370067,0.184284284,1.65E-09,1.59E-08,SKA2,1.083370067
ENSG00000182134.16,1090.073359,1.083319421,0.112437802,2.18E-22,1.07E-20,TDRKH,1.083319421
ENSG00000231870.4,9.898044794,-1.083293133,0.54258544,4.08E-05,0.000181537,KRT17P3,1.083293133
ENSG00000279588.2,7.90732922,-1.083278708,0.490933232,0.007730145,0.019880264,AC087762.2,1.083278708
ENSG00000242208.1,7.756976361,-1.08313332,0.261124103,1.17E-05,5.81E-05,RPL5P29,1.08313332
ENSG00000168229.4,67.81366985,-1.083035131,0.241945934,2.69E-06,1.51E-05,PTGDR,1.083035131
ENSG00000101180.16,3.59205387,1.082929953,0.548880844,0.013031597,0.03127456,HRH3,1.082929953
ENSG00000264449.6,9.48275558,-1.082882293,0.344194724,0.000581823,0.002013066,AP001021.1,1.082882293
ENSG00000153044.10,447.4986169,1.082847507,0.154775631,8.63E-13,1.37E-11,CENPH,1.082847507
ENSG00000259705.1,11.03204963,-1.082819696,0.250933017,5.32E-06,2.82E-05,AC084757.3,1.082819696
ENSG00000115844.11,61.09477585,1.082574363,0.564325121,0.015257689,0.03577979,DLX2,1.082574363
ENSG00000270532.1,6.353650788,-1.082384345,0.249374104,5.21E-06,2.77E-05,PEBP1P2,1.082384345
ENSG00000161664.7,76.78785539,-1.082328715,0.21121799,3.76E-10,4.02E-09,ASB16,1.082328715
ENSG00000094975.14,5437.639985,1.082183313,0.119524632,6.15E-20,2.35E-18,SUCO,1.082183313
ENSG00000140284.11,858.0075892,1.082070428,0.464988081,0.006177831,0.016364795,SLC27A2,1.082070428
ENSG00000128253.15,5.648648962,1.081977971,0.373683194,0.00124009,0.003964492,RFPL2,1.081977971
ENSG00000137331.12,1619.653404,1.081952923,0.266324896,1.80E-05,8.61E-05,IER3,1.081952923
ENSG00000236289.4,3.640014557,1.081457994,0.439094138,0.004353078,0.012037612,GACAT3,1.081457994
ENSG00000280219.1,137.8986686,1.081440157,0.241008903,2.60E-06,1.46E-05,AC093908.1,1.081440157
ENSG00000245149.4,146.74248,1.081411245,0.236935415,1.80E-06,1.03E-05,RNF139-AS1,1.081411245
ENSG00000119917.14,3600.794953,1.08136479,0.323079831,0.000288067,0.001067888,IFIT3,1.08136479
ENSG00000131944.10,247.1555217,1.081237526,0.110780913,6.76E-23,3.47E-21,FAAP24,1.081237526
ENSG00000213871.3,1.772009985,-1.081148054,0.429634864,0.004051384,0.01130359,TAF9BP1,1.081148054
ENSG00000180316.12,5.812312668,1.081092138,0.41236662,0.002834883,0.008256983,PNPLA1,1.081092138
ENSG00000055118.16,94.02916866,1.081076864,0.291546282,7.29E-05,0.000308511,KCNH2,1.081076864
ENSG00000102935.12,1055.507085,-1.080997404,0.246778493,3.99E-06,2.17E-05,ZNF423,1.080997404
ENSG00000196208.14,4862.279517,1.080919992,0.359808099,0.000902759,0.002986023,GREB1,1.080919992
ENSG00000111728.10,549.9160338,-1.080868913,0.285420972,5.23E-05,0.000228256,ST8SIA1,1.080868913
ENSG00000279649.1,29.96744487,-1.080773755,0.286243622,5.44E-05,0.000236528,AC020978.9,1.080773755
ENSG00000286572.1,4.746794935,1.080692943,0.361435348,0.000942492,0.003104483,AL592146.2,1.080692943
ENSG00000174013.8,1772.159313,1.080495794,0.155288802,1.63E-12,2.49E-11,FBXO45,1.080495794
ENSG00000279082.4,2.559862768,1.080460038,0.553494613,0.014526422,0.03432517,LINC01727,1.080460038
ENSG00000252473.1,3.395847062,-1.080413449,0.385697341,0.00156215,0.004858868,AC007684.1,1.080413449
ENSG00000067842.17,3.20538448,1.08020578,0.533494642,0.01202414,0.029155997,ATP2B3,1.08020578
ENSG00000230082.1,66.72088606,-1.079940365,0.248119278,4.52E-06,2.43E-05,PRRT3-AS1,1.079940365
ENSG00000236120.7,128.54832,-1.079826707,0.283977851,4.93E-05,0.000216518,AC110995.1,1.079826707
ENSG00000286623.1,2.924040855,1.079758515,0.344940229,0.000649966,0.002223378,AC005041.4,1.079758515
ENSG00000211649.3,282.8500776,-1.079588792,0.446444197,0.004719794,0.012907231,IGLV7-46,1.079588792
ENSG00000106268.15,640.3249219,1.079571546,0.160086698,5.77E-12,8.08E-11,NUDT1,1.079571546
ENSG00000197168.13,249.8826719,1.079563873,0.212119701,1.39E-07,9.78E-07,NEK5,1.079563873
ENSG00000163394.6,3.148031219,1.079429293,0.558838603,0.015425811,0.036124445,CCKAR,1.079429293
ENSG00000165724.6,1010.754025,1.079132938,0.155806117,1.51E-12,2.32E-11,ZMYND19,1.079132938
ENSG00000287016.1,12.62453689,1.07908893,0.292372022,8.01E-05,0.00033626,AC010996.1,1.07908893
ENSG00000231645.3,2.477022068,-1.078979717,0.485441969,0.008286712,0.021109863,KRT17P6,1.078979717
ENSG00000231767.4,7.074740279,-1.078937979,0.244800003,4.19E-06,2.27E-05,RPS27AP5,1.078937979
ENSG00000267765.1,1.801124573,-1.078773446,0.443042072,0.004671328,0.012792502,AC100793.3,1.078773446
ENSG00000140522.12,3.240733332,1.078628967,0.502200656,0.012083031,0.029284336,RLBP1,1.078628967
ENSG00000100034.14,2425.53904,-1.078325378,0.109504945,3.84E-23,2.03E-21,PPM1F,1.078325378
ENSG00000243659.1,7.574336274,-1.078298701,0.25676482,9.74E-06,4.90E-05,FO393419.3,1.078298701
ENSG00000132958.17,5.385355208,-1.078139902,0.296161516,9.51E-05,0.000393457,TPTE2,1.078139902
ENSG00000236846.1,3.385535875,1.078133895,0.456255464,0.005461897,0.014670119,AL359979.2,1.078133895
ENSG00000107954.10,485.3218813,1.077926952,0.411420702,2.45E-19,8.80E-18,NEURL1,1.077926952
ENSG00000263089.1,21.37961097,-1.077720871,0.322526589,0.000288058,0.001067888,AC007114.2,1.077720871
ENSG00000137288.10,1625.210857,1.077705734,0.181854269,1.34E-09,1.31E-08,UQCC2,1.077705734
ENSG00000214491.8,32.74583512,-1.077638171,0.302531744,0.000129062,0.000517778,SEC14L6,1.077638171
ENSG00000261126.7,42.1588982,1.077600062,0.317257627,0.000237607,0.000897516,RBFADN,1.077600062
ENSG00000225506.2,11.15960627,1.077497783,0.27943923,4.26E-05,0.000188911,CYP4A22-AS1,1.077497783
ENSG00000170540.15,13125.54563,1.077453887,0.141395741,5.79E-15,1.22E-13,ARL6IP1,1.077453887
ENSG00000188389.11,80.08812359,1.077344386,0.383729125,0.001642775,0.005081975,PDCD1,1.077344386
ENSG00000269858.6,443.2075974,1.077285405,0.309384966,0.00017607,0.000685166,EGLN2,1.077285405
ENSG00000183128.7,2.586111217,1.077261149,0.52808137,0.011756567,0.028600755,CALHM3,1.077261149
ENSG00000204661.9,3.711860864,1.077168701,0.403487052,0.002430264,0.007211308,C5orf60,1.077168701
ENSG00000167670.16,1005.104354,1.076965587,0.120685487,1.82E-19,6.60E-18,CHAF1A,1.076965587
ENSG00000239959.1,1.541944535,-1.076942864,0.434328241,0.004651608,0.012746496,ENPP7P2,1.076942864
ENSG00000176387.7,635.3425179,1.076830948,0.275817902,3.50E-05,0.000158208,HSD11B2,1.076830948
ENSG00000143633.13,792.7087565,1.076772434,0.103006813,4.98E-26,3.68E-24,C1orf131,1.076772434
ENSG00000184523.4,9.534282073,1.07672511,0.394988541,0.002128508,0.00641131,PTGER4P2,1.07672511
ENSG00000139793.18,6459.598618,-1.076684221,0.183185068,1.11E-09,1.10E-08,MBNL2,1.076684221
ENSG00000279369.1,82.0506397,1.076659464,0.224097456,5.67E-07,3.60E-06,AC046185.3,1.076659464
ENSG00000185442.13,3444.520659,1.076487741,0.208079712,8.37E-08,6.13E-07,FAM174B,1.076487741
ENSG00000170089.15,380.6935109,1.076436939,0.233173612,1.48E-06,8.66E-06,AC106795.1,1.076436939
ENSG00000262468.6,226.6794517,1.076386534,0.189804527,5.21E-09,4.64E-08,LINC01569,1.076386534
ENSG00000116117.18,1686.798627,-1.076343451,0.163375579,1.48E-11,1.96E-10,PARD3B,1.076343451
ENSG00000136143.16,3082.225714,-1.076044452,0.192816946,7.23E-09,6.30E-08,SUCLA2,1.076044452
ENSG00000230489.1,3.03675886,1.076029898,0.514436424,0.010247539,0.025372768,VAV3-AS1,1.076029898
ENSG00000275236.1,2.876118915,1.075936682,0.378794631,0.001551695,0.004831322,AC009120.5,1.075936682
ENSG00000100314.4,8.466677086,1.075867796,0.276941236,3.09E-05,0.000140955,CABP7,1.075867796
ENSG00000238251.2,7.960239525,-1.075627836,0.277547861,3.72E-05,0.000167084,NSA2P7,1.075627836
ENSG00000274944.4,1.670058113,1.07545417,0.444151767,0.004944445,0.01344577,AL139260.3,1.07545417
ENSG00000265888.2,6.760647239,-1.075328937,0.32982877,0.000381156,0.001376606,DSCAS,1.075328937
ENSG00000288598.1,23.71090985,-1.075276234,0.178191395,5.59E-10,5.81E-09,AL354833.1,1.075276234
ENSG00000241634.1,15.31348718,1.075097401,0.357953417,0.000878705,0.00291817,AC069499.1,1.075097401
ENSG00000234192.1,1.219200487,-1.074918023,0.567025866,0.01583852,0.036952158,RPS26P38,1.074918023
ENSG00000149657.20,3368.601504,1.074906944,0.14793366,1.80E-13,3.10E-12,LSM14B,1.074906944
ENSG00000220744.1,2.361588691,-1.074861683,0.335149702,0.00051763,0.001812349,RPL5P18,1.074861683
ENSG00000162931.12,194.7411727,1.074715237,0.376996788,0.001463204,0.004586697,TRIM17,1.074715237
ENSG00000279518.1,60.37257722,-1.074655392,0.278479613,3.94E-05,0.000175759,AC083843.3,1.074655392
ENSG00000197794.2,3.452226577,-1.074636661,0.514813964,0.01093228,0.026853229,IGKV7-3,1.074636661
ENSG00000171224.9,541.1814897,1.074609901,0.210368403,1.30E-07,9.18E-07,FAM241B,1.074609901
ENSG00000249436.2,11.45042165,-1.07453102,0.609259464,0.000103562,0.000424535,LINCR-0003,1.07453102
ENSG00000245552.7,103.1795996,-1.074458697,0.203503143,4.63E-08,3.53E-07,AP000787.1,1.074458697
ENSG00000159259.8,812.2862596,1.07439934,0.176555185,4.96E-10,5.19E-09,CHAF1B,1.07439934
ENSG00000011021.23,1267.561761,-1.074081742,0.114918102,4.83E-21,2.08E-19,CLCN6,1.074081742
ENSG00000176788.9,1734.8199,1.073992388,0.223441274,5.77E-07,3.65E-06,BASP1,1.073992388
ENSG00000248103.1,2.585076163,1.073985909,0.567356638,0.016530656,0.03835284,AC008443.2,1.073985909
ENSG00000163600.13,82.21000803,1.073958514,0.388367433,0.001877058,0.005726806,ICOS,1.073958514
ENSG00000278259.4,1649.535644,1.073847009,0.179623973,9.34E-10,9.37E-09,MYO19,1.073847009
ENSG00000236939.2,3.548533712,-1.073813505,0.405855125,0.002488185,0.007359272,BAALC-AS2,1.073813505
ENSG00000287275.1,7.734904354,1.073703339,0.390038515,0.001891354,0.005764601,AC011451.4,1.073703339
ENSG00000267698.1,10.20839251,1.07357934,0.235723699,1.91E-06,1.10E-05,AC002116.2,1.07357934
ENSG00000130204.13,2491.374577,1.073384648,0.153966497,1.23E-12,1.91E-11,TOMM40,1.073384648
ENSG00000141391.14,170.7981029,1.073352558,0.193609299,1.12E-08,9.46E-08,PRELID3A,1.073352558
ENSG00000072864.16,1611.014066,1.073246669,0.114923997,4.28E-21,1.85E-19,NDE1,1.073246669
ENSG00000236320.4,5.556253951,-1.073207018,0.363737859,0.001102717,0.00357183,SLFN14,1.073207018
ENSG00000165868.16,2387.255157,-1.073161084,0.218510459,3.19E-07,2.12E-06,HSPA12A,1.073161084
ENSG00000187535.14,2424.613911,1.073142994,0.140380113,1.34E-14,2.69E-13,IFT140,1.073142994
ENSG00000221716.1,13.01188556,1.073135658,0.271718151,2.68E-05,0.00012405,SNORA11,1.073135658
ENSG00000285410.1,804.0853956,-1.07297101,0.126216067,7.01E-18,2.16E-16,GABPB1-IT1,1.07297101
ENSG00000232377.1,1.822506595,-1.072930603,0.45545441,0.006102024,0.016193468,AC016910.1,1.072930603
ENSG00000226706.1,3.594464193,1.072834516,0.398343899,0.002310178,0.006893209,AL161452.1,1.072834516
ENSG00000267416.1,8.954933623,1.072814342,0.31343798,0.000213533,0.00081441,AC025048.4,1.072814342
ENSG00000100889.12,2959.202242,1.072785778,0.18509863,2.78E-09,2.60E-08,PCK2,1.072785778
ENSG00000167987.11,2807.557122,1.0726458,0.123217301,1.33E-18,4.47E-17,VPS37C,1.0726458
ENSG00000160710.17,27863.90241,1.072417298,0.125801683,1.12E-17,3.36E-16,ADAR,1.072417298
ENSG00000116285.13,6701.761885,-1.072279868,0.223487964,4.45E-07,2.87E-06,ERRFI1,1.072279868
ENSG00000037280.16,1247.922596,-1.072260917,0.174568738,2.90E-10,3.16E-09,FLT4,1.072260917
ENSG00000012048.23,906.9711973,1.072176857,0.17351953,2.92E-10,3.18E-09,BRCA1,1.072176857
ENSG00000236719.5,5.426726987,-1.072088655,0.510894998,0.010940709,0.026870573,OVAAL,1.072088655
ENSG00000240057.6,54.27956267,-1.071950622,0.15788876,4.52E-12,6.45E-11,AC078785.1,1.071950622
ENSG00000173213.9,14.96127374,1.071884702,0.40841037,0.002786627,0.008132977,TUBB8B,1.071884702
ENSG00000259687.2,21.14091505,-1.071868851,0.248746714,5.83E-06,3.07E-05,LINC01220,1.071868851
ENSG00000259877.2,237.9357643,-1.071867964,0.145057087,5.26E-14,9.75E-13,AC009113.1,1.071867964
ENSG00000170959.14,90.00648213,1.0718304,0.295783157,0.00010219,0.000419482,DCDC1,1.0718304
ENSG00000285532.2,0.84983534,-1.071687247,0.568961461,0.01968177,0.044555481,LINC02788,1.071687247
ENSG00000174032.17,1496.400121,-1.071641278,0.185903248,2.99E-09,2.77E-08,SLC25A30,1.071641278
ENSG00000112118.20,6327.399473,1.071578799,0.130478912,1.68E-16,4.34E-15,MCM3,1.071578799
ENSG00000166912.17,2340.902667,-1.071528137,0.173012475,2.14E-10,2.38E-09,MTMR10,1.071528137
ENSG00000113971.20,433.5334388,-1.071512667,0.130732938,9.23E-17,2.47E-15,NPHP3,1.071512667
ENSG00000143256.5,1915.07504,1.071475001,0.165073596,3.25E-11,4.10E-10,PFDN2,1.071475001
ENSG00000143761.16,30198.4273,1.071432457,0.099024758,5.11E-28,4.71E-26,ARF1,1.071432457
ENSG00000105738.11,3827.451629,1.07139186,0.135612655,1.04E-15,2.41E-14,SIPA1L3,1.07139186
ENSG00000247877.7,6.391265254,1.071374899,0.316437434,0.000250974,0.00094347,AC021086.1,1.071374899
ENSG00000142197.12,3494.501908,1.071365559,0.179796624,1.15E-09,1.14E-08,DOP1B,1.071365559
ENSG00000167130.18,1221.577712,1.071362128,0.119267618,1.12E-19,4.19E-18,DOLPP1,1.071362128
ENSG00000225792.2,20.37379262,-1.071243836,0.260094272,1.35E-05,6.61E-05,AC004540.2,1.071243836
ENSG00000286331.1,15.64208882,1.070792578,0.314210765,0.000232277,0.000878819,AC011388.1,1.070792578
ENSG00000171757.17,102.6519329,-1.070648222,0.185102002,2.82E-09,2.64E-08,LRRC34,1.070648222
ENSG00000069667.16,1418.918507,-1.070559888,0.1972982,1.86E-08,1.50E-07,RORA,1.070559888
ENSG00000091137.14,122.2142489,-1.070463871,0.307457748,0.000169176,0.000660956,SLC26A4,1.070463871
ENSG00000150687.12,12622.94772,1.07040888,0.270291139,3.32E-05,0.000150845,PRSS23,1.07040888
ENSG00000149257.16,12620.3546,1.070062869,0.159762942,1.09E-11,1.47E-10,SERPINH1,1.070062869
ENSG00000127838.14,2857.167034,1.069872636,0.178871065,8.16E-10,8.29E-09,PNKD,1.069872636
ENSG00000259760.1,1.762071593,-1.069839623,0.487394146,0.008648402,0.021923199,AC015660.2,1.069839623
ENSG00000279725.1,4.898962958,-1.069669374,0.338138786,0.000544387,0.001895728,AL391005.1,1.069669374
ENSG00000107796.13,16740.53481,-1.069627172,0.241480886,3.14E-06,1.74E-05,ACTA2,1.069627172
ENSG00000287929.1,19.92129669,-1.069347071,0.334430513,0.000476586,0.001682139,AL354953.1,1.069347071
ENSG00000267582.1,1.871261418,-1.069301521,0.476560376,0.008120762,0.020736871,AC020916.2,1.069301521
ENSG00000196081.10,46.85265851,1.069295629,0.215879068,2.76E-07,1.85E-06,ZNF724,1.069295629
ENSG00000286362.1,2.196932513,1.068941837,0.397337773,0.002355132,0.00701192,AP005717.2,1.068941837
ENSG00000228666.1,2.096440681,1.068882311,0.396783875,0.002524404,0.007459097,KRT18P1,1.068882311
ENSG00000268062.1,18.55232981,-1.068768043,0.199915593,3.52E-08,2.73E-07,SRP14P4,1.068768043
ENSG00000087494.16,741.3181863,-1.068616992,0.407996567,0.002687633,0.00788212,PTHLH,1.068616992
ENSG00000287223.1,7.516988172,-1.06857907,0.403599997,0.002756262,0.008057523,Z94277.1,1.06857907
ENSG00000158164.7,82.01453626,1.068539809,0.363710016,0.001124098,0.003634492,TMSB15A,1.068539809
ENSG00000102302.8,527.6208472,1.068362495,0.20017275,3.79E-08,2.93E-07,FGD1,1.068362495
ENSG00000200378.1,5.523465865,-1.06825923,0.319276148,0.000281895,0.001047875,RNU5B-4P,1.06825923
ENSG00000259520.6,22.09191208,-1.068202416,0.268205812,2.40E-05,0.000112297,AC051619.4,1.068202416
ENSG00000171812.13,3897.050149,1.068071665,0.253587753,9.86E-06,4.95E-05,COL8A2,1.068071665
ENSG00000142621.19,145.4773513,1.068071569,0.219054841,3.84E-07,2.52E-06,FHAD1,1.068071569
ENSG00000196715.7,7530.898961,-1.067987415,0.230426615,1.10E-06,6.59E-06,VKORC1L1,1.067987415
ENSG00000227321.2,1.372054425,-1.067854817,0.466381624,0.007157868,0.0185972,MTND4P15,1.067854817
ENSG00000228140.2,5.227462546,1.067851259,0.329207804,0.000442309,0.001573028,AL031283.1,1.067851259
ENSG00000229029.2,7.152422534,-1.06760372,0.349855644,0.000823032,0.00275119,CDCA4P1,1.06760372
ENSG00000167037.19,299.9915378,-1.067566794,0.275033739,3.65E-05,0.000164288,SGSM1,1.067566794
ENSG00000122884.12,4009.708876,1.067562108,0.188612299,6.75E-09,5.92E-08,P4HA1,1.067562108
ENSG00000233719.4,3.276327657,1.067427071,0.43167215,0.004305861,0.011919628,GOT2P3,1.067427071
ENSG00000167536.14,153.365267,1.067348985,0.229472532,1.22E-06,7.27E-06,DHRS13,1.067348985
ENSG00000274460.1,37.57708829,1.06717438,0.260701495,1.52E-05,7.39E-05,AC092119.2,1.06717438
ENSG00000239797.1,4.747269421,-1.066680591,0.250135032,7.52E-06,3.87E-05,RPL21P39,1.066680591
ENSG00000283662.1,4.656555258,-1.066565074,0.445417402,1.12E-06,6.73E-06,AC138904.3,1.066565074
ENSG00000286962.1,1.358273769,-1.066501921,0.519561407,0.012122538,0.029365591,AC027128.1,1.066501921
ENSG00000171817.17,199.7407338,-1.066311943,0.173815194,3.23E-10,3.49E-09,ZNF540,1.066311943
ENSG00000198353.8,366.3769949,1.066299186,0.189263735,7.29E-09,6.35E-08,HOXC4,1.066299186
ENSG00000105610.6,4.214140339,1.06612193,0.326643547,0.000362091,0.001314759,KLF1,1.06612193
ENSG00000232059.3,11.86929291,1.066019339,0.355196826,0.000902101,0.002984265,AL451007.1,1.066019339
ENSG00000031081.11,3335.101175,-1.065986493,0.173055851,1.75E-10,1.97E-09,ARHGAP31,1.065986493
ENSG00000261671.1,18.60379598,-1.065842416,0.225692934,9.03E-07,5.51E-06,AL158211.1,1.065842416
ENSG00000115267.8,2699.420246,1.065550258,0.238292003,2.88E-06,1.60E-05,IFIH1,1.065550258
ENSG00000225826.2,1.720114742,1.065476909,0.609762723,0.020977705,0.047022161,LINC00626,1.065476909
ENSG00000068615.19,948.4218286,1.065224244,0.275901655,4.01E-05,0.000178675,REEP1,1.065224244
ENSG00000197142.10,1400.845201,-1.065037023,0.159449208,7.58E-12,1.04E-10,ACSL5,1.065037023
ENSG00000266579.1,1.679030452,1.064983916,0.499510136,0.009678397,0.024150808,FO680682.1,1.064983916
ENSG00000219027.2,1.63296534,1.064788882,0.425486494,0.004020664,0.011226653,RPS3AP2,1.064788882
ENSG00000254851.1,55.51382856,-1.064511966,0.596904589,0.01987127,0.044940874,AP005018.2,1.064511966
ENSG00000287404.1,2.780404723,-1.064261727,0.406914887,0.003220055,0.009244804,AL451080.1,1.064261727
ENSG00000233818.1,19.69503001,1.064221086,0.367498021,0.001205653,0.003864779,AP000695.2,1.064221086
ENSG00000095203.14,2592.653033,-1.064104189,0.250731252,6.47E-06,3.37E-05,EPB41L4B,1.064104189
ENSG00000259940.2,16.4235752,1.06402917,0.339015039,0.000565615,0.001962172,AC109449.1,1.06402917
ENSG00000272564.1,6.172069878,-1.063741296,0.280410357,5.59E-05,0.000242571,AC012511.1,1.063741296
ENSG00000242267.6,8.833063384,-1.063737729,0.29402166,0.000101144,0.000415533,SKINT1L,1.063737729
ENSG00000267082.1,24.78374843,-1.063541774,0.244861088,4.74E-06,2.54E-05,AC011472.1,1.063541774
ENSG00000279130.1,4.006466678,-1.063375968,0.325264453,0.00042021,0.001503418,AC091925.1,1.063375968
ENSG00000134042.14,143.1857161,-1.063178746,0.24517704,5.19E-06,2.76E-05,MRO,1.063178746
ENSG00000196263.8,615.3307352,-1.063130354,0.21055977,1.60E-07,1.11E-06,ZNF471,1.063130354
ENSG00000159055.4,700.2039887,1.063101215,0.159747919,1.34E-11,1.78E-10,MIS18A,1.063101215
ENSG00000276573.1,3.707501747,-1.063095662,0.329317017,0.000454125,0.001611548,AL442067.1,1.063095662
ENSG00000284138.1,0.952040484,1.063090043,0.567816533,0.018985887,0.043232181,ATP6V0CP4,1.063090043
ENSG00000217624.2,46.87429276,1.062873669,0.249488144,7.36E-06,3.79E-05,YWHAZP10,1.062873669
ENSG00000186940.6,104.0041702,1.062872924,0.254579479,1.03E-05,5.18E-05,CHCHD2P9,1.062872924
ENSG00000270104.1,2.944220474,1.062553009,0.400198015,0.002784832,0.00812955,AL670729.2,1.062553009
ENSG00000261634.4,5.953637133,1.062438193,0.476371793,0.008102408,0.020698075,AC026992.2,1.062438193
ENSG00000277883.1,3.488111326,1.062374484,0.450942448,0.005999357,0.015951183,NLRP3P1,1.062374484
ENSG00000267500.1,14.45795306,1.062278427,0.264148432,2.17E-05,0.00010252,ZNF887P,1.062278427
ENSG00000132386.11,17673.8916,-1.062273616,0.252183483,7.66E-06,3.93E-05,SERPINF1,1.062273616
ENSG00000215414.4,10.56769372,1.061985204,0.273204041,3.50E-05,0.000158139,PSMA6P1,1.061985204
ENSG00000254271.1,5.038706919,1.061976419,0.504580805,0.010553142,0.026037025,ANK3-DT,1.061976419
ENSG00000213080.3,48.51151917,1.061733189,0.144272274,6.94E-14,1.27E-12,AL354714.2,1.061733189
ENSG00000217239.3,1.794124047,-1.0616567,0.399931696,0.002782018,0.008122541,AL136968.2,1.0616567
ENSG00000254122.3,433.9726722,-1.061643954,0.252654094,9.27E-06,4.68E-05,PCDHGB7,1.061643954
ENSG00000131238.18,15634.82343,1.061556916,0.184620232,4.04E-09,3.68E-08,PPT1,1.061556916
ENSG00000287055.1,1.797493919,1.061508945,0.379029478,0.001941463,0.005903586,AL359813.1,1.061508945
ENSG00000214867.3,13.36187506,1.061507781,0.221129368,6.28E-07,3.95E-06,SRSF9P1,1.061507781
ENSG00000003402.20,6900.582584,-1.061385582,0.117809104,6.83E-20,2.60E-18,CFLAR,1.061385582
ENSG00000164463.12,2511.540617,-1.061369551,0.133594427,6.96E-16,1.66E-14,CREBRF,1.061369551
ENSG00000257954.1,2.300517893,1.061247671,0.41516159,0.00377426,0.010627771,AC125611.2,1.061247671
ENSG00000163430.12,35060.50122,-1.061182484,0.219650368,3.24E-07,2.15E-06,FSTL1,1.061182484
ENSG00000262884.1,27.6516149,1.060610352,0.356402475,0.000990589,0.003246105,AC015921.1,1.060610352
ENSG00000255052.5,72.02758677,-1.060209331,0.239245705,3.47E-06,1.91E-05,FAM66D,1.060209331
ENSG00000163632.14,15.30336003,-1.060158545,0.238574495,3.10E-06,1.72E-05,C3orf49,1.060158545
ENSG00000270110.2,17.85680262,-1.060092317,0.368849345,0.001294425,0.00411809,AL353593.2,1.060092317
ENSG00000238178.7,123.3893206,1.060084618,0.478860311,0.008332666,0.021209048,AC078993.1,1.060084618
ENSG00000183684.8,2163.114981,1.059290148,0.178293223,1.22E-09,1.20E-08,ALYREF,1.059290148
ENSG00000134757.5,1360.922575,-1.059248912,0.557397646,0.015873017,0.037021647,DSG3,1.059248912
ENSG00000143545.10,792.6875056,1.05923923,0.165599506,6.07E-11,7.34E-10,RAB13,1.05923923
ENSG00000206991.1,3.663587044,-1.059160528,0.403664732,0.003004172,0.00870452,RNU6-610P,1.059160528
ENSG00000146521.10,66.57891101,-1.059071483,0.346181846,0.000746967,0.002524732,LINC01558,1.059071483
ENSG00000267141.1,4.328046789,1.058940682,0.471095046,0.007434145,0.019218409,AC012615.4,1.058940682
ENSG00000117009.12,240.9229227,1.058709461,0.366023283,0.001305595,0.004151945,KMO,1.058709461
ENSG00000253858.1,1.184547531,-1.058537523,0.504275364,0.012771669,0.030733369,AC008619.1,1.058537523
ENSG00000170464.10,703.9511293,-1.058355258,0.119157447,2.50E-19,8.94E-18,DNAJC18,1.058355258
ENSG00000021461.17,4.499407772,-1.058300316,0.322396415,0.000372981,0.00135006,CYP3A43,1.058300316
ENSG00000182568.17,2374.526695,-1.058251627,0.262951368,1.73E-05,8.30E-05,SATB1,1.058251627
ENSG00000267156.1,2.728970281,1.058092648,0.425315367,0.004018117,0.011221136,TPMTP1,1.058092648
ENSG00000116096.6,2461.15989,1.057977191,0.173426251,4.89E-10,5.13E-09,SPR,1.057977191
ENSG00000236031.1,3.213992261,-1.057927152,0.375380862,0.001627005,0.005038649,AL591721.1,1.057927152
ENSG00000225649.6,25.92458133,-1.057914973,0.312875985,0.000256574,0.000962681,AC064875.1,1.057914973
ENSG00000173728.11,7.813554638,1.057803566,0.331288555,0.000501831,0.001762533,C1orf100,1.057803566
ENSG00000187164.20,4112.204061,1.057782439,0.165039227,6.13E-11,7.41E-10,SHTN1,1.057782439
ENSG00000103202.13,5658.046512,1.057675769,0.162264564,3.73E-11,4.66E-10,NME4,1.057675769
ENSG00000207789.1,1.461473418,-1.057630702,0.433619039,0.005131072,0.013889818,MIR26A2,1.057630702
ENSG00000242908.6,11.05585478,-1.057505453,0.429364356,0.004581171,0.012579808,AADACL2-AS1,1.057505453
ENSG00000164764.11,825.2555109,-1.057468939,0.31886801,0.000282367,0.001049432,SBSPON,1.057468939
ENSG00000241456.1,1.854332791,-1.057415245,0.406263047,0.003107012,0.008960202,AC005996.1,1.057415245
ENSG00000253132.1,16.16129186,-1.05732481,0.423205867,0.003871713,0.010866355,IGHV3-62,1.05732481
ENSG00000256538.2,5.485766141,-1.057225268,0.282484394,6.59E-05,0.000282065,AC046130.2,1.057225268
ENSG00000125520.14,4344.565694,1.056908838,0.252532841,1.12E-05,5.55E-05,SLC2A4RG,1.056908838
ENSG00000196812.5,301.3165184,1.056498546,0.154375591,3.40E-12,4.96E-11,ZSCAN16,1.056498546
ENSG00000163293.12,332.5959305,-1.056385362,0.351883781,0.00085389,0.002842488,NIPAL1,1.056385362
ENSG00000141469.18,206.7084398,-1.056321967,0.292424634,0.000107074,0.000437562,SLC14A1,1.056321967
ENSG00000135519.8,93.13850419,-1.05622835,0.342391532,0.000687669,0.002340529,KCNH3,1.05622835
ENSG00000069399.15,2975.980497,1.056174636,0.174243617,5.09E-10,5.32E-09,BCL3,1.056174636
ENSG00000234459.1,14.05505247,-1.056068618,0.368727842,0.001422241,0.004472211,AC002064.2,1.056068618
ENSG00000265443.1,1.710907195,1.056044224,0.494278033,0.010107276,0.025072887,AC127024.3,1.056044224
ENSG00000265008.1,4.803846943,-1.056023388,0.271124565,3.79E-05,0.000169676,AC011825.4,1.056023388
ENSG00000167941.3,2.622326207,-1.05598039,0.602566895,0.022018858,0.049021751,SOST,1.05598039
ENSG00000250451.5,83.87889223,-1.055881096,0.25046013,8.82E-06,4.47E-05,HOXC-AS1,1.055881096
ENSG00000275070.1,4.074278045,-1.055875559,0.306068703,0.000175988,0.000684912,Metazoa_SRP,1.055875559
ENSG00000132196.15,593.7110086,1.055662958,0.153826934,3.14E-12,4.61E-11,HSD17B7,1.055662958
ENSG00000185298.13,1110.503164,1.055565085,0.179002868,1.50E-09,1.46E-08,CCDC137,1.055565085
ENSG00000258559.2,25.56868489,-1.055487376,0.256167347,1.32E-05,6.47E-05,AC005519.1,1.055487376
ENSG00000233254.1,13.26163515,-1.055438685,0.257579512,1.44E-05,7.01E-05,RPL21P134,1.055438685
ENSG00000230290.1,2.158372992,-1.055200647,0.372935368,0.001644094,0.005084757,ARMC2-AS1,1.055200647
ENSG00000259647.1,2.16893289,1.055052924,0.392423767,0.002363189,0.007033525,AC111152.2,1.055052924
ENSG00000287886.1,13.09946311,1.054807929,0.355968927,0.001049065,0.003413808,AC005914.1,1.054807929
ENSG00000244063.1,2.766062927,-1.054726977,0.370527012,0.001646099,0.005090557,AC104653.2,1.054726977
ENSG00000133247.14,586.3694588,1.054457611,0.19290133,1.81E-08,1.47E-07,KMT5C,1.054457611
ENSG00000137819.14,279.7106774,1.054438211,0.309206818,0.000233971,0.000884886,PAQR5,1.054438211
ENSG00000255445.1,5.460253662,-1.0544083,0.302515523,0.000148103,0.000586974,AP003072.2,1.0544083
ENSG00000183484.12,308.2263899,1.054366874,0.233735992,2.40E-06,1.36E-05,GPR132,1.054366874
ENSG00000105991.10,61.10705576,-1.054265416,0.18637919,6.05E-09,5.35E-08,HOXA1,1.054265416
ENSG00000270021.1,59.93409919,-1.054215729,0.157343569,8.61E-12,1.18E-10,AC026691.1,1.054215729
ENSG00000109654.16,3009.438902,-1.053710691,0.326506061,0.000394851,0.001419801,TRIM2,1.053710691
ENSG00000158683.9,122.1628932,-1.05334494,0.273076156,4.09E-05,0.00018189,PKD1L1,1.05334494
ENSG00000287431.1,58.50691057,1.053265201,0.286275393,8.26E-05,0.000346146,AC027601.5,1.053265201
ENSG00000231473.3,12.2677288,-1.053244753,0.21179627,2.34E-07,1.59E-06,RB1-DT,1.053244753
ENSG00000257671.1,276.737986,-1.053171776,0.364198953,0.001266625,0.004041103,KRT7-AS,1.053171776
ENSG00000170619.10,1355.954216,1.053169441,0.139212183,2.00E-14,3.93E-13,COMMD5,1.053169441
ENSG00000265452.1,24.38997225,-1.053149508,0.259762032,1.76E-05,8.46E-05,MIR3682,1.053149508
ENSG00000054219.11,786.3510529,-1.052848173,0.245524888,6.34E-06,3.32E-05,LY75,1.052848173
ENSG00000255819.7,5.286201755,-1.052771874,0.375220424,0.001623431,0.005029165,KLRC4-KLRK1,1.052771874
ENSG00000200737.1,2.889281019,-1.052746795,0.346686485,0.000928295,0.003063434,Y_RNA,1.052746795
ENSG00000228196.1,0.886037734,1.052588722,0.555901567,0.016769742,0.038804414,PTPN2P1,1.052588722
ENSG00000261490.1,160.0999975,-1.052513522,0.261587309,2.06E-05,9.75E-05,AC005674.1,1.052513522
ENSG00000170634.13,627.241025,-1.05245251,0.117046885,5.88E-08,4.41E-07,ACYP2,1.05245251
ENSG00000169194.9,4.400453135,-1.052369118,0.51569537,0.012167038,0.029458856,IL13,1.052369118
ENSG00000197061.5,3.920320487,1.052345608,0.36875935,0.00146782,0.004598967,H4C3,1.052345608
ENSG00000227972.1,2.47226175,1.05226722,0.483275386,0.00942191,0.023602985,THAP12P3,1.05226722
ENSG00000123159.16,4454.240618,1.05225274,0.160224915,2.29E-11,2.96E-10,GIPC1,1.05225274
ENSG00000262732.1,2.969296651,1.05222694,0.317935054,0.000383287,0.001383283,AC010401.1,1.05222694
ENSG00000137460.9,1095.783185,1.052215946,0.20164163,7.44E-08,5.50E-07,FHDC1,1.052215946
ENSG00000258412.1,1.447273374,-1.052192077,0.576635398,0.021083744,0.047237015,AL355102.1,1.052192077
ENSG00000163421.9,6.543883134,-1.052188626,0.537500834,0.013869476,0.032985137,PROK2,1.052188626
ENSG00000218502.3,3.905966372,1.052166873,0.247781535,9.27E-06,4.68E-05,H2AZP3,1.052166873
ENSG00000184481.17,1946.110028,-1.052045175,0.148015738,4.35E-13,7.16E-12,FOXO4,1.052045175
ENSG00000007237.19,4050.974125,-1.051874715,0.227278613,1.16E-06,6.97E-06,GAS7,1.051874715
ENSG00000267567.1,1.787239458,1.05181041,0.431194127,0.004672294,0.012794256,AC008736.2,1.05181041
ENSG00000280160.1,3.750146152,1.051792439,0.372788354,0.001615171,0.005006738,AC135050.7,1.051792439
ENSG00000152056.17,258.7902068,1.051386515,0.205181902,1.23E-07,8.73E-07,AP1S3,1.051386515
ENSG00000035687.10,3900.221499,1.051307143,0.125558429,2.40E-17,6.91E-16,ADSS2,1.051307143
ENSG00000153208.17,895.2201184,-1.051297486,0.184012483,4.16E-09,3.78E-08,MERTK,1.051297486
ENSG00000159214.13,609.9165746,1.051032979,0.206616642,1.51E-07,1.06E-06,CCDC24,1.051032979
ENSG00000285676.1,18.70337161,-1.050994631,0.213238778,3.10E-07,2.06E-06,AL158212.5,1.050994631
ENSG00000102265.12,13882.06571,1.050872624,0.214587416,2.95E-07,1.96E-06,TIMP1,1.050872624
ENSG00000203801.8,4.879504781,-1.050817691,0.316117366,0.000320769,0.001177232,LINC00222,1.050817691
ENSG00000280432.1,1.50552527,-1.050774301,0.569553649,0.014636857,0.034542491,AP000962.2,1.050774301
ENSG00000207744.1,4.690974384,-1.050717406,0.385223063,0.002174155,0.006539778,MIR10B,1.050717406
ENSG00000242259.9,1652.222636,-1.050673134,0.172691453,4.42E-10,4.68E-09,C22orf39,1.050673134
ENSG00000136404.16,162.0825756,-1.05059016,0.274362906,4.60E-05,0.000202907,TM6SF1,1.05059016
ENSG00000184304.16,646.7625878,-1.050539909,0.208352168,1.69E-07,1.18E-06,PRKD1,1.050539909
ENSG00000239300.6,12.14017426,-1.050445908,0.234290434,2.88E-06,1.61E-05,AC080162.1,1.050445908
ENSG00000170370.12,140.3476875,-1.050226983,0.320106828,0.000358428,0.001303145,EMX2,1.050226983
ENSG00000240065.8,1810.037556,1.050143015,0.245855394,7.76E-06,3.98E-05,PSMB9,1.050143015
ENSG00000286837.1,1.496488678,-1.050134746,0.443352345,0.006115103,0.016221602,AC087533.1,1.050134746
ENSG00000165300.7,119.3484411,-1.050122367,0.442333143,0.005545754,0.014872978,SLITRK5,1.050122367
ENSG00000227888.4,8.678956309,-1.050093828,0.427776233,0.004653186,0.01274993,FAM66A,1.050093828
ENSG00000105376.5,52.23395734,-1.050042817,0.374605931,0.001692417,0.005214911,ICAM5,1.050042817
ENSG00000158477.7,34.75308699,1.050004736,0.56476118,0.018046269,0.041380435,CD1A,1.050004736
ENSG00000232504.5,7.637233939,-1.049975223,0.235391244,3.27E-06,1.81E-05,ST3GAL5-AS1,1.049975223
ENSG00000131462.8,1714.353324,1.049785785,0.145415199,2.83E-13,4.76E-12,TUBG1,1.049785785
ENSG00000213853.10,10851.34454,1.049780237,0.16033701,3.09E-11,3.91E-10,EMP2,1.049780237
ENSG00000263120.1,5.074977594,-1.049608868,0.366182361,0.001441776,0.004526754,AC004584.3,1.049608868
ENSG00000230604.2,0.974844906,-1.049530403,0.562612053,0.019363735,0.043962605,TSEN15P2,1.049530403
ENSG00000232000.3,93.43153115,-1.049362761,0.192437159,1.91E-08,1.55E-07,CLCN3P1,1.049362761
ENSG00000135318.12,1883.537858,-1.049241174,0.244912703,6.53E-06,3.40E-05,NT5E,1.049241174
ENSG00000126768.12,1471.752439,1.049198494,0.178171502,1.51E-09,1.47E-08,TIMM17B,1.049198494
ENSG00000250069.1,3.159429544,-1.04909447,0.417360688,0.003884461,0.01089902,AC011379.1,1.04909447
ENSG00000205111.8,3.146975784,-1.048838498,0.365601271,0.001360406,0.004304996,CDKL4,1.048838498
ENSG00000272755.1,3.932873624,-1.0487834,0.385858213,0.002417057,0.007175913,AC245297.2,1.0487834
ENSG00000077235.18,7462.180504,1.048665022,0.118884933,7.91E-19,2.71E-17,GTF3C1,1.048665022
ENSG00000141068.14,908.8982756,-1.048659638,0.205680862,1.06E-07,7.64E-07,KSR1,1.048659638
ENSG00000116857.17,5949.896718,1.04857058,0.127852513,9.96E-17,2.65E-15,TMEM9,1.04857058
ENSG00000117020.18,2763.710486,-1.048473341,0.205659369,1.25E-07,8.90E-07,AKT3,1.048473341
ENSG00000132000.13,552.0503557,1.048412676,0.277564906,6.02E-05,0.000259578,PODNL1,1.048412676
ENSG00000286389.1,67.67254312,-1.048371349,0.300867579,0.000177841,0.00069144,AL731702.1,1.048371349
ENSG00000253573.2,2.2174319,1.048311009,0.444556713,0.005452234,0.014649174,AC024382.1,1.048311009
ENSG00000151458.12,4459.264206,1.047909392,0.193040826,2.21E-08,1.77E-07,ANKRD50,1.047909392
ENSG00000260658.6,3.213819871,-1.047835817,0.50268465,0.01108793,0.027186258,AC138305.1,1.047835817
ENSG00000271727.2,14.53396743,1.047811393,0.379327984,0.00184817,0.005647442,AL357054.2,1.047811393
ENSG00000103855.18,5846.685933,1.0477354,0.12421829,1.75E-17,5.15E-16,CD276,1.0477354
ENSG00000204604.12,1247.861599,1.04770461,0.134189861,2.37E-15,5.27E-14,ZNF468,1.04770461
ENSG00000181885.18,2996.051159,1.047622089,0.254025944,1.48E-05,7.20E-05,CLDN7,1.047622089
ENSG00000072274.13,7557.71853,1.047553276,0.230565967,2.28E-06,1.29E-05,TFRC,1.047553276
ENSG00000174482.10,13.7818325,-1.047301776,0.477146719,0.008782658,0.022217654,LINGO2,1.047301776
ENSG00000272141.1,102.2687836,1.047219957,0.341636993,0.00077175,0.002596561,AL390719.2,1.047219957
ENSG00000143373.18,2971.467651,1.047019759,0.102791859,1.14E-24,7.10E-23,ZNF687,1.047019759
ENSG00000276842.1,10.63130879,-1.046778348,0.309419677,0.000262538,0.00098299,AC023510.2,1.046778348
ENSG00000149269.10,4604.380721,1.046732992,0.236397729,3.87E-06,2.11E-05,PAK1,1.046732992
ENSG00000167306.20,4132.871781,1.046554909,0.248445132,9.81E-06,4.92E-05,MYO5B,1.046554909
ENSG00000286039.1,92.29239084,-1.046553905,0.269924548,3.80E-05,0.000170351,AC093849.2,1.046553905
ENSG00000237289.10,167.0688375,1.04643319,0.393627015,0.002681974,0.007867285,CKMT1B,1.04643319
ENSG00000204764.14,326.5153228,1.0463636,0.236957101,3.86E-06,2.10E-05,RANBP17,1.0463636
ENSG00000230537.2,20.1859625,-1.046181527,0.232626438,2.55E-06,1.44E-05,AL158071.2,1.046181527
ENSG00000222389.1,1.327070899,-1.046131841,0.570142487,0.020335104,0.045786909,RNU2-28P,1.046131841
ENSG00000120322.4,88.55514646,1.046072167,0.361385841,0.001325562,0.004206928,PCDHB8,1.046072167
ENSG00000284526.1,65.42315544,1.045884275,0.247771663,9.25E-06,4.67E-05,AC015802.6,1.045884275
ENSG00000234135.2,0.942121641,-1.045808587,0.545338643,0.014976111,0.035208134,RPL23AP83,1.045808587
ENSG00000236153.1,1.831418238,-1.045806357,0.520683431,0.014459247,0.034203473,AC104076.1,1.045806357
ENSG00000267644.1,4.393764961,1.04559473,0.411667315,0.003949335,0.011051048,AC061975.7,1.04559473
ENSG00000106538.10,4168.521514,-1.045511716,0.277206049,5.17E-05,0.00022597,RARRES2,1.045511716
ENSG00000173653.8,1046.852641,1.045112957,0.146462721,2.49E-05,0.000116037,RCE1,1.045112957
ENSG00000167394.13,201.7886156,1.045051777,0.12901006,2.03E-16,5.17E-15,ZNF668,1.045051777
ENSG00000173080.6,2.362122511,-1.045026237,0.384742416,0.002213025,0.006640426,RXFP4,1.045026237
ENSG00000171368.12,922.9561646,-1.044802683,0.282881305,7.42E-05,0.000313668,TPPP,1.044802683
ENSG00000183765.23,613.0515296,1.04476244,0.212752701,3.75E-07,2.46E-06,CHEK2,1.04476244
ENSG00000230747.1,8.596185273,-1.04474592,0.361622615,0.001326245,0.004208759,AC021188.1,1.04474592
ENSG00000280639.1,4.794193269,-1.044551485,0.321883254,0.00041718,0.001493801,LINC02204,1.044551485
ENSG00000263740.2,5.01756558,1.044472362,0.456697601,0.006851075,0.017909077,RN7SL4P,1.044472362
ENSG00000137501.17,5195.147548,1.044427159,0.251961524,1.38E-05,6.72E-05,SYTL2,1.044427159
ENSG00000277459.1,9.273926972,-1.044358482,0.296306758,0.000144001,0.000571987,AP001527.2,1.044358482
ENSG00000163762.7,1896.823539,-1.044288106,0.226615172,1.35E-06,7.99E-06,TM4SF18,1.044288106
ENSG00000082512.15,2192.401481,1.044192597,0.191553757,1.94E-08,1.57E-07,TRAF5,1.044192597
ENSG00000282787.1,6.946733483,1.044063276,0.290776206,0.000119113,0.000481509,AL157888.1,1.044063276
ENSG00000262412.1,1.230257622,1.043958687,0.48600358,0.010941919,0.026871864,AL160291.1,1.043958687
ENSG00000165996.14,198.4497847,-1.043949466,0.247837182,4.01E-10,4.28E-09,HACD1,1.043949466
ENSG00000179300.4,20.09235147,-1.043937679,0.291153256,0.000125047,0.000503004,RTL3,1.043937679
ENSG00000118971.9,3250.982721,-1.04392676,0.202390453,8.73E-08,6.37E-07,CCND2,1.04392676
ENSG00000227199.1,48.4563951,-1.043877015,0.244744669,7.27E-06,3.75E-05,ST7-AS1,1.043877015
ENSG00000136848.17,5764.854874,-1.043742667,0.136403159,7.17E-15,1.49E-13,DAB2IP,1.043742667
ENSG00000162910.19,1534.240848,1.043551041,0.159803168,3.27E-11,4.12E-10,MRPL55,1.043551041
ENSG00000230783.1,4.000358081,1.043541789,0.30984047,0.000313064,0.001152398,RPS3AP13,1.043541789
ENSG00000154380.17,13921.65296,1.043539458,0.133619599,4.38E-15,9.40E-14,ENAH,1.043539458
ENSG00000174348.14,4117.155557,-1.043429186,0.261355414,2.19E-05,0.000103445,PODN,1.043429186
ENSG00000182931.9,2.498534738,1.043399768,0.56869569,0.019483252,0.044186314,WFDC10B,1.043399768
ENSG00000254867.1,0.849865399,1.043220434,0.510112201,0.01443595,0.034154533,AP006287.1,1.043220434
ENSG00000270343.1,3.984161984,-1.043172666,0.312680969,0.000304951,0.001124327,UNGP3,1.043172666
ENSG00000172640.3,3.271562751,1.043126689,0.382626261,0.002268139,0.006785618,OR10AD1,1.043126689
ENSG00000179023.8,979.4975319,1.043075769,0.47375601,0.008787266,0.02222788,KLHDC7A,1.043075769
ENSG00000252244.1,2.194640952,-1.042991036,0.356881378,0.001279883,0.004078103,RNU7-3P,1.042991036
ENSG00000169302.16,144.8403866,-1.042909958,0.301538536,0.000192107,0.000741768,STK32A,1.042909958
ENSG00000254418.1,1.169154655,-1.042786125,0.542721214,0.016647323,0.038566577,SPON1-AS1,1.042786125
ENSG00000072778.20,14679.45533,-1.042727301,0.174713001,5.91E-10,6.11E-09,ACADVL,1.042727301
ENSG00000248254.1,3.103716536,-1.042688654,0.350825652,0.001158637,0.003733258,AC107398.2,1.042688654
ENSG00000121905.10,16.78637142,1.042658146,0.28438506,8.77E-05,0.000365421,HPCA,1.042658146
ENSG00000268658.5,29.31650113,1.042653875,0.277594729,6.41E-05,0.000274894,LINC00664,1.042653875
ENSG00000258471.2,7.619007167,-1.042507713,0.356770124,0.001271715,0.004055038,AL161668.3,1.042507713
ENSG00000136944.19,3243.009106,1.042404091,0.266307832,3.58E-05,0.000161419,LMX1B,1.042404091
ENSG00000185664.14,310.9008244,-1.042142617,0.320067623,0.00039333,0.001414722,PMEL,1.042142617
ENSG00000160932.11,16187.43222,1.042053942,0.290652342,0.000128815,0.000516943,LY6E,1.042053942
ENSG00000175792.12,2711.105678,1.041997909,0.132465762,2.13E-15,4.77E-14,RUVBL1,1.041997909
ENSG00000272386.1,3.408438826,-1.041813017,0.311054145,0.000320908,0.001177634,AC015802.5,1.041813017
ENSG00000144935.15,436.8761826,-1.04161451,0.186148733,8.53E-09,7.36E-08,TRPC1,1.04161451
ENSG00000096060.15,9502.023483,-1.041574763,0.325118835,0.000474278,0.001674744,FKBP5,1.041574763
ENSG00000134240.12,5355.75874,-1.04156442,0.654385849,3.51E-06,1.93E-05,HMGCS2,1.04156442
ENSG00000243238.1,409.6448293,-1.041482241,0.465123145,0.007855276,0.020150285,IGKV2-30,1.041482241
ENSG00000186583.12,10.51601757,1.04135758,0.320807907,0.0004389,0.001562318,SPATC1,1.04135758
ENSG00000154645.14,81.63755815,-1.041344844,0.374961796,0.001869439,0.005705333,CHODL,1.041344844
ENSG00000274515.1,8.279114549,-1.04123919,0.256311777,1.86E-05,8.87E-05,AC105020.5,1.04123919
ENSG00000123352.18,1909.52277,1.041162174,0.099225678,3.66E-26,2.74E-24,SPATS2,1.041162174
ENSG00000214944.9,1753.460839,-1.041060224,0.219072815,6.12E-07,3.86E-06,ARHGEF28,1.041060224
ENSG00000254401.2,2.964517245,1.040935448,0.435097104,0.005575136,0.014942597,LINC02752,1.040935448
ENSG00000198720.13,621.6688713,1.040797143,0.217808643,7.32E-07,4.53E-06,ANKRD13B,1.040797143
ENSG00000235098.8,554.0589528,-1.040536815,0.205880503,1.43E-07,1.01E-06,ANKRD65,1.040536815
ENSG00000060491.16,2512.117293,1.040511922,0.171478359,5.94E-10,6.14E-09,OGFR,1.040511922
ENSG00000164116.17,3350.351853,-1.040444763,0.195187735,3.38E-08,2.64E-07,GUCY1A1,1.040444763
ENSG00000102043.16,43.50510283,-1.040348257,0.218946226,8.07E-07,4.96E-06,MTMR8,1.040348257
ENSG00000287234.1,4.569220217,1.040213298,0.343242647,0.000858328,0.002854843,AL592211.2,1.040213298
ENSG00000152601.17,11327.69554,-1.039899767,0.16361935,7.16E-11,8.57E-10,MBNL1,1.039899767
ENSG00000173992.9,1665.422416,1.039776854,0.225918469,1.66E-06,9.61E-06,CCS,1.039776854
ENSG00000196793.14,535.7248108,1.039335325,0.174013981,9.55E-10,9.57E-09,ZNF239,1.039335325
ENSG00000277758.5,49.52151374,-1.039305101,0.269339959,4.10E-05,0.000182242,FO681492.1,1.039305101
ENSG00000108592.17,4464.222621,1.039187241,0.214009156,5.13E-07,3.28E-06,FTSJ3,1.039187241
ENSG00000253190.4,4.896530218,-1.039165724,0.491449104,0.010245525,0.02536938,AC084082.1,1.039165724
ENSG00000189013.14,7.098654935,1.038981874,0.433740386,0.005368477,0.014451809,KIR2DL4,1.038981874
ENSG00000054356.14,56.22310786,1.038967906,0.531691495,0.015435124,0.036141944,PTPRN,1.038967906
ENSG00000165029.17,4364.867669,-1.038903869,0.235648673,3.72E-06,2.03E-05,ABCA1,1.038903869
ENSG00000226789.1,1.250983378,1.038849677,0.430112978,0.00536984,0.014454487,WBP11P2,1.038849677
ENSG00000204264.12,4016.231563,1.038599279,0.197292059,5.42E-08,4.09E-07,PSMB8,1.038599279
ENSG00000274444.1,2.026487319,-1.038530823,0.551852598,0.017632369,0.04055445,AC078909.2,1.038530823
ENSG00000120440.15,6.844451221,-1.038226123,0.396516548,0.00301608,0.008732616,TTLL2,1.038226123
ENSG00000198121.13,1707.914393,-1.038210501,0.171627311,5.59E-10,5.81E-09,LPAR1,1.038210501
ENSG00000149782.13,2395.843421,1.038064703,0.155602142,1.02E-11,1.38E-10,PLCB3,1.038064703
ENSG00000037241.7,830.2560764,1.037977524,0.105055958,2.05E-23,1.12E-21,RPL26L1,1.037977524
ENSG00000184357.5,5.401940751,1.037851808,0.483777915,0.010030382,0.024918328,H1-5,1.037851808
ENSG00000261049.2,2.19733055,-1.037798496,0.404160314,0.003764392,0.010603371,AC007347.1,1.037798496
ENSG00000228242.6,82.64573197,-1.03752572,0.17475375,1.11E-09,1.10E-08,XPC-AS1,1.03752572
ENSG00000200914.1,1.199895736,-1.037450104,0.495717052,0.012539569,0.030247109,RNA5SP435,1.037450104
ENSG00000204311.15,149.6192039,-1.037407639,0.176102092,1.44E-09,1.40E-08,PJVK,1.037407639
ENSG00000013306.16,5879.191545,1.037367189,0.135053892,1.23E-14,2.48E-13,SLC25A39,1.037367189
ENSG00000121957.15,835.292169,1.037348989,0.227248102,2.05E-06,1.17E-05,GPSM2,1.037348989
ENSG00000274270.1,12.01973113,1.037336262,0.279937652,6.88E-05,0.000292781,AL137060.3,1.037336262
ENSG00000123570.4,188.7387337,-1.037050316,0.184875866,8.72E-05,0.000363452,RAB9B,1.037050316
ENSG00000229422.2,21.66557867,1.036971973,0.353571038,0.001179908,0.003793396,AL512625.2,1.036971973
ENSG00000183022.5,3.013541989,1.036388101,0.358641609,0.001248631,0.003988553,TPM3P8,1.036388101
ENSG00000163075.13,53.30202938,1.036200224,0.363857184,0.001526038,0.004761627,CFAP221,1.036200224
ENSG00000279315.1,1.508337581,-1.036047054,0.483772875,0.010988202,0.026970916,AL158212.4,1.036047054
ENSG00000285517.1,28.48082239,-1.035995156,0.174584641,1.24E-09,1.23E-08,AC010198.2,1.035995156
ENSG00000131876.17,1615.424456,1.035906155,0.160684407,5.24E-11,6.40E-10,SNRPA1,1.035906155
ENSG00000145050.19,2656.774497,1.035847111,0.109840558,1.47E-21,6.67E-20,MANF,1.035847111
ENSG00000200732.1,0.934564663,-1.035816819,0.688433602,0.018175851,0.041646492,RNU6-194P,1.035816819
ENSG00000173338.13,17.8569854,-1.035795068,0.235729561,3.75E-06,2.05E-05,KCNK7,1.035795068
ENSG00000135899.19,2629.062255,1.035766453,0.201885055,1.28E-07,9.08E-07,SP110,1.035766453
ENSG00000149564.12,2762.226912,-1.035717636,0.204154481,1.51E-07,1.06E-06,ESAM,1.035717636
ENSG00000039560.14,3310.253233,1.035668589,0.15865996,3.41E-11,4.29E-10,RAI14,1.035668589
ENSG00000231830.1,2.061486754,-1.035406686,0.368346065,0.001876444,0.005725582,AC245140.1,1.035406686
ENSG00000043039.7,1628.175542,-1.035345974,0.38562974,0.002353112,0.007008218,BARX2,1.035345974
ENSG00000196586.16,11216.28836,1.03533081,0.190496521,2.47E-08,1.97E-07,MYO6,1.03533081
ENSG00000280054.1,19.0636914,-1.035326438,0.219056853,9.24E-07,5.63E-06,AC004241.5,1.035326438
ENSG00000034510.6,44491.20008,1.035202016,0.180981418,3.38E-09,3.11E-08,TMSB10,1.035202016
ENSG00000231948.2,7.662583277,-1.035134404,0.315080751,0.000355947,0.001294725,HS1BP3-IT1,1.035134404
ENSG00000283156.1,18.10004273,-1.035093539,0.201403936,1.03E-07,7.45E-07,AC068620.3,1.035093539
ENSG00000284630.1,3.122739127,1.035030644,0.470798802,0.009001542,0.022699741,AP000553.5,1.035030644
ENSG00000275897.1,15.5122378,1.034939342,0.302148369,0.000224231,0.000851245,AC021491.4,1.034939342
ENSG00000224116.7,12.66129984,1.034902396,0.300823711,0.000213179,0.000813296,INHBA-AS1,1.034902396
ENSG00000272691.1,6.008567109,-1.034779224,0.295653754,0.000171028,0.000667529,AC092807.2,1.034779224
ENSG00000184232.9,2335.370617,-1.034667547,0.16182307,6.20E-11,7.48E-10,OAF,1.034667547
ENSG00000270108.1,23.74069989,-1.034607615,0.205921855,2.12E-07,1.45E-06,AL049840.6,1.034607615
ENSG00000167315.18,3648.238433,-1.034554328,0.196975532,5.46E-08,4.12E-07,ACAA2,1.034554328
ENSG00000265137.3,1.318807781,-1.034397829,0.499858233,0.012560422,0.030285999,MIR3192,1.034397829
ENSG00000101000.6,656.800431,-1.034384112,0.204188564,1.53E-07,1.07E-06,PROCR,1.034384112
ENSG00000272211.1,10.30753225,-1.034297612,0.338882199,0.000799271,0.002680432,AC114760.2,1.034297612
ENSG00000232363.1,5.484517061,1.034265584,0.39741848,0.003118843,0.008990359,AL021391.1,1.034265584
ENSG00000261795.1,10.66468638,-1.034169515,0.372056864,0.00194048,0.00590151,AC093627.7,1.034169515
ENSG00000242048.3,3.80373467,1.033934751,0.448733546,0.006985047,0.018209607,AC093583.1,1.033934751
ENSG00000271443.1,1.536859448,-1.033916845,0.525008235,0.015349898,0.035972404,AC011247.2,1.033916845
ENSG00000166123.14,3573.250082,-1.033905488,0.283459871,8.99E-05,0.000373435,GPT2,1.033905488
ENSG00000135097.7,288.9157259,1.033707008,0.406263207,0.003696908,0.010438391,MSI1,1.033707008
ENSG00000146013.11,33.48841094,1.033529115,0.36227577,1.04E-06,6.28E-06,GFRA3,1.033529115
ENSG00000287720.1,5.403393134,-1.033484945,0.317749611,0.000442979,0.001575269,AC023480.1,1.033484945
ENSG00000174744.14,2259.505634,1.033372182,0.155708169,1.27E-11,1.70E-10,BRMS1,1.033372182
ENSG00000231587.1,12.72770414,-1.033287584,0.326329717,0.000561988,0.001950967,SNORD62B,1.033287584
ENSG00000243829.1,23.67082554,-1.033268279,0.192402794,3.11E-08,2.44E-07,AC011495.1,1.033268279
ENSG00000235890.2,10.1000058,-1.033138558,0.286637479,0.000113781,0.00046209,TSPEAR-AS1,1.033138558
ENSG00000255462.1,4.511571217,-1.033081566,0.361534455,0.001622539,0.005026799,AC104031.1,1.033081566
ENSG00000231721.7,172.138236,-1.032943721,0.159215537,3.26E-11,4.11E-10,LINC-PINT,1.032943721
ENSG00000162630.6,24.88073217,-1.032941879,0.259690379,2.64E-05,0.000122293,B3GALT2,1.032941879
ENSG00000117461.15,5653.6794,1.032919587,0.148617045,1.69E-12,2.58E-11,PIK3R3,1.032919587
ENSG00000214160.10,2268.092699,1.032879674,0.126588958,1.48E-16,3.85E-15,ALG3,1.032879674
ENSG00000240497.3,2.456794766,1.032807759,0.515590086,0.013527303,0.032282764,AC092919.1,1.032807759
ENSG00000238098.9,52.05515665,1.032770764,0.244686983,9.33E-06,4.71E-05,ABCA17P,1.032770764
ENSG00000163638.13,1593.472071,-1.032751121,0.233490781,2.98E-06,1.66E-05,ADAMTS9,1.032751121
ENSG00000263280.2,16.95457013,1.032486707,0.258825724,2.34E-05,0.000109697,AC003965.1,1.032486707
ENSG00000259717.1,1.360459705,-1.032482376,0.50373225,0.012334393,0.02981811,LINC00677,1.032482376
ENSG00000184992.13,1603.126738,1.032462606,0.150841329,4.40E-12,6.29E-11,BRI3BP,1.032462606
ENSG00000225886.3,24.80649348,1.032347585,0.457039633,0.007792203,0.020017585,AL445490.1,1.032347585
ENSG00000260296.1,59.64088507,-1.032328772,0.222174472,1.27E-06,7.56E-06,AC095057.3,1.032328772
ENSG00000140526.18,10140.16324,1.032274852,0.215324099,9.00E-07,5.50E-06,ABHD2,1.032274852
ENSG00000240401.9,30.37632132,-1.032253177,0.198413595,7.45E-08,5.50E-07,AC012358.2,1.032253177
ENSG00000198576.4,232.5951771,-1.032151783,0.39655748,0.0030939,0.008925664,ARC,1.032151783
ENSG00000100767.17,718.2616512,-1.031990958,0.176710079,2.01E-09,1.92E-08,PAPLN,1.031990958
ENSG00000287129.1,5.883509739,-1.031738067,0.288971672,0.000136945,0.000546166,AC097500.1,1.031738067
ENSG00000258443.1,5.946788063,-1.031676946,0.22800648,2.50E-06,1.41E-05,AC005225.1,1.031676946
ENSG00000213398.8,308.6508279,-1.031560021,0.139999755,6.40E-14,1.17E-12,LCAT,1.031560021
ENSG00000122386.11,460.8975994,1.031264506,0.173980285,1.41E-09,1.37E-08,ZNF205,1.031264506
ENSG00000286874.1,3.579331406,1.030695883,0.371557419,0.001851445,0.005656129,AC072054.1,1.030695883
ENSG00000163637.13,1907.831569,-1.03064557,0.19005641,2.22E-08,1.78E-07,PRICKLE2,1.03064557
ENSG00000197084.5,1.312928341,-1.030611224,0.501518391,0.014361288,0.033998362,LCE1C,1.030611224
ENSG00000226436.1,3.081740105,1.030586668,0.368800371,0.001858183,0.005674506,H3P43,1.030586668
ENSG00000228021.7,6.910326422,1.030460434,0.339148807,0.000849754,0.002830641,AL158835.1,1.030460434
ENSG00000224227.3,1.803544781,-1.030448627,0.494036079,0.012718697,0.030619028,OR2L1P,1.030448627
ENSG00000049246.14,2082.953894,-1.03034985,0.220480483,1.02E-06,6.16E-06,PER3,1.03034985
ENSG00000103150.7,960.7370123,-1.030340527,0.132431989,1.51E-07,1.06E-06,MLYCD,1.030340527
ENSG00000260645.2,38.22862772,-1.030200058,0.248543484,1.28E-05,6.28E-05,AL359715.2,1.030200058
ENSG00000150556.17,741.8289163,1.030136819,0.387752,0.002792755,0.008148907,LYPD6B,1.030136819
ENSG00000249087.7,108.2638929,-1.029919617,0.165006122,1.59E-10,1.80E-09,ZNF436-AS1,1.029919617
ENSG00000236536.1,3.24599132,-1.029809986,0.509492044,0.012914108,0.031032371,AC003986.3,1.029809986
ENSG00000249755.2,3.542628921,-1.029796936,0.334403156,0.000760706,0.002566216,AC083829.1,1.029796936
ENSG00000203879.12,8825.765101,1.029663138,0.141863206,2.47E-13,4.20E-12,GDI1,1.029663138
ENSG00000100918.13,288.4053559,1.029662407,0.297273656,0.000203833,0.000780596,REC8,1.029662407
ENSG00000168159.14,8561.736389,1.029353776,0.119574859,2.94E-18,9.51E-17,RNF187,1.029353776
ENSG00000277351.1,8.966301129,-1.029304177,0.277178932,7.86E-05,0.000330355,AC013553.3,1.029304177
ENSG00000129355.7,413.4826379,1.029154684,0.197649839,7.26E-08,5.37E-07,CDKN2D,1.029154684
ENSG00000249274.1,7.611883838,-1.029113002,0.261817301,3.58E-05,0.000161224,PDLIM1P4,1.029113002
ENSG00000178409.14,470.9596037,1.02908389,0.203786204,1.78E-07,1.23E-06,BEND3,1.02908389
ENSG00000156009.10,8.280455784,1.028601887,0.386770308,0.002763786,0.008077714,MAGEA8,1.028601887
ENSG00000168393.13,1123.140701,1.028530865,0.12955056,7.74E-16,1.82E-14,DTYMK,1.028530865
ENSG00000116005.12,12355.8509,-1.028381844,0.185917579,9.43E-09,8.09E-08,PCYOX1,1.028381844
ENSG00000251301.7,42.68658407,-1.028054358,0.305457459,0.000261691,0.000980192,LINC02384,1.028054358
ENSG00000223956.3,4.743279554,-1.028023549,0.298348041,0.000205798,0.000787551,LINC01767,1.028023549
ENSG00000134375.11,3474.809779,1.027908048,0.133154659,8.42E-15,1.74E-13,TIMM17A,1.027908048
ENSG00000250166.3,2.236420365,-1.027906939,0.398729479,0.00384324,0.010795697,AC053513.1,1.027906939
ENSG00000239218.2,34.10353717,1.027732704,0.362780962,0.001605665,0.004980414,RPS20P22,1.027732704
ENSG00000240877.3,3.065537556,1.027579508,0.401304162,0.003761984,0.010598522,RN7SL521P,1.027579508
ENSG00000117834.13,57.71902294,-1.027542268,0.251597167,1.68E-05,8.09E-05,SLC5A9,1.027542268
ENSG00000118369.13,689.9281549,1.027439006,0.251480296,1.76E-05,8.43E-05,USP35,1.027439006
ENSG00000263105.1,11.82067999,1.027418241,0.2726289,6.19E-05,0.000266147,AC009171.2,1.027418241
ENSG00000110628.16,822.7973334,1.027078853,0.215901381,7.86E-07,4.84E-06,SLC22A18,1.027078853
ENSG00000254362.1,2.382814111,-1.027033911,0.44546379,0.007697149,0.019804481,AC011726.2,1.027033911
ENSG00000261599.6,2.07522775,-1.02694137,0.438805569,0.006659698,0.017475091,HERC2P8,1.02694137
ENSG00000260572.1,40.95745085,-1.026867755,0.169595493,4.89E-10,5.13E-09,AC069224.1,1.026867755
ENSG00000287528.1,3.421503625,-1.026658543,0.387642939,0.003000314,0.008694626,AL121749.2,1.026658543
ENSG00000237248.5,83.75671523,-1.026642508,0.256533516,2.41E-05,0.000112525,LINC00987,1.026642508
ENSG00000235012.1,2.179203402,1.026609856,0.599306013,0.022444566,0.049867787,JCADP1,1.026609856
ENSG00000081853.15,257.5425904,-1.02659743,0.308818821,0.000321391,0.001179184,PCDHGA2,1.02659743
ENSG00000170324.21,47.70167219,-1.026541042,0.440008778,0.006479761,0.017069063,FRMPD2,1.026541042
ENSG00000166908.18,4010.805396,1.026522006,0.119378443,3.27E-18,1.05E-16,PIP4K2C,1.026522006
ENSG00000271778.1,16.07285896,-1.026338487,0.278129766,7.70E-05,0.000324594,AC080013.2,1.026338487
ENSG00000242578.1,3.587928134,1.026321239,0.35664976,0.001361867,0.004308229,AC073288.2,1.026321239
ENSG00000248508.8,251.8340958,-1.026260292,0.156097458,1.99E-11,2.58E-10,SRP14-AS1,1.026260292
ENSG00000103264.18,2334.001146,-1.02623861,0.128740547,5.94E-16,1.43E-14,FBXO31,1.02623861
ENSG00000115828.17,523.5059029,1.026182115,0.243018386,9.12E-06,4.61E-05,QPCT,1.026182115
ENSG00000152213.4,179.9573575,1.026160679,0.266317537,4.47E-05,0.000197636,ARL11,1.026160679
ENSG00000214089.3,2.324193076,-1.026117685,0.392177189,0.003312798,0.0094792,RPL9P21,1.026117685
ENSG00000271964.1,18.6794494,-1.026040989,0.221331514,1.19E-06,7.10E-06,AC090948.1,1.026040989
ENSG00000256973.1,19.24743639,-1.02600594,0.297155285,0.00021031,0.000803479,AC053513.2,1.02600594
ENSG00000253133.2,8.501259982,-1.025675642,0.286951319,0.000129617,0.000519737,AC009630.1,1.025675642
ENSG00000136854.24,2362.703709,-1.025570946,0.194758882,3.96E-08,3.05E-07,STXBP1,1.025570946
ENSG00000235366.2,13.4680899,-1.025530813,0.325749671,0.000616407,0.002122068,LINC01055,1.025530813
ENSG00000214999.3,4.726142561,-1.025495621,0.448892209,0.007241652,0.018776388,AC129492.1,1.025495621
ENSG00000287808.1,23.60441271,1.025425696,0.223665352,1.73E-06,1.00E-05,AL355999.1,1.025425696
ENSG00000279311.1,13.35268018,-1.02518766,0.257363802,2.50E-05,0.000116531,AC092999.1,1.02518766
ENSG00000200385.1,9.837909735,1.025057656,0.364864984,0.001786651,0.005476926,AL136296.1,1.025057656
ENSG00000274816.1,1.316863308,-1.024877041,0.555477158,0.021350381,0.047739106,MIR6772,1.024877041
ENSG00000156711.17,4668.964077,1.024758625,0.182508699,6.89E-09,6.02E-08,MAPK13,1.024758625
ENSG00000242759.8,71.88047063,-1.024678386,0.232758339,4.15E-06,2.25E-05,LINC00882,1.024678386
ENSG00000105928.16,655.5547755,-1.024664844,0.167367955,3.71E-10,3.97E-09,GSDME,1.024664844
ENSG00000137693.14,8357.519989,-1.024643387,0.146088654,7.67E-13,1.22E-11,YAP1,1.024643387
ENSG00000232499.2,9.230857229,1.024569058,0.210669351,4.58E-07,2.95E-06,AL391058.1,1.024569058
ENSG00000014164.7,1566.622604,1.024334233,0.148663242,2.66E-12,3.94E-11,ZC3H3,1.024334233
ENSG00000179889.19,10901.96579,1.024259411,0.128861399,7.73E-16,1.82E-14,PDXDC1,1.024259411
ENSG00000189196.4,1.626092441,-1.024209143,0.428979492,0.005979112,0.015900584,LINC00994,1.024209143
ENSG00000262837.1,1.746583108,-1.023957009,0.38985328,0.003231826,0.009272499,AC027801.5,1.023957009
ENSG00000146001.5,37.79929786,-1.023757212,0.194761124,6.06E-08,4.53E-07,PCDHB18P,1.023757212
ENSG00000116141.17,803.1577427,-1.023754697,0.291680012,0.000157331,0.000618924,MARK1,1.023754697
ENSG00000271717.1,6.090105547,1.023739485,0.354759438,0.001437073,0.00451343,AC022146.2,1.023739485
ENSG00000179222.18,12288.01878,1.023368177,0.135872761,3.99E-14,7.52E-13,MAGED1,1.023368177
ENSG00000287804.1,9.871873105,-1.023346333,0.448166169,0.007530743,0.019428495,Z98745.2,1.023346333
ENSG00000274220.1,61.59796337,-1.023305154,0.18072588,5.71E-09,5.07E-08,AC009163.7,1.023305154
ENSG00000164877.19,1339.47374,1.023267235,0.237782344,6.45E-06,3.37E-05,MICALL2,1.023267235
ENSG00000171722.13,32.62217758,1.023254247,0.444219463,0.007161175,0.018604564,SPATA46,1.023254247
ENSG00000122565.19,10991.67583,1.022803776,0.104985791,1.64E-22,8.13E-21,CBX3,1.022803776
ENSG00000114737.16,2535.682531,1.022727633,0.214923735,8.46E-07,5.19E-06,CISH,1.022727633
ENSG00000274987.1,24.98263651,-1.022600233,0.193817111,5.26E-08,3.98E-07,AC092794.1,1.022600233
ENSG00000252942.1,1.637011321,-1.022578843,0.388979325,0.003471996,0.009885047,RNA5SP290,1.022578843
ENSG00000232117.2,0.99556016,-1.022553705,0.499356994,0.013654321,0.032538449,LINC00384,1.022553705
ENSG00000273565.1,4.824600433,-1.022379987,0.291205259,0.000165403,0.000647311,AL691403.2,1.022379987
ENSG00000102349.18,1280.198063,-1.022379908,0.189483414,2.67E-08,2.12E-07,KLF8,1.022379908
ENSG00000171786.6,15.82991968,1.02217429,0.296717731,0.000208081,0.000795704,NHLH1,1.02217429
ENSG00000150967.18,527.7620309,1.022096718,0.175523752,2.45E-09,2.31E-08,ABCB9,1.022096718
ENSG00000175279.22,57.17849327,1.022076189,0.169919008,7.45E-10,7.61E-09,CENPS,1.022076189
ENSG00000135835.12,243.6679374,-1.022067258,0.164054858,1.81E-10,2.04E-09,KIAA1614,1.022067258
ENSG00000270207.2,1.626504763,-1.022011424,0.474750781,0.010239322,0.025358816,AC077690.1,1.022011424
ENSG00000105227.16,604.8387085,-1.021970759,0.219229735,1.20E-06,7.17E-06,PRX,1.021970759
ENSG00000273729.1,73.37975786,-1.021930679,0.191058271,3.29E-08,2.58E-07,AC007686.3,1.021930679
ENSG00000186283.14,3240.047885,1.021871807,0.113969129,1.58E-19,5.78E-18,TOR3A,1.021871807
ENSG00000269473.1,28.1130445,1.021775996,0.22353095,1.95E-06,1.12E-05,AC012313.8,1.021775996
ENSG00000214336.5,34.25752461,1.021768488,0.567758896,0.02136418,0.047767243,FOXI3,1.021768488
ENSG00000254810.1,50.58456765,-1.021646407,0.294995928,0.000197553,0.000759732,AP001189.3,1.021646407
ENSG00000042813.8,2.686691215,-1.021609626,0.421402354,0.005192533,0.014035883,ZPBP,1.021609626
ENSG00000257097.1,1.66347083,-1.0215588,0.459309115,0.00918693,0.023106432,CLIP1-AS1,1.0215588
ENSG00000261732.1,11.06990032,1.021478148,0.267970408,5.25E-05,0.0002291,AL031708.1,1.021478148
ENSG00000124302.13,365.0431196,1.021327149,0.459507256,0.008832991,0.022324559,CHST8,1.021327149
ENSG00000049541.11,1629.682457,1.020966512,0.127875455,6.17E-16,1.48E-14,RFC2,1.020966512
ENSG00000104356.11,566.9512959,1.02086943,0.162223317,1.26E-10,1.45E-09,POP1,1.02086943
ENSG00000163520.14,14148.41883,-1.020853088,0.261264565,4.15E-05,0.000184432,FBLN2,1.020853088
ENSG00000233416.1,4.546412982,-1.020811306,0.31486838,0.000444256,0.001579236,RPS25P3,1.020811306
ENSG00000230154.1,8.444882844,-1.020810423,0.295565295,0.000214729,0.000818259,AIDAP1,1.020810423
ENSG00000251015.1,8.689268809,-1.020806786,0.364322932,0.001690394,0.005209903,SLC25A30-AS1,1.020806786
ENSG00000186765.12,61.91218754,1.020670693,0.306351878,0.000321449,0.001179286,FSCN2,1.020670693
ENSG00000201746.1,1.218036154,-1.020636636,0.502903107,0.015563351,0.036390137,RNU6-828P,1.020636636
ENSG00000171222.10,1653.06021,1.020561055,0.203531776,2.26E-07,1.54E-06,SCAND1,1.020561055
ENSG00000090565.17,3321.607837,1.020544709,0.170264445,8.15E-10,8.28E-09,RAB11FIP3,1.020544709
ENSG00000252464.1,6.331003964,-1.02051105,0.320932973,0.000558203,0.00193937,RN7SKP70,1.02051105
ENSG00000198088.10,119.5161499,1.020357428,0.267601614,5.32E-05,0.000231878,NUP62CL,1.020357428
ENSG00000228339.1,3.212143783,-1.020312311,0.363959403,0.001830418,0.005599732,AMD1P1,1.020312311
ENSG00000005448.17,599.7526867,1.020167132,0.174199223,1.97E-09,1.88E-08,WDR54,1.020167132
ENSG00000175198.17,1514.181751,-1.020130137,0.151589209,6.56E-12,9.08E-11,PCCA,1.020130137
ENSG00000249825.6,59.29804511,-1.020041734,0.300666969,0.00025003,0.000940463,THBS4-AS1,1.020041734
ENSG00000248050.1,6.611164713,-1.019815193,0.405477874,0.003813779,0.010725979,AC079061.1,1.019815193
ENSG00000183644.13,10.68773071,1.019688399,0.384220539,0.002698496,0.007909254,HOATZ,1.019688399
ENSG00000048462.11,107.1727751,-1.01965759,0.382183369,0.002645219,0.007772234,TNFRSF17,1.01965759
ENSG00000250539.1,40.33850922,1.019627348,0.221469613,1.66E-06,9.64E-06,KRT8P33,1.019627348
ENSG00000112685.14,3761.481835,1.019549758,0.202517892,1.89E-07,1.30E-06,EXOC2,1.019549758
ENSG00000262898.3,5.811349121,-1.019402404,0.299930494,0.000269463,0.001005661,AC139099.2,1.019402404
ENSG00000272172.1,14.47228232,1.019329682,0.289178539,0.000153481,0.000605571,AC138696.2,1.019329682
ENSG00000213949.10,5836.627246,-1.019320149,0.210508262,4.49E-07,2.90E-06,ITGA1,1.019320149
ENSG00000144550.13,7.883656232,1.01930539,0.278871233,0.000100122,0.000411767,CPNE9,1.01930539
ENSG00000271662.1,16.25823547,1.019299007,0.331871619,0.000800478,0.002683562,AC233280.2,1.019299007
ENSG00000134291.12,4279.875768,1.019163404,0.14259248,5.86E-13,9.49E-12,TMEM106C,1.019163404
ENSG00000250415.1,3.516421926,1.019061221,0.509041122,0.014432391,0.034148168,AC022113.1,1.019061221
ENSG00000171189.17,83.83386403,-1.018846782,0.424410246,0.005496214,0.01475523,GRIK1,1.018846782
ENSG00000120756.13,740.4118626,1.018744057,0.235691223,6.37E-06,3.33E-05,PLS1,1.018744057
ENSG00000286472.1,16.32054047,1.018287389,0.31424929,0.000458703,0.001626032,AL035252.5,1.018287389
ENSG00000173868.12,32.28025065,-1.018006873,0.233687088,0.022391738,0.049770112,PHOSPHO1,1.018006873
ENSG00000261210.8,5.114215687,1.017962553,0.321537764,0.000638948,0.002190918,CLEC19A,1.017962553
ENSG00000117245.13,122.3314132,-1.017893302,0.200434475,1.47E-07,1.03E-06,KIF17,1.017893302
ENSG00000285881.1,2.630508473,-1.017798558,0.369556059,0.00211922,0.006386762,AC105206.3,1.017798558
ENSG00000253709.1,3.973667421,-1.017780581,0.565596368,0.02038975,0.045893036,IGHV1-14,1.017780581
ENSG00000258551.6,5.659220729,1.01770266,0.488798704,0.012266125,0.029676816,CRAT37,1.01770266
ENSG00000263361.1,3.753509245,-1.01737417,0.350360267,0.001370637,0.004331416,MIR378H,1.01737417
ENSG00000271825.1,4.147928186,-1.017228947,0.34444702,0.001142386,0.003685431,AC019080.3,1.017228947
ENSG00000204909.8,1.618101805,-1.017125971,0.444547199,0.007913065,0.020278742,SPINK9,1.017125971
ENSG00000007062.12,4386.599121,-1.0170537,0.508495909,0.013251736,0.031713749,PROM1,1.0170537
ENSG00000234380.2,72.38065353,1.016864489,0.287810883,0.000153301,0.000605133,LINC01426,1.016864489
ENSG00000163879.11,1927.355419,1.016731342,0.24040924,9.78E-06,4.91E-05,DNALI1,1.016731342
ENSG00000261485.1,64.62927301,-1.016728471,0.170405354,9.60E-10,9.62E-09,PAN3-AS1,1.016728471
ENSG00000138018.18,3202.17142,1.016468698,0.126874654,8.03E-16,1.89E-14,SELENOI,1.016468698
ENSG00000262904.1,5.682458258,1.016335584,0.342700595,0.001050461,0.0034175,TMPOP2,1.016335584
ENSG00000260096.1,0.914997894,-1.016316822,0.58876516,0.020571772,0.046233511,DNM1P33,1.016316822
ENSG00000144354.14,403.5891527,1.016248969,0.374497765,0.002442049,0.007242994,CDCA7,1.016248969
ENSG00000117400.18,78.77408292,-1.016201275,0.230815174,4.23E-06,2.29E-05,MPL,1.016201275
ENSG00000284922.2,6.85228853,1.01599925,0.330209221,0.000781015,0.002626382,AP000812.4,1.01599925
ENSG00000146242.9,3197.020736,1.01598061,0.182204665,1.17E-08,9.84E-08,TPBG,1.01598061
ENSG00000152503.10,636.3307092,1.015972494,0.389631521,0.003204879,0.009205941,TRIM36,1.015972494
ENSG00000101811.14,1060.358393,1.015846188,0.125795751,2.61E-16,6.59E-15,CSTF2,1.015846188
ENSG00000258086.1,3.796957177,-1.015787654,0.312147673,0.000393399,0.001414841,AC079313.1,1.015787654
ENSG00000214803.3,2.475934068,1.015706664,0.423543358,0.005627017,0.01506623,AC090921.1,1.015706664
ENSG00000267185.1,16.82896325,-1.015505191,0.262591796,4.04E-05,0.000179713,PTP4A2P1,1.015505191
ENSG00000181588.16,1194.898574,1.015464658,0.11665341,1.09E-18,3.69E-17,MEX3D,1.015464658
ENSG00000228264.1,1.27193779,-1.015238167,0.458682237,0.009477117,0.02371936,PSMD8P1,1.015238167
ENSG00000152133.16,1199.5,-1.015111106,0.176538321,3.40E-09,3.12E-08,GPATCH11,1.015111106
ENSG00000236426.5,1.463021146,-1.015081727,0.494111469,0.013210132,0.031631527,AL583824.1,1.015081727
ENSG00000270720.1,14.390184,-1.015066903,0.273357973,8.30E-05,0.000347418,AC104785.1,1.015066903
ENSG00000215349.2,1.956422122,1.01492608,0.451443098,0.008706847,0.022052855,MRPL3P1,1.01492608
ENSG00000279039.1,9.324845135,1.01486536,0.283674062,0.000132677,0.000531033,AC011447.6,1.01486536
ENSG00000105825.14,1098.718912,-1.014826138,0.484122137,0.011409322,0.027868172,TFPI2,1.014826138
ENSG00000270638.1,11.27671361,-1.014783274,0.272976184,7.60E-05,0.000320776,AL023806.1,1.014783274
ENSG00000213872.3,4.809746316,-1.014636427,0.271531091,7.46E-05,0.000315309,AC092798.1,1.014636427
ENSG00000158481.13,129.2391222,-1.014596343,0.334252329,0.000862405,0.002867432,CD1C,1.014596343
ENSG00000149503.13,1144.006739,1.014452507,0.167473873,7.02E-10,7.19E-09,INCENP,1.014452507
ENSG00000202079.1,9.321867932,1.014160756,0.290272769,0.000176388,0.000686335,Y_RNA,1.014160756
ENSG00000279817.1,1.598055488,1.014140302,0.453612994,0.009041357,0.022781134,AC073911.2,1.014140302
ENSG00000188124.3,1.807744427,-1.014131645,0.488228516,0.011871613,0.02884134,OR2AG2,1.014131645
ENSG00000250917.1,4.0862696,1.014115204,0.488030348,0.011905611,0.028909633,AL035458.2,1.014115204
ENSG00000119121.22,119.3092011,-1.014061837,0.403357245,3.60E-06,1.97E-05,TRPM6,1.014061837
ENSG00000213963.6,74.85658116,-1.014021259,0.188969002,3.16E-08,2.48E-07,AC019080.1,1.014021259
ENSG00000100196.11,1718.087166,1.014018388,0.211499685,6.41E-07,4.02E-06,KDELR3,1.014018388
ENSG00000161642.18,3858.657615,1.013988698,0.20875918,4.98E-07,3.19E-06,ZNF385A,1.013988698
ENSG00000248840.2,2.68865214,1.013858811,0.397267523,0.003980531,0.011128036,AL645949.1,1.013858811
ENSG00000115539.14,1424.875152,1.013805206,0.126241203,3.76E-16,9.28E-15,PDCL3,1.013805206
ENSG00000199471.1,1.826405507,1.01370793,0.459881814,0.010085966,0.025027124,Y_RNA,1.01370793
ENSG00000091262.16,639.889593,-1.013704453,0.402806451,0.003897829,0.010927868,ABCC6,1.013704453
ENSG00000146278.11,6129.224918,-1.013494153,0.154373968,1.37E-11,1.81E-10,PNRC1,1.013494153
ENSG00000261502.4,6.298339102,-1.01343257,0.52993038,0.017598188,0.040494799,AC040174.1,1.01343257
ENSG00000288048.1,22.19318682,-1.013427001,0.35073785,2.10E-17,6.10E-16,AC104088.3,1.013427001
ENSG00000256588.1,3.605955821,-1.013241961,0.40552628,0.004516905,0.01242523,AC027544.2,1.013241961
ENSG00000273523.1,8.871257563,-1.013215067,0.249769134,1.83E-05,8.73E-05,AL139082.1,1.013215067
ENSG00000226961.3,0.839615979,1.013117099,0.540608893,0.020084637,0.045326874,PPIAP60,1.013117099
ENSG00000253210.2,116.8294683,1.013075825,0.233322682,5.40E-06,2.86E-05,AC040970.1,1.013075825
ENSG00000233191.2,5.081990715,1.013054928,0.454051656,0.008737562,0.022123518,AC006372.2,1.013054928
ENSG00000230303.6,24.15761484,-1.012958125,0.275278452,8.95E-05,0.000371981,AL353743.2,1.012958125
ENSG00000116035.4,99.60339579,1.01260695,0.267938125,6.05E-05,0.000260692,VAX2,1.01260695
ENSG00000127616.19,8271.448832,1.01253224,0.12740625,1.98E-15,4.44E-14,SMARCA4,1.01253224
ENSG00000149131.17,28147.59017,-1.012530399,0.199111338,1.44E-07,1.01E-06,SERPING1,1.012530399
ENSG00000229465.1,1.515533966,1.012447778,0.411955531,0.005021588,0.013622731,ACTG1P11,1.012447778
ENSG00000142408.6,28.66816166,1.012361501,0.275757105,9.09E-05,0.000377357,CACNG8,1.012361501
ENSG00000176049.16,39.97134193,1.012337898,0.275030006,9.11E-05,0.000378048,JAKMIP2,1.012337898
ENSG00000272343.1,20.39826891,-1.012292643,0.241143358,1.10E-05,5.47E-05,AC107952.2,1.012292643
ENSG00000088002.12,427.5363335,1.012229915,0.347816271,0.001359131,0.004301843,SULT2B1,1.012229915
ENSG00000241568.3,1.713329319,-1.012156234,0.378131598,0.002699985,0.007912437,RN7SL338P,1.012156234
ENSG00000224078.15,2984.202637,-1.011965187,0.26120776,3.46E-05,0.000156365,SNHG14,1.011965187
ENSG00000286378.1,8.622967427,-1.01186832,0.329541035,0.000799636,0.002681197,AL713852.2,1.01186832
ENSG00000147697.9,97.09109103,1.011861426,0.387517441,0.001552482,0.004832889,GSDMC,1.011861426
ENSG00000204514.10,1201.620678,1.011575685,0.254613059,2.80E-05,0.000128737,ZNF814,1.011575685
ENSG00000103021.9,714.9877856,1.011567875,0.137048999,2.37E-05,0.000111038,CCDC113,1.011567875
ENSG00000213262.3,1.423364112,-1.011542953,0.45747189,0.010378401,0.025653124,VDAC2P3,1.011542953
ENSG00000139567.13,1988.395501,-1.011507216,0.16540008,3.84E-10,4.10E-09,ACVRL1,1.011507216
ENSG00000251332.1,1.354772262,-1.011333164,0.519587622,0.017154358,0.039591786,PSME2P4,1.011333164
ENSG00000287011.1,2.496465015,-1.011214709,0.469963897,0.010699821,0.026367967,AC003077.1,1.011214709
ENSG00000175482.9,323.0159568,1.010843162,0.187376169,2.98E-08,2.35E-07,POLD4,1.010843162
ENSG00000261823.1,4.183425523,-1.010749404,0.358032671,0.001749879,0.00537637,AC084782.2,1.010749404
ENSG00000103415.12,2713.408797,1.010736113,0.142657355,7.87E-13,1.25E-11,HMOX2,1.010736113
ENSG00000084110.11,27.86176746,1.010716793,0.318350603,0.00057286,0.001984849,HAL,1.010716793
ENSG00000095627.9,62.3731219,-1.010642989,0.404141678,4.20E-08,3.22E-07,TDRD1,1.010642989
ENSG00000253476.1,17.93206279,-1.010634795,0.268170982,6.87E-05,0.000292689,AC091185.1,1.010634795
ENSG00000211945.2,1923.864221,1.010512686,0.53882105,0.019279895,0.04380517,IGHV1-18,1.010512686
ENSG00000155099.8,602.9937506,-1.010433132,0.208845753,4.76E-07,3.06E-06,PIP4P2,1.010433132
ENSG00000238365.3,1.024507551,-1.010381108,0.517212144,0.016455766,0.038197134,RNU7-57P,1.010381108
ENSG00000267280.5,44.32415979,-1.010277676,0.27373164,8.61E-05,0.000359372,TBX2-AS1,1.010277676
ENSG00000280099.1,302.9927984,1.010250089,0.261862741,4.63E-05,0.000203922,AL603750.1,1.010250089
ENSG00000279353.1,2.352373711,-1.009989341,0.383449703,0.00304992,0.008818214,AP001324.3,1.009989341
ENSG00000204922.5,265.5673006,1.009962433,0.172619258,1.99E-09,1.90E-08,UQCC3,1.009962433
ENSG00000265787.2,17.22770941,1.009890369,0.402349917,0.004277405,0.01185197,CYP4F35P,1.009890369
ENSG00000269343.9,1290.672027,1.009889199,0.229042392,3.83E-06,2.09E-05,ZNF587B,1.009889199
ENSG00000234465.11,113.7001714,-1.009699336,0.183598595,1.52E-08,1.25E-07,PINLYP,1.009699336
ENSG00000172986.13,969.3339628,1.009684249,0.229641276,4.67E-06,2.51E-05,GXYLT2,1.009684249
ENSG00000239219.2,4.31639848,-1.009677582,0.362757921,0.00199617,0.00604887,AC008040.1,1.009677582
ENSG00000286176.2,18.07860216,1.009631356,0.334979906,0.000967396,0.003177789,AC116317.1,1.009631356
ENSG00000113319.13,1346.786381,-1.009596592,0.273551335,8.22E-05,0.000344423,RASGRF2,1.009596592
ENSG00000275874.1,25.3366137,-1.009511468,0.464438619,0.009952631,0.024754916,PICSAR,1.009511468
ENSG00000145391.13,10187.78289,-1.009256485,0.18863857,2.53E-08,2.01E-07,SETD7,1.009256485
ENSG00000254838.5,370.9786166,-1.00910397,0.247984532,1.69E-05,8.11E-05,GVINP1,1.00910397
ENSG00000277651.1,3.161782729,-1.008884519,0.40547972,0.004372828,0.012083721,AL391261.2,1.008884519
ENSG00000129657.16,5674.821786,-1.008717741,0.125635318,3.97E-16,9.79E-15,SEC14L1,1.008717741
ENSG00000196581.11,99.72472577,-1.008635893,0.247534434,1.81E-05,8.68E-05,AJAP1,1.008635893
ENSG00000143061.18,4492.741572,1.008393568,0.161881686,2.28E-10,2.52E-09,IGSF3,1.008393568
ENSG00000169242.12,5497.450449,1.008168878,0.165939763,6.12E-10,6.32E-09,EFNA1,1.008168878
ENSG00000236345.1,7.878245622,-1.008163934,0.512045234,0.014942731,0.035135701,SCAT8,1.008163934
ENSG00000180447.7,2788.74207,-1.007693168,0.24402797,1.17E-05,5.80E-05,GAS1,1.007693168
ENSG00000064547.14,881.7363502,1.007345374,0.195669148,9.85E-08,7.13E-07,LPAR2,1.007345374
ENSG00000108826.16,2257.513609,1.00731123,0.194090673,8.58E-08,6.27E-07,MRPL27,1.00731123
ENSG00000277763.1,7.489150392,-1.007192934,0.251025078,2.35E-05,0.000110007,AL138995.1,1.007192934
ENSG00000272137.1,4.238596672,-1.007169663,0.328773731,0.000879851,0.002920742,AL451064.1,1.007169663
ENSG00000174792.11,4.399230809,1.007161514,0.411530217,0.005084538,0.013779991,ODAPH,1.007161514
ENSG00000108405.4,85.72667535,-1.007111433,0.30886387,0.000401936,0.001442635,P2RX1,1.007111433
ENSG00000249035.7,17.31365225,-1.007064593,0.246576163,1.68E-05,8.09E-05,CLMAT3,1.007064593
ENSG00000134443.10,301.027246,1.006673694,0.47538727,0.011527265,0.028123034,GRP,1.006673694
ENSG00000272345.1,47.84204647,1.006477825,0.181076668,1.10E-08,9.29E-08,AL031775.1,1.006477825
ENSG00000231856.2,137.7235096,-1.006476877,0.159847089,1.18E-10,1.37E-09,AL162377.1,1.006476877
ENSG00000226609.2,8.707713256,1.006428314,0.23727464,8.93E-06,4.52E-05,AL390067.1,1.006428314
ENSG00000108639.8,10830.57316,1.006307174,0.143253509,1.26E-12,1.94E-11,SYNGR2,1.006307174
ENSG00000288557.1,5.162318205,-1.005955031,0.380255901,0.0031284,0.009013051,AC080097.1,1.005955031
ENSG00000258818.4,66.23134214,-1.005611743,0.327444232,0.00079142,0.002656823,RNASE4,1.005611743
ENSG00000151687.14,155.8578082,-1.005582208,0.134893509,3.79E-14,7.18E-13,ANKAR,1.005582208
ENSG00000134986.14,231.2891557,1.005562755,0.262430646,4.79E-05,0.000210729,NREP,1.005562755
ENSG00000085662.14,2301.680415,-1.005547117,0.142931127,9.11E-05,0.000377977,AKR1B1,1.005547117
ENSG00000159247.13,172.4121855,1.005522935,0.381617446,0.003074698,0.008876135,TUBBP5,1.005522935
ENSG00000261534.1,275.402986,-1.005487193,0.172426277,2.38E-09,2.25E-08,AL596244.1,1.005487193
ENSG00000269652.1,2.355180435,-1.005467922,0.435169075,0.007373453,0.019084118,AC011510.1,1.005467922
ENSG00000240160.3,2.450701205,-1.005353474,0.379875092,0.002977493,0.008634224,RN7SL263P,1.005353474
ENSG00000151376.17,918.3586926,-1.005350167,0.189935597,4.73E-08,3.61E-07,ME3,1.005350167
ENSG00000265750.1,23.11587403,1.005270816,0.263734177,5.51E-05,0.000239081,AC090772.3,1.005270816
ENSG00000164342.13,1034.856518,-1.005218062,0.203159604,2.99E-07,1.99E-06,TLR3,1.005218062
ENSG00000116017.11,572.9981494,1.005196859,0.175062712,4.04E-09,3.67E-08,ARID3A,1.005196859
ENSG00000080644.16,21.89286035,1.005048763,0.361237002,0.00196919,0.005978182,CHRNA3,1.005048763
ENSG00000233473.2,2.544034446,-1.005039075,0.311860445,1.24E-10,1.44E-09,RAD1P2,1.005039075
ENSG00000143977.14,1835.752967,1.004965581,0.142301671,8.32E-13,1.32E-11,SNRPG,1.004965581
ENSG00000176406.23,91.41791383,1.004695608,0.472751932,0.011160223,0.027334511,RIMS2,1.004695608
ENSG00000178125.14,14.05809043,1.004584542,0.38543111,0.003246168,0.009309567,PPP1R42,1.004584542
ENSG00000279789.1,100.1575369,1.00457377,0.244550306,1.55E-05,7.53E-05,AC120114.3,1.00457377
ENSG00000158710.15,33471.64651,1.004527736,0.146347386,4.41E-12,6.29E-11,TAGLN2,1.004527736
ENSG00000099194.6,70155.1443,-1.004504987,0.431528828,0.006668032,0.017494622,SCD,1.004504987
ENSG00000280035.1,2.883075886,1.004493081,0.283326567,0.001563156,0.004861229,AC011676.5,1.004493081
ENSG00000250740.1,6.861436308,1.004287876,0.449459046,0.008804632,0.022260341,AC109361.2,1.004287876
ENSG00000126010.6,403.0311748,1.00425881,0.473537868,0.011513041,0.028093564,GRPR,1.00425881
ENSG00000251340.1,2.41691151,-1.004257854,0.415259613,0.005256471,0.01418821,MTCYBP35,1.004257854
ENSG00000254294.1,2.445476934,1.004101334,0.394300151,0.004277498,0.01185197,IMPDH1P6,1.004101334
ENSG00000197165.11,17.92732434,1.004066476,0.368750496,0.002282007,0.006819808,SULT1A2,1.004066476
ENSG00000181544.15,82.31220872,1.003938504,0.191724892,6.74E-08,5.01E-07,FANCB,1.003938504
ENSG00000237861.1,2.151216847,1.003909722,0.433446466,0.007201342,0.018691611,AL513325.1,1.003909722
ENSG00000106605.11,3610.216234,1.003857109,0.149148567,1.05E-11,1.42E-10,BLVRA,1.003857109
ENSG00000162373.13,235.7210719,-1.003797684,0.232860575,6.36E-06,3.32E-05,BEND5,1.003797684
ENSG00000176720.6,3294.881704,-1.003641085,0.22987012,4.02E-06,2.19E-05,BOK,1.003641085
ENSG00000257159.1,2.958898961,1.003592964,0.35478386,0.001840751,0.005627837,AC084033.1,1.003592964
ENSG00000167700.9,923.0966221,1.003515805,0.214978232,1.29E-06,7.65E-06,MFSD3,1.003515805
ENSG00000264920.2,190.6529661,-1.003290564,0.177546921,0.000499397,0.001754924,AC018521.5,1.003290564
ENSG00000231329.8,6.82889813,-1.003160471,0.32295875,0.000736867,0.00249372,AL031772.1,1.003160471
ENSG00000215156.5,9.10222065,1.003153819,0.33702772,0.001063832,0.003456707,AC138409.1,1.003153819
ENSG00000104081.14,1151.736374,1.003058778,0.185697421,2.63E-08,2.09E-07,BMF,1.003058778
ENSG00000119737.6,113.2946994,-1.002851012,0.223505514,2.86E-06,1.60E-05,GPR75,1.002851012
ENSG00000260942.1,93.47369696,1.002729007,0.209707571,7.08E-07,4.41E-06,CAPN10-DT,1.002729007
ENSG00000230042.1,11.15496459,-1.002453273,0.208243821,6.20E-07,3.90E-06,AK3P3,1.002453273
ENSG00000267612.1,8.757185851,-1.002255894,0.291099876,0.000213906,0.000815675,AC008759.2,1.002255894
ENSG00000151117.9,1050.69274,1.002204829,0.213300952,1.16E-06,6.96E-06,TMEM86A,1.002204829
ENSG00000047230.15,2468.854112,1.002113663,0.141544267,8.94E-13,1.41E-11,CTPS2,1.002113663
ENSG00000134909.18,5116.723074,1.001977747,0.163865157,5.26E-10,5.49E-09,ARHGAP32,1.001977747
ENSG00000233452.7,50.16605764,-1.001874527,0.154610579,3.55E-11,4.45E-10,STXBP5-AS1,1.001874527
ENSG00000101335.10,25598.51049,-1.001809757,0.209680559,5.40E-07,3.44E-06,MYL9,1.001809757
ENSG00000183018.9,926.5194454,-1.001117032,0.205708316,4.52E-07,2.92E-06,SPNS2,1.001117032
ENSG00000235597.2,4.316563234,1.000677715,0.555479296,0.022309488,0.049604138,LINC01102,1.000677715
ENSG00000169895.6,6865.170239,1.000565429,0.130115402,1.28E-14,2.59E-13,SYAP1,1.000565429
ENSG00000163032.12,385.4655545,-1.000464291,0.301601151,0.000322273,0.00118198,VSNL1,1.000464291
ENSG00000251450.2,14.4288192,-1.000282756,0.28489922,0.000165198,0.000646637,RASGRF2-AS1,1.000282756
ENSG00000256250.1,2.117403741,-1.00028106,0.466207459,0.010850874,0.026689984,AC073912.1,1.00028106
